Account_ID,Customer_ID,Account_Type,Open_Date,Balance,Branch_ID,Relationship_Manager,Account_Type_raw
ACC_000001,CUST_00001,Savings,2025-11-09,12986.65,BR042,RM_085,Savings
ACC_000002,CUST_00002,Savings,2025-11-15,14939.79,BR019,RM_026,Savings
ACC_000003,CUST_00003,Savings,2025-03-14,5449.24,BR029,RM_086,Savings
ACC_000004,CUST_00004,Savings,2023-02-10,43403.53,BR007,RM_098,Savings
ACC_000005,CUST_00005,Salary,2024-11-11,21704.09,BR008,RM_052,Salary
ACC_000006,CUST_00006,Savings,2024-10-03,8414.13,BR021,RM_092,Savings
ACC_000007,CUST_00007,Savings,2024-10-17,42727.35,BR026,RM_010,Savings
ACC_000008,CUST_00008,Savings,2022-07-19,91830.84,BR014,RM_055,Savings
ACC_000009,CUST_00009,Savings,2025-04-22,29131.8,BR040,RM_063,Savings
ACC_000010,CUST_00010,Savings,2024-04-30,62741.09,BR002,RM_095,Savings
ACC_000011,CUST_00011,Savings,2022-02-13,17075.68,BR025,RM_073,Savings
ACC_000012,CUST_00012,Current,2021-04-06,22127.97,BR009,RM_072,Current
ACC_000013,CUST_00013,Current,2022-06-14,70531.28,BR007,RM_089,Current
ACC_000014,CUST_00014,Salary,2022-12-23,7935.19,BR034,RM_015,Salary
ACC_000015,CUST_00015,Current,2023-02-06,13202.53,BR007,RM_036,Current
ACC_000016,CUST_00016,Current,2026-07-10,26192.78,BR044,RM_001,Current
ACC_000017,CUST_00017,Savings,2021-02-14,21916.15,BR006,RM_039,Savings
ACC_000018,CUST_00018,Savings,2023-04-26,49385.09,BR007,RM_051,Savings
ACC_000019,CUST_00019,Savings,2023-02-20,184718.1,BR007,RM_011,Savings
ACC_000020,CUST_00020,Savings,2021-11-11,264448.69,BR011,RM_094,Savings
ACC_000021,CUST_00021,Current,2022-03-02,9198.25,BR010,RM_044,Current
ACC_000022,CUST_00022,Salary,2021-06-23,2419.5,BR008,RM_069,Salary
ACC_000023,CUST_00023,Current,2024-07-05,244121.55,BR017,RM_053,Current
ACC_000024,CUST_00024,Savings,2024-10-02,7475.83,BR020,RM_093,Savings
ACC_000025,CUST_00025,Savings,2021-03-26,42857.18,BR048,RM_033,Savings
ACC_000026,CUST_00026,Savings,2023-07-06,82213.59,BR034,RM_096,Savings
ACC_000027,CUST_00027,Savings,2025-07-20,5752.25,BR017,RM_041,Savings
ACC_000028,CUST_00028,Current,2022-02-11,65073.76,BR039,RM_044,Current
ACC_000029,CUST_00029,Salary,2022-12-05,139175.05,BR043,RM_072,Salary
ACC_000030,CUST_00030,Salary,2025-08-31,121248.17,BR032,RM_014,Salary
ACC_000031,CUST_00031,Savings,2022-11-20,22692.41,BR022,RM_057,Savings
ACC_000032,CUST_00032,Savings,2022-03-10,31460.38,BR022,RM_059,Savings
ACC_000033,CUST_00033,Savings,2023-10-26,2724.9,BR039,RM_043,Savings
ACC_000034,CUST_00034,Savings,2021-02-23,99942.12,BR024,RM_040,Savings
ACC_000035,CUST_00035,Savings,2025-04-24,-1232.32,BR025,RM_086,Savings
ACC_000036,CUST_00036,Savings,2022-07-23,2857.49,BR027,RM_078,Savings
ACC_000037,CUST_00037,Savings,2022-02-07,8728.35,BR027,RM_039,Savings
ACC_000038,CUST_00038,Salary,2023-12-08,13732.61,BR010,RM_034,Salary
ACC_000039,CUST_00039,Savings,2021-07-07,120549.89,BR036,RM_081,Savings
ACC_000040,CUST_00040,Savings,2026-05-09,128577.01,BR016,RM_007,Savings
ACC_000041,CUST_00041,Savings,2021-05-06,-1756.21,BR014,RM_091,Savings
ACC_000042,CUST_00042,Savings,2025-04-14,3872.47,BR049,RM_088,Savings
ACC_000043,CUST_00043,Savings,2025-04-27,170363.93,BR034,RM_034,Savings
ACC_000044,CUST_00044,Salary,2023-03-09,17971.09,BR020,RM_079,Salary
ACC_000045,CUST_00045,Savings,2022-02-28,57853.66,BR039,RM_036,Savings
ACC_000046,CUST_00046,Savings,2023-05-10,102984.1,BR044,RM_024,Savings
ACC_000047,CUST_00047,Current,2026-03-12,27568.93,BR050,RM_096,Current
ACC_000048,CUST_00048,Savings,2022-05-25,11912.39,BR039,RM_074,Savings
ACC_000049,CUST_00049,Savings,2023-03-19,15933.5,BR025,RM_087,Savings
ACC_000050,CUST_00050,Savings,2022-04-13,12388.25,BR042,RM_086,Savings
ACC_000051,CUST_00051,Savings,2024-04-01,9151.7,BR040,RM_054,Savings
ACC_000052,CUST_00052,Savings,2022-12-21,2492.53,BR028,RM_013,Savings
ACC_000053,CUST_00053,Savings,2026-06-17,9888.11,BR048,RM_069,Savings
ACC_000054,CUST_00054,Savings,2022-12-11,12534.47,BR030,RM_011,Savings
ACC_000055,CUST_00055,Salary,2025-01-07,65744.31,BR043,RM_099,Salary
ACC_000056,CUST_00056,Savings,2022-10-26,10285.55,BR025,RM_027,Savings
ACC_000057,CUST_00057,Savings,2025-07-20,30597.35,BR033,RM_034,Savings
ACC_000058,CUST_00058,Current,2023-12-26,4401.42,BR016,RM_016,Current
ACC_000059,CUST_00059,Savings,2022-10-15,52118.45,BR042,RM_096,Savings
ACC_000060,CUST_00060,Savings,2025-12-07,50087.27,BR005,RM_082,Savings
ACC_000061,CUST_00061,Savings,2025-03-30,37383.71,BR021,RM_099,Savings
ACC_000062,CUST_00062,Savings,2021-12-14,4840.85,BR028,RM_098,Savings
ACC_000063,CUST_00063,Savings,2022-04-11,170937.89,BR012,RM_046,Savings
ACC_000064,CUST_00064,Salary,2024-11-04,4713.11,BR029,RM_032,Salary
ACC_000065,CUST_00065,Salary,2026-05-27,10650.35,BR044,RM_077,Salary
ACC_000066,CUST_00066,Savings,2023-04-20,7675.88,BR008,RM_062,Savings
ACC_000067,CUST_00067,Savings,2021-03-16,425599.76,BR009,RM_054,Savings
ACC_000068,CUST_00068,Savings,2026-05-05,172235.86,BR039,RM_026,Savings
ACC_000069,CUST_00069,Savings,2024-10-23,13327.6,BR046,RM_038,Savings
ACC_000070,CUST_00070,Current,2024-12-11,109010.6,BR005,RM_060,Current
ACC_000071,CUST_00071,Salary,2025-09-30,5753.36,BR044,RM_010,Salary
ACC_000072,CUST_00072,Savings,2024-12-03,16838.56,BR033,RM_050,Savings
ACC_000073,CUST_00073,Savings,2023-12-06,56428.33,BR043,RM_017,Savings
ACC_000074,CUST_00074,Savings,2021-09-06,31991.9,BR027,RM_062,Savings
ACC_000075,CUST_00075,Savings,2022-07-23,8976.26,BR017,RM_051,Savings
ACC_000076,CUST_00076,Salary,2022-02-28,15393.3,BR031,RM_079,Salary
ACC_000077,CUST_00077,Savings,2023-07-13,20434.83,BR036,RM_048,Savings
ACC_000078,CUST_00078,Savings,2024-12-18,9980.63,BR010,RM_061,Savings
ACC_000079,CUST_00079,Savings,2026-07-11,27695.77,BR040,RM_050,Savings
ACC_000080,CUST_00080,Savings,2024-08-04,6092.13,BR049,RM_007,Savings
ACC_000081,CUST_00081,Savings,2026-08-01,1496765.48,BR022,RM_099,Savings
ACC_000082,CUST_00082,Savings,2026-06-21,3834.79,BR029,RM_082,Savings
ACC_000083,CUST_00083,Savings,2024-09-12,235971.6,BR017,RM_026,Savings
ACC_000084,CUST_00084,Savings,2024-08-02,349.5,BR017,RM_017,Savings
ACC_000085,CUST_00085,Savings,2022-02-25,21403.15,BR011,RM_050,Savings
ACC_000086,CUST_00086,Salary,2023-08-17,210548.12,BR013,RM_012,Salary
ACC_000087,CUST_00087,Current,2022-01-03,49872.0,BR046,RM_099,Current
ACC_000088,CUST_00088,Savings,2023-07-30,78036.45,BR028,RM_064,Savings
ACC_000089,CUST_00089,Savings,2023-03-26,26739.77,BR017,RM_037,Savings
ACC_000090,CUST_00090,Savings,2021-12-24,261270.73,BR043,RM_069,Savings
ACC_000091,CUST_00091,Savings,2024-05-20,216111.6,BR038,RM_027,Savings
ACC_000092,CUST_00092,Savings,2025-12-13,184836.83,BR011,RM_015,Savings
ACC_000093,CUST_00093,Salary,2021-10-16,4667.91,BR007,RM_053,Salary
ACC_000094,CUST_00094,Savings,2027-05-06,4827.0,BR027,RM_081,Savings
ACC_000095,CUST_00095,Savings,2022-11-22,205791.48,BR029,RM_067,Savings
ACC_000096,CUST_00096,Savings,2021-06-20,1888.43,BR043,RM_036,Savings
ACC_000097,CUST_00097,Savings,2024-06-19,58537.28,BR033,RM_064,Savings
ACC_000098,CUST_00098,Savings,2025-12-28,-3408.75,BR036,RM_075,Savings
ACC_000099,CUST_00099,Savings,2021-02-02,1279.85,BR042,RM_016,Savings
ACC_000100,CUST_00100,Current,2023-01-01,21664.82,BR028,RM_078,Current
ACC_000101,CUST_00101,Salary,2025-02-09,2758.94,BR022,RM_057,Salary
ACC_000102,CUST_00102,Salary,2021-08-19,1107230.04,BR005,RM_056,Salary
ACC_000103,CUST_00103,Savings,2026-06-01,12504.16,BR014,RM_023,Savings
ACC_000104,CUST_00104,Savings,2021-04-03,23706.86,BR025,RM_021,Savings
ACC_000105,CUST_00105,Savings,2024-06-15,5111.04,BR038,RM_065,Savings
ACC_000106,CUST_00106,Savings,2021-05-17,4233.47,BR020,RM_017,Savings
ACC_000107,CUST_00107,Savings,2024-12-25,289500.14,BR025,RM_019,Savings
ACC_000108,CUST_00108,Savings,2025-08-18,25453.38,BR005,RM_042,Savings
ACC_000109,CUST_00109,Savings,2021-01-24,7873.78,BR044,RM_099,Savings
ACC_000110,CUST_00110,Current,2022-03-29,7725.1,BR046,RM_088,Current
ACC_000111,CUST_00111,Savings,2024-03-11,15116.37,BR009,RM_041,Savings
ACC_000112,CUST_00112,Salary,2021-02-14,7289.14,BR036,RM_009,Salary
ACC_000113,CUST_00113,Savings,2026-04-08,50120.95,BR041,RM_004,Savings
ACC_000114,CUST_00114,Savings,2025-07-01,17742.84,BR046,RM_011,Savings
ACC_000115,CUST_00115,Current,2022-10-07,15590.01,BR030,RM_010,Current
ACC_000116,CUST_00116,Savings,2024-11-02,88236.74,BR024,RM_027,Savings
ACC_000117,CUST_00117,Current,2025-05-16,222396.82,BR014,RM_062,Current
ACC_000118,CUST_00118,Savings,2022-11-02,62714.42,BR025,RM_029,Savings
ACC_000119,CUST_00119,Savings,2024-10-14,25668.01,BR028,RM_049,Savings
ACC_000120,CUST_00120,Savings,2023-01-11,1246.86,BR036,RM_001,Savings
ACC_000121,CUST_00121,Savings,2022-04-06,46232.12,BR008,RM_036,Savings
ACC_000122,CUST_00122,Savings,2024-01-15,28766.11,BR036,RM_008,Savings
ACC_000123,CUST_00123,Current,2024-09-25,24437.14,BR043,RM_013,Current
ACC_000124,CUST_00124,Savings,2021-02-13,3126.7,BR020,RM_023,Savings
ACC_000125,CUST_00125,Current,2021-11-25,6059.25,BR003,RM_004,Current
ACC_000126,CUST_00126,Current,2024-05-25,13343.18,BR028,RM_010,Current
ACC_000127,CUST_00127,Salary,2024-02-06,780215.95,BR040,RM_075,Salary
ACC_000128,CUST_00128,Savings,2025-03-20,21083.4,BR013,RM_013,Savings
ACC_000129,CUST_00129,Current,2022-01-17,11797.44,BR017,RM_089,Current
ACC_000130,CUST_00130,Savings,2021-07-16,64337.29,BR040,RM_074,Savings
ACC_000131,CUST_00131,Current,2021-01-11,2821.17,BR034,RM_059,Current
ACC_000132,CUST_00132,Current,2025-07-11,8893.0,BR031,RM_014,Current
ACC_000133,CUST_00133,Salary,2026-03-22,16793.38,BR001,RM_010,Salary
ACC_000134,CUST_00134,Savings,2023-02-09,223802.61,BR042,RM_096,Savings
ACC_000135,CUST_00135,Savings,2022-11-21,6812.56,BR028,RM_038,Savings
ACC_000136,CUST_00136,Savings,2025-07-30,22384.87,BR043,RM_018,Savings
ACC_000137,CUST_00137,Savings,2026-01-09,895298.78,BR034,RM_058,Savings
ACC_000138,CUST_00138,Savings,2023-01-28,21852.11,BR017,RM_082,Savings
ACC_000139,CUST_00139,Savings,2021-05-08,27151.05,BR021,RM_022,Savings
ACC_000140,CUST_00140,Savings,2023-11-25,5167.93,BR012,RM_072,Savings
ACC_000141,CUST_00141,Savings,2022-11-08,3460.61,BR042,RM_047,Savings
ACC_000142,CUST_00142,Savings,2023-11-24,6663.92,BR032,RM_039,Savings
ACC_000143,CUST_00143,Savings,2026-06-01,8065.43,BR039,RM_065,Savings
ACC_000144,CUST_00144,Savings,2024-11-26,27598.39,BR005,RM_092,Savings
ACC_000145,CUST_00145,Salary,2021-06-09,11287.37,BR037,RM_073,Salary
ACC_000146,CUST_00146,Savings,2022-10-05,20281.43,BR032,RM_092,Savings
ACC_000147,CUST_00147,Savings,2024-02-24,371086.86,BR001,RM_040,Savings
ACC_000148,CUST_00148,Savings,2024-10-05,39580.8,BR016,RM_072,Savings
ACC_000149,CUST_00149,Savings,2021-04-01,-1243.23,BR048,RM_030,Savings
ACC_000150,CUST_00150,Savings,2023-06-05,7713.74,BR041,RM_064,Savings
ACC_000151,CUST_00151,Current,2025-04-16,24579.23,BR014,RM_100,Current
ACC_000152,CUST_00152,Current,2024-06-02,24722.55,BR001,RM_069,Current
ACC_000153,CUST_00153,Savings,2021-08-02,37946.51,BR026,RM_003,Savings
ACC_000154,CUST_00154,Current,2024-12-15,29032.31,BR046,RM_015,Current
ACC_000155,CUST_00155,Savings,2021-10-10,32643.74,BR025,RM_062,Savings
ACC_000156,CUST_00156,Current,2023-10-31,3144.33,BR046,RM_001,Current
ACC_000157,CUST_00157,Savings,2024-04-16,29467.79,BR009,RM_032,Savings
ACC_000158,CUST_00158,Savings,2025-03-03,7809.48,BR030,RM_038,Savings
ACC_000159,CUST_00159,Salary,2025-01-22,30090.55,BR037,RM_065,Salary
ACC_000160,CUST_00160,Savings,2026-03-29,45123.51,BR043,RM_060,Savings
ACC_000161,CUST_00161,Savings,2023-01-16,19586.03,BR037,RM_020,Savings
ACC_000162,CUST_00162,Salary,2026-03-26,13861.64,BR007,RM_047,Salary
ACC_000163,CUST_00163,Savings,2025-02-28,10268.88,BR037,RM_095,Savings
ACC_000164,CUST_00164,Savings,2024-09-30,27565.04,BR031,RM_094,Savings
ACC_000165,CUST_00165,Savings,2025-10-25,6125.9,BR035,RM_044,Savings
ACC_000166,CUST_00166,Savings,2022-03-17,6831.41,BR026,RM_077,Savings
ACC_000167,CUST_00167,Salary,2022-09-12,17519.31,BR015,RM_097,Salary
ACC_000168,CUST_00168,Savings,2023-04-11,22400.76,BR002,RM_029,Savings
ACC_000169,CUST_00169,Savings,2021-05-17,26562.62,BR045,RM_026,Savings
ACC_000170,CUST_00170,Savings,2024-10-30,31451.35,BR021,RM_052,Savings
ACC_000171,CUST_00171,Salary,2022-09-05,417552.0,BR050,RM_072,Salary
ACC_000172,CUST_00172,Savings,2021-01-11,22270.57,BR013,RM_068,Savings
ACC_000173,CUST_00173,Savings,2023-12-08,9462.2,BR008,RM_033,Savings
ACC_000174,CUST_00174,Salary,2024-04-10,18419.5,BR036,RM_079,Salary
ACC_000175,CUST_00175,Savings,2023-01-02,95836.18,BR003,RM_057,Savings
ACC_000176,CUST_00176,Salary,2026-02-17,7114.71,BR027,RM_080,Salary
ACC_000177,CUST_00177,Savings,2022-07-29,7191.82,BR046,RM_004,Savings
ACC_000178,CUST_00178,Savings,2024-09-08,13387.48,BR016,RM_002,Savings
ACC_000179,CUST_00179,Salary,2023-04-18,25147.43,BR037,RM_092,Salary
ACC_000180,CUST_00180,Salary,2024-05-28,202186.56,BR034,RM_061,Salary
ACC_000181,CUST_00181,Savings,2023-04-23,2304810.38,BR011,RM_080,Savings
ACC_000182,CUST_00182,Savings,2024-01-13,3922.84,BR045,RM_069,Savings
ACC_000183,CUST_00183,Current,2022-06-26,71280.32,BR026,RM_040,Current
ACC_000184,CUST_00184,Savings,2025-06-18,33202.81,BR002,RM_004,Savings
ACC_000185,CUST_00185,Current,2024-03-07,3803.67,BR016,RM_068,Current
ACC_000186,CUST_00186,Savings,2021-10-28,2344558.69,BR030,RM_030,Savings
ACC_000187,CUST_00187,Savings,2022-11-05,110123.47,BR047,RM_040,Savings
ACC_000188,CUST_00188,Savings,2022-07-02,27783.09,BR005,RM_095,Savings
ACC_000189,CUST_00189,Savings,2022-01-02,230991.18,BR012,RM_034,Savings
ACC_000190,CUST_00190,Salary,2024-01-02,41365.58,BR005,RM_033,Salary
ACC_000191,CUST_00191,Savings,2021-12-28,19276.9,BR009,RM_095,Savings
ACC_000192,CUST_00192,Savings,2022-06-30,133536.72,BR012,RM_039,Savings
ACC_000193,CUST_00193,Current,2022-02-08,159934.51,BR007,RM_095,Current
ACC_000194,CUST_00194,Savings,2025-06-13,87213.63,BR013,RM_017,Savings
ACC_000195,CUST_00195,Savings,2024-08-23,10914.34,BR048,RM_020,Savings
ACC_000196,CUST_00196,Current,2021-10-24,1984.9,BR030,RM_013,Current
ACC_000197,CUST_00197,Savings,2026-03-24,25083.01,BR021,RM_043,Savings
ACC_000198,CUST_00198,Savings,2021-05-24,1126688.8,BR045,RM_075,Savings
ACC_000199,CUST_00199,Savings,2026-01-11,681094.25,BR033,RM_022,Savings
ACC_000200,CUST_00200,Savings,2021-12-25,10373.91,BR007,RM_084,Savings
ACC_000201,CUST_00201,Savings,2024-04-24,27287.25,BR007,RM_055,Savings
ACC_000202,CUST_00202,Savings,2022-05-20,17915.98,BR032,RM_092,Savings
ACC_000203,CUST_00203,Savings,2024-09-07,10769.22,BR009,RM_093,Savings
ACC_000204,CUST_00204,Current,2023-10-15,20242.36,BR022,RM_004,Current
ACC_000205,CUST_00205,Savings,2023-12-11,875.07,BR033,RM_089,Savings
ACC_000206,CUST_00206,Savings,2026-05-25,1100.96,BR011,RM_059,Savings
ACC_000207,CUST_00207,Savings,2026-05-22,107904.47,BR022,RM_076,Savings
ACC_000208,CUST_00208,Savings,2021-05-06,26553.92,BR014,RM_032,Savings
ACC_000209,CUST_00209,Savings,2022-04-17,11064.24,BR013,RM_050,Savings
ACC_000210,CUST_00210,Current,2025-03-08,12255.27,BR050,RM_087,Current
ACC_000211,CUST_00211,Current,2022-08-13,4825.51,BR014,RM_054,Current
ACC_000212,CUST_00212,Savings,2021-09-04,-3904.76,BR003,RM_091,Savings
ACC_000213,CUST_00213,Savings,2023-02-15,1733.32,BR048,RM_070,Savings
ACC_000214,CUST_00214,Savings,2022-05-16,195448.68,BR018,RM_076,Savings
ACC_000215,CUST_00215,Savings,2022-04-07,14812.59,BR009,RM_060,Savings
ACC_000216,CUST_00216,Savings,2026-04-03,60664.77,BR030,RM_089,Savings
ACC_000217,CUST_00217,Current,2024-10-25,3687.92,BR015,RM_028,Current
ACC_000218,CUST_00218,Savings,2024-09-24,123827.57,BR034,RM_092,Savings
ACC_000219,CUST_00219,Salary,2025-02-20,206393.12,BR004,RM_056,Salary
ACC_000220,CUST_00220,Savings,2023-03-06,28660.51,BR021,RM_078,Savings
ACC_000221,CUST_00221,Savings,2024-02-12,208910.7,BR007,RM_058,Savings
ACC_000222,CUST_00222,Savings,2021-03-26,139731.1,BR038,RM_066,Savings
ACC_000223,CUST_00223,Salary,2025-05-29,190395.61,BR002,RM_025,Salary
ACC_000224,CUST_00224,Current,2022-01-06,49067.9,BR016,RM_091,Current
ACC_000225,CUST_00225,Salary,2021-11-20,159575.52,BR038,RM_031,Salary
ACC_000226,CUST_00226,Savings,2024-08-13,6408.3,BR035,RM_098,Savings
ACC_000227,CUST_00227,Savings,2023-01-17,145379.05,BR019,RM_097,Savings
ACC_000228,CUST_00228,Salary,2023-02-16,3509.2,BR015,RM_085,Salary
ACC_000229,CUST_00229,Savings,2026-03-05,2719.92,BR013,RM_017,Savings
ACC_000230,CUST_00230,Salary,2022-11-13,16306.31,BR042,RM_063,Salary
ACC_000231,CUST_00231,Savings,2021-06-27,7068.81,BR041,RM_055,Savings
ACC_000232,CUST_00232,Savings,2021-12-06,69597.87,BR040,RM_061,Savings
ACC_000233,CUST_00233,Savings,2023-09-07,12647.81,BR049,RM_018,Savings
ACC_000234,CUST_00234,Current,2022-10-02,15380.35,BR001,RM_061,Current
ACC_000235,CUST_00235,Savings,2023-04-25,93395.68,BR017,RM_042,Savings
ACC_000236,CUST_00236,Savings,2025-02-20,211378.46,BR006,RM_010,Savings
ACC_000237,CUST_00237,Salary,2022-08-31,80626.19,BR029,RM_014,Salary
ACC_000238,CUST_00238,Salary,2026-02-04,44888.21,BR011,RM_064,Salary
ACC_000239,CUST_00239,Savings,2024-07-31,2451.32,BR020,RM_053,Savings
ACC_000240,CUST_00240,Savings,2024-05-28,86859.99,BR049,RM_084,Savings
ACC_000241,CUST_00241,Savings,2024-01-03,234895.92,BR009,RM_034,Savings
ACC_000242,CUST_00242,Savings,2024-12-19,5085499.52,BR036,RM_032,Savings
ACC_000243,CUST_00243,Savings,2022-09-20,491951.14,BR021,RM_034,Savings
ACC_000244,CUST_00244,Salary,2023-02-18,7285.6,BR031,RM_074,Salary
ACC_000245,CUST_00245,Savings,2022-01-29,240546.54,BR006,RM_074,Savings
ACC_000246,CUST_00246,Current,2021-03-18,21904.95,BR024,RM_075,Current
ACC_000247,CUST_00247,Savings,2024-05-05,163308.44,BR025,RM_020,Savings
ACC_000248,CUST_00248,Savings,2024-04-22,4673.5,BR031,RM_016,Savings
ACC_000249,CUST_00249,Savings,2024-05-24,19757.67,BR029,RM_031,Savings
ACC_000250,CUST_00250,Savings,2024-11-17,916354.77,BR014,RM_010,Savings
ACC_000251,CUST_00251,Salary,2024-07-31,353613.35,BR020,RM_060,Salary
ACC_000252,CUST_00252,Current,2023-07-15,48087.44,BR008,RM_010,Current
ACC_000253,CUST_00253,Savings,2025-07-03,47308.02,BR031,RM_049,Savings
ACC_000254,CUST_00254,Salary,2023-09-14,99015.86,BR049,RM_051,Salary
ACC_000255,CUST_00255,Savings,2025-03-03,22332.98,BR045,RM_037,Savings
ACC_000256,CUST_00256,Savings,2022-03-27,27960.56,BR013,RM_001,Savings
ACC_000257,CUST_00257,Current,2021-12-17,14713.14,BR034,RM_076,Current
ACC_000258,CUST_00258,Savings,2026-01-07,8802.81,BR045,RM_016,Savings
ACC_000259,CUST_00259,Salary,2022-08-02,3320.04,BR014,RM_025,Salary
ACC_000260,CUST_00260,Savings,2023-05-13,105058.93,BR013,RM_087,Savings
ACC_000261,CUST_00261,Savings,2021-03-18,108916.86,BR025,RM_062,Savings
ACC_000262,CUST_00262,Current,2021-05-09,114106.5,BR036,RM_073,Current
ACC_000263,CUST_00263,Current,2021-11-05,33645.17,BR035,RM_003,Current
ACC_000264,CUST_00264,Savings,2022-10-05,27973.21,BR024,RM_058,Savings
ACC_000265,CUST_00265,Savings,2022-04-29,440944.17,BR040,RM_002,Savings
ACC_000266,CUST_00266,Current,2021-02-20,58499.79,BR041,RM_042,Current
ACC_000267,CUST_00267,Savings,2025-08-17,423315.06,BR039,RM_093,Savings
ACC_000268,CUST_00268,Savings,2023-06-23,55428.75,BR039,RM_049,Savings
ACC_000269,CUST_00269,Savings,2024-04-26,100232.23,BR012,RM_004,Savings
ACC_000270,CUST_00270,Current,2023-02-28,34488.72,BR014,RM_040,Current
ACC_000271,CUST_00271,Savings,2026-04-16,195947.95,BR023,RM_026,Savings
ACC_000272,CUST_00272,Savings,2022-11-14,83671.07,BR015,RM_054,Savings
ACC_000273,CUST_00273,Savings,2023-08-02,14529.49,BR023,RM_030,Savings
ACC_000274,CUST_00274,Savings,2022-02-18,15173.8,BR029,RM_045,Savings
ACC_000275,CUST_00275,Current,2022-01-03,30118.48,BR003,RM_011,Current
ACC_000276,CUST_00276,Savings,2024-02-09,39949.13,BR013,RM_033,Savings
ACC_000277,CUST_00277,Savings,2023-07-17,173325.57,BR045,RM_030,Savings
ACC_000278,CUST_00278,Savings,2026-01-15,85133.83,BR032,RM_091,Savings
ACC_000279,CUST_00279,Savings,2023-06-18,13935.25,BR016,RM_058,Savings
ACC_000280,CUST_00280,Savings,2023-08-15,23893.7,BR010,RM_069,Savings
ACC_000281,CUST_00281,Savings,2026-02-20,11506.11,BR037,RM_079,Savings
ACC_000282,CUST_00282,Salary,2022-06-02,5877.01,BR014,RM_083,Salary
ACC_000283,CUST_00283,Savings,2024-05-11,109803.68,BR042,RM_071,Savings
ACC_000284,CUST_00284,Savings,2021-09-11,8764.46,BR019,RM_092,Savings
ACC_000285,CUST_00285,Savings,2026-05-23,160824.87,BR014,RM_015,Savings
ACC_000286,CUST_00286,Savings,2021-09-07,47227.49,BR004,RM_060,Savings
ACC_000287,CUST_00287,Savings,2021-08-23,23499.22,BR026,RM_031,Savings
ACC_000288,CUST_00288,Savings,2022-05-12,28647.02,BR050,RM_088,Savings
ACC_000289,CUST_00289,Savings,2021-06-29,3048.38,BR041,RM_032,Savings
ACC_000290,CUST_00290,Savings,2023-04-05,35815.22,BR001,RM_044,Savings
ACC_000291,CUST_00291,Savings,2022-09-13,211897.94,BR036,RM_080,Savings
ACC_000292,CUST_00292,Current,2025-11-02,6011.43,BR005,RM_013,Current
ACC_000293,CUST_00293,Savings,2025-08-11,21148.39,BR035,RM_089,Savings
ACC_000294,CUST_00294,Savings,2023-06-25,2466.39,BR047,RM_060,Savings
ACC_000295,CUST_00295,Savings,2025-03-10,19590.08,BR022,RM_056,Savings
ACC_000296,CUST_00296,Salary,2024-10-07,170755.54,BR018,RM_043,Salary
ACC_000297,CUST_00297,Current,2023-08-18,196965.49,BR036,RM_065,Current
ACC_000298,CUST_00298,Savings,2023-08-19,53406.59,BR047,RM_085,Savings
ACC_000299,CUST_00299,Salary,2022-11-23,20296.37,BR011,RM_046,Salary
ACC_000300,CUST_00300,Savings,2022-11-26,12521.42,BR029,RM_032,Savings
ACC_000301,CUST_00301,Salary,2022-02-25,147284.11,BR035,RM_054,Salary
ACC_000302,CUST_00302,Savings,2021-09-07,33851.92,BR007,RM_091,Savings
ACC_000303,CUST_00303,Savings,2022-11-02,6746.89,BR016,RM_057,Savings
ACC_000304,CUST_00304,Salary,2023-03-22,202953.21,BR015,RM_066,Salary
ACC_000305,CUST_00305,Savings,2023-02-02,408711.21,BR041,RM_046,Savings
ACC_000306,CUST_00306,Savings,2025-04-04,48016.75,BR032,RM_086,Savings
ACC_000307,CUST_00307,Current,2021-09-07,7073.38,BR002,RM_040,Current
ACC_000308,CUST_00308,Savings,2021-12-14,155419.3,BR006,RM_040,Savings
ACC_000309,CUST_00309,Current,2023-05-02,4657.95,BR049,RM_038,Current
ACC_000310,CUST_00310,Current,2021-05-31,5787.72,BR015,RM_083,Current
ACC_000311,CUST_00311,Salary,2025-05-27,41154.3,BR015,RM_020,Salary
ACC_000312,CUST_00312,Salary,2022-02-23,47900.77,BR045,RM_023,Salary
ACC_000313,CUST_00313,Salary,2026-06-08,96952.47,BR005,RM_098,Salary
ACC_000314,CUST_00314,Savings,2021-01-05,3710.21,BR007,RM_043,Savings
ACC_000315,CUST_00315,Savings,2026-07-06,31102.42,BR011,RM_060,Savings
ACC_000316,CUST_00316,Savings,2021-07-30,17399.11,BR028,RM_066,Savings
ACC_000317,CUST_00317,Savings,2023-01-25,33422.14,BR005,RM_092,Savings
ACC_000318,CUST_00318,Savings,2026-06-16,42036.46,BR016,RM_026,Savings
ACC_000319,CUST_00319,Current,2022-08-06,254556.36,BR022,RM_028,Current
ACC_000320,CUST_00320,Savings,2023-04-17,12308.02,BR002,RM_014,Savings
ACC_000321,CUST_00321,Savings,2021-01-05,43820.83,BR038,RM_090,Savings
ACC_000322,CUST_00322,Current,2022-05-09,160816.74,BR002,RM_091,Current
ACC_000323,CUST_00323,Savings,2021-07-31,72338.11,BR020,RM_050,Savings
ACC_000324,CUST_00324,Salary,2023-07-31,16498.39,BR026,RM_051,Salary
ACC_000325,CUST_00325,Savings,2026-04-19,10906.98,BR017,RM_071,Savings
ACC_000326,CUST_00326,Current,2022-10-30,137096.72,BR016,RM_088,Current
ACC_000327,CUST_00327,Savings,2025-03-19,24190.06,BR006,RM_038,Savings
ACC_000328,CUST_00328,Savings,2025-08-13,17288.46,BR002,RM_066,Savings
ACC_000329,CUST_00329,Savings,2022-09-17,57839.81,BR041,RM_006,Savings
ACC_000330,CUST_00330,Savings,2021-09-24,2463.92,BR047,RM_018,Savings
ACC_000331,CUST_00331,Savings,2021-06-17,71852.7,BR031,RM_012,Savings
ACC_000332,CUST_00332,Savings,2021-07-18,27163.27,BR016,RM_036,Savings
ACC_000333,CUST_00333,Current,2022-06-14,62340.31,BR042,RM_015,Current
ACC_000334,CUST_00334,Salary,2023-07-17,5438.04,BR038,RM_047,Salary
ACC_000335,CUST_00335,Salary,2025-07-15,318830.6,BR049,RM_012,Salary
ACC_000336,CUST_00336,Salary,2023-02-03,37302.72,BR048,RM_050,Salary
ACC_000337,CUST_00337,Savings,2021-09-25,4154.19,BR042,RM_060,Savings
ACC_000338,CUST_00338,Savings,2023-07-04,4202.84,BR014,RM_067,Savings
ACC_000339,CUST_00339,Savings,2025-01-05,140249.42,BR009,RM_043,Savings
ACC_000340,CUST_00340,Savings,2021-08-25,1607.32,BR023,RM_033,Savings
ACC_000341,CUST_00341,Savings,2022-11-15,3233.43,BR012,RM_030,Savings
ACC_000342,CUST_00342,Savings,2021-04-23,268997.45,BR002,RM_028,Savings
ACC_000343,CUST_00343,Savings,2023-05-03,4329.31,BR008,RM_055,Savings
ACC_000344,CUST_00344,Salary,2021-06-19,57342.37,BR040,RM_037,Salary
ACC_000345,CUST_00345,Savings,2021-05-12,108396.1,BR044,RM_001,Savings
ACC_000346,CUST_00346,Savings,2023-05-25,5418.32,BR018,RM_012,Savings
ACC_000347,CUST_00347,Savings,2022-10-18,8526.62,BR008,RM_012,Savings
ACC_000348,CUST_00348,Current,2023-12-14,4022.56,BR036,RM_050,Current
ACC_000349,CUST_00349,Savings,2021-12-01,13869.13,BR038,RM_026,Savings
ACC_000350,CUST_00350,Current,2025-03-24,23729.41,BR050,RM_044,Current
ACC_000351,CUST_00351,Savings,2026-02-28,53117.84,BR028,RM_036,Savings
ACC_000352,CUST_00352,Current,2021-04-09,32931.15,BR005,RM_005,Current
ACC_000353,CUST_00353,Current,2024-12-15,5416.03,BR021,RM_049,Current
ACC_000354,CUST_00354,Savings,2024-01-09,41115.58,BR046,RM_099,Savings
ACC_000355,CUST_00355,Savings,2024-08-31,3028.19,BR015,RM_020,Savings
ACC_000356,CUST_00356,Savings,2024-06-05,8266.18,BR035,RM_009,Savings
ACC_000357,CUST_00357,Savings,2024-11-09,9365.25,BR008,RM_038,Savings
ACC_000358,CUST_00358,Current,2021-04-24,38678.08,BR017,RM_028,Current
ACC_000359,CUST_00359,Salary,2023-11-17,125860.75,BR014,RM_051,Salary
ACC_000360,CUST_00360,Current,2022-07-26,28963.95,BR012,RM_026,Current
ACC_000361,CUST_00361,Savings,2024-04-29,10663.41,BR012,RM_010,Savings
ACC_000362,CUST_00362,Salary,2025-07-10,15341.91,BR002,RM_089,Salary
ACC_000363,CUST_00363,Salary,2026-01-20,5939.48,BR030,RM_029,Salary
ACC_000364,CUST_00364,Savings,2023-06-22,27978.84,BR011,RM_082,Savings
ACC_000365,CUST_00365,Savings,2022-02-05,12356.3,BR026,RM_072,Savings
ACC_000366,CUST_00366,Savings,2021-06-26,3533.56,BR047,RM_012,Savings
ACC_000367,CUST_00367,Savings,2026-06-30,-2606.85,BR033,RM_018,Savings
ACC_000368,CUST_00368,Current,2021-01-11,608728.4,BR044,RM_060,Current
ACC_000369,CUST_00369,Current,2022-04-28,6784.26,BR015,RM_082,Current
ACC_000370,CUST_00370,Savings,2022-12-02,65816.42,BR011,RM_042,Savings
ACC_000371,CUST_00371,Current,2022-08-05,2343.81,BR012,RM_080,Current
ACC_000372,CUST_00372,Savings,2024-10-25,6697.28,BR046,RM_087,Savings
ACC_000373,CUST_00373,Savings,2021-05-04,71440.29,BR044,RM_056,Savings
ACC_000374,CUST_00374,Savings,2025-10-29,39433.87,BR040,RM_074,Savings
ACC_000375,CUST_00375,Savings,2025-08-02,52042.67,BR005,RM_016,Savings
ACC_000376,CUST_00376,Current,2021-03-16,427356.76,BR007,RM_094,Current
ACC_000377,CUST_00377,Savings,2022-04-29,4700.41,BR027,RM_015,Savings
ACC_000378,CUST_00378,Savings,2026-05-24,17168.96,BR032,RM_094,Savings
ACC_000379,CUST_00379,Savings,2022-04-13,9215.53,BR019,RM_073,Savings
ACC_000380,CUST_00380,Savings,2024-10-09,44669.16,BR012,RM_065,Savings
ACC_000381,CUST_00381,Salary,2025-08-12,6952.89,BR049,RM_072,Salary
ACC_000382,CUST_00382,Savings,2022-09-29,9411.43,BR008,RM_094,Savings
ACC_000383,CUST_00383,Current,2021-05-03,5449.46,BR016,RM_052,Current
ACC_000384,CUST_00384,Salary,2023-11-22,212718.13,BR043,RM_008,Salary
ACC_000385,CUST_00385,Savings,2025-12-27,8199.24,BR025,RM_057,Savings
ACC_000386,CUST_00386,Savings,2022-02-12,7954.07,BR047,RM_037,Savings
ACC_000387,CUST_00387,Savings,2021-07-03,428857.13,BR020,RM_080,Savings
ACC_000388,CUST_00388,Savings,2021-02-12,4413.39,BR046,RM_073,Savings
ACC_000389,CUST_00389,Savings,2023-10-19,161927.7,BR028,RM_039,Savings
ACC_000390,CUST_00390,Current,2025-07-02,14221.72,BR002,RM_083,Current
ACC_000391,CUST_00391,Savings,2025-06-06,47084.38,BR034,RM_067,Savings
ACC_000392,CUST_00392,Savings,2021-10-04,15424.8,BR046,RM_056,Savings
ACC_000393,CUST_00393,Current,2026-05-30,91349.5,BR006,RM_074,Current
ACC_000394,CUST_00394,Savings,2025-09-22,52146.41,BR031,RM_029,Savings
ACC_000395,CUST_00395,Savings,2022-02-03,5042.79,BR012,RM_052,Savings
ACC_000396,CUST_00396,Savings,2024-05-12,31201.22,BR049,RM_022,Savings
ACC_000397,CUST_00397,Savings,2021-01-31,2310.88,BR011,RM_054,Savings
ACC_000398,CUST_00398,Current,2021-03-15,2835.24,BR033,RM_007,Current
ACC_000399,CUST_00399,Savings,2023-08-16,12187.97,BR020,RM_037,Savings
ACC_000400,CUST_00400,Salary,2021-04-11,5184.88,BR046,RM_043,Salary
ACC_000401,CUST_00401,Savings,2023-06-10,100663.18,BR014,RM_084,Savings
ACC_000402,CUST_00402,Savings,2023-05-31,255515.23,BR038,RM_067,Savings
ACC_000403,CUST_00403,Salary,2022-06-30,17775.62,BR049,RM_096,Salary
ACC_000404,CUST_00404,Savings,2024-04-10,5844.09,BR031,RM_011,Savings
ACC_000405,CUST_00405,Savings,2023-12-09,40426.29,BR002,RM_083,Savings
ACC_000406,CUST_00406,Savings,2024-10-26,5313.15,BR042,RM_083,Savings
ACC_000407,CUST_00407,Savings,2023-01-31,1204.01,BR039,RM_022,Savings
ACC_000408,CUST_00408,Savings,2021-12-11,1715.48,BR023,RM_058,Savings
ACC_000409,CUST_00409,Current,2026-07-05,19212.36,BR042,RM_024,Current
ACC_000410,CUST_00410,Savings,2022-01-11,1921395.28,BR041,RM_032,Savings
ACC_000411,CUST_00411,Savings,2023-08-31,37820.52,BR030,RM_081,Savings
ACC_000412,CUST_00412,Savings,2023-12-01,8548.81,BR045,RM_037,Savings
ACC_000413,CUST_00413,Savings,2025-07-28,66281.35,BR027,RM_080,Savings
ACC_000414,CUST_00414,Salary,2024-07-13,1078138.62,BR005,RM_065,Salary
ACC_000415,CUST_00415,Savings,2021-05-16,44942.06,BR002,RM_012,Savings
ACC_000416,CUST_00416,Savings,2025-04-20,1321050.46,BR020,RM_091,Savings
ACC_000417,CUST_00417,Salary,2025-10-20,8906.96,BR033,RM_090,Salary
ACC_000418,CUST_00418,Savings,2024-06-11,432145.93,BR027,RM_012,Savings
ACC_000419,CUST_00419,Savings,2024-05-21,1421561.43,BR038,RM_043,Savings
ACC_000420,CUST_00420,Savings,2026-07-26,30778.85,BR020,RM_073,Savings
ACC_000421,CUST_00421,Salary,2026-07-06,21592.45,BR024,RM_050,Salary
ACC_000422,CUST_00422,Savings,2024-02-01,26535.02,BR037,RM_010,Savings
ACC_000423,CUST_00423,Savings,2023-01-11,35902.42,BR002,RM_054,Savings
ACC_000424,CUST_00424,Savings,2023-09-08,223804.01,BR046,RM_010,Savings
ACC_000425,CUST_00425,Savings,2024-11-11,10022.31,BR026,RM_047,Savings
ACC_000426,CUST_00426,Salary,2022-11-03,119121.87,BR048,RM_079,Salary
ACC_000427,CUST_00427,Salary,2026-05-19,75679.71,BR032,RM_060,Salary
ACC_000428,CUST_00428,Savings,2026-05-26,14048.9,BR010,RM_092,Savings
ACC_000429,CUST_00429,Savings,2026-05-13,1914989.39,BR019,RM_038,Savings
ACC_000430,CUST_00430,Savings,2021-03-28,4932.88,BR008,RM_099,Savings
ACC_000431,CUST_00431,Savings,2021-11-20,67972.17,BR033,RM_086,Savings
ACC_000432,CUST_00432,Savings,2023-12-04,35126.79,BR041,RM_041,Savings
ACC_000433,CUST_00433,Salary,2024-03-07,9673.76,BR006,RM_003,Salary
ACC_000434,CUST_00434,Current,2025-04-05,6556.42,BR024,RM_007,Current
ACC_000435,CUST_00435,Current,2021-12-07,94558.6,BR049,RM_077,Current
ACC_000436,CUST_00436,Salary,2025-01-28,90173.64,BR005,RM_085,Salary
ACC_000437,CUST_00437,Savings,2026-01-17,45989.57,BR045,RM_088,Savings
ACC_000438,CUST_00438,Savings,2022-01-21,42530.44,BR048,RM_085,Savings
ACC_000439,CUST_00439,Savings,2025-03-07,43493.34,BR001,RM_082,Savings
ACC_000440,CUST_00440,Savings,2022-08-28,21647.11,BR035,RM_093,Savings
ACC_000441,CUST_00441,Savings,2022-02-28,173457.86,BR024,RM_051,Savings
ACC_000442,CUST_00442,Savings,2025-07-31,1108.16,BR012,RM_017,Savings
ACC_000443,CUST_00443,Savings,2026-06-21,10856.46,BR049,RM_075,Savings
ACC_000444,CUST_00444,Current,2024-11-21,4191.25,BR005,RM_053,Current
ACC_000445,CUST_00445,Savings,2027-05-02,18899.93,BR011,RM_061,Savings
ACC_000446,CUST_00446,Savings,2024-06-26,2746.29,BR031,RM_089,Savings
ACC_000447,CUST_00447,Savings,2022-12-09,4415.71,BR023,RM_007,Savings
ACC_000448,CUST_00448,Savings,2021-09-22,28146.02,BR038,RM_096,Savings
ACC_000449,CUST_00449,Salary,2021-03-01,11220.75,BR025,RM_050,Salary
ACC_000450,CUST_00450,Savings,2022-10-31,2279.54,BR024,RM_008,Savings
ACC_000451,CUST_00451,Savings,2021-06-17,11947.8,BR038,RM_068,Savings
ACC_000452,CUST_00452,Savings,2024-12-29,2517.95,BR008,RM_054,Savings
ACC_000453,CUST_00453,Savings,2025-08-22,6844.85,BR039,RM_097,Savings
ACC_000454,CUST_00454,Savings,2022-05-28,216483.22,BR026,RM_044,Savings
ACC_000455,CUST_00455,Savings,2022-06-10,8359.71,BR036,RM_029,Savings
ACC_000456,CUST_00456,Salary,2025-07-08,1547.34,BR012,RM_024,Salary
ACC_000457,CUST_00457,Savings,2022-03-28,2946.83,BR047,RM_077,Savings
ACC_000458,CUST_00458,Current,2025-12-30,3689.63,BR016,RM_022,Current
ACC_000459,CUST_00459,Savings,2021-10-22,4897.26,BR007,RM_081,Savings
ACC_000460,CUST_00460,Savings,2026-07-12,1146.63,BR045,RM_025,Savings
ACC_000461,CUST_00461,Savings,2025-08-20,139597.77,BR019,RM_026,Savings
ACC_000462,CUST_00462,Savings,2021-07-01,1416.87,BR014,RM_001,Savings
ACC_000463,CUST_00463,Salary,2026-02-18,1185.17,BR028,RM_093,Salary
ACC_000464,CUST_00464,Savings,2026-05-08,45529.89,BR040,RM_047,Savings
ACC_000465,CUST_00465,Savings,2025-02-12,110194.31,BR011,RM_082,Savings
ACC_000466,CUST_00466,Savings,2026-01-08,56027.47,BR012,RM_072,Savings
ACC_000467,CUST_00467,Savings,2022-10-15,10388.63,BR029,RM_078,Savings
ACC_000468,CUST_00468,Savings,2025-02-26,5773.86,BR017,RM_040,Savings
ACC_000469,CUST_00469,Current,2021-05-27,51041.84,BR044,RM_098,Current
ACC_000470,CUST_00470,Savings,2021-10-26,12810.12,BR021,RM_003,Savings
ACC_000471,CUST_00471,Salary,2025-01-18,8166.65,BR021,RM_023,Salary
ACC_000472,CUST_00472,Savings,2022-04-23,248.55,BR044,RM_045,Savings
ACC_000473,CUST_00473,Savings,2023-09-14,115352.57,BR050,RM_042,Savings
ACC_000474,CUST_00474,Salary,2025-10-02,5841.13,BR021,RM_092,Salary
ACC_000475,CUST_00475,Savings,2021-09-13,70887.51,BR024,RM_005,Savings
ACC_000476,CUST_00476,Savings,2024-07-16,13322.9,BR043,RM_042,Savings
ACC_000477,CUST_00477,Current,2023-03-11,14804.65,BR018,RM_025,Current
ACC_000478,CUST_00478,Savings,2021-07-26,60936.92,BR002,RM_041,Savings
ACC_000479,CUST_00479,Salary,2023-03-04,13965.92,BR012,RM_009,Salary
ACC_000480,CUST_00480,Savings,2022-05-29,6127.23,BR046,RM_045,Savings
ACC_000481,CUST_00481,Savings,2021-07-19,34034.12,BR039,RM_055,Savings
ACC_000482,CUST_00482,Savings,2023-04-06,171725.47,BR010,RM_006,Savings
ACC_000483,CUST_00483,Current,2024-06-01,10184.25,BR017,RM_035,Current
ACC_000484,CUST_00484,Savings,2023-11-21,-618.62,BR020,RM_082,Savings
ACC_000485,CUST_00485,Salary,2024-01-26,12940.69,BR013,RM_015,Salary
ACC_000486,CUST_00486,Savings,2022-10-05,22980.63,BR043,RM_098,Savings
ACC_000487,CUST_00487,Savings,2024-01-20,38084.38,BR044,RM_072,Savings
ACC_000488,CUST_00488,Savings,2026-01-10,2176.72,BR009,RM_074,Savings
ACC_000489,CUST_00489,Savings,2021-11-09,8079.55,BR012,RM_095,Savings
ACC_000490,CUST_00490,Current,2023-07-15,84074.5,BR041,RM_038,Current
ACC_000491,CUST_00491,Savings,2025-08-05,116854.6,BR017,RM_027,Savings
ACC_000492,CUST_00492,Current,2025-01-24,6582.32,BR006,RM_051,Current
ACC_000493,CUST_00493,Savings,2024-08-17,277903.91,BR028,RM_073,Savings
ACC_000494,CUST_00494,Savings,2026-03-10,93095.22,BR033,RM_077,Savings
ACC_000495,CUST_00495,Savings,2021-11-15,1433075.74,BR002,RM_056,Savings
ACC_000496,CUST_00496,Savings,2026-06-20,2381.91,BR024,RM_047,Savings
ACC_000497,CUST_00497,Savings,2021-01-18,26699.02,BR030,RM_095,Savings
ACC_000498,CUST_00498,Savings,2022-03-03,7623.54,BR021,RM_003,Savings
ACC_000499,CUST_00499,Savings,2024-08-09,25889.11,BR039,RM_078,Savings
ACC_000500,CUST_00500,Salary,2025-11-09,32709.33,BR006,RM_015,Salary
ACC_000501,CUST_00501,Current,2021-03-24,43587.96,BR005,RM_014,Current
ACC_000502,CUST_00502,Savings,2024-01-12,3819.99,BR016,RM_080,Savings
ACC_000503,CUST_00503,Current,2021-11-21,536919.59,BR034,RM_095,Current
ACC_000504,CUST_00504,Current,2025-11-28,13015.58,BR046,RM_041,Current
ACC_000505,CUST_00505,Salary,2024-06-13,27014.9,BR022,RM_055,Salary
ACC_000506,CUST_00506,Savings,2021-11-03,153498.81,BR040,RM_039,Savings
ACC_000507,CUST_00507,Savings,2024-12-27,61868.41,BR026,RM_069,Savings
ACC_000508,CUST_00508,Savings,2025-11-29,362331.94,BR034,RM_041,Savings
ACC_000509,CUST_00509,Savings,2021-07-11,7040.93,BR037,RM_029,Savings
ACC_000510,CUST_00510,Salary,2023-07-30,9763.15,BR025,RM_005,Salary
ACC_000511,CUST_00511,Savings,2025-08-09,10308.55,BR030,RM_095,Savings
ACC_000512,CUST_00512,Savings,2026-04-20,60387.86,BR033,RM_050,Savings
ACC_000513,CUST_00513,Current,2023-03-01,124712.88,BR042,RM_038,Current
ACC_000514,CUST_00514,Salary,2021-09-06,35485.47,BR031,RM_027,Salary
ACC_000515,CUST_00515,Savings,2025-09-25,3010.9,BR003,RM_054,Savings
ACC_000516,CUST_00516,Savings,2025-12-27,543089.9,BR047,RM_051,Savings
ACC_000517,CUST_00517,Savings,2023-03-12,12782.68,BR026,RM_018,Savings
ACC_000518,CUST_00518,Current,2026-07-23,4532.1,BR018,RM_097,Current
ACC_000519,CUST_00519,Savings,2023-04-27,506.93,BR048,RM_093,Savings
ACC_000520,CUST_00520,Salary,2026-06-15,54821.12,BR036,RM_022,Salary
ACC_000521,CUST_00521,Current,2026-04-13,14794.2,BR031,RM_059,Current
ACC_000522,CUST_00522,Savings,2024-10-30,51353.89,BR037,RM_063,Savings
ACC_000523,CUST_00523,Savings,2021-09-02,42965.59,BR047,RM_017,Savings
ACC_000524,CUST_00524,Savings,2024-03-20,69700.52,BR005,RM_080,Savings
ACC_000525,CUST_00525,Savings,2026-01-02,30824.23,BR048,RM_083,Savings
ACC_000526,CUST_00526,Savings,2025-03-30,3582.08,BR012,RM_018,Savings
ACC_000527,CUST_00527,Savings,2021-09-04,6317.42,BR007,RM_054,Savings
ACC_000528,CUST_00528,Current,2024-07-10,7260.02,BR036,RM_007,Current
ACC_000529,CUST_00529,Savings,2021-12-30,11809.04,BR030,RM_004,Savings
ACC_000530,CUST_00530,Savings,2024-12-09,29620.87,BR027,RM_068,Savings
ACC_000531,CUST_00531,Savings,2024-07-01,8930.33,BR036,RM_060,Savings
ACC_000532,CUST_00532,Savings,2021-11-06,16009.23,BR020,RM_014,Savings
ACC_000533,CUST_00533,Savings,2024-05-14,251463.18,BR019,RM_047,Savings
ACC_000534,CUST_00534,Savings,2024-02-07,51638.57,BR035,RM_028,Savings
ACC_000535,CUST_00535,Savings,2021-08-22,7671.92,BR035,RM_086,Savings
ACC_000536,CUST_00536,Current,2022-04-12,5569.8,BR007,RM_049,Current
ACC_000537,CUST_00537,Savings,2026-05-13,793060.42,BR016,RM_022,Savings
ACC_000538,CUST_00538,Current,2023-08-11,15719.93,BR006,RM_065,Current
ACC_000539,CUST_00539,Savings,2024-12-13,-3568.63,BR041,RM_081,Savings
ACC_000540,CUST_00540,Savings,2026-01-23,9058.27,BR024,RM_037,Savings
ACC_000541,CUST_00541,Salary,2021-10-01,14595.13,BR042,RM_072,Salary
ACC_000542,CUST_00542,Savings,2021-08-28,33042.71,BR037,RM_027,Savings
ACC_000543,CUST_00543,Savings,2025-11-02,17418.93,BR009,RM_018,Savings
ACC_000544,CUST_00544,Savings,2026-05-06,24321.88,BR023,RM_050,Savings
ACC_000545,CUST_00545,Savings,2025-03-12,28014.73,BR031,RM_096,Savings
ACC_000546,CUST_00546,Savings,2026-02-12,282548.84,BR032,RM_005,Savings
ACC_000547,CUST_00547,Savings,2023-03-09,32739.68,BR033,RM_090,Savings
ACC_000548,CUST_00548,Savings,2021-09-28,8268.8,BR007,RM_088,Savings
ACC_000549,CUST_00549,Savings,2025-03-07,24133.17,BR030,RM_025,Savings
ACC_000550,CUST_00550,Savings,2024-08-18,16470.51,BR016,RM_073,Savings
ACC_000551,CUST_00551,Salary,2021-09-14,21715.35,BR028,RM_075,Salary
ACC_000552,CUST_00552,Salary,2025-03-22,176694.07,BR022,RM_047,Salary
ACC_000553,CUST_00553,Savings,2022-09-06,1402.44,BR021,RM_073,Savings
ACC_000554,CUST_00554,Current,2021-04-29,113967.9,BR015,RM_054,Current
ACC_000555,CUST_00555,Savings,2022-01-20,297988.94,BR019,RM_041,Savings
ACC_000556,CUST_00556,Savings,2025-05-27,50115.75,BR019,RM_023,Savings
ACC_000557,CUST_00557,Savings,2025-06-02,8654.86,BR003,RM_021,Savings
ACC_000558,CUST_00558,Savings,2024-12-10,74106.54,BR040,RM_061,Savings
ACC_000559,CUST_00559,Savings,2021-03-23,43676.16,BR037,RM_061,Savings
ACC_000560,CUST_00560,Savings,2024-02-04,92368.6,BR038,RM_062,Savings
ACC_000561,CUST_00561,Current,2021-07-17,191448.02,BR042,RM_089,Current
ACC_000562,CUST_00562,Current,2025-11-07,15974.28,BR037,RM_088,Current
ACC_000563,CUST_00563,Savings,2023-12-23,4131.79,BR010,RM_029,Savings
ACC_000564,CUST_00564,Current,2023-10-14,24077.09,BR029,RM_052,Current
ACC_000565,CUST_00565,Savings,2023-08-13,14060.58,BR010,RM_029,Savings
ACC_000566,CUST_00566,Savings,2025-07-22,10319.46,BR019,RM_038,Savings
ACC_000567,CUST_00567,Savings,2022-02-26,16236.33,BR020,RM_035,Savings
ACC_000568,CUST_00568,Current,2021-07-11,564183.18,BR040,RM_018,Current
ACC_000569,CUST_00569,Savings,2023-02-28,1559218.54,BR008,RM_020,Savings
ACC_000570,CUST_00570,Savings,2026-04-13,36403.09,BR011,RM_025,Savings
ACC_000571,CUST_00571,Savings,2022-01-20,2499.64,BR018,RM_020,Savings
ACC_000572,CUST_00572,Savings,2021-07-20,3909.52,BR023,RM_070,Savings
ACC_000573,CUST_00573,Savings,2026-03-31,16245.98,BR028,RM_094,Savings
ACC_000574,CUST_00574,Salary,2025-11-09,181432.11,BR019,RM_095,Salary
ACC_000575,CUST_00575,Savings,2023-10-19,23082.42,BR011,RM_067,Savings
ACC_000576,CUST_00576,Savings,2022-02-25,45270.86,BR017,RM_095,Savings
ACC_000577,CUST_00577,Savings,2021-10-18,91458.7,BR027,RM_084,Savings
ACC_000578,CUST_00578,Savings,2025-11-11,8871.25,BR047,RM_060,Savings
ACC_000579,CUST_00579,Savings,2025-07-25,7898.6,BR014,RM_012,Savings
ACC_000580,CUST_00580,Savings,2023-02-12,4980804.01,BR023,RM_055,Savings
ACC_000581,CUST_00581,Savings,2026-07-23,46522.62,BR034,RM_037,Savings
ACC_000582,CUST_00582,Salary,2021-07-10,41497.49,BR020,RM_073,Salary
ACC_000583,CUST_00583,Savings,2022-03-17,11314.32,BR009,RM_056,Savings
ACC_000584,CUST_00584,Savings,2021-10-22,56840.36,BR007,RM_047,Savings
ACC_000585,CUST_00585,Savings,2023-09-28,29194.13,BR009,RM_080,Savings
ACC_000586,CUST_00586,Savings,2022-12-08,41668.46,BR009,RM_032,Savings
ACC_000587,CUST_00587,Savings,2021-08-06,308572.99,BR024,RM_047,Savings
ACC_000588,CUST_00588,Savings,2025-07-02,8839.09,BR027,RM_073,Savings
ACC_000589,CUST_00589,Savings,2023-03-06,8050.87,BR037,RM_033,Savings
ACC_000590,CUST_00590,Current,2023-09-03,10029.29,BR018,RM_046,Current
ACC_000591,CUST_00591,Savings,2021-03-02,2266.0,BR037,RM_100,Savings
ACC_000592,CUST_00592,Savings,2025-06-28,17124.23,BR015,RM_080,Savings
ACC_000593,CUST_00593,Current,2022-10-17,5451.4,BR036,RM_093,Current
ACC_000594,CUST_00594,Savings,2022-04-13,7546.22,BR046,RM_086,Savings
ACC_000595,CUST_00595,Current,2024-05-14,31552.83,BR034,RM_034,Current
ACC_000596,CUST_00596,Savings,2023-01-16,148060.66,BR024,RM_090,Savings
ACC_000597,CUST_00597,Savings,2021-05-19,4805.05,BR009,RM_094,Savings
ACC_000598,CUST_00598,Savings,2021-08-07,152979.95,BR009,RM_085,Savings
ACC_000599,CUST_00599,Savings,2026-06-16,112471.31,BR024,RM_032,Savings
ACC_000600,CUST_00600,Savings,2021-11-22,1933.04,BR010,RM_079,Savings
ACC_000601,CUST_00601,Savings,2025-05-02,4547.66,BR004,RM_033,Savings
ACC_000602,CUST_00602,Savings,2023-12-09,248932.78,BR049,RM_054,Savings
ACC_000603,CUST_00603,Savings,2026-03-24,69980.19,BR009,RM_080,Savings
ACC_000604,CUST_00604,Salary,2025-12-31,16971.84,BR050,RM_037,Salary
ACC_000605,CUST_00605,Savings,2022-12-14,50975.34,BR047,RM_085,Savings
ACC_000606,CUST_00606,Savings,2023-09-27,21759.19,BR010,RM_039,Savings
ACC_000607,CUST_00607,Salary,2023-04-18,25759.68,BR012,RM_034,Salary
ACC_000608,CUST_00608,Savings,2023-02-28,31799.22,BR004,RM_096,Savings
ACC_000609,CUST_00609,Savings,2024-05-23,6738.85,BR040,RM_037,Savings
ACC_000610,CUST_00610,Savings,2024-03-21,31324.85,BR010,RM_083,Savings
ACC_000611,CUST_00611,Savings,2023-05-07,2321.54,BR036,RM_026,Savings
ACC_000612,CUST_00612,Current,2021-04-03,67915.53,BR027,RM_096,Current
ACC_000613,CUST_00613,Savings,2025-09-30,68051.06,BR005,RM_087,Savings
ACC_000614,CUST_00614,Savings,2022-10-31,9404.4,BR037,RM_059,Savings
ACC_000615,CUST_00615,Savings,2025-06-30,1336.37,BR002,RM_100,Savings
ACC_000616,CUST_00616,Savings,2022-04-22,3749.39,BR002,RM_089,Savings
ACC_000617,CUST_00617,Savings,2021-01-10,54761.91,BR001,RM_053,Savings
ACC_000618,CUST_00618,Salary,2022-11-23,14349.89,BR047,RM_053,Salary
ACC_000619,CUST_00619,Savings,2024-09-24,130651.21,BR013,RM_010,Savings
ACC_000620,CUST_00620,Savings,2025-12-28,5216.08,BR045,RM_097,Savings
ACC_000621,CUST_00621,Savings,2021-06-28,17120.85,BR015,RM_009,Savings
ACC_000622,CUST_00622,Savings,2024-07-01,56460.17,BR041,RM_046,Savings
ACC_000623,CUST_00623,Savings,2024-07-30,6548.63,BR022,RM_092,Savings
ACC_000624,CUST_00624,Savings,2023-08-18,77832.78,BR042,RM_057,Savings
ACC_000625,CUST_00625,Savings,2026-05-09,6671.55,BR002,RM_013,Savings
ACC_000626,CUST_00626,Current,2021-04-10,15707.61,BR036,RM_061,Current
ACC_000627,CUST_00627,Savings,2025-12-05,1969.87,BR029,RM_096,Savings
ACC_000628,CUST_00628,Savings,2024-06-09,5842.19,BR046,RM_013,Savings
ACC_000629,CUST_00629,Current,2025-06-25,36200.48,BR007,RM_017,Current
ACC_000630,CUST_00630,Salary,2021-04-11,5742.07,BR009,RM_011,Salary
ACC_000631,CUST_00631,Current,2025-11-18,30328.37,BR010,RM_045,Current
ACC_000632,CUST_00632,Savings,2022-09-30,591405.66,BR021,RM_032,Savings
ACC_000633,CUST_00633,Savings,2024-08-11,50662.23,BR022,RM_005,Savings
ACC_000634,CUST_00634,Salary,2023-10-11,124241.15,BR046,RM_089,Salary
ACC_000635,CUST_00635,Savings,2024-05-24,12524.5,BR013,RM_094,Savings
ACC_000636,CUST_00636,Savings,2026-05-31,11018.67,BR026,RM_007,Savings
ACC_000637,CUST_00637,Savings,2022-06-21,6424.29,BR041,RM_041,Savings
ACC_000638,CUST_00638,Savings,2024-02-07,5836.51,BR035,RM_018,Savings
ACC_000639,CUST_00639,Savings,2023-01-06,15802.63,BR025,RM_049,Savings
ACC_000640,CUST_00640,Current,2023-12-12,4367.35,BR041,RM_099,Current
ACC_000641,CUST_00641,Savings,2025-11-10,5951.37,BR002,RM_003,Savings
ACC_000642,CUST_00642,Savings,2025-03-29,14835.84,BR036,RM_004,Savings
ACC_000643,CUST_00643,Salary,2025-10-04,44062.91,BR019,RM_042,Salary
ACC_000644,CUST_00644,Savings,2025-05-28,215598.35,BR014,RM_093,Savings
ACC_000645,CUST_00645,Savings,2025-07-22,41401.87,BR049,RM_081,Savings
ACC_000646,CUST_00646,Savings,2024-08-30,6637.6,BR024,RM_005,Savings
ACC_000647,CUST_00647,Savings,2024-05-10,215778.46,BR024,RM_019,Savings
ACC_000648,CUST_00648,Savings,2024-04-16,5273.36,BR021,RM_017,Savings
ACC_000649,CUST_00649,Savings,2023-09-26,70671.82,BR031,RM_090,Savings
ACC_000650,CUST_00650,Savings,2024-06-19,13891.2,BR016,RM_043,Savings
ACC_000651,CUST_00651,Savings,2022-06-01,1134445.05,BR027,RM_086,Savings
ACC_000652,CUST_00652,Savings,2021-08-01,4701.31,BR018,RM_016,Savings
ACC_000653,CUST_00653,Current,2024-11-10,12954.58,BR005,RM_018,Current
ACC_000654,CUST_00654,Savings,2022-02-06,15162.58,BR023,RM_041,Savings
ACC_000655,CUST_00655,Savings,2024-07-22,274451.64,BR025,RM_009,Savings
ACC_000656,CUST_00656,Current,2022-08-01,12781.13,BR041,RM_099,Current
ACC_000657,CUST_00657,Savings,2026-07-30,11181.23,BR024,RM_079,Savings
ACC_000658,CUST_00658,Savings,2026-04-11,7521.0,BR021,RM_045,Savings
ACC_000659,CUST_00659,Savings,2023-10-24,10267.03,BR012,RM_001,Savings
ACC_000660,CUST_00660,Savings,2025-04-10,532.33,BR047,RM_008,Savings
ACC_000661,CUST_00661,Savings,2021-06-07,88483.66,BR005,RM_026,Savings
ACC_000662,CUST_00662,Savings,2022-03-27,2759.76,BR019,RM_064,Savings
ACC_000663,CUST_00663,Salary,2022-04-08,11697.59,BR049,RM_095,Salary
ACC_000664,CUST_00664,Current,2023-03-07,28106.98,BR033,RM_036,Current
ACC_000665,CUST_00665,Savings,2023-10-01,10606.31,BR011,RM_074,Savings
ACC_000666,CUST_00666,Savings,2023-10-25,31240.73,BR003,RM_092,Savings
ACC_000667,CUST_00667,Salary,2025-10-01,27569.22,BR011,RM_064,Salary
ACC_000668,CUST_00668,Savings,2024-08-20,7002.75,BR015,RM_084,Savings
ACC_000669,CUST_00669,Savings,2022-06-22,2971.15,BR016,RM_069,Savings
ACC_000670,CUST_00670,Current,2024-08-05,9719.0,BR019,RM_040,Current
ACC_000671,CUST_00671,Savings,2025-09-12,5930.98,BR028,RM_038,Savings
ACC_000672,CUST_00672,Savings,2026-05-25,45859.7,BR006,RM_048,Savings
ACC_000673,CUST_00673,Savings,2024-01-11,1272.37,BR011,RM_066,Savings
ACC_000674,CUST_00674,Savings,2021-11-22,25379.23,BR001,RM_044,Savings
ACC_000675,CUST_00675,Salary,2024-08-20,35966.09,BR035,RM_069,Salary
ACC_000676,CUST_00676,Savings,2021-08-08,1870.94,BR047,RM_091,Savings
ACC_000677,CUST_00677,Salary,2021-12-22,1575.14,BR004,RM_034,Salary
ACC_000678,CUST_00678,Current,2025-02-26,7389.63,BR009,RM_003,Current
ACC_000679,CUST_00679,Savings,2021-10-01,1163.71,BR030,RM_096,Savings
ACC_000680,CUST_00680,Savings,2021-09-26,136230.15,BR027,RM_016,Savings
ACC_000681,CUST_00681,Savings,2025-11-08,3889.44,BR044,RM_066,Savings
ACC_000682,CUST_00682,Savings,2021-10-06,120917.46,BR031,RM_039,Savings
ACC_000683,CUST_00683,Current,2025-01-10,10801.6,BR041,RM_072,Current
ACC_000684,CUST_00684,Current,2021-02-27,6581.69,BR018,RM_068,Current
ACC_000685,CUST_00685,Savings,2024-08-15,17628.65,BR003,RM_080,Savings
ACC_000686,CUST_00686,Savings,2021-08-03,-550.97,BR014,RM_061,Savings
ACC_000687,CUST_00687,Savings,2022-02-03,77662.79,BR034,RM_061,Savings
ACC_000688,CUST_00688,Current,2021-04-20,1274.29,BR020,RM_056,Current
ACC_000689,CUST_00689,Savings,2021-06-15,48470.9,BR047,RM_022,Savings
ACC_000690,CUST_00690,Current,2021-03-12,103529.17,BR049,RM_017,Current
ACC_000691,CUST_00691,Savings,2022-04-17,62127.51,BR049,RM_023,Savings
ACC_000692,CUST_00692,Savings,2023-10-03,155774.72,BR040,RM_016,Savings
ACC_000693,CUST_00693,Savings,2021-09-01,41470.6,BR023,RM_091,Savings
ACC_000694,CUST_00694,Savings,2022-01-21,469413.93,BR048,RM_009,Savings
ACC_000695,CUST_00695,Savings,2021-11-24,5593.64,BR020,RM_013,Savings
ACC_000696,CUST_00696,Savings,2025-02-18,3246.45,BR024,RM_088,Savings
ACC_000697,CUST_00697,Savings,2021-05-03,22162.35,BR027,RM_052,Savings
ACC_000698,CUST_00698,Savings,2023-08-07,78405.36,BR020,RM_016,Savings
ACC_000699,CUST_00699,Savings,2025-10-30,83655.98,BR040,RM_034,Savings
ACC_000700,CUST_00700,Savings,2024-02-02,61690.91,BR024,RM_040,Savings
ACC_000701,CUST_00701,Savings,2023-07-30,31760.39,BR046,RM_080,Savings
ACC_000702,CUST_00702,Current,2025-11-30,3996.93,BR048,RM_056,Current
ACC_000703,CUST_00703,Savings,2022-04-05,14255.51,BR024,RM_067,Savings
ACC_000704,CUST_00704,Savings,2023-10-02,20113.62,BR001,RM_039,Savings
ACC_000705,CUST_00705,Savings,2024-11-10,2377.37,BR009,RM_031,Savings
ACC_000706,CUST_00706,Savings,2025-05-24,34476.88,BR048,RM_007,Savings
ACC_000707,CUST_00707,Savings,2023-09-01,313015.4,BR045,RM_033,Savings
ACC_000708,CUST_00708,Savings,2025-08-11,8890.65,BR034,RM_037,Savings
ACC_000709,CUST_00709,Savings,2023-05-18,60594.47,BR048,RM_090,Savings
ACC_000710,CUST_00710,Savings,2022-10-21,87480.09,BR045,RM_025,Savings
ACC_000711,CUST_00711,Salary,2023-06-11,141484.9,BR019,RM_031,Salary
ACC_000712,CUST_00712,Savings,2026-03-15,121427.16,BR015,RM_074,Savings
ACC_000713,CUST_00713,Savings,2024-03-27,36866.4,BR032,RM_007,Savings
ACC_000714,CUST_00714,Savings,2022-08-20,62069.82,BR014,RM_023,Savings
ACC_000715,CUST_00715,Savings,2025-01-11,32127.29,BR040,RM_026,Savings
ACC_000716,CUST_00716,Savings,2021-12-23,71470.96,BR045,RM_056,Savings
ACC_000717,CUST_00717,Savings,2023-03-23,866.44,BR024,RM_086,Savings
ACC_000718,CUST_00718,Savings,2022-05-16,18586.02,BR004,RM_026,Savings
ACC_000719,CUST_00719,Savings,2025-07-21,18124.58,BR031,RM_056,Savings
ACC_000720,CUST_00720,Current,2021-08-25,1122202.92,BR038,RM_057,Current
ACC_000721,CUST_00721,Salary,2023-08-20,48483.44,BR034,RM_019,Salary
ACC_000722,CUST_00722,Savings,2023-11-19,8780.53,BR004,RM_035,Savings
ACC_000723,CUST_00723,Current,2025-02-01,42334.45,BR005,RM_019,Current
ACC_000724,CUST_00724,Savings,2024-05-17,7048.31,BR028,RM_001,Savings
ACC_000725,CUST_00725,Current,2023-01-21,73896.14,BR004,RM_075,Current
ACC_000726,CUST_00726,Savings,2024-12-30,12848.98,BR001,RM_038,Savings
ACC_000727,CUST_00727,Savings,2025-01-15,12855.63,BR042,RM_067,Savings
ACC_000728,CUST_00728,Savings,2022-05-03,18767.67,BR008,RM_012,Savings
ACC_000729,CUST_00729,Savings,2022-12-17,17525.47,BR040,RM_003,Savings
ACC_000730,CUST_00730,Current,2025-12-23,321491.72,BR002,RM_005,Current
ACC_000731,CUST_00731,Savings,2021-08-04,35271.95,BR001,RM_068,Savings
ACC_000732,CUST_00732,Savings,2021-12-23,8250.45,BR046,RM_070,Savings
ACC_000733,CUST_00733,Current,2023-02-21,1573155.03,BR029,RM_068,Current
ACC_000734,CUST_00734,Savings,2024-10-28,3433.05,BR043,RM_071,Savings
ACC_000735,CUST_00735,Current,2024-06-05,734858.47,BR007,RM_015,Current
ACC_000736,CUST_00736,Current,2023-12-06,65920.64,BR037,RM_091,Current
ACC_000737,CUST_00737,Savings,2025-01-21,28334.01,BR009,RM_062,Savings
ACC_000738,CUST_00738,Current,2024-05-19,3109.45,BR043,RM_013,Current
ACC_000739,CUST_00739,Savings,2021-11-30,8110.31,BR010,RM_039,Savings
ACC_000740,CUST_00740,Savings,2021-12-21,15929.6,BR046,RM_030,Savings
ACC_000741,CUST_00741,Savings,2025-07-01,9984.9,BR016,RM_014,Savings
ACC_000742,CUST_00742,Savings,2022-03-27,4584.05,BR018,RM_052,Savings
ACC_000743,CUST_00743,Current,2023-09-08,2170.1,BR012,RM_099,Current
ACC_000744,CUST_00744,Savings,2022-07-16,10789.81,BR038,RM_086,Savings
ACC_000745,CUST_00745,Savings,2026-06-07,6887.44,BR004,RM_098,Savings
ACC_000746,CUST_00746,Savings,2022-04-05,1871.68,BR030,RM_053,Savings
ACC_000747,CUST_00747,Savings,2026-02-08,8182.25,BR049,RM_016,Savings
ACC_000748,CUST_00748,Current,2026-07-02,9264.9,BR015,RM_079,Current
ACC_000749,CUST_00749,Salary,2026-05-23,117502.29,BR046,RM_060,Salary
ACC_000750,CUST_00750,Salary,2023-12-30,8665.16,BR011,RM_006,Salary
ACC_000751,CUST_00751,Salary,2021-07-14,75495.2,BR041,RM_029,Salary
ACC_000752,CUST_00752,Savings,2021-04-21,14953.42,BR050,RM_096,Savings
ACC_000753,CUST_00753,Savings,2021-06-29,2942.88,BR029,RM_013,Savings
ACC_000754,CUST_00754,Savings,2025-08-13,11469.72,BR020,RM_028,Savings
ACC_000755,CUST_00755,Savings,2023-10-21,30034.2,BR045,RM_081,Savings
ACC_000756,CUST_00756,Savings,2022-12-03,195924.22,BR023,RM_052,Savings
ACC_000757,CUST_00757,Current,2021-05-12,11619.28,BR016,RM_065,Current
ACC_000758,CUST_00758,Savings,2023-07-28,49636.89,BR018,RM_002,Savings
ACC_000759,CUST_00759,Salary,2024-08-05,43771.4,BR003,RM_065,Salary
ACC_000760,CUST_00760,Savings,2024-06-17,164841.87,BR034,RM_044,Savings
ACC_000761,CUST_00761,Savings,2022-03-20,26810.96,BR004,RM_061,Savings
ACC_000762,CUST_00762,Savings,2025-04-19,75440.23,BR025,RM_013,Savings
ACC_000763,CUST_00763,Savings,2025-03-07,50609.16,BR017,RM_092,Savings
ACC_000764,CUST_00764,Savings,2025-02-20,91831.4,BR032,RM_073,Savings
ACC_000765,CUST_00765,Savings,2024-04-12,153591.44,BR025,RM_058,Savings
ACC_000766,CUST_00766,Savings,2023-06-22,20850.94,BR048,RM_080,Savings
ACC_000767,CUST_00767,Savings,2025-10-25,52233.44,BR001,RM_096,Savings
ACC_000768,CUST_00768,Savings,2026-03-29,70002.09,BR027,RM_024,Savings
ACC_000769,CUST_00769,Savings,2025-03-21,11295.52,BR021,RM_094,Savings
ACC_000770,CUST_00770,Savings,2023-12-26,13289.47,BR007,RM_069,Savings
ACC_000771,CUST_00771,Current,2022-03-10,39331.76,BR010,RM_014,Current
ACC_000772,CUST_00772,Savings,2021-07-16,201220.96,BR025,RM_071,Savings
ACC_000773,CUST_00773,Savings,2024-08-10,19961.27,BR045,RM_030,Savings
ACC_000774,CUST_00774,Savings,2022-01-19,17168.05,BR036,RM_088,Savings
ACC_000775,CUST_00775,Current,2025-01-28,1909.68,BR004,RM_041,Current
ACC_000776,CUST_00776,Savings,2021-09-20,18437.31,BR020,RM_079,Savings
ACC_000777,CUST_00777,Savings,2022-12-01,1545.63,BR002,RM_015,Savings
ACC_000778,CUST_00778,Savings,2022-04-10,19696.27,BR017,RM_028,Savings
ACC_000779,CUST_00779,Savings,2023-08-20,12724.21,BR027,RM_028,Savings
ACC_000780,CUST_00780,Current,2022-05-16,104175.39,BR019,RM_058,Current
ACC_000781,CUST_00781,Savings,2023-11-27,51102.93,BR020,RM_093,Savings
ACC_000782,CUST_00782,Salary,2023-08-21,14471.54,BR042,RM_038,Salary
ACC_000783,CUST_00783,Savings,2021-02-12,2719.12,BR031,RM_074,Savings
ACC_000784,CUST_00784,Savings,2025-11-19,313650.9,BR037,RM_053,Savings
ACC_000785,CUST_00785,Salary,2023-06-19,5953.13,BR041,RM_084,Salary
ACC_000786,CUST_00786,Savings,2026-06-15,4219.37,BR023,RM_003,Savings
ACC_000787,CUST_00787,Savings,2021-04-20,9213.2,BR015,RM_030,Savings
ACC_000788,CUST_00788,Salary,2026-05-20,10123.93,BR020,RM_053,Salary
ACC_000789,CUST_00789,Savings,2025-07-11,28293.91,BR014,RM_052,Savings
ACC_000790,CUST_00790,Savings,2023-01-02,257628.56,BR034,RM_062,Savings
ACC_000791,CUST_00791,Savings,2026-07-02,18116.68,BR011,RM_012,Savings
ACC_000792,CUST_00792,Savings,2025-07-12,-3211.31,BR015,RM_094,Savings
ACC_000793,CUST_00793,Savings,2023-09-28,60445.04,BR009,RM_021,Savings
ACC_000794,CUST_00794,Savings,2021-10-24,18180.97,BR031,RM_076,Savings
ACC_000795,CUST_00795,Salary,2025-06-19,41549.88,BR035,RM_003,Salary
ACC_000796,CUST_00796,Current,2024-06-13,17002.55,BR007,RM_075,Current
ACC_000797,CUST_00797,Savings,2026-05-15,36908.89,BR013,RM_021,Savings
ACC_000798,CUST_00798,Savings,2023-08-20,3141.93,BR040,RM_100,Savings
ACC_000799,CUST_00799,Current,2021-10-13,269235.13,BR033,RM_024,Current
ACC_000800,CUST_00800,Savings,2021-12-29,440876.26,BR003,RM_098,Savings
ACC_000801,CUST_00801,Current,2024-06-12,5531.32,BR045,RM_024,Current
ACC_000802,CUST_00802,Salary,2024-08-19,4084.86,BR014,RM_027,Salary
ACC_000803,CUST_00803,Savings,2021-01-11,114754.57,BR023,RM_100,Savings
ACC_000804,CUST_00804,Savings,2022-01-11,160260.81,BR023,RM_048,Savings
ACC_000805,CUST_00805,Savings,2022-11-17,36086.22,BR022,RM_041,Savings
ACC_000806,CUST_00806,Savings,2021-10-01,100389.05,BR031,RM_051,Savings
ACC_000807,CUST_00807,Savings,2025-05-22,10739.17,BR045,RM_007,Savings
ACC_000808,CUST_00808,Salary,2021-06-23,4223.77,BR026,RM_058,Salary
ACC_000809,CUST_00809,Savings,2024-10-28,8242.52,BR038,RM_015,Savings
ACC_000810,CUST_00810,Savings,2025-08-20,73694.08,BR004,RM_013,Savings
ACC_000811,CUST_00811,Current,2026-02-06,16634.85,BR006,RM_034,Current
ACC_000812,CUST_00812,Savings,2025-03-02,20324.47,BR029,RM_091,Savings
ACC_000813,CUST_00813,Savings,2024-06-07,4711.27,BR021,RM_083,Savings
ACC_000814,CUST_00814,Salary,2022-09-08,38041.5,BR002,RM_093,Salary
ACC_000815,CUST_00815,Savings,2022-07-12,1231512.36,BR019,RM_014,Savings
ACC_000816,CUST_00816,Salary,2025-06-30,204481.92,BR041,RM_057,Salary
ACC_000817,CUST_00817,Savings,2022-02-15,16557.27,BR014,RM_006,Savings
ACC_000818,CUST_00818,Savings,2023-08-03,6873.67,BR010,RM_026,Savings
ACC_000819,CUST_00819,Savings,2021-07-28,118463.42,BR003,RM_044,Savings
ACC_000820,CUST_00820,Current,2025-04-29,1008.01,BR014,RM_015,Current
ACC_000821,CUST_00821,Savings,2025-04-29,50547.53,BR030,RM_036,Savings
ACC_000822,CUST_00822,Current,2026-03-09,105005.45,BR019,RM_055,Current
ACC_000823,CUST_00823,Savings,2024-05-21,18067.59,BR042,RM_004,Savings
ACC_000824,CUST_00824,Savings,2027-06-29,15189.58,BR004,RM_083,Savings
ACC_000825,CUST_00825,Savings,2025-02-24,169404.41,BR015,RM_048,Savings
ACC_000826,CUST_00826,Current,2024-02-11,37679.19,BR032,RM_084,Current
ACC_000827,CUST_00827,Savings,2024-09-18,953.68,BR030,RM_077,Savings
ACC_000828,CUST_00828,Savings,2026-04-20,17363.1,BR048,RM_032,Savings
ACC_000829,CUST_00829,Savings,2024-01-11,22502.26,BR022,RM_023,Savings
ACC_000830,CUST_00830,Savings,2025-11-11,305360.49,BR047,RM_069,Savings
ACC_000831,CUST_00831,Savings,2021-10-20,17344.04,BR038,RM_096,Savings
ACC_000832,CUST_00832,Savings,2025-07-13,2282083.15,BR042,RM_098,Savings
ACC_000833,CUST_00833,Current,2023-06-20,109457.74,BR050,RM_036,Current
ACC_000834,CUST_00834,Salary,2026-02-10,10040.37,BR050,RM_090,Salary
ACC_000835,CUST_00835,Savings,2025-01-31,17458.5,BR018,RM_034,Savings
ACC_000836,CUST_00836,Savings,2022-06-26,42403.94,BR023,RM_002,Savings
ACC_000837,CUST_00837,Savings,2026-01-16,2170.36,BR025,RM_065,Savings
ACC_000838,CUST_00838,Savings,2026-04-02,14248.55,BR032,RM_040,Savings
ACC_000839,CUST_00839,Savings,2021-02-14,18256.45,BR011,RM_068,Savings
ACC_000840,CUST_00840,Savings,2026-01-12,15270.58,BR026,RM_046,Savings
ACC_000841,CUST_00841,Savings,2023-11-11,26823.12,BR032,RM_025,Savings
ACC_000842,CUST_00842,Savings,2024-10-01,859894.52,BR043,RM_093,Savings
ACC_000843,CUST_00843,Savings,2025-12-15,18229.89,BR022,RM_049,Savings
ACC_000844,CUST_00844,Current,2021-09-26,8533.09,BR021,RM_096,Current
ACC_000845,CUST_00845,Savings,2025-07-09,137616.41,BR042,RM_002,Savings
ACC_000846,CUST_00846,Savings,2024-02-20,11378.37,BR019,RM_076,Savings
ACC_000847,CUST_00847,Savings,2025-08-18,4582.84,BR038,RM_069,Savings
ACC_000848,CUST_00848,Savings,2025-03-29,20766.44,BR039,RM_079,Savings
ACC_000849,CUST_00849,Savings,2021-09-15,222731.99,BR018,RM_098,Savings
ACC_000850,CUST_00850,Savings,2024-05-06,10200.08,BR010,RM_017,Savings
ACC_000851,CUST_00851,Salary,2021-03-23,9537.26,BR003,RM_002,Salary
ACC_000852,CUST_00852,Savings,2026-07-27,12862.04,BR050,RM_025,Savings
ACC_000853,CUST_00853,Savings,2024-01-22,8744.15,BR042,RM_074,Savings
ACC_000854,CUST_00854,Savings,2025-06-13,12625.83,BR009,RM_046,Savings
ACC_000855,CUST_00855,Savings,2026-07-01,51836.63,BR024,RM_011,Savings
ACC_000856,CUST_00856,Savings,2023-06-27,3493.43,BR033,RM_034,Savings
ACC_000857,CUST_00857,Savings,2026-04-13,24285.32,BR036,RM_061,Savings
ACC_000858,CUST_00858,Savings,2024-06-06,5498.89,BR044,RM_072,Savings
ACC_000859,CUST_00859,Savings,2024-10-19,10971.36,BR033,RM_008,Savings
ACC_000860,CUST_00860,Salary,2025-07-25,5574.15,BR015,RM_076,Salary
ACC_000861,CUST_00861,Savings,2022-05-07,24584.17,BR016,RM_098,Savings
ACC_000862,CUST_00862,Savings,2024-11-23,6040.81,BR002,RM_012,Savings
ACC_000863,CUST_00863,Savings,2026-06-15,12579.2,BR013,RM_083,Savings
ACC_000864,CUST_00864,Savings,2025-01-02,2361.7,BR034,RM_024,Savings
ACC_000865,CUST_00865,Savings,2026-06-30,-4828.22,BR050,RM_043,Savings
ACC_000866,CUST_00866,Savings,2025-01-04,15551.35,BR048,RM_078,Savings
ACC_000867,CUST_00867,Salary,2023-01-02,13152.32,BR028,RM_010,Salary
ACC_000868,CUST_00868,Savings,2024-08-15,35242.98,BR030,RM_093,Savings
ACC_000869,CUST_00869,Savings,2021-11-12,4036.46,BR004,RM_092,Savings
ACC_000870,CUST_00870,Savings,2023-03-25,22261.29,BR032,RM_043,Savings
ACC_000871,CUST_00871,Savings,2023-07-29,77181.52,BR017,RM_056,Savings
ACC_000872,CUST_00872,Savings,2021-08-29,542.09,BR023,RM_020,Savings
ACC_000873,CUST_00873,Savings,2022-01-23,5598.76,BR013,RM_028,Savings
ACC_000874,CUST_00874,Savings,2026-03-20,7470.47,BR034,RM_039,Savings
ACC_000875,CUST_00875,Current,2022-03-30,134027.3,BR001,RM_016,Current
ACC_000876,CUST_00876,Savings,2024-12-08,15176.7,BR009,RM_079,Savings
ACC_000877,CUST_00877,Savings,2025-07-12,7768.9,BR048,RM_043,Savings
ACC_000878,CUST_00878,Savings,2023-11-02,130897.39,BR018,RM_071,Savings
ACC_000879,CUST_00879,Savings,2021-10-27,6391.92,BR022,RM_073,Savings
ACC_000880,CUST_00880,Savings,2021-04-30,63193.33,BR019,RM_033,Savings
ACC_000881,CUST_00881,Savings,2023-04-01,42422.09,BR050,RM_075,Savings
ACC_000882,CUST_00882,Savings,2024-03-03,1970.86,BR039,RM_044,Savings
ACC_000883,CUST_00883,Savings,2025-01-21,6599.67,BR022,RM_056,Savings
ACC_000884,CUST_00884,Current,2021-08-29,25348.72,BR023,RM_054,Current
ACC_000885,CUST_00885,Savings,2023-10-08,14940.28,BR027,RM_062,Savings
ACC_000886,CUST_00886,Savings,2025-09-17,4000.35,BR025,RM_041,Savings
ACC_000887,CUST_00887,Savings,2022-01-01,98789.88,BR047,RM_038,Savings
ACC_000888,CUST_00888,Current,2024-12-28,13318.24,BR042,RM_088,Current
ACC_000889,CUST_00889,Savings,2025-02-27,1287.34,BR008,RM_075,Savings
ACC_000890,CUST_00890,Savings,2025-07-28,15604.53,BR046,RM_072,Savings
ACC_000891,CUST_00891,Savings,2023-08-20,1951.99,BR003,RM_094,Savings
ACC_000892,CUST_00892,Savings,2025-05-28,59637.54,BR025,RM_093,Savings
ACC_000893,CUST_00893,Salary,2024-08-21,12007.51,BR020,RM_099,Salary
ACC_000894,CUST_00894,Salary,2021-03-28,25299.69,BR015,RM_007,Salary
ACC_000895,CUST_00895,Savings,2024-11-18,17183.57,BR046,RM_009,Savings
ACC_000896,CUST_00896,Savings,2024-04-02,28085.31,BR046,RM_055,Savings
ACC_000897,CUST_00897,Current,2023-01-02,25204.04,BR014,RM_044,Current
ACC_000898,CUST_00898,Savings,2025-12-13,284675.64,BR004,RM_039,Savings
ACC_000899,CUST_00899,Savings,2023-04-11,7237.54,BR048,RM_089,Savings
ACC_000900,CUST_00900,Savings,2023-01-03,3986.5,BR015,RM_043,Savings
ACC_000901,CUST_00901,Savings,2024-07-26,53072.79,BR034,RM_062,Savings
ACC_000902,CUST_00902,Current,2023-06-23,27301.53,BR021,RM_063,Current
ACC_000903,CUST_00903,Savings,2026-02-04,1642856.76,BR028,RM_089,Savings
ACC_000904,CUST_00904,Salary,2025-09-21,23271.84,BR029,RM_011,Salary
ACC_000905,CUST_00905,Savings,2025-01-13,167246.82,BR035,RM_049,Savings
ACC_000906,CUST_00906,Savings,2023-06-05,128136.6,BR028,RM_020,Savings
ACC_000907,CUST_00907,Savings,2025-08-20,8929.48,BR027,RM_055,Savings
ACC_000908,CUST_00908,Salary,2025-06-13,19895.08,BR010,RM_074,Salary
ACC_000909,CUST_00909,Savings,2023-11-25,25600.7,BR014,RM_095,Savings
ACC_000910,CUST_00910,Current,2021-02-05,117520.79,BR033,RM_056,Current
ACC_000911,CUST_00911,Savings,2023-03-20,4782.43,BR010,RM_022,Savings
ACC_000912,CUST_00912,Savings,2025-05-11,169255.78,BR003,RM_085,Savings
ACC_000913,CUST_00913,Savings,2026-06-17,52970.07,BR037,RM_063,Savings
ACC_000914,CUST_00914,Savings,2025-04-01,24667.09,BR039,RM_018,Savings
ACC_000915,CUST_00915,Savings,2021-02-18,17877.8,BR029,RM_003,Savings
ACC_000916,CUST_00916,Savings,2022-07-18,8504.5,BR017,RM_033,Savings
ACC_000917,CUST_00917,Salary,2022-08-07,34229.98,BR036,RM_027,Salary
ACC_000918,CUST_00918,Savings,2025-08-11,1087396.59,BR035,RM_020,Savings
ACC_000919,CUST_00919,Savings,2021-12-08,108120.67,BR032,RM_051,Savings
ACC_000920,CUST_00920,Current,2024-01-24,17820.61,BR028,RM_005,Current
ACC_000921,CUST_00921,Savings,2021-04-03,114648.37,BR049,RM_035,Savings
ACC_000922,CUST_00922,Savings,2021-08-29,20113.77,BR017,RM_090,Savings
ACC_000923,CUST_00923,Salary,2022-09-26,183632.63,BR006,RM_006,Salary
ACC_000924,CUST_00924,Savings,2024-04-29,8234.74,BR031,RM_029,Savings
ACC_000925,CUST_00925,Current,2022-04-16,65427.87,BR025,RM_054,Current
ACC_000926,CUST_00926,Savings,2023-10-28,17655.21,BR001,RM_073,Savings
ACC_000927,CUST_00927,Savings,2024-07-22,61173.89,BR034,RM_066,Savings
ACC_000928,CUST_00928,Savings,2023-05-08,-1134.86,BR046,RM_008,Savings
ACC_000929,CUST_00929,Savings,2025-06-10,52428.23,BR049,RM_092,Savings
ACC_000930,CUST_00930,Savings,2022-09-22,29303.95,BR027,RM_015,Savings
ACC_000931,CUST_00931,Savings,2025-12-13,97958.94,BR005,RM_095,Savings
ACC_000932,CUST_00932,Savings,2022-04-21,21657.4,BR041,RM_066,Savings
ACC_000933,CUST_00933,Savings,2021-08-04,60545.18,BR039,RM_052,Savings
ACC_000934,CUST_00934,Savings,2026-12-04,4770.94,BR002,RM_066,Savings
ACC_000935,CUST_00935,Savings,2026-02-17,104387.53,BR003,RM_079,Savings
ACC_000936,CUST_00936,Savings,2021-03-31,3395.48,BR020,RM_014,Savings
ACC_000937,CUST_00937,Current,2024-10-12,11846.58,BR019,RM_042,Current
ACC_000938,CUST_00938,Savings,2021-04-17,-1632.82,BR022,RM_095,Savings
ACC_000939,CUST_00939,Savings,2026-03-22,135292.68,BR006,RM_054,Savings
ACC_000940,CUST_00940,Savings,2025-09-29,64880.77,BR050,RM_078,Savings
ACC_000941,CUST_00941,Salary,2022-04-24,8239.15,BR039,RM_031,Salary
ACC_000942,CUST_00942,Savings,2025-04-27,4223.19,BR034,RM_080,Savings
ACC_000943,CUST_00943,Savings,2023-01-01,192598.83,BR048,RM_023,Savings
ACC_000944,CUST_00944,Savings,2024-04-02,38976.87,BR014,RM_010,Savings
ACC_000945,CUST_00945,Savings,2026-02-27,3221.55,BR019,RM_049,Savings
ACC_000946,CUST_00946,Savings,2024-01-15,24600.52,BR037,RM_039,Savings
ACC_000947,CUST_00947,Savings,2025-01-05,20574.8,BR009,RM_067,Savings
ACC_000948,CUST_00948,Current,2026-01-01,2984.78,BR037,RM_031,Current
ACC_000949,CUST_00949,Current,2021-01-02,15394.9,BR008,RM_081,Current
ACC_000950,CUST_00950,Salary,2025-02-09,21996.17,BR035,RM_059,Salary
ACC_000951,CUST_00951,Savings,2025-04-29,191609.28,BR037,RM_023,Savings
ACC_000952,CUST_00952,Savings,2025-03-07,237750.37,BR006,RM_074,Savings
ACC_000953,CUST_00953,Savings,2025-04-02,92378.34,BR050,RM_096,Savings
ACC_000954,CUST_00954,Savings,2022-08-25,39294.94,BR050,RM_059,Savings
ACC_000955,CUST_00955,Savings,2023-07-21,8829.49,BR031,RM_066,Savings
ACC_000956,CUST_00956,Savings,2021-09-04,11149.99,BR048,RM_076,Savings
ACC_000957,CUST_00957,Savings,2026-06-04,13968.74,BR037,RM_063,Savings
ACC_000958,CUST_00958,Savings,2025-04-08,3523.3,BR024,RM_065,Savings
ACC_000959,CUST_00959,Savings,2021-01-18,198193.65,BR026,RM_045,Savings
ACC_000960,CUST_00960,Savings,2025-02-04,3982.0,BR028,RM_083,Savings
ACC_000961,CUST_00961,Salary,2023-01-16,45345.78,BR016,RM_020,Salary
ACC_000962,CUST_00962,Salary,2023-02-12,14895.95,BR028,RM_077,Salary
ACC_000963,CUST_00963,Salary,2024-10-15,748743.87,BR032,RM_092,Salary
ACC_000964,CUST_00964,Salary,2021-05-06,10886.07,BR047,RM_009,Salary
ACC_000965,CUST_00965,Savings,2025-03-17,757.44,BR025,RM_016,Savings
ACC_000966,CUST_00966,Savings,2022-05-05,6379.63,BR037,RM_060,Savings
ACC_000967,CUST_00967,Savings,2024-09-18,14953.27,BR018,RM_036,Savings
ACC_000968,CUST_00968,Savings,2023-03-13,3698.95,BR004,RM_011,Savings
ACC_000969,CUST_00969,Salary,2024-01-01,56874.9,BR007,RM_053,Salary
ACC_000970,CUST_00970,Savings,2025-07-07,10789.58,BR039,RM_005,Savings
ACC_000971,CUST_00971,Savings,2022-09-10,87310.62,BR024,RM_044,Savings
ACC_000972,CUST_00972,Savings,2023-11-23,1886.32,BR029,RM_068,Savings
ACC_000973,CUST_00973,Savings,2022-12-28,7473.23,BR042,RM_035,Savings
ACC_000974,CUST_00974,Savings,2026-03-20,7843.5,BR050,RM_080,Savings
ACC_000975,CUST_00975,Salary,2025-01-08,25189.58,BR017,RM_026,Salary
ACC_000976,CUST_00976,Savings,2023-02-08,8978.75,BR045,RM_037,Savings
ACC_000977,CUST_00977,Salary,2022-02-21,4764.55,BR046,RM_039,Salary
ACC_000978,CUST_00978,Salary,2025-01-24,125363.87,BR022,RM_002,Salary
ACC_000979,CUST_00979,Savings,2025-06-25,25695.9,BR045,RM_055,Savings
ACC_000980,CUST_00980,Savings,2025-09-02,11667.8,BR030,RM_020,Savings
ACC_000981,CUST_00981,Savings,2021-09-18,77814.64,BR007,RM_068,Savings
ACC_000982,CUST_00982,Savings,2024-11-08,66318.87,BR022,RM_025,Savings
ACC_000983,CUST_00983,Savings,2024-01-24,16645.08,BR023,RM_030,Savings
ACC_000984,CUST_00984,Savings,2026-05-27,31615.85,BR041,RM_018,Savings
ACC_000985,CUST_00985,Savings,2024-09-10,7139.64,BR003,RM_004,Savings
ACC_000986,CUST_00986,Savings,2025-12-14,20978.88,BR034,RM_062,Savings
ACC_000987,CUST_00987,Savings,2022-09-24,8062.76,BR005,RM_015,Savings
ACC_000988,CUST_00988,Current,2021-08-31,41134.45,BR022,RM_070,Current
ACC_000989,CUST_00989,Savings,2022-11-14,-3076.29,BR023,RM_083,Savings
ACC_000990,CUST_00990,Savings,2023-10-23,7165.14,BR001,RM_050,Savings
ACC_000991,CUST_00991,Savings,2022-12-11,14390.49,BR035,RM_061,Savings
ACC_000992,CUST_00992,Savings,2022-06-24,87873.86,BR030,RM_024,Savings
ACC_000993,CUST_00993,Savings,2023-11-07,109996.63,BR022,RM_086,Savings
ACC_000994,CUST_00994,Salary,2023-01-27,17120.75,BR026,RM_030,Salary
ACC_000995,CUST_00995,Savings,2026-07-09,16573.58,BR016,RM_023,Savings
ACC_000996,CUST_00996,Savings,2026-03-07,-966.39,BR045,RM_017,Savings
ACC_000997,CUST_00997,Savings,2021-11-14,3612.06,BR030,RM_004,Savings
ACC_000998,CUST_00998,Salary,2025-01-26,4693.22,BR046,RM_068,Salary
ACC_000999,CUST_00999,Savings,2024-01-25,14277.19,BR033,RM_022,Savings
ACC_001000,CUST_01000,Salary,2021-04-03,11999.61,BR013,RM_066,Salary
ACC_001001,CUST_01001,Current,2024-06-02,22145.5,BR004,RM_040,Current
ACC_001002,CUST_01002,Savings,2021-08-22,8147.35,BR022,RM_095,Savings
ACC_001003,CUST_01003,Current,2024-06-08,8495.99,BR007,RM_077,Current
ACC_001004,CUST_01004,Savings,2021-08-17,22519.17,BR014,RM_093,Savings
ACC_001005,CUST_01005,Savings,2021-05-28,4893.5,BR022,RM_037,Savings
ACC_001006,CUST_01006,Savings,2021-09-27,9521.64,BR026,RM_035,Savings
ACC_001007,CUST_01007,Salary,2021-05-17,55834.65,BR036,RM_029,Salary
ACC_001008,CUST_01008,Salary,2024-12-27,143278.55,BR026,RM_005,Salary
ACC_001009,CUST_01009,Savings,2025-06-02,3267.53,BR015,RM_049,Savings
ACC_001010,CUST_01010,Savings,2021-08-03,6625.03,BR013,RM_075,Savings
ACC_001011,CUST_01011,Current,2024-11-11,28040.62,BR019,RM_004,Current
ACC_001012,CUST_01012,Savings,2021-07-28,778824.8,BR009,RM_069,Savings
ACC_001013,CUST_01013,Savings,2023-07-11,15630.42,BR042,RM_066,Savings
ACC_001014,CUST_01014,Savings,2025-05-08,53333.54,BR032,RM_017,Savings
ACC_001015,CUST_01015,Salary,2023-04-20,34567.85,BR031,RM_087,Salary
ACC_001016,CUST_01016,Savings,2022-04-21,26791.26,BR003,RM_036,Savings
ACC_001017,CUST_01017,Savings,2025-07-11,5867.9,BR004,RM_016,Savings
ACC_001018,CUST_01018,Savings,2021-01-23,24285.77,BR014,RM_097,Savings
ACC_001019,CUST_01019,Savings,2022-09-04,71104.68,BR018,RM_070,Savings
ACC_001020,CUST_01020,Savings,2025-12-24,33868.97,BR021,RM_005,Savings
ACC_001021,CUST_01021,Savings,2024-09-25,67725.61,BR031,RM_090,Savings
ACC_001022,CUST_01022,Savings,2024-01-31,98249.73,BR041,RM_013,Savings
ACC_001023,CUST_01023,Savings,2023-12-22,35891.03,BR028,RM_038,Savings
ACC_001024,CUST_01024,Savings,2021-08-05,10149.69,BR001,RM_028,Savings
ACC_001025,CUST_01025,Savings,2025-03-24,47922.42,BR016,RM_068,Savings
ACC_001026,CUST_01026,Savings,2025-11-14,17019.74,BR012,RM_069,Savings
ACC_001027,CUST_01027,Savings,2025-11-18,8075.64,BR014,RM_071,Savings
ACC_001028,CUST_01028,Savings,2022-09-27,44414.89,BR044,RM_069,Savings
ACC_001029,CUST_01029,Savings,2021-09-23,70816.8,BR003,RM_056,Savings
ACC_001030,CUST_01030,Current,2025-05-25,2310964.57,BR042,RM_071,Current
ACC_001031,CUST_01031,Savings,2021-05-09,579978.28,BR002,RM_079,Savings
ACC_001032,CUST_01032,Savings,2025-04-28,70147.98,BR020,RM_066,Savings
ACC_001033,CUST_01033,Savings,2024-09-13,31067.7,BR010,RM_080,Savings
ACC_001034,CUST_01034,Savings,2021-09-16,11650.38,BR014,RM_007,Savings
ACC_001035,CUST_01035,Savings,2026-01-12,10455.57,BR009,RM_022,Savings
ACC_001036,CUST_01036,Savings,2023-07-06,17982.6,BR031,RM_076,Savings
ACC_001037,CUST_01037,Current,2022-01-20,42540.2,BR048,RM_082,Current
ACC_001038,CUST_01038,Savings,2021-07-09,6398.12,BR043,RM_028,Savings
ACC_001039,CUST_01039,Savings,2023-10-14,20443.43,BR029,RM_054,Savings
ACC_001040,CUST_01040,Current,2024-10-30,77433.97,BR031,RM_007,Current
ACC_001041,CUST_01041,Current,2024-02-12,2055.23,BR022,RM_001,Current
ACC_001042,CUST_01042,Savings,2022-10-06,7290.08,BR044,RM_041,Savings
ACC_001043,CUST_01043,Current,2025-06-08,36747.23,BR009,RM_029,Current
ACC_001044,CUST_01044,Savings,2022-12-26,9660.26,BR004,RM_002,Savings
ACC_001045,CUST_01045,Salary,2023-01-06,61897.89,BR001,RM_043,Salary
ACC_001046,CUST_01046,Savings,2024-05-31,35586.8,BR005,RM_022,Savings
ACC_001047,CUST_01047,Savings,2022-12-15,38380.81,BR008,RM_087,Savings
ACC_001048,CUST_01048,Savings,2023-10-05,12808.84,BR007,RM_011,Savings
ACC_001049,CUST_01049,Current,2025-06-02,5138.26,BR034,RM_005,Current
ACC_001050,CUST_01050,Savings,2025-10-16,31368.1,BR038,RM_072,Savings
ACC_001051,CUST_01051,Savings,2025-04-13,9573.07,BR050,RM_055,Savings
ACC_001052,CUST_01052,Savings,2023-02-01,10221.74,BR025,RM_099,Savings
ACC_001053,CUST_01053,Savings,2026-03-20,23229.0,BR028,RM_045,Savings
ACC_001054,CUST_01054,Savings,2022-05-13,11001.25,BR045,RM_010,Savings
ACC_001055,CUST_01055,Current,2023-08-27,354285.23,BR013,RM_039,Current
ACC_001056,CUST_01056,Savings,2025-01-16,248940.11,BR002,RM_003,Savings
ACC_001057,CUST_01057,Current,2022-08-19,31854.55,BR008,RM_089,Current
ACC_001058,CUST_01058,Savings,2026-05-25,31755.01,BR030,RM_071,Savings
ACC_001059,CUST_01059,Savings,2022-12-25,21945.16,BR013,RM_044,Savings
ACC_001060,CUST_01060,Savings,2026-01-06,48317.54,BR016,RM_040,Savings
ACC_001061,CUST_01061,Salary,2025-11-13,27963.91,BR038,RM_095,Salary
ACC_001062,CUST_01062,Salary,2024-11-11,106877.55,BR049,RM_074,Salary
ACC_001063,CUST_01063,Salary,2025-12-07,2242.17,BR007,RM_033,Salary
ACC_001064,CUST_01064,Savings,2023-12-30,1475177.76,BR020,RM_020,Savings
ACC_001065,CUST_01065,Savings,2025-12-08,6019.12,BR026,RM_009,Savings
ACC_001066,CUST_01066,Savings,2024-02-16,4519.88,BR049,RM_085,Savings
ACC_001067,CUST_01067,Savings,2025-09-26,4756313.1,BR035,RM_061,Savings
ACC_001068,CUST_01068,Savings,2023-11-02,2906.32,BR003,RM_056,Savings
ACC_001069,CUST_01069,Current,2025-05-23,10954.68,BR009,RM_048,Current
ACC_001070,CUST_01070,Salary,2024-09-09,12688.8,BR014,RM_063,Salary
ACC_001071,CUST_01071,Savings,2024-04-14,96993.57,BR049,RM_055,Savings
ACC_001072,CUST_01072,Salary,2023-02-02,30827.99,BR044,RM_016,Salary
ACC_001073,CUST_01073,Salary,2021-02-23,54657.95,BR035,RM_034,Salary
ACC_001074,CUST_01074,Salary,2022-12-04,5175.87,BR043,RM_055,Salary
ACC_001075,CUST_01075,Savings,2025-09-29,39752.53,BR026,RM_029,Savings
ACC_001076,CUST_01076,Savings,2025-05-09,3808.41,BR047,RM_094,Savings
ACC_001077,CUST_01077,Savings,2021-09-07,41306.71,BR049,RM_024,Savings
ACC_001078,CUST_01078,Current,2025-05-04,23675.4,BR013,RM_033,Current
ACC_001079,CUST_01079,Savings,2026-07-11,12215.52,BR021,RM_029,Savings
ACC_001080,CUST_01080,Savings,2022-12-12,1316.19,BR043,RM_078,Savings
ACC_001081,CUST_01081,Salary,2024-07-07,67931.71,BR035,RM_004,Salary
ACC_001082,CUST_01082,Current,2022-05-23,26015.53,BR019,RM_027,Current
ACC_001083,CUST_01083,Savings,2023-08-15,28538.54,BR023,RM_015,Savings
ACC_001084,CUST_01084,Savings,2022-12-21,17715.92,BR001,RM_022,Savings
ACC_001085,CUST_01085,Savings,2026-03-08,57851.0,BR038,RM_084,Savings
ACC_001086,CUST_01086,Savings,2026-05-15,-4472.65,BR037,RM_049,Savings
ACC_001087,CUST_01087,Salary,2023-09-01,7823.51,BR040,RM_052,Salary
ACC_001088,CUST_01088,Savings,2021-11-25,6488.73,BR038,RM_087,Savings
ACC_001089,CUST_01089,Savings,2024-11-23,244948.07,BR016,RM_074,Savings
ACC_001090,CUST_01090,Savings,2025-12-15,16994.36,BR020,RM_032,Savings
ACC_001091,CUST_01091,Savings,2022-03-21,31576.28,BR029,RM_002,Savings
ACC_001092,CUST_01092,Savings,2023-07-13,7804.79,BR007,RM_091,Savings
ACC_001093,CUST_01093,Savings,2022-06-08,32278.99,BR008,RM_093,Savings
ACC_001094,CUST_01094,Current,2025-09-29,11799.18,BR047,RM_065,Current
ACC_001095,CUST_01095,Savings,2021-11-03,65224.49,BR045,RM_017,Savings
ACC_001096,CUST_01096,Savings,2021-09-21,379356.93,BR014,RM_040,Savings
ACC_001097,CUST_01097,Savings,2022-03-23,2318.61,BR039,RM_089,Savings
ACC_001098,CUST_01098,Savings,2022-08-20,24666.16,BR014,RM_041,Savings
ACC_001099,CUST_01099,Savings,2021-12-05,49096.68,BR042,RM_050,Savings
ACC_001100,CUST_01100,Current,2022-10-26,109762.6,BR024,RM_074,Current
ACC_001101,CUST_01101,Savings,2022-05-05,1009625.57,BR041,RM_076,Savings
ACC_001102,CUST_01102,Current,2023-03-30,55276.58,BR023,RM_031,Current
ACC_001103,CUST_01103,Savings,2025-11-01,88482.22,BR039,RM_013,Savings
ACC_001104,CUST_01104,Salary,2026-01-02,3566.21,BR014,RM_082,Salary
ACC_001105,CUST_01105,Current,2025-11-01,104319.05,BR001,RM_064,Current
ACC_001106,CUST_01106,Current,2021-10-05,161614.46,BR004,RM_070,Current
ACC_001107,CUST_01107,Savings,2023-07-29,32654.52,BR019,RM_054,Savings
ACC_001108,CUST_01108,Current,2026-01-06,79680.65,BR035,RM_085,Current
ACC_001109,CUST_01109,Savings,2024-04-19,25195.63,BR036,RM_061,Savings
ACC_001110,CUST_01110,Savings,2022-04-03,5020.57,BR043,RM_041,Savings
ACC_001111,CUST_01111,Savings,2023-07-06,11143.87,BR026,RM_023,Savings
ACC_001112,CUST_01112,Savings,2022-10-29,3398.03,BR024,RM_044,Savings
ACC_001113,CUST_01113,Current,2022-09-25,46987.91,BR037,RM_049,Current
ACC_001114,CUST_01114,Savings,2023-03-05,8983.66,BR013,RM_051,Savings
ACC_001115,CUST_01115,Salary,2023-11-11,17800.47,BR049,RM_074,Salary
ACC_001116,CUST_01116,Savings,2023-02-05,10931.52,BR012,RM_001,Savings
ACC_001117,CUST_01117,Current,2026-06-19,109091.04,BR004,RM_070,Current
ACC_001118,CUST_01118,Current,2025-04-10,3085.59,BR036,RM_091,Current
ACC_001119,CUST_01119,Savings,2024-05-14,186841.17,BR019,RM_043,Savings
ACC_001120,CUST_01120,Savings,2026-04-29,80569.94,BR008,RM_017,Savings
ACC_001121,CUST_01121,Savings,2025-07-15,86779.08,BR044,RM_020,Savings
ACC_001122,CUST_01122,Salary,2021-06-17,37468.72,BR045,RM_014,Salary
ACC_001123,CUST_01123,Savings,2026-01-14,47816.96,BR016,RM_021,Savings
ACC_001124,CUST_01124,Current,2022-05-15,15209.29,BR032,RM_006,Current
ACC_001125,CUST_01125,Savings,2023-07-04,21165.71,BR006,RM_050,Savings
ACC_001126,CUST_01126,Savings,2022-04-02,13571.13,BR031,RM_007,Savings
ACC_001127,CUST_01127,Salary,2023-01-01,131630.99,BR032,RM_046,Salary
ACC_001128,CUST_01128,Savings,2021-05-13,8820.16,BR014,RM_012,Savings
ACC_001129,CUST_01129,Savings,2025-07-31,9230.39,BR049,RM_026,Savings
ACC_001130,CUST_01130,Salary,2023-10-02,49508.84,BR030,RM_018,Salary
ACC_001131,CUST_01131,Current,2025-09-17,626084.65,BR020,RM_047,Current
ACC_001132,CUST_01132,Savings,2024-07-05,4710.24,BR014,RM_078,Savings
ACC_001133,CUST_01133,Current,2026-04-05,5194.08,BR012,RM_056,Current
ACC_001134,CUST_01134,Savings,2025-12-23,427367.37,BR043,RM_059,Savings
ACC_001135,CUST_01135,Savings,2022-01-08,5645.67,BR040,RM_065,Savings
ACC_001136,CUST_01136,Savings,2025-11-18,34596.27,BR007,RM_045,Savings
ACC_001137,CUST_01137,Current,2021-01-25,24319.84,BR029,RM_033,Current
ACC_001138,CUST_01138,Savings,2024-11-28,9598.78,BR002,RM_051,Savings
ACC_001139,CUST_01139,Salary,2021-10-23,10017.51,BR047,RM_016,Salary
ACC_001140,CUST_01140,Savings,2022-11-24,6617.1,BR033,RM_100,Savings
ACC_001141,CUST_01141,Savings,2024-05-28,88815.02,BR018,RM_085,Savings
ACC_001142,CUST_01142,Savings,2021-08-17,6893.94,BR041,RM_001,Savings
ACC_001143,CUST_01143,Savings,2023-07-30,4428.95,BR005,RM_012,Savings
ACC_001144,CUST_01144,Current,2024-03-26,4280.0,BR048,RM_078,Current
ACC_001145,CUST_01145,Savings,2024-07-28,-936.82,BR031,RM_095,Savings
ACC_001146,CUST_01146,Savings,2023-01-07,13558.33,BR011,RM_043,Savings
ACC_001147,CUST_01147,Salary,2021-06-08,4358.22,BR031,RM_039,Salary
ACC_001148,CUST_01148,Savings,2022-11-29,286950.47,BR040,RM_070,Savings
ACC_001149,CUST_01149,Savings,2025-06-03,11113.99,BR020,RM_092,Savings
ACC_001150,CUST_01150,Current,2021-03-12,6548.72,BR042,RM_072,Current
ACC_001151,CUST_01151,Salary,2025-04-14,4363.57,BR025,RM_094,Salary
ACC_001152,CUST_01152,Current,2021-09-14,12336.45,BR031,RM_029,Current
ACC_001153,CUST_01153,Salary,2023-07-23,291574.39,BR012,RM_002,Salary
ACC_001154,CUST_01154,Savings,2024-06-13,13561.31,BR020,RM_091,Savings
ACC_001155,CUST_01155,Current,2023-04-15,14950.08,BR025,RM_077,Current
ACC_001156,CUST_01156,Savings,2024-12-22,237.51,BR011,RM_057,Savings
ACC_001157,CUST_01157,Savings,2023-03-27,46892.29,BR022,RM_015,Savings
ACC_001158,CUST_01158,Salary,2025-12-27,24359.18,BR035,RM_004,Salary
ACC_001159,CUST_01159,Current,2023-12-15,15054.45,BR035,RM_002,Current
ACC_001160,CUST_01160,Savings,2025-11-04,32549.99,BR041,RM_029,Savings
ACC_001161,CUST_01161,Current,2023-01-08,44977.88,BR029,RM_093,Current
ACC_001162,CUST_01162,Savings,2026-01-15,68361.9,BR015,RM_061,Savings
ACC_001163,CUST_01163,Savings,2023-05-27,303251.92,BR029,RM_100,Savings
ACC_001164,CUST_01164,Savings,2023-09-09,19686.88,BR005,RM_048,Savings
ACC_001165,CUST_01165,Savings,2021-10-04,3650.49,BR020,RM_007,Savings
ACC_001166,CUST_01166,Savings,2026-07-03,67567.61,BR030,RM_036,Savings
ACC_001167,CUST_01167,Savings,2024-07-18,17884.37,BR041,RM_091,Savings
ACC_001168,CUST_01168,Salary,2023-12-29,26599.92,BR035,RM_044,Salary
ACC_001169,CUST_01169,Current,2024-01-23,3255.3,BR016,RM_081,Current
ACC_001170,CUST_01170,Savings,2025-12-12,379833.71,BR050,RM_061,Savings
ACC_001171,CUST_01171,Savings,2025-03-29,12135.27,BR027,RM_019,Savings
ACC_001172,CUST_01172,Savings,2025-10-05,14205.22,BR038,RM_037,Savings
ACC_001173,CUST_01173,Savings,2024-02-07,10212.61,BR022,RM_036,Savings
ACC_001174,CUST_01174,Savings,2022-02-06,22968.28,BR020,RM_012,Savings
ACC_001175,CUST_01175,Current,2024-08-13,21066.25,BR024,RM_006,Current
ACC_001176,CUST_01176,Current,2023-02-26,36165.88,BR031,RM_054,Current
ACC_001177,CUST_01177,Savings,2025-11-29,64005.75,BR013,RM_041,Savings
ACC_001178,CUST_01178,Savings,2021-10-14,6653.86,BR036,RM_006,Savings
ACC_001179,CUST_01179,Savings,2026-01-16,6404.71,BR042,RM_079,Savings
ACC_001180,CUST_01180,Current,2026-09-19,78608.17,BR022,RM_022,Current
ACC_001181,CUST_01181,Current,2025-04-29,31668.49,BR043,RM_066,Current
ACC_001182,CUST_01182,Savings,2023-10-23,3699.85,BR014,RM_026,Savings
ACC_001183,CUST_01183,Savings,2022-08-08,79748.52,BR031,RM_081,Savings
ACC_001184,CUST_01184,Savings,2022-07-27,80015.68,BR050,RM_096,Savings
ACC_001185,CUST_01185,Savings,2024-10-19,55369.31,BR039,RM_053,Savings
ACC_001186,CUST_01186,Savings,2023-10-25,134042.56,BR048,RM_024,Savings
ACC_001187,CUST_01187,Savings,2023-04-07,69089.54,BR015,RM_098,Savings
ACC_001188,CUST_01188,Savings,2021-06-03,2430483.97,BR021,RM_096,Savings
ACC_001189,CUST_01189,Savings,2021-10-06,303840.1,BR018,RM_066,Savings
ACC_001190,CUST_01190,Savings,2026-04-08,7719.23,BR025,RM_073,Savings
ACC_001191,CUST_01191,Savings,2021-02-14,144656.73,BR010,RM_066,Savings
ACC_001192,CUST_01192,Salary,2021-08-16,118276.52,BR019,RM_078,Salary
ACC_001193,CUST_01193,Salary,2026-01-29,203394.57,BR022,RM_097,Salary
ACC_001194,CUST_01194,Savings,2025-02-06,6137.68,BR023,RM_066,Savings
ACC_001195,CUST_01195,Savings,2023-03-08,9039.83,BR015,RM_043,Savings
ACC_001196,CUST_01196,Savings,2024-07-02,39811.3,BR044,RM_070,Savings
ACC_001197,CUST_01197,Salary,2022-02-28,22046.83,BR017,RM_013,Salary
ACC_001198,CUST_01198,Current,2024-10-23,2129.33,BR035,RM_004,Current
ACC_001199,CUST_01199,Savings,2024-04-04,6443.15,BR038,RM_061,Savings
ACC_001200,CUST_01200,Salary,2025-05-30,1783.0,BR019,RM_047,Salary
ACC_001201,CUST_01201,Savings,2023-11-26,12305.93,BR018,RM_050,Savings
ACC_001202,CUST_01202,Salary,2022-03-03,-2255.5,BR012,RM_066,Salary
ACC_001203,CUST_01203,Savings,2026-07-12,5316.54,BR001,RM_064,Savings
ACC_001204,CUST_01204,Savings,2021-02-22,45451.79,BR023,RM_057,Savings
ACC_001205,CUST_01205,Savings,2023-05-23,2184.05,BR018,RM_037,Savings
ACC_001206,CUST_01206,Savings,2023-02-04,3862.11,BR034,RM_036,Savings
ACC_001207,CUST_01207,Savings,2023-12-19,12472.78,BR032,RM_074,Savings
ACC_001208,CUST_01208,Savings,2025-06-11,-2669.91,BR002,RM_068,Savings
ACC_001209,CUST_01209,Savings,2021-08-16,25608.28,BR024,RM_063,Savings
ACC_001210,CUST_01210,Savings,2026-06-10,26037.16,BR022,RM_022,Savings
ACC_001211,CUST_01211,Savings,2022-07-16,34304.08,BR018,RM_078,Savings
ACC_001212,CUST_01212,Current,2022-06-23,8539.4,BR017,RM_088,Current
ACC_001213,CUST_01213,Savings,2024-07-15,20733.32,BR046,RM_021,Savings
ACC_001214,CUST_01214,Savings,2025-10-05,39104.25,BR047,RM_067,Savings
ACC_001215,CUST_01215,Savings,2025-08-07,138701.75,BR037,RM_063,Savings
ACC_001216,CUST_01216,Current,2025-04-07,11734.09,BR032,RM_098,Current
ACC_001217,CUST_01217,Savings,2023-11-26,91013.17,BR019,RM_036,Savings
ACC_001218,CUST_01218,Savings,2026-06-13,16090.12,BR022,RM_045,Savings
ACC_001219,CUST_01219,Current,2024-09-25,11568.02,BR033,RM_046,Current
ACC_001220,CUST_01220,Salary,2025-08-30,338478.89,BR044,RM_088,Salary
ACC_001221,CUST_01221,Savings,2026-02-25,4746.94,BR019,RM_032,Savings
ACC_001222,CUST_01222,Savings,2026-06-04,167296.08,BR030,RM_012,Savings
ACC_001223,CUST_01223,Current,2024-07-22,21862.05,BR001,RM_013,Current
ACC_001224,CUST_01224,Current,2021-05-18,1731.0,BR032,RM_022,Current
ACC_001225,CUST_01225,Salary,2023-05-08,26411.12,BR011,RM_067,Salary
ACC_001226,CUST_01226,Savings,2021-07-20,182925.32,BR040,RM_074,Savings
ACC_001227,CUST_01227,Savings,2021-10-15,19849.6,BR030,RM_064,Savings
ACC_001228,CUST_01228,Savings,2026-01-22,4868.77,BR017,RM_003,Savings
ACC_001229,CUST_01229,Savings,2024-10-28,50099.52,BR034,RM_089,Savings
ACC_001230,CUST_01230,Salary,2021-05-27,27725.58,BR045,RM_008,Salary
ACC_001231,CUST_01231,Savings,2021-06-25,44571.7,BR035,RM_076,Savings
ACC_001232,CUST_01232,Savings,2022-07-08,46951.85,BR050,RM_098,Savings
ACC_001233,CUST_01233,Savings,2024-08-27,63433.31,BR007,RM_043,Savings
ACC_001234,CUST_01234,Savings,2024-05-22,2327.29,BR041,RM_034,Savings
ACC_001235,CUST_01235,Salary,2023-10-03,26932.96,BR011,RM_001,Salary
ACC_001236,CUST_01236,Current,2024-01-28,2943.74,BR033,RM_095,Current
ACC_001237,CUST_01237,Savings,2025-09-19,8985.6,BR015,RM_074,Savings
ACC_001238,CUST_01238,Savings,2023-06-12,2603.58,BR019,RM_007,Savings
ACC_001239,CUST_01239,Savings,2022-11-10,172325.56,BR015,RM_034,Savings
ACC_001240,CUST_01240,Savings,2021-11-01,51224.68,BR017,RM_072,Savings
ACC_001241,CUST_01241,Salary,2022-02-04,2209.2,BR047,RM_021,Salary
ACC_001242,CUST_01242,Savings,2024-04-15,43838.36,BR022,RM_052,Savings
ACC_001243,CUST_01243,Savings,2022-01-01,5953.59,BR004,RM_019,Savings
ACC_001244,CUST_01244,Salary,2022-05-27,9098.59,BR006,RM_098,Salary
ACC_001245,CUST_01245,Savings,2026-04-01,13792.12,BR010,RM_015,Savings
ACC_001246,CUST_01246,Savings,2021-05-01,4086.63,BR020,RM_056,Savings
ACC_001247,CUST_01247,Savings,2021-10-21,92765.55,BR041,RM_058,Savings
ACC_001248,CUST_01248,Savings,2023-02-11,38854.65,BR042,RM_029,Savings
ACC_001249,CUST_01249,Savings,2021-01-27,62074.19,BR023,RM_010,Savings
ACC_001250,CUST_01250,Savings,2022-10-09,17418.14,BR001,RM_087,Savings
ACC_001251,CUST_01251,Current,2021-08-18,70833.18,BR039,RM_022,Current
ACC_001252,CUST_01252,Savings,2024-07-21,5699.73,BR025,RM_041,Savings
ACC_001253,CUST_01253,Savings,2023-03-14,8031.93,BR031,RM_061,Savings
ACC_001254,CUST_01254,Savings,2021-11-06,90556.52,BR045,RM_020,Savings
ACC_001255,CUST_01255,Savings,2025-03-22,3516.56,BR038,RM_038,Savings
ACC_001256,CUST_01256,Savings,2022-03-06,6000.65,BR007,RM_010,Savings
ACC_001257,CUST_01257,Salary,2021-03-05,60232.29,BR039,RM_039,Salary
ACC_001258,CUST_01258,Savings,2022-08-17,159252.0,BR042,RM_033,Savings
ACC_001259,CUST_01259,Salary,2024-11-05,88524.77,BR031,RM_073,Salary
ACC_001260,CUST_01260,Savings,2022-02-24,8298.88,BR021,RM_028,Savings
ACC_001261,CUST_01261,Current,2023-04-20,21917.08,BR009,RM_077,Current
ACC_001262,CUST_01262,Savings,2025-05-24,148456.04,BR023,RM_005,Savings
ACC_001263,CUST_01263,Savings,2023-12-23,50964.97,BR045,RM_056,Savings
ACC_001264,CUST_01264,Salary,2024-02-07,30592.19,BR017,RM_008,Salary
ACC_001265,CUST_01265,Savings,2022-01-29,2340.04,BR024,RM_018,Savings
ACC_001266,CUST_01266,Savings,2023-04-09,259131.08,BR032,RM_041,Savings
ACC_001267,CUST_01267,Salary,2025-03-31,7356.66,BR020,RM_068,Salary
ACC_001268,CUST_01268,Savings,2022-08-15,19539.87,BR045,RM_038,Savings
ACC_001269,CUST_01269,Current,2021-02-18,2503.49,BR007,RM_016,Current
ACC_001270,CUST_01270,Savings,2026-03-04,13916.87,BR039,RM_074,Savings
ACC_001271,CUST_01271,Salary,2022-06-10,152067.16,BR001,RM_022,Salary
ACC_001272,CUST_01272,Savings,2024-04-05,16159.75,BR033,RM_013,Savings
ACC_001273,CUST_01273,Savings,2021-06-20,19598.04,BR032,RM_032,Savings
ACC_001274,CUST_01274,Savings,2024-08-16,75117.98,BR040,RM_012,Savings
ACC_001275,CUST_01275,Savings,2023-06-15,19177.09,BR001,RM_011,Savings
ACC_001276,CUST_01276,Salary,2022-11-29,15087.13,BR045,RM_049,Salary
ACC_001277,CUST_01277,Savings,2021-06-28,1161258.5,BR033,RM_008,Savings
ACC_001278,CUST_01278,Savings,2024-09-14,17455.35,BR045,RM_057,Savings
ACC_001279,CUST_01279,Savings,2025-12-01,7038.87,BR028,RM_076,Savings
ACC_001280,CUST_01280,Savings,2024-08-04,5390.49,BR011,RM_032,Savings
ACC_001281,CUST_01281,Savings,2021-02-25,122880.8,BR009,RM_018,Savings
ACC_001282,CUST_01282,Salary,2022-09-24,159729.08,BR019,RM_025,Salary
ACC_001283,CUST_01283,Salary,2022-03-02,171603.46,BR015,RM_087,Salary
ACC_001284,CUST_01284,Savings,2026-04-12,3626.08,BR010,RM_040,Savings
ACC_001285,CUST_01285,Savings,2025-09-28,169334.77,BR039,RM_026,Savings
ACC_001286,CUST_01286,Salary,2024-10-19,10459.14,BR047,RM_045,Salary
ACC_001287,CUST_01287,Savings,2024-04-29,53233.5,BR035,RM_073,Savings
ACC_001288,CUST_01288,Savings,2022-06-21,15554.76,BR008,RM_066,Savings
ACC_001289,CUST_01289,Savings,2025-11-19,7896.83,BR044,RM_049,Savings
ACC_001290,CUST_01290,Current,2024-12-12,18944.59,BR032,RM_003,Current
ACC_001291,CUST_01291,Savings,2022-01-16,13913.61,BR038,RM_011,Savings
ACC_001292,CUST_01292,Savings,2023-10-19,457377.15,BR049,RM_028,Savings
ACC_001293,CUST_01293,Savings,2023-02-12,5436.1,BR019,RM_080,Savings
ACC_001294,CUST_01294,Savings,2021-08-26,5596.21,BR022,RM_048,Savings
ACC_001295,CUST_01295,Salary,2024-09-27,7223.35,BR015,RM_081,Salary
ACC_001296,CUST_01296,Salary,2022-05-28,48421.67,BR039,RM_035,Salary
ACC_001297,CUST_01297,Savings,2021-07-08,804.71,BR045,RM_096,Savings
ACC_001298,CUST_01298,Savings,2024-10-27,38065.09,BR029,RM_063,Savings
ACC_001299,CUST_01299,Savings,2023-03-11,31945.01,BR036,RM_072,Savings
ACC_001300,CUST_01300,Savings,2022-10-24,-1180.11,BR009,RM_020,Savings
ACC_001301,CUST_01301,Salary,2022-09-02,14620.22,BR042,RM_022,Salary
ACC_001302,CUST_01302,Savings,2024-12-24,978655.11,BR006,RM_034,Savings
ACC_001303,CUST_01303,Savings,2023-07-02,262073.16,BR003,RM_063,Savings
ACC_001304,CUST_01304,Savings,2025-01-07,17910.25,BR023,RM_004,Savings
ACC_001305,CUST_01305,Savings,2021-01-23,17107.85,BR008,RM_090,Savings
ACC_001306,CUST_01306,Savings,2024-05-31,622726.81,BR042,RM_078,Savings
ACC_001307,CUST_01307,Current,2025-04-25,1468750.53,BR043,RM_015,Current
ACC_001308,CUST_01308,Salary,2024-01-19,12973.73,BR003,RM_067,Salary
ACC_001309,CUST_01309,Savings,2023-12-20,18058.84,BR021,RM_032,Savings
ACC_001310,CUST_01310,Savings,2022-05-03,14442.72,BR017,RM_017,Savings
ACC_001311,CUST_01311,Savings,2024-09-28,5504.91,BR024,RM_025,Savings
ACC_001312,CUST_01312,Savings,2022-04-26,38555.53,BR005,RM_016,Savings
ACC_001313,CUST_01313,Savings,2025-06-01,1393.49,BR007,RM_016,Savings
ACC_001314,CUST_01314,Current,2024-04-07,73158.81,BR020,RM_028,Current
ACC_001315,CUST_01315,Savings,2024-07-14,11430.31,BR014,RM_011,Savings
ACC_001316,CUST_01316,Savings,2024-01-22,19438.84,BR047,RM_079,Savings
ACC_001317,CUST_01317,Savings,2024-07-22,6226.95,BR048,RM_066,Savings
ACC_001318,CUST_01318,Savings,2024-02-13,45593.32,BR002,RM_088,Savings
ACC_001319,CUST_01319,Savings,2026-07-20,58917.22,BR006,RM_019,Savings
ACC_001320,CUST_01320,Savings,2025-12-17,158348.54,BR027,RM_057,Savings
ACC_001321,CUST_01321,Savings,2022-07-29,3960.72,BR005,RM_016,Savings
ACC_001322,CUST_01322,Savings,2024-05-12,28318.15,BR033,RM_087,Savings
ACC_001323,CUST_01323,Current,2021-02-05,2924.15,BR026,RM_050,Current
ACC_001324,CUST_01324,Savings,2021-10-09,19553.75,BR037,RM_082,Savings
ACC_001325,CUST_01325,Savings,2022-12-21,167764.79,BR036,RM_060,Savings
ACC_001326,CUST_01326,Savings,2026-07-08,33409.69,BR027,RM_034,Savings
ACC_001327,CUST_01327,Savings,2022-01-10,30891.55,BR050,RM_080,Savings
ACC_001328,CUST_01328,Salary,2024-07-20,20794.79,BR019,RM_096,Salary
ACC_001329,CUST_01329,Salary,2024-10-31,1896.81,BR041,RM_005,Salary
ACC_001330,CUST_01330,Current,2022-11-01,64382.37,BR036,RM_028,Current
ACC_001331,CUST_01331,Savings,2023-11-09,6248.38,BR004,RM_056,Savings
ACC_001332,CUST_01332,Current,2024-11-26,3575.92,BR005,RM_018,Current
ACC_001333,CUST_01333,Savings,2024-11-29,52135.55,BR049,RM_009,Savings
ACC_001334,CUST_01334,Savings,2021-05-05,55743.8,BR021,RM_041,Savings
ACC_001335,CUST_01335,Salary,2021-08-06,10044.38,BR017,RM_089,Salary
ACC_001336,CUST_01336,Savings,2024-10-07,40185.94,BR019,RM_036,Savings
ACC_001337,CUST_01337,Salary,2025-11-27,26334.59,BR012,RM_064,Salary
ACC_001338,CUST_01338,Savings,2023-06-10,18434.19,BR041,RM_026,Savings
ACC_001339,CUST_01339,Current,2026-06-22,18715.25,BR050,RM_029,Current
ACC_001340,CUST_01340,Savings,2023-09-26,81270.26,BR036,RM_041,Savings
ACC_001341,CUST_01341,Savings,2022-07-17,151264.63,BR013,RM_059,Savings
ACC_001342,CUST_01342,Savings,2024-12-21,18934.4,BR004,RM_029,Savings
ACC_001343,CUST_01343,Savings,2021-06-11,21496.26,BR044,RM_068,Savings
ACC_001344,CUST_01344,Current,2021-03-28,39648.4,BR019,RM_054,Current
ACC_001345,CUST_01345,Savings,2022-04-06,8519.39,BR024,RM_077,Savings
ACC_001346,CUST_01346,Savings,2021-01-19,18402.66,BR041,RM_067,Savings
ACC_001347,CUST_01347,Savings,2023-03-03,11013.3,BR034,RM_038,Savings
ACC_001348,CUST_01348,Salary,2022-09-27,79537.81,BR032,RM_077,Salary
ACC_001349,CUST_01349,Savings,2021-07-22,715625.24,BR008,RM_097,Savings
ACC_001350,CUST_01350,Current,2021-12-05,18811.55,BR046,RM_095,Current
ACC_001351,CUST_01351,Savings,2022-03-20,15643.37,BR011,RM_059,Savings
ACC_001352,CUST_01352,Savings,2021-08-17,9523.12,BR030,RM_022,Savings
ACC_001353,CUST_01353,Salary,2023-10-27,25316.29,BR023,RM_037,Salary
ACC_001354,CUST_01354,Savings,2024-05-01,183408.98,BR002,RM_001,Savings
ACC_001355,CUST_01355,Current,2024-12-04,56016.62,BR009,RM_085,Current
ACC_001356,CUST_01356,Savings,2023-01-21,1036.88,BR048,RM_078,Savings
ACC_001357,CUST_01357,Savings,2024-12-18,178525.71,BR007,RM_029,Savings
ACC_001358,CUST_01358,Current,2022-01-13,971.7,BR049,RM_041,Current
ACC_001359,CUST_01359,Savings,2024-12-23,4358.8,BR011,RM_066,Savings
ACC_001360,CUST_01360,Savings,2021-10-31,9906.4,BR015,RM_030,Savings
ACC_001361,CUST_01361,Savings,2022-06-19,17764.47,BR015,RM_079,Savings
ACC_001362,CUST_01362,Savings,2021-12-15,14841.65,BR023,RM_029,Savings
ACC_001363,CUST_01363,Savings,2024-11-26,26350.68,BR021,RM_100,Savings
ACC_001364,CUST_01364,Savings,2026-02-21,9421.82,BR035,RM_001,Savings
ACC_001365,CUST_01365,Savings,2022-09-15,7681.58,BR028,RM_085,Savings
ACC_001366,CUST_01366,Savings,2025-12-04,8504.87,BR044,RM_039,Savings
ACC_001367,CUST_01367,Savings,2021-06-09,7578.66,BR030,RM_017,Savings
ACC_001368,CUST_01368,Savings,2025-10-18,46293.08,BR006,RM_095,Savings
ACC_001369,CUST_01369,Current,2021-05-23,27834.01,BR050,RM_043,Current
ACC_001370,CUST_01370,Savings,2026-03-01,41944.13,BR033,RM_023,Savings
ACC_001371,CUST_01371,Savings,2024-12-03,11268.9,BR002,RM_070,Savings
ACC_001372,CUST_01372,Current,2022-03-11,9809.54,BR035,RM_048,Current
ACC_001373,CUST_01373,Savings,2026-06-09,2008.04,BR006,RM_068,Savings
ACC_001374,CUST_01374,Current,2021-03-01,132344.17,BR029,RM_009,Current
ACC_001375,CUST_01375,Savings,2025-02-18,10760.14,BR030,RM_048,Savings
ACC_001376,CUST_01376,Salary,2022-06-25,28328.36,BR006,RM_066,Salary
ACC_001377,CUST_01377,Savings,2021-01-30,50172.56,BR029,RM_087,Savings
ACC_001378,CUST_01378,Savings,2025-10-03,6576.51,BR023,RM_073,Savings
ACC_001379,CUST_01379,Savings,2026-07-22,15211.27,BR032,RM_036,Savings
ACC_001380,CUST_01380,Salary,2023-01-29,4719.89,BR040,RM_057,Salary
ACC_001381,CUST_01381,Salary,2024-10-10,1905.61,BR020,RM_038,Salary
ACC_001382,CUST_01382,Savings,2026-06-06,46185.27,BR038,RM_061,Savings
ACC_001383,CUST_01383,Salary,2026-07-04,7670.73,BR042,RM_055,Salary
ACC_001384,CUST_01384,Current,2024-10-06,27038.13,BR043,RM_095,Current
ACC_001385,CUST_01385,Savings,2026-02-09,155087.8,BR006,RM_084,Savings
ACC_001386,CUST_01386,Current,2024-10-19,12632.2,BR033,RM_080,Current
ACC_001387,CUST_01387,Savings,2024-01-07,13034.8,BR018,RM_077,Savings
ACC_001388,CUST_01388,Current,2024-03-17,504168.46,BR027,RM_013,Current
ACC_001389,CUST_01389,Savings,2021-06-16,22790.96,BR043,RM_037,Savings
ACC_001390,CUST_01390,Salary,2021-08-09,156603.35,BR036,RM_051,Salary
ACC_001391,CUST_01391,Savings,2024-07-15,5141.02,BR036,RM_062,Savings
ACC_001392,CUST_01392,Savings,2022-01-23,181351.14,BR031,RM_018,Savings
ACC_001393,CUST_01393,Salary,2022-08-22,14267.25,BR044,RM_088,Salary
ACC_001394,CUST_01394,Salary,2025-09-28,12528.52,BR041,RM_041,Salary
ACC_001395,CUST_01395,Salary,2021-07-12,644022.41,BR003,RM_036,Salary
ACC_001396,CUST_01396,Savings,2024-07-30,83659.28,BR026,RM_005,Savings
ACC_001397,CUST_01397,Salary,2023-03-09,3904.78,BR020,RM_050,Salary
ACC_001398,CUST_01398,Savings,2025-10-12,15867.4,BR035,RM_089,Savings
ACC_001399,CUST_01399,Savings,2022-05-09,1301689.12,BR011,RM_025,Savings
ACC_001400,CUST_01400,Savings,2024-05-27,22759.72,BR033,RM_046,Savings
ACC_001401,CUST_01401,Savings,2024-08-20,76418.52,BR018,RM_065,Savings
ACC_001402,CUST_01402,Savings,2021-05-21,1556.85,BR034,RM_068,Savings
ACC_001403,CUST_01403,Savings,2026-06-08,64458.49,BR025,RM_065,Savings
ACC_001404,CUST_01404,Savings,2021-04-02,1598.02,BR047,RM_047,Savings
ACC_001405,CUST_01405,Savings,2026-05-20,814103.59,BR002,RM_036,Savings
ACC_001406,CUST_01406,Current,2022-12-27,138445.43,BR028,RM_007,Current
ACC_001407,CUST_01407,Savings,2021-02-14,72925.19,BR004,RM_052,Savings
ACC_001408,CUST_01408,Savings,2026-04-27,33187.06,BR021,RM_036,Savings
ACC_001409,CUST_01409,Savings,2023-01-10,937.75,BR023,RM_088,Savings
ACC_001410,CUST_01410,Salary,2025-10-31,7121.9,BR046,RM_022,Salary
ACC_001411,CUST_01411,Savings,2022-01-12,14546.59,BR037,RM_095,Savings
ACC_001412,CUST_01412,Salary,2023-01-15,2515.42,BR043,RM_003,Salary
ACC_001413,CUST_01413,Savings,2023-02-11,502292.56,BR022,RM_008,Savings
ACC_001414,CUST_01414,Current,2024-01-06,16510.03,BR033,RM_022,Current
ACC_001415,CUST_01415,Savings,2024-07-12,43734.36,BR050,RM_082,Savings
ACC_001416,CUST_01416,Salary,2024-03-20,-1754.54,BR023,RM_041,Salary
ACC_001417,CUST_01417,Savings,2021-12-10,63325.14,BR001,RM_033,Savings
ACC_001418,CUST_01418,Savings,2023-08-05,29000.8,BR001,RM_004,Savings
ACC_001419,CUST_01419,Savings,2023-12-10,28110.53,BR028,RM_037,Savings
ACC_001420,CUST_01420,Savings,2023-06-23,1141052.1,BR023,RM_006,Savings
ACC_001421,CUST_01421,Savings,2021-12-24,151220.41,BR047,RM_036,Savings
ACC_001422,CUST_01422,Savings,2021-11-27,27394.74,BR033,RM_048,Savings
ACC_001423,CUST_01423,Salary,2024-12-26,61997.88,BR016,RM_055,Salary
ACC_001424,CUST_01424,Savings,2023-09-11,186222.46,BR032,RM_051,Savings
ACC_001425,CUST_01425,Salary,2023-04-20,940337.03,BR033,RM_019,Salary
ACC_001426,CUST_01426,Savings,2025-07-15,5475.68,BR019,RM_086,Savings
ACC_001427,CUST_01427,Salary,2023-12-07,4358.24,BR034,RM_008,Salary
ACC_001428,CUST_01428,Salary,2023-03-27,1459.14,BR022,RM_044,Salary
ACC_001429,CUST_01429,Savings,2024-09-21,33146.78,BR030,RM_017,Savings
ACC_001430,CUST_01430,Savings,2021-05-30,8614.88,BR037,RM_023,Savings
ACC_001431,CUST_01431,Savings,2022-05-01,-1086.34,BR032,RM_093,Savings
ACC_001432,CUST_01432,Salary,2021-01-26,24639.0,BR042,RM_027,Salary
ACC_001433,CUST_01433,Current,2025-06-04,1383.63,BR012,RM_088,Current
ACC_001434,CUST_01434,Salary,2021-07-21,1247.46,BR027,RM_056,Salary
ACC_001435,CUST_01435,Salary,2025-04-30,5692.73,BR018,RM_026,Salary
ACC_001436,CUST_01436,Savings,2025-06-24,10116.01,BR031,RM_029,Savings
ACC_001437,CUST_01437,Savings,2023-10-01,181640.77,BR023,RM_006,Savings
ACC_001438,CUST_01438,Current,2021-08-25,24664.13,BR011,RM_025,Current
ACC_001439,CUST_01439,Salary,2021-06-02,19039.21,BR033,RM_057,Salary
ACC_001440,CUST_01440,Savings,2021-07-12,53512.07,BR039,RM_026,Savings
ACC_001441,CUST_01441,Salary,2021-11-07,3179.06,BR033,RM_054,Salary
ACC_001442,CUST_01442,Savings,2022-07-14,32778.78,BR009,RM_023,Savings
ACC_001443,CUST_01443,Savings,2025-05-07,5408.78,BR035,RM_080,Savings
ACC_001444,CUST_01444,Salary,2025-11-22,1664.25,BR038,RM_026,Salary
ACC_001445,CUST_01445,Savings,2022-12-09,11468.47,BR026,RM_094,Savings
ACC_001446,CUST_01446,Salary,2026-07-26,101182.46,BR009,RM_067,Salary
ACC_001447,CUST_01447,Salary,2025-07-09,40022.58,BR039,RM_074,Salary
ACC_001448,CUST_01448,Savings,2025-11-09,17034.02,BR038,RM_084,Savings
ACC_001449,CUST_01449,Savings,2022-04-23,3885.25,BR012,RM_020,Savings
ACC_001450,CUST_01450,Savings,2021-12-07,46279.23,BR005,RM_079,Savings
ACC_001451,CUST_01451,Savings,2025-12-11,16881.75,BR043,RM_027,Savings
ACC_001452,CUST_01452,Current,2021-03-24,10261.4,BR030,RM_056,Current
ACC_001453,CUST_01453,Savings,2022-10-08,74769.95,BR004,RM_023,Savings
ACC_001454,CUST_01454,Salary,2024-03-29,22119.94,BR003,RM_091,Salary
ACC_001455,CUST_01455,Savings,2021-03-14,6773.12,BR049,RM_005,Savings
ACC_001456,CUST_01456,Savings,2023-08-09,10128.4,BR034,RM_058,Savings
ACC_001457,CUST_01457,Salary,2021-04-01,22665.75,BR019,RM_090,Salary
ACC_001458,CUST_01458,Savings,2026-01-29,8450.28,BR004,RM_077,Savings
ACC_001459,CUST_01459,Savings,2026-07-27,17204.62,BR024,RM_023,Savings
ACC_001460,CUST_01460,Savings,2022-12-02,14727.48,BR044,RM_018,Savings
ACC_001461,CUST_01461,Savings,2021-10-10,33131.18,BR044,RM_068,Savings
ACC_001462,CUST_01462,Savings,2023-03-28,7507.01,BR012,RM_024,Savings
ACC_001463,CUST_01463,Salary,2023-07-17,31509.56,BR018,RM_086,Salary
ACC_001464,CUST_01464,Salary,2025-08-20,10580.01,BR020,RM_028,Salary
ACC_001465,CUST_01465,Savings,2021-03-13,53779.09,BR015,RM_043,Savings
ACC_001466,CUST_01466,Current,2023-02-19,3050.22,BR004,RM_096,Current
ACC_001467,CUST_01467,Savings,2023-09-30,6693.49,BR015,RM_036,Savings
ACC_001468,CUST_01468,Current,2022-01-11,62272.7,BR030,RM_021,Current
ACC_001469,CUST_01469,Salary,2023-01-28,27862.23,BR031,RM_080,Salary
ACC_001470,CUST_01470,Savings,2023-07-08,1325.89,BR040,RM_087,Savings
ACC_001471,CUST_01471,Savings,2021-10-09,15292.22,BR006,RM_063,Savings
ACC_001472,CUST_01472,Savings,2025-05-30,12884.7,BR005,RM_058,Savings
ACC_001473,CUST_01473,Savings,2022-12-25,4089.34,BR032,RM_052,Savings
ACC_001474,CUST_01474,Salary,2023-08-02,4533.11,BR010,RM_013,Salary
ACC_001475,CUST_01475,Salary,2022-10-27,18196.71,BR018,RM_088,Salary
ACC_001476,CUST_01476,Salary,2021-07-05,73234.44,BR023,RM_082,Salary
ACC_001477,CUST_01477,Savings,2024-08-25,615658.21,BR029,RM_096,Savings
ACC_001478,CUST_01478,Current,2021-06-24,189608.41,BR035,RM_013,Current
ACC_001479,CUST_01479,Current,2026-06-20,51271.41,BR018,RM_098,Current
ACC_001480,CUST_01480,Savings,2022-07-17,31430.3,BR032,RM_031,Savings
ACC_001481,CUST_01481,Savings,2022-01-03,72139.64,BR016,RM_088,Savings
ACC_001482,CUST_01482,Savings,2026-05-23,3874.24,BR034,RM_020,Savings
ACC_001483,CUST_01483,Current,2021-04-04,2134.45,BR025,RM_009,Current
ACC_001484,CUST_01484,Savings,2025-12-07,142362.12,BR035,RM_057,Savings
ACC_001485,CUST_01485,Savings,2021-02-23,17991.18,BR033,RM_089,Savings
ACC_001486,CUST_01486,Savings,2021-10-11,181644.41,BR015,RM_070,Savings
ACC_001487,CUST_01487,Savings,2022-06-28,126771.3,BR040,RM_020,Savings
ACC_001488,CUST_01488,Savings,2023-12-17,1883.73,BR029,RM_017,Savings
ACC_001489,CUST_01489,Savings,2022-03-20,8187.73,BR041,RM_067,Savings
ACC_001490,CUST_01490,Savings,2025-09-21,40152.23,BR028,RM_004,Savings
ACC_001491,CUST_01491,Savings,2025-10-09,3342.45,BR031,RM_091,Savings
ACC_001492,CUST_01492,Salary,2023-10-20,8835.21,BR024,RM_001,Salary
ACC_001493,CUST_01493,Salary,2023-10-13,17042.02,BR023,RM_013,Salary
ACC_001494,CUST_01494,Savings,2021-06-10,43635.16,BR020,RM_023,Savings
ACC_001495,CUST_01495,Savings,2023-11-10,47187.28,BR028,RM_037,Savings
ACC_001496,CUST_01496,Savings,2025-01-08,13168.08,BR001,RM_013,Savings
ACC_001497,CUST_01497,Savings,2026-07-31,769.57,BR039,RM_066,Savings
ACC_001498,CUST_01498,Current,2025-12-04,62641.9,BR030,RM_042,Current
ACC_001499,CUST_01499,Savings,2022-12-15,5601.71,BR010,RM_014,Savings
ACC_001500,CUST_01500,Savings,2024-11-28,20707.45,BR016,RM_057,Savings
ACC_001501,CUST_01501,Savings,2024-08-09,657428.74,BR035,RM_085,Savings
ACC_001502,CUST_01502,Savings,2025-01-13,22215.74,BR030,RM_046,Savings
ACC_001503,CUST_01503,Savings,2024-04-16,-4354.51,BR047,RM_050,Savings
ACC_001504,CUST_01504,Salary,2025-10-17,16934.29,BR027,RM_065,Salary
ACC_001505,CUST_01505,Savings,2024-02-01,1010084.2,BR045,RM_092,Savings
ACC_001506,CUST_01506,Savings,2021-07-26,40251.7,BR001,RM_063,Savings
ACC_001507,CUST_01507,Savings,2021-01-16,5548.89,BR040,RM_034,Savings
ACC_001508,CUST_01508,Savings,2022-11-29,55156.76,BR047,RM_092,Savings
ACC_001509,CUST_01509,Savings,2021-07-14,5337.29,BR039,RM_038,Savings
ACC_001510,CUST_01510,Savings,2023-09-24,1611.86,BR007,RM_095,Savings
ACC_001511,CUST_01511,Savings,2023-09-25,233293.43,BR042,RM_017,Savings
ACC_001512,CUST_01512,Savings,2024-05-03,78622.51,BR025,RM_010,Savings
ACC_001513,CUST_01513,Savings,2023-05-17,2670.54,BR035,RM_031,Savings
ACC_001514,CUST_01514,Savings,2021-08-29,34969.02,BR002,RM_061,Savings
ACC_001515,CUST_01515,Savings,2021-06-10,94934.41,BR001,RM_070,Savings
ACC_001516,CUST_01516,Savings,2021-10-14,11257.15,BR018,RM_079,Savings
ACC_001517,CUST_01517,Savings,2022-07-14,62422.4,BR030,RM_076,Savings
ACC_001518,CUST_01518,Savings,2024-04-28,11944.42,BR002,RM_038,Savings
ACC_001519,CUST_01519,Salary,2021-08-30,113319.64,BR021,RM_032,Salary
ACC_001520,CUST_01520,Current,2021-08-02,39591.94,BR031,RM_031,Current
ACC_001521,CUST_01521,Savings,2021-07-17,67582.79,BR047,RM_046,Savings
ACC_001522,CUST_01522,Salary,2023-05-28,69089.12,BR032,RM_058,Salary
ACC_001523,CUST_01523,Current,2024-02-09,38960.01,BR018,RM_028,Current
ACC_001524,CUST_01524,Savings,2024-02-24,5001.78,BR043,RM_084,Savings
ACC_001525,CUST_01525,Savings,2021-01-06,16785.31,BR027,RM_073,Savings
ACC_001526,CUST_01526,Savings,2022-07-21,40507.5,BR007,RM_045,Savings
ACC_001527,CUST_01527,Savings,2022-11-10,52474.45,BR039,RM_023,Savings
ACC_001528,CUST_01528,Current,2025-06-10,754.05,BR031,RM_089,Current
ACC_001529,CUST_01529,Savings,2021-12-10,1252.66,BR042,RM_072,Savings
ACC_001530,CUST_01530,Savings,2025-07-21,12498.11,BR027,RM_001,Savings
ACC_001531,CUST_01531,Savings,2023-05-29,7692.56,BR004,RM_023,Savings
ACC_001532,CUST_01532,Savings,2022-07-10,298760.36,BR028,RM_016,Savings
ACC_001533,CUST_01533,Savings,2023-10-01,14052.59,BR032,RM_057,Savings
ACC_001534,CUST_01534,Savings,2025-04-12,63844.89,BR038,RM_027,Savings
ACC_001535,CUST_01535,Savings,2026-05-27,10860.75,BR020,RM_029,Savings
ACC_001536,CUST_01536,Savings,2025-01-21,68285.23,BR043,RM_071,Savings
ACC_001537,CUST_01537,Savings,2023-12-10,5033.78,BR031,RM_048,Savings
ACC_001538,CUST_01538,Current,2021-03-02,2786.92,BR014,RM_090,Current
ACC_001539,CUST_01539,Savings,2024-06-19,33664.14,BR007,RM_014,Savings
ACC_001540,CUST_01540,Current,2023-05-24,9284.19,BR017,RM_006,Current
ACC_001541,CUST_01541,Savings,2023-09-30,47244.14,BR045,RM_043,Savings
ACC_001542,CUST_01542,Savings,2025-01-29,295843.68,BR025,RM_045,Savings
ACC_001543,CUST_01543,Savings,2024-12-06,8552.22,BR018,RM_051,Savings
ACC_001544,CUST_01544,Current,2023-07-28,22481.17,BR042,RM_075,Current
ACC_001545,CUST_01545,Savings,2022-06-12,7828.96,BR038,RM_079,Savings
ACC_001546,CUST_01546,Savings,2021-08-20,276836.03,BR042,RM_020,Savings
ACC_001547,CUST_01547,Savings,2022-08-24,99169.04,BR045,RM_050,Savings
ACC_001548,CUST_01548,Savings,2022-02-25,79539.44,BR040,RM_086,Savings
ACC_001549,CUST_01549,Savings,2023-10-08,4124.15,BR047,RM_065,Savings
ACC_001550,CUST_01550,Savings,2025-11-10,225614.96,BR017,RM_100,Savings
ACC_001551,CUST_01551,Savings,2022-12-14,11446.25,BR002,RM_047,Savings
ACC_001552,CUST_01552,Savings,2025-02-03,12241.33,BR033,RM_090,Savings
ACC_001553,CUST_01553,Savings,2021-01-10,398.14,BR004,RM_097,Savings
ACC_001554,CUST_01554,Current,2023-10-17,496018.58,BR011,RM_054,Current
ACC_001555,CUST_01555,Savings,2024-10-09,36858.31,BR044,RM_079,Savings
ACC_001556,CUST_01556,Savings,2026-01-25,786759.18,BR017,RM_100,Savings
ACC_001557,CUST_01557,Savings,2024-04-09,57631.2,BR008,RM_005,Savings
ACC_001558,CUST_01558,Current,2023-09-07,533861.37,BR012,RM_033,Current
ACC_001559,CUST_01559,Savings,2024-10-22,43502.07,BR032,RM_045,Savings
ACC_001560,CUST_01560,Current,2023-05-08,23534.84,BR016,RM_022,Current
ACC_001561,CUST_01561,Savings,2021-10-17,14591.35,BR006,RM_070,Savings
ACC_001562,CUST_01562,Savings,2026-04-10,27215.24,BR032,RM_075,Savings
ACC_001563,CUST_01563,Savings,2024-07-19,3184.44,BR021,RM_050,Savings
ACC_001564,CUST_01564,Savings,2022-12-30,16176.84,BR038,RM_093,Savings
ACC_001565,CUST_01565,Salary,2023-09-03,210361.54,BR019,RM_048,Salary
ACC_001566,CUST_01566,Savings,2021-05-04,20954.54,BR029,RM_019,Savings
ACC_001567,CUST_01567,Salary,2022-03-23,3292.3,BR019,RM_072,Salary
ACC_001568,CUST_01568,Savings,2023-10-19,44000.54,BR008,RM_030,Savings
ACC_001569,CUST_01569,Savings,2024-02-20,28594.26,BR013,RM_004,Savings
ACC_001570,CUST_01570,Savings,2024-10-12,4659.33,BR004,RM_045,Savings
ACC_001571,CUST_01571,Savings,2026-03-14,-4849.55,BR043,RM_076,Savings
ACC_001572,CUST_01572,Savings,2026-04-06,204566.0,BR019,RM_092,Savings
ACC_001573,CUST_01573,Current,2023-05-22,504235.68,BR006,RM_085,Current
ACC_001574,CUST_01574,Savings,2025-02-23,25525.23,BR038,RM_063,Savings
ACC_001575,CUST_01575,Savings,2026-02-18,300032.41,BR014,RM_067,Savings
ACC_001576,CUST_01576,Salary,2026-04-14,96486.61,BR030,RM_097,Salary
ACC_001577,CUST_01577,Savings,2021-10-28,13309.42,BR022,RM_099,Savings
ACC_001578,CUST_01578,Current,2023-06-27,21138.86,BR034,RM_012,Current
ACC_001579,CUST_01579,Savings,2024-12-24,32152.62,BR019,RM_048,Savings
ACC_001580,CUST_01580,Savings,2023-08-30,16408.85,BR012,RM_094,Savings
ACC_001581,CUST_01581,Savings,2024-08-20,88090.58,BR023,RM_060,Savings
ACC_001582,CUST_01582,Savings,2023-10-24,54061.76,BR008,RM_013,Savings
ACC_001583,CUST_01583,Salary,2024-08-30,305091.75,BR030,RM_032,Salary
ACC_001584,CUST_01584,Savings,2022-02-16,32979.1,BR003,RM_096,Savings
ACC_001585,CUST_01585,Savings,2023-08-21,974.2,BR042,RM_006,Savings
ACC_001586,CUST_01586,Current,2022-09-29,103067.37,BR007,RM_074,Current
ACC_001587,CUST_01587,Current,2026-06-29,56804.59,BR030,RM_020,Current
ACC_001588,CUST_01588,Savings,2022-04-19,13616.25,BR034,RM_009,Savings
ACC_001589,CUST_01589,Savings,2022-09-02,7911.34,BR003,RM_065,Savings
ACC_001590,CUST_01590,Salary,2024-02-15,38958.23,BR033,RM_017,Salary
ACC_001591,CUST_01591,Savings,2024-12-11,19240.03,BR002,RM_044,Savings
ACC_001592,CUST_01592,Savings,2022-06-22,16724.55,BR030,RM_005,Savings
ACC_001593,CUST_01593,Savings,2022-06-26,147653.92,BR024,RM_056,Savings
ACC_001594,CUST_01594,Salary,2025-01-17,18335.53,BR042,RM_019,Salary
ACC_001595,CUST_01595,Salary,2024-12-15,14406.45,BR036,RM_015,Salary
ACC_001596,CUST_01596,Savings,2025-04-13,46329.92,BR030,RM_017,Savings
ACC_001597,CUST_01597,Current,2021-10-15,67549.72,BR010,RM_033,Current
ACC_001598,CUST_01598,Savings,2025-02-12,2970.91,BR011,RM_037,Savings
ACC_001599,CUST_01599,Savings,2026-01-28,63462.89,BR016,RM_037,Savings
ACC_001600,CUST_01600,Savings,2026-05-31,13357.07,BR018,RM_007,Savings
ACC_001601,CUST_01601,Savings,2021-04-12,57597.07,BR045,RM_089,Savings
ACC_001602,CUST_01602,Current,2026-03-20,13784.33,BR050,RM_079,Current
ACC_001603,CUST_01603,Savings,2026-02-12,39082.36,BR049,RM_017,Savings
ACC_001604,CUST_01604,Savings,2021-10-01,12234.95,BR004,RM_031,Savings
ACC_001605,CUST_01605,Salary,2025-09-11,134725.7,BR011,RM_072,Salary
ACC_001606,CUST_01606,Savings,2021-12-07,16456.42,BR019,RM_082,Savings
ACC_001607,CUST_01607,Savings,2024-03-14,3757.93,BR015,RM_058,Savings
ACC_001608,CUST_01608,Savings,2025-11-15,21586.8,BR024,RM_079,Savings
ACC_001609,CUST_01609,Savings,2023-05-09,32230.96,BR037,RM_047,Savings
ACC_001610,CUST_01610,Savings,2023-11-25,13319.96,BR030,RM_010,Savings
ACC_001611,CUST_01611,Savings,2024-09-06,14525.41,BR041,RM_046,Savings
ACC_001612,CUST_01612,Savings,2021-06-09,9452.98,BR012,RM_017,Savings
ACC_001613,CUST_01613,Savings,2023-01-07,18781.27,BR010,RM_055,Savings
ACC_001614,CUST_01614,Savings,2024-03-05,11577.63,BR019,RM_047,Savings
ACC_001615,CUST_01615,Savings,2027-04-26,27760.13,BR018,RM_060,Savings
ACC_001616,CUST_01616,Salary,2024-11-11,18560.27,BR045,RM_021,Salary
ACC_001617,CUST_01617,Savings,2021-04-04,34859.91,BR001,RM_073,Savings
ACC_001618,CUST_01618,Savings,2022-02-06,5670.27,BR027,RM_089,Savings
ACC_001619,CUST_01619,Savings,2023-06-13,12059.29,BR033,RM_084,Savings
ACC_001620,CUST_01620,Savings,2025-06-18,5427.03,BR041,RM_085,Savings
ACC_001621,CUST_01621,Current,2025-07-20,45243.54,BR024,RM_020,Current
ACC_001622,CUST_01622,Savings,2023-02-06,402518.15,BR039,RM_073,Savings
ACC_001623,CUST_01623,Current,2026-05-09,4157.9,BR028,RM_043,Current
ACC_001624,CUST_01624,Savings,2025-12-11,11225.45,BR003,RM_086,Savings
ACC_001625,CUST_01625,Savings,2024-04-06,5551.28,BR017,RM_017,Savings
ACC_001626,CUST_01626,Salary,2025-04-15,8064.81,BR020,RM_077,Salary
ACC_001627,CUST_01627,Savings,2021-02-07,61096.55,BR036,RM_084,Savings
ACC_001628,CUST_01628,Savings,2023-07-07,24285.92,BR042,RM_037,Savings
ACC_001629,CUST_01629,Savings,2021-06-20,41178.12,BR031,RM_012,Savings
ACC_001630,CUST_01630,Savings,2024-11-24,35915.05,BR018,RM_048,Savings
ACC_001631,CUST_01631,Savings,2023-01-18,34453.9,BR022,RM_065,Savings
ACC_001632,CUST_01632,Savings,2025-03-21,7361.09,BR031,RM_029,Savings
ACC_001633,CUST_01633,Savings,2022-01-01,1919.2,BR010,RM_077,Savings
ACC_001634,CUST_01634,Savings,2021-07-17,22380.84,BR013,RM_013,Savings
ACC_001635,CUST_01635,Savings,2023-12-09,1059.78,BR015,RM_047,Savings
ACC_001636,CUST_01636,Savings,2023-08-18,5435.04,BR020,RM_051,Savings
ACC_001637,CUST_01637,Savings,2024-08-11,154049.89,BR008,RM_034,Savings
ACC_001638,CUST_01638,Savings,2021-11-09,2817.92,BR043,RM_086,Savings
ACC_001639,CUST_01639,Current,2025-10-04,11753.68,BR017,RM_003,Current
ACC_001640,CUST_01640,Savings,2021-07-06,397833.65,BR021,RM_033,Savings
ACC_001641,CUST_01641,Savings,2025-07-04,54230.99,BR010,RM_065,Savings
ACC_001642,CUST_01642,Salary,2024-05-02,242549.77,BR036,RM_006,Salary
ACC_001643,CUST_01643,Savings,2023-07-23,35363.15,BR016,RM_026,Savings
ACC_001644,CUST_01644,Savings,2023-06-03,19393.72,BR014,RM_066,Savings
ACC_001645,CUST_01645,Savings,2022-05-20,4314.14,BR034,RM_015,Savings
ACC_001646,CUST_01646,Savings,2023-03-12,7262.57,BR015,RM_077,Savings
ACC_001647,CUST_01647,Current,2026-05-03,2875.51,BR045,RM_100,Current
ACC_001648,CUST_01648,Savings,2021-12-05,32587.98,BR016,RM_048,Savings
ACC_001649,CUST_01649,Savings,2021-04-25,8345.17,BR016,RM_006,Savings
ACC_001650,CUST_01650,Savings,2026-06-10,218745.42,BR022,RM_006,Savings
ACC_001651,CUST_01651,Current,2022-01-25,9511.33,BR020,RM_026,Current
ACC_001652,CUST_01652,Savings,2024-10-05,21824.25,BR012,RM_070,Savings
ACC_001653,CUST_01653,Savings,2025-01-05,17551.09,BR019,RM_041,Savings
ACC_001654,CUST_01654,Savings,2022-06-17,17859.68,BR047,RM_043,Savings
ACC_001655,CUST_01655,Salary,2026-12-30,3983.03,BR006,RM_075,Salary
ACC_001656,CUST_01656,Savings,2026-02-25,320824.03,BR047,RM_099,Savings
ACC_001657,CUST_01657,Savings,2022-04-02,241463.52,BR021,RM_046,Savings
ACC_001658,CUST_01658,Salary,2023-12-28,39293.45,BR029,RM_079,Salary
ACC_001659,CUST_01659,Savings,2021-07-30,14030.52,BR038,RM_087,Savings
ACC_001660,CUST_01660,Savings,2021-03-11,67740.28,BR043,RM_076,Savings
ACC_001661,CUST_01661,Savings,2026-07-31,100831.49,BR022,RM_069,Savings
ACC_001662,CUST_01662,Current,2025-01-23,7571.27,BR042,RM_016,Current
ACC_001663,CUST_01663,Savings,2023-12-30,43779.69,BR003,RM_090,Savings
ACC_001664,CUST_01664,Savings,2022-07-10,147002.41,BR024,RM_028,Savings
ACC_001665,CUST_01665,Current,2021-10-15,71945.09,BR012,RM_039,Current
ACC_001666,CUST_01666,Savings,2022-04-18,353743.22,BR020,RM_084,Savings
ACC_001667,CUST_01667,Savings,2021-08-12,7666.76,BR042,RM_064,Savings
ACC_001668,CUST_01668,Salary,2023-05-06,45257.4,BR015,RM_053,Salary
ACC_001669,CUST_01669,Savings,2025-06-28,12843.32,BR007,RM_061,Savings
ACC_001670,CUST_01670,Savings,2022-12-06,3186.01,BR016,RM_087,Savings
ACC_001671,CUST_01671,Savings,2025-12-02,56188.91,BR033,RM_059,Savings
ACC_001672,CUST_01672,Savings,2025-03-16,52201.02,BR034,RM_091,Savings
ACC_001673,CUST_01673,Savings,2021-11-06,2907.61,BR025,RM_079,Savings
ACC_001674,CUST_01674,Savings,2022-08-21,453236.49,BR032,RM_029,Savings
ACC_001675,CUST_01675,Savings,2023-01-16,383142.64,BR040,RM_097,Savings
ACC_001676,CUST_01676,Savings,2021-04-21,42799.78,BR011,RM_035,Savings
ACC_001677,CUST_01677,Current,2022-01-02,19790.64,BR024,RM_040,Current
ACC_001678,CUST_01678,Savings,2024-12-15,116687.97,BR031,RM_026,Savings
ACC_001679,CUST_01679,Savings,2023-05-25,609349.63,BR001,RM_069,Savings
ACC_001680,CUST_01680,Savings,2023-10-22,986.8,BR009,RM_024,Savings
ACC_001681,CUST_01681,Savings,2025-12-29,341065.48,BR011,RM_053,Savings
ACC_001682,CUST_01682,Salary,2024-06-13,8170.42,BR047,RM_099,Salary
ACC_001683,CUST_01683,Savings,2023-05-01,42556.69,BR027,RM_062,Savings
ACC_001684,CUST_01684,Savings,2021-03-11,54756.18,BR002,RM_034,Savings
ACC_001685,CUST_01685,Savings,2021-09-26,13052.23,BR038,RM_093,Savings
ACC_001686,CUST_01686,Savings,2024-07-13,1098090.02,BR024,RM_030,Savings
ACC_001687,CUST_01687,Savings,2025-04-18,74323.88,BR020,RM_061,Savings
ACC_001688,CUST_01688,Salary,2023-09-04,609410.09,BR039,RM_077,Salary
ACC_001689,CUST_01689,Savings,2024-10-10,40311.1,BR019,RM_045,Savings
ACC_001690,CUST_01690,Savings,2023-10-01,66720.31,BR050,RM_008,Savings
ACC_001691,CUST_01691,Savings,2021-09-29,13466.31,BR027,RM_081,Savings
ACC_001692,CUST_01692,Salary,2025-07-31,91996.71,BR034,RM_035,Salary
ACC_001693,CUST_01693,Current,2023-10-25,252858.88,BR010,RM_069,Current
ACC_001694,CUST_01694,Savings,2025-09-22,5052.02,BR033,RM_013,Savings
ACC_001695,CUST_01695,Salary,2021-05-19,5781.51,BR046,RM_018,Salary
ACC_001696,CUST_01696,Current,2023-12-26,10200.16,BR039,RM_059,Current
ACC_001697,CUST_01697,Savings,2023-08-05,31493.17,BR019,RM_047,Savings
ACC_001698,CUST_01698,Current,2023-07-08,5578.61,BR012,RM_028,Current
ACC_001699,CUST_01699,Savings,2025-09-27,14985.52,BR006,RM_078,Savings
ACC_001700,CUST_01700,Savings,2024-10-10,4388.87,BR045,RM_064,Savings
ACC_001701,CUST_01701,Savings,2024-11-09,29128.48,BR004,RM_016,Savings
ACC_001702,CUST_01702,Savings,2025-08-11,8706.32,BR026,RM_084,Savings
ACC_001703,CUST_01703,Current,2023-09-01,7576.66,BR044,RM_065,Current
ACC_001704,CUST_01704,Savings,2025-04-06,15585.36,BR047,RM_084,Savings
ACC_001705,CUST_01705,Savings,2023-09-23,119454.02,BR025,RM_062,Savings
ACC_001706,CUST_01706,Savings,2023-10-16,11343.63,BR041,RM_013,Savings
ACC_001707,CUST_01707,Salary,2025-12-25,155668.97,BR031,RM_047,Salary
ACC_001708,CUST_01708,Savings,2025-04-21,79079.93,BR022,RM_100,Savings
ACC_001709,CUST_01709,Savings,2023-01-10,410691.81,BR024,RM_077,Savings
ACC_001710,CUST_01710,Savings,2023-05-08,23359.77,BR035,RM_038,Savings
ACC_001711,CUST_01711,Savings,2024-05-07,3743.22,BR022,RM_020,Savings
ACC_001712,CUST_01712,Savings,2025-08-28,532916.28,BR042,RM_078,Savings
ACC_001713,CUST_01713,Savings,2024-01-24,183649.6,BR049,RM_091,Savings
ACC_001714,CUST_01714,Current,2023-03-19,69629.25,BR046,RM_030,Current
ACC_001715,CUST_01715,Savings,2023-05-16,43538.43,BR020,RM_081,Savings
ACC_001716,CUST_01716,Current,2021-05-12,8765.05,BR035,RM_096,Current
ACC_001717,CUST_01717,Savings,2021-06-17,36219.57,BR042,RM_078,Savings
ACC_001718,CUST_01718,Savings,2021-05-30,54106.8,BR040,RM_056,Savings
ACC_001719,CUST_01719,Savings,2023-04-01,57810.18,BR015,RM_085,Savings
ACC_001720,CUST_01720,Savings,2024-08-27,157302.62,BR010,RM_090,Savings
ACC_001721,CUST_01721,Savings,2023-07-25,50231.14,BR037,RM_009,Savings
ACC_001722,CUST_01722,Salary,2025-12-04,167377.47,BR016,RM_022,Salary
ACC_001723,CUST_01723,Current,2021-08-04,2889.99,BR039,RM_082,Current
ACC_001724,CUST_01724,Savings,2021-09-27,49217.34,BR040,RM_049,Savings
ACC_001725,CUST_01725,Savings,2026-06-04,78263.38,BR027,RM_043,Savings
ACC_001726,CUST_01726,Savings,2026-06-20,37319.85,BR015,RM_039,Savings
ACC_001727,CUST_01727,Savings,2023-08-05,4146.6,BR035,RM_049,Savings
ACC_001728,CUST_01728,Salary,2022-03-07,83590.45,BR041,RM_050,Salary
ACC_001729,CUST_01729,Savings,2021-03-06,9193.3,BR005,RM_025,Savings
ACC_001730,CUST_01730,Savings,2023-01-01,5618.76,BR014,RM_095,Savings
ACC_001731,CUST_01731,Current,2022-04-10,8645.42,BR039,RM_012,Current
ACC_001732,CUST_01732,Savings,2025-02-19,51284.99,BR040,RM_043,Savings
ACC_001733,CUST_01733,Savings,2022-03-01,20665.34,BR007,RM_081,Savings
ACC_001734,CUST_01734,Current,2023-12-08,8200.28,BR045,RM_027,Current
ACC_001735,CUST_01735,Savings,2022-01-22,181600.48,BR021,RM_039,Savings
ACC_001736,CUST_01736,Savings,2024-06-05,45220.84,BR010,RM_032,Savings
ACC_001737,CUST_01737,Savings,2023-10-23,11929.46,BR009,RM_084,Savings
ACC_001738,CUST_01738,Savings,2025-09-09,84975.54,BR001,RM_024,Savings
ACC_001739,CUST_01739,Savings,2025-01-26,111216.77,BR048,RM_065,Savings
ACC_001740,CUST_01740,Savings,2023-05-11,5165.04,BR037,RM_024,Savings
ACC_001741,CUST_01741,Salary,2025-08-28,24107.78,BR008,RM_051,Salary
ACC_001742,CUST_01742,Savings,2023-12-26,2504.35,BR047,RM_090,Savings
ACC_001743,CUST_01743,Salary,2025-06-19,14922.9,BR048,RM_015,Salary
ACC_001744,CUST_01744,Savings,2026-01-10,181726.84,BR011,RM_074,Savings
ACC_001745,CUST_01745,Savings,2023-06-21,10471.45,BR019,RM_045,Savings
ACC_001746,CUST_01746,Savings,2024-04-28,6185.68,BR013,RM_014,Savings
ACC_001747,CUST_01747,Savings,2025-11-24,41665.42,BR034,RM_066,Savings
ACC_001748,CUST_01748,Savings,2022-08-21,46424.5,BR001,RM_044,Savings
ACC_001749,CUST_01749,Savings,2023-05-09,14339.68,BR039,RM_024,Savings
ACC_001750,CUST_01750,Savings,2025-11-05,26582.69,BR034,RM_029,Savings
ACC_001751,CUST_01751,Salary,2021-09-04,50877.3,BR022,RM_077,Salary
ACC_001752,CUST_01752,Savings,2022-12-22,20090.3,BR022,RM_083,Savings
ACC_001753,CUST_01753,Savings,2025-12-05,22841.69,BR010,RM_017,Savings
ACC_001754,CUST_01754,Savings,2024-01-27,2543669.87,BR035,RM_028,Savings
ACC_001755,CUST_01755,Savings,2022-08-22,20230.41,BR007,RM_060,Savings
ACC_001756,CUST_01756,Savings,2021-01-23,6237.13,BR044,RM_010,Savings
ACC_001757,CUST_01757,Savings,2025-06-23,20959.87,BR049,RM_081,Savings
ACC_001758,CUST_01758,Current,2025-10-31,20190.88,BR050,RM_083,Current
ACC_001759,CUST_01759,Salary,2022-08-03,46891.41,BR012,RM_067,Salary
ACC_001760,CUST_01760,Savings,2023-05-22,52402.22,BR001,RM_029,Savings
ACC_001761,CUST_01761,Savings,2026-07-19,10872.01,BR043,RM_017,Savings
ACC_001762,CUST_01762,Savings,2025-07-09,52267.6,BR007,RM_013,Savings
ACC_001763,CUST_01763,Savings,2022-01-21,246773.87,BR042,RM_053,Savings
ACC_001764,CUST_01764,Savings,2023-03-10,54355.7,BR041,RM_077,Savings
ACC_001765,CUST_01765,Current,2025-02-19,39114.59,BR044,RM_066,Current
ACC_001766,CUST_01766,Salary,2025-12-23,34367.66,BR008,RM_002,Salary
ACC_001767,CUST_01767,Current,2021-01-26,4169.47,BR043,RM_061,Current
ACC_001768,CUST_01768,Salary,2025-04-12,17458.32,BR047,RM_080,Salary
ACC_001769,CUST_01769,Current,2024-10-13,94088.67,BR018,RM_072,Current
ACC_001770,CUST_01770,Current,2025-04-21,22060.02,BR014,RM_088,Current
ACC_001771,CUST_01771,Savings,2023-10-16,37069.96,BR015,RM_019,Savings
ACC_001772,CUST_01772,Savings,2021-11-15,233619.69,BR033,RM_009,Savings
ACC_001773,CUST_01773,Savings,2024-01-19,11701.49,BR009,RM_069,Savings
ACC_001774,CUST_01774,Current,2021-04-03,49507.09,BR023,RM_045,Current
ACC_001775,CUST_01775,Savings,2023-08-01,2712.47,BR013,RM_049,Savings
ACC_001776,CUST_01776,Savings,2022-08-08,20367.78,BR028,RM_080,Savings
ACC_001777,CUST_01777,Salary,2024-12-10,32742.5,BR025,RM_038,Salary
ACC_001778,CUST_01778,Salary,2021-07-09,17525.08,BR044,RM_054,Salary
ACC_001779,CUST_01779,Current,2024-01-30,24270.88,BR048,RM_034,Current
ACC_001780,CUST_01780,Savings,2023-12-29,26401.14,BR025,RM_096,Savings
ACC_001781,CUST_01781,Savings,2026-03-27,7989.94,BR037,RM_058,Savings
ACC_001782,CUST_01782,Salary,2022-05-31,6573.59,BR013,RM_037,Salary
ACC_001783,CUST_01783,Current,2021-03-11,27294.39,BR034,RM_090,Current
ACC_001784,CUST_01784,Savings,2024-05-17,44996.19,BR047,RM_082,Savings
ACC_001785,CUST_01785,Savings,2023-10-15,40325.16,BR003,RM_048,Savings
ACC_001786,CUST_01786,Current,2024-06-18,8626.36,BR043,RM_024,Current
ACC_001787,CUST_01787,Savings,2025-11-13,87243.91,BR006,RM_030,Savings
ACC_001788,CUST_01788,Salary,2026-02-05,22766.12,BR024,RM_044,Salary
ACC_001789,CUST_01789,Savings,2022-04-09,718.0,BR048,RM_091,Savings
ACC_001790,CUST_01790,Savings,2024-12-15,292904.44,BR040,RM_021,Savings
ACC_001791,CUST_01791,Savings,2024-06-28,720678.15,BR009,RM_004,Savings
ACC_001792,CUST_01792,Current,2024-02-11,354185.02,BR032,RM_034,Current
ACC_001793,CUST_01793,Savings,2025-09-19,4711.71,BR009,RM_085,Savings
ACC_001794,CUST_01794,Current,2022-01-13,1215302.14,BR006,RM_067,Current
ACC_001795,CUST_01795,Savings,2025-02-25,174526.74,BR014,RM_083,Savings
ACC_001796,CUST_01796,Salary,2025-05-26,6712.81,BR015,RM_033,Salary
ACC_001797,CUST_01797,Savings,2022-08-26,12586.78,BR034,RM_091,Savings
ACC_001798,CUST_01798,Savings,2021-07-01,400153.79,BR046,RM_061,Savings
ACC_001799,CUST_01799,Savings,2021-10-13,418213.02,BR044,RM_041,Savings
ACC_001800,CUST_01800,Savings,2026-01-30,72635.75,BR028,RM_069,Savings
ACC_001801,CUST_01801,Savings,2022-01-30,4193.47,BR023,RM_038,Savings
ACC_001802,CUST_01802,Savings,2025-05-20,3781.57,BR026,RM_082,Savings
ACC_001803,CUST_01803,Savings,2025-07-02,25979.03,BR031,RM_082,Savings
ACC_001804,CUST_01804,Savings,2022-03-08,4288.63,BR012,RM_082,Savings
ACC_001805,CUST_01805,Savings,2025-04-01,42454.61,BR033,RM_027,Savings
ACC_001806,CUST_01806,Salary,2025-08-29,13598.43,BR015,RM_086,Salary
ACC_001807,CUST_01807,Savings,2023-09-28,29177.23,BR038,RM_017,Savings
ACC_001808,CUST_01808,Savings,2026-02-28,76375.78,BR005,RM_071,Savings
ACC_001809,CUST_01809,Savings,2026-07-06,-3355.73,BR019,RM_033,Savings
ACC_001810,CUST_01810,Savings,2025-08-29,21973.72,BR019,RM_050,Savings
ACC_001811,CUST_01811,Savings,2024-01-13,38539.35,BR016,RM_020,Savings
ACC_001812,CUST_01812,Savings,2021-04-14,29784.06,BR021,RM_058,Savings
ACC_001813,CUST_01813,Savings,2023-12-29,5847.73,BR040,RM_049,Savings
ACC_001814,CUST_01814,Salary,2026-01-21,170854.33,BR005,RM_074,Salary
ACC_001815,CUST_01815,Salary,2023-08-18,22825.89,BR013,RM_040,Salary
ACC_001816,CUST_01816,Savings,2023-02-08,6709.62,BR006,RM_099,Savings
ACC_001817,CUST_01817,Current,2023-04-11,36689.85,BR041,RM_084,Current
ACC_001818,CUST_01818,Savings,2022-07-15,17210.23,BR006,RM_028,Savings
ACC_001819,CUST_01819,Current,2024-10-24,165662.66,BR039,RM_041,Current
ACC_001820,CUST_01820,Savings,2022-09-30,1446030.65,BR022,RM_061,Savings
ACC_001821,CUST_01821,Savings,2022-07-07,43488.0,BR009,RM_035,Savings
ACC_001822,CUST_01822,Savings,2023-06-17,23593.36,BR036,RM_021,Savings
ACC_001823,CUST_01823,Savings,2026-05-08,1421514.18,BR004,RM_065,Savings
ACC_001824,CUST_01824,Savings,2023-12-13,7178.77,BR024,RM_052,Savings
ACC_001825,CUST_01825,Savings,2026-07-04,2949.55,BR036,RM_093,Savings
ACC_001826,CUST_01826,Current,2026-12-05,4055.4,BR022,RM_010,Current
ACC_001827,CUST_01827,Savings,2021-01-11,11519.4,BR027,RM_001,Savings
ACC_001828,CUST_01828,Savings,2025-04-12,411918.65,BR013,RM_084,Savings
ACC_001829,CUST_01829,Current,2026-02-12,58483.4,BR001,RM_069,Current
ACC_001830,CUST_01830,Savings,2023-02-19,4985.15,BR017,RM_099,Savings
ACC_001831,CUST_01831,Savings,2022-02-03,73057.6,BR024,RM_047,Savings
ACC_001832,CUST_01832,Savings,2026-03-17,103091.27,BR025,RM_048,Savings
ACC_001833,CUST_01833,Salary,2022-12-22,166040.54,BR014,RM_010,Salary
ACC_001834,CUST_01834,Savings,2023-03-08,19613.54,BR043,RM_030,Savings
ACC_001835,CUST_01835,Savings,2022-03-06,20574.32,BR050,RM_066,Savings
ACC_001836,CUST_01836,Savings,2022-01-21,87087.81,BR031,RM_090,Savings
ACC_001837,CUST_01837,Salary,2023-08-25,101527.9,BR012,RM_027,Salary
ACC_001838,CUST_01838,Savings,2024-12-14,24391.97,BR009,RM_090,Savings
ACC_001839,CUST_01839,Savings,2021-06-09,4364.07,BR039,RM_010,Savings
ACC_001840,CUST_01840,Savings,2021-06-01,12578.86,BR010,RM_014,Savings
ACC_001841,CUST_01841,Savings,2026-05-09,23879.19,BR050,RM_061,Savings
ACC_001842,CUST_01842,Savings,2023-11-20,37563.98,BR035,RM_096,Savings
ACC_001843,CUST_01843,Current,2021-10-24,132369.0,BR024,RM_091,Current
ACC_001844,CUST_01844,Salary,2025-08-09,65041.12,BR006,RM_055,Salary
ACC_001845,CUST_01845,Current,2022-10-06,45374.82,BR047,RM_096,Current
ACC_001846,CUST_01846,Savings,2022-05-22,106592.85,BR018,RM_012,Savings
ACC_001847,CUST_01847,Salary,2022-01-03,-4209.08,BR020,RM_071,Salary
ACC_001848,CUST_01848,Salary,2026-07-10,58436.28,BR038,RM_031,Salary
ACC_001849,CUST_01849,Savings,2025-12-20,66230.75,BR042,RM_055,Savings
ACC_001850,CUST_01850,Savings,2025-04-11,22968.12,BR015,RM_014,Savings
ACC_001851,CUST_01851,Current,2024-09-15,25116.96,BR020,RM_093,Current
ACC_001852,CUST_01852,Savings,2023-08-10,48634.43,BR050,RM_005,Savings
ACC_001853,CUST_01853,Savings,2023-05-25,5594.35,BR050,RM_020,Savings
ACC_001854,CUST_01854,Current,2022-06-03,243708.05,BR024,RM_047,Current
ACC_001855,CUST_01855,Savings,2025-12-24,153139.31,BR011,RM_079,Savings
ACC_001856,CUST_01856,Savings,2022-03-17,9923.55,BR004,RM_047,Savings
ACC_001857,CUST_01857,Savings,2022-08-17,5471.42,BR023,RM_078,Savings
ACC_001858,CUST_01858,Savings,2022-09-01,1262.75,BR010,RM_018,Savings
ACC_001859,CUST_01859,Savings,2022-08-09,381502.52,BR009,RM_064,Savings
ACC_001860,CUST_01860,Savings,2023-03-04,16158.07,BR014,RM_006,Savings
ACC_001861,CUST_01861,Savings,2022-04-18,36741.44,BR046,RM_019,Savings
ACC_001862,CUST_01862,Savings,2025-12-21,127001.21,BR014,RM_097,Savings
ACC_001863,CUST_01863,Salary,2021-08-10,3758.59,BR022,RM_074,Salary
ACC_001864,CUST_01864,Savings,2024-05-09,155735.81,BR017,RM_080,Savings
ACC_001865,CUST_01865,Savings,2021-12-17,873836.94,BR043,RM_076,Savings
ACC_001866,CUST_01866,Savings,2023-08-09,29541.85,BR014,RM_063,Savings
ACC_001867,CUST_01867,Salary,2021-06-13,911000.63,BR008,RM_012,Salary
ACC_001868,CUST_01868,Savings,2021-02-23,168668.73,BR026,RM_037,Savings
ACC_001869,CUST_01869,Salary,2024-08-08,11679.89,BR040,RM_042,Salary
ACC_001870,CUST_01870,Current,2024-09-27,66709.6,BR044,RM_048,Current
ACC_001871,CUST_01871,Savings,2022-09-20,84472.13,BR023,RM_002,Savings
ACC_001872,CUST_01872,Savings,2026-04-12,324806.45,BR005,RM_094,Savings
ACC_001873,CUST_01873,Current,2026-05-29,8119.2,BR014,RM_065,Current
ACC_001874,CUST_01874,Current,2021-04-11,10428.93,BR013,RM_100,Current
ACC_001875,CUST_01875,Savings,2021-10-08,996.74,BR017,RM_038,Savings
ACC_001876,CUST_01876,Savings,2021-06-24,1746.04,BR035,RM_079,Savings
ACC_001877,CUST_01877,Savings,2023-02-25,8344.65,BR041,RM_057,Savings
ACC_001878,CUST_01878,Savings,2022-01-25,952244.06,BR032,RM_086,Savings
ACC_001879,CUST_01879,Savings,2022-07-18,5740.89,BR005,RM_098,Savings
ACC_001880,CUST_01880,Savings,2025-05-08,9941.85,BR024,RM_070,Savings
ACC_001881,CUST_01881,Savings,2025-01-21,32028.15,BR007,RM_011,Savings
ACC_001882,CUST_01882,Savings,2022-02-28,18600.59,BR031,RM_080,Savings
ACC_001883,CUST_01883,Salary,2021-12-15,21927.88,BR042,RM_088,Salary
ACC_001884,CUST_01884,Savings,2024-03-07,16323.98,BR034,RM_096,Savings
ACC_001885,CUST_01885,Savings,2022-11-21,19294.91,BR017,RM_021,Savings
ACC_001886,CUST_01886,Savings,2021-02-18,13959.96,BR043,RM_017,Savings
ACC_001887,CUST_01887,Salary,2026-02-25,18904.95,BR008,RM_044,Salary
ACC_001888,CUST_01888,Savings,2023-06-30,10661.03,BR019,RM_078,Savings
ACC_001889,CUST_01889,Current,2021-11-01,7232.46,BR014,RM_004,Current
ACC_001890,CUST_01890,Savings,2024-02-13,12543.32,BR002,RM_023,Savings
ACC_001891,CUST_01891,Savings,2021-07-18,421376.02,BR012,RM_030,Savings
ACC_001892,CUST_01892,Savings,2026-07-01,32872.83,BR043,RM_062,Savings
ACC_001893,CUST_01893,Savings,2025-01-05,2068.86,BR019,RM_017,Savings
ACC_001894,CUST_01894,Savings,2024-05-27,1542.37,BR015,RM_013,Savings
ACC_001895,CUST_01895,Savings,2022-04-26,277883.49,BR021,RM_025,Savings
ACC_001896,CUST_01896,Savings,2025-04-08,1126.24,BR001,RM_013,Savings
ACC_001897,CUST_01897,Savings,2024-06-22,7854.44,BR037,RM_056,Savings
ACC_001898,CUST_01898,Current,2023-08-03,44045.74,BR038,RM_045,Current
ACC_001899,CUST_01899,Savings,2022-01-28,7275.06,BR021,RM_065,Savings
ACC_001900,CUST_01900,Savings,2022-08-01,4302.68,BR029,RM_084,Savings
ACC_001901,CUST_01901,Salary,2025-06-14,20457.77,BR032,RM_032,Salary
ACC_001902,CUST_01902,Savings,2023-12-13,7661.65,BR008,RM_061,Savings
ACC_001903,CUST_01903,Savings,2022-05-13,216094.2,BR041,RM_050,Savings
ACC_001904,CUST_01904,Savings,2022-12-19,249116.77,BR026,RM_007,Savings
ACC_001905,CUST_01905,Savings,2024-03-31,68240.06,BR047,RM_036,Savings
ACC_001906,CUST_01906,Current,2023-08-26,3976.73,BR041,RM_025,Current
ACC_001907,CUST_01907,Savings,2021-05-02,12834.26,BR010,RM_029,Savings
ACC_001908,CUST_01908,Salary,2024-02-14,17249.44,BR041,RM_075,Salary
ACC_001909,CUST_01909,Savings,2021-03-25,3769.46,BR045,RM_014,Savings
ACC_001910,CUST_01910,Current,2024-04-15,555.57,BR039,RM_033,Current
ACC_001911,CUST_01911,Savings,2023-11-23,3091.05,BR019,RM_002,Savings
ACC_001912,CUST_01912,Current,2025-01-25,36485.39,BR002,RM_009,Current
ACC_001913,CUST_01913,Savings,2026-03-15,37754.07,BR029,RM_038,Savings
ACC_001914,CUST_01914,Savings,2025-09-09,18575.42,BR024,RM_031,Savings
ACC_001915,CUST_01915,Savings,2025-05-16,22590.49,BR019,RM_043,Savings
ACC_001916,CUST_01916,Savings,2022-07-16,88308.13,BR008,RM_070,Savings
ACC_001917,CUST_01917,Savings,2024-11-14,25327.11,BR012,RM_003,Savings
ACC_001918,CUST_01918,Savings,2021-04-28,343411.79,BR019,RM_026,Savings
ACC_001919,CUST_01919,Savings,2026-05-31,39925.04,BR041,RM_080,Savings
ACC_001920,CUST_01920,Savings,2021-08-14,5282.53,BR033,RM_019,Savings
ACC_001921,CUST_01921,Savings,2021-11-22,9288.22,BR001,RM_062,Savings
ACC_001922,CUST_01922,Savings,2022-05-29,20441.72,BR027,RM_050,Savings
ACC_001923,CUST_01923,Savings,2021-09-24,1766.81,BR029,RM_047,Savings
ACC_001924,CUST_01924,Savings,2024-02-07,222533.16,BR006,RM_001,Savings
ACC_001925,CUST_01925,Savings,2025-12-23,12405.49,BR029,RM_094,Savings
ACC_001926,CUST_01926,Savings,2021-12-23,159209.16,BR047,RM_096,Savings
ACC_001927,CUST_01927,Savings,2025-05-23,43038.21,BR047,RM_029,Savings
ACC_001928,CUST_01928,Salary,2025-02-09,88506.61,BR028,RM_037,Salary
ACC_001929,CUST_01929,Savings,2025-11-04,88580.52,BR021,RM_025,Savings
ACC_001930,CUST_01930,Current,2024-08-12,40007.11,BR001,RM_093,Current
ACC_001931,CUST_01931,Salary,2024-11-19,39934.44,BR038,RM_017,Salary
ACC_001932,CUST_01932,Current,2022-10-13,8840.38,BR048,RM_063,Current
ACC_001933,CUST_01933,Current,2022-02-03,2506.0,BR011,RM_083,Current
ACC_001934,CUST_01934,Savings,2021-10-03,58037.21,BR015,RM_053,Savings
ACC_001935,CUST_01935,Salary,2021-06-30,17298.01,BR032,RM_064,Salary
ACC_001936,CUST_01936,Salary,2025-06-29,142322.09,BR012,RM_091,Salary
ACC_001937,CUST_01937,Current,2022-04-07,4333.48,BR041,RM_059,Current
ACC_001938,CUST_01938,Current,2021-01-23,203952.74,BR044,RM_089,Current
ACC_001939,CUST_01939,Savings,2023-04-01,2010.47,BR049,RM_091,Savings
ACC_001940,CUST_01940,Savings,2023-07-19,33887.81,BR018,RM_060,Savings
ACC_001941,CUST_01941,Savings,2021-02-05,118350.68,BR045,RM_052,Savings
ACC_001942,CUST_01942,Savings,2024-06-14,170797.57,BR018,RM_021,Savings
ACC_001943,CUST_01943,Current,2024-08-07,1072525.56,BR028,RM_061,Current
ACC_001944,CUST_01944,Savings,2021-08-28,9113.8,BR010,RM_027,Savings
ACC_001945,CUST_01945,Savings,2022-07-04,75789.26,BR008,RM_007,Savings
ACC_001946,CUST_01946,Savings,2026-05-05,48685.05,BR038,RM_022,Savings
ACC_001947,CUST_01947,Current,2024-09-30,16042.65,BR048,RM_087,Current
ACC_001948,CUST_01948,Savings,2024-02-23,23828.33,BR025,RM_019,Savings
ACC_001949,CUST_01949,Savings,2022-09-29,53110.72,BR007,RM_015,Savings
ACC_001950,CUST_01950,Salary,2025-09-07,7592.19,BR001,RM_060,Salary
ACC_001951,CUST_01951,Savings,2024-04-16,1754966.16,BR026,RM_007,Savings
ACC_001952,CUST_01952,Savings,2025-09-27,16483.82,BR023,RM_070,Savings
ACC_001953,CUST_01953,Savings,2023-09-29,24727.68,BR026,RM_037,Savings
ACC_001954,CUST_01954,Savings,2021-02-02,6354.74,BR026,RM_055,Savings
ACC_001955,CUST_01955,Savings,2025-04-18,3065.59,BR040,RM_043,Savings
ACC_001956,CUST_01956,Savings,2022-10-30,31713.63,BR036,RM_033,Savings
ACC_001957,CUST_01957,Savings,2026-07-01,90464.41,BR012,RM_077,Savings
ACC_001958,CUST_01958,Savings,2024-04-16,6578.57,BR043,RM_056,Savings
ACC_001959,CUST_01959,Current,2025-06-29,3413.51,BR046,RM_091,Current
ACC_001960,CUST_01960,Current,2021-11-19,508217.21,BR012,RM_049,Current
ACC_001961,CUST_01961,Salary,2023-01-29,205721.91,BR049,RM_043,Salary
ACC_001962,CUST_01962,Savings,2022-01-09,2774.21,BR017,RM_066,Savings
ACC_001963,CUST_01963,Savings,2024-03-30,138557.62,BR018,RM_049,Savings
ACC_001964,CUST_01964,Savings,2022-12-23,18614.74,BR050,RM_037,Savings
ACC_001965,CUST_01965,Savings,2026-04-30,38534.06,BR020,RM_011,Savings
ACC_001966,CUST_01966,Savings,2024-11-16,35633.79,BR050,RM_009,Savings
ACC_001967,CUST_01967,Savings,2025-03-01,10223.33,BR029,RM_065,Savings
ACC_001968,CUST_01968,Savings,2022-03-14,53854.96,BR004,RM_076,Savings
ACC_001969,CUST_01969,Savings,2022-10-17,16708.45,BR004,RM_057,Savings
ACC_001970,CUST_01970,Savings,2023-06-25,3507.69,BR008,RM_014,Savings
ACC_001971,CUST_01971,Current,2024-05-10,12174.26,BR016,RM_065,Current
ACC_001972,CUST_01972,Current,2026-07-30,13342.67,BR045,RM_002,Current
ACC_001973,CUST_01973,Savings,2026-03-31,7715.2,BR026,RM_036,Savings
ACC_001974,CUST_01974,Savings,2025-07-09,23278.63,BR008,RM_040,Savings
ACC_001975,CUST_01975,Savings,2022-04-19,22439.12,BR029,RM_078,Savings
ACC_001976,CUST_01976,Savings,2023-02-27,10451.08,BR017,RM_087,Savings
ACC_001977,CUST_01977,Savings,2026-07-09,15689.22,BR017,RM_009,Savings
ACC_001978,CUST_01978,Salary,2021-02-06,93695.83,BR023,RM_034,Salary
ACC_001979,CUST_01979,Savings,2022-05-27,8788.07,BR021,RM_016,Savings
ACC_001980,CUST_01980,Savings,2022-07-03,8808.99,BR038,RM_049,Savings
ACC_001981,CUST_01981,Current,2023-01-04,41098.5,BR037,RM_039,Current
ACC_001982,CUST_01982,Savings,2021-01-08,8320.75,BR002,RM_034,Savings
ACC_001983,CUST_01983,Salary,2021-09-15,16208.86,BR044,RM_091,Salary
ACC_001984,CUST_01984,Savings,2021-12-04,6585.98,BR050,RM_055,Savings
ACC_001985,CUST_01985,Savings,2023-08-29,13710.2,BR032,RM_088,Savings
ACC_001986,CUST_01986,Savings,2026-04-27,2027199.47,BR017,RM_088,Savings
ACC_001987,CUST_01987,Savings,2021-11-05,26288.67,BR006,RM_003,Savings
ACC_001988,CUST_01988,Salary,2025-05-15,2457.18,BR011,RM_051,Salary
ACC_001989,CUST_01989,Current,2022-11-13,22888.01,BR038,RM_024,Current
ACC_001990,CUST_01990,Salary,2021-02-23,9704.33,BR011,RM_080,Salary
ACC_001991,CUST_01991,Savings,2025-06-24,823614.33,BR029,RM_068,Savings
ACC_001992,CUST_01992,Savings,2025-09-19,4092.52,BR025,RM_067,Savings
ACC_001993,CUST_01993,Savings,2021-06-17,13652.66,BR042,RM_021,Savings
ACC_001994,CUST_01994,Savings,2025-05-15,2093.47,BR033,RM_072,Savings
ACC_001995,CUST_01995,Savings,2022-06-06,30551.89,BR029,RM_063,Savings
ACC_001996,CUST_01996,Savings,2022-08-06,9216.64,BR009,RM_010,Savings
ACC_001997,CUST_01997,Savings,2026-03-20,9762.86,BR025,RM_027,Savings
ACC_001998,CUST_01998,Savings,2022-09-11,40612.04,BR048,RM_035,Savings
ACC_001999,CUST_01999,Savings,2024-07-07,454729.2,BR035,RM_061,Savings
ACC_002000,CUST_02000,Savings,2023-03-31,14713.77,BR029,RM_026,Savings
ACC_002001,CUST_02001,Savings,2026-05-26,1349647.68,BR019,RM_088,Savings
ACC_002002,CUST_02002,Salary,2021-10-08,6208.93,BR047,RM_091,Salary
ACC_002003,CUST_02003,Savings,2021-04-30,23644.58,BR008,RM_027,Savings
ACC_002004,CUST_02004,Savings,2021-10-18,3864.3,BR018,RM_051,Savings
ACC_002005,CUST_02005,Savings,2022-05-03,61962.51,BR027,RM_097,Savings
ACC_002006,CUST_02006,Savings,2026-02-23,13745.49,BR032,RM_060,Savings
ACC_002007,CUST_02007,Current,2024-03-14,102806.16,BR006,RM_022,Current
ACC_002008,CUST_02008,Savings,2022-01-01,148566.73,BR008,RM_051,Savings
ACC_002009,CUST_02009,Savings,2024-12-26,7363.21,BR002,RM_092,Savings
ACC_002010,CUST_02010,Current,2024-06-28,3977.1,BR019,RM_088,Current
ACC_002011,CUST_02011,Current,2026-03-31,12108.18,BR012,RM_021,Current
ACC_002012,CUST_02012,Savings,2022-06-06,32541.34,BR009,RM_082,Savings
ACC_002013,CUST_02013,Savings,2022-12-13,13400.57,BR031,RM_006,Savings
ACC_002014,CUST_02014,Current,2022-03-15,95363.46,BR050,RM_053,Current
ACC_002015,CUST_02015,Savings,2025-07-01,7413.53,BR033,RM_042,Savings
ACC_002016,CUST_02016,Savings,2021-04-22,3066.47,BR035,RM_075,Savings
ACC_002017,CUST_02017,Salary,2025-11-21,53941.64,BR047,RM_051,Salary
ACC_002018,CUST_02018,Savings,2021-07-09,8508.49,BR003,RM_060,Savings
ACC_002019,CUST_02019,Savings,2026-03-24,14610.8,BR019,RM_064,Savings
ACC_002020,CUST_02020,Savings,2022-05-10,27298.42,BR046,RM_058,Savings
ACC_002021,CUST_02021,Savings,2021-05-05,8939.93,BR023,RM_061,Savings
ACC_002022,CUST_02022,Savings,2023-10-16,7957.21,BR014,RM_065,Savings
ACC_002023,CUST_02023,Salary,2026-05-30,39523.71,BR041,RM_058,Salary
ACC_002024,CUST_02024,Savings,2022-07-24,251811.61,BR034,RM_060,Savings
ACC_002025,CUST_02025,Savings,2025-04-18,5235.01,BR034,RM_099,Savings
ACC_002026,CUST_02026,Savings,2026-06-22,203824.46,BR028,RM_013,Savings
ACC_002027,CUST_02027,Savings,2023-05-09,1150.61,BR009,RM_092,Savings
ACC_002028,CUST_02028,Salary,2026-04-17,9346.64,BR015,RM_030,Salary
ACC_002029,CUST_02029,Savings,2025-12-04,34528.85,BR036,RM_039,Savings
ACC_002030,CUST_02030,Savings,2022-09-21,5470.48,BR048,RM_034,Savings
ACC_002031,CUST_02031,Savings,2022-02-09,5747.42,BR007,RM_083,Savings
ACC_002032,CUST_02032,Savings,2022-08-24,17196.11,BR009,RM_023,Savings
ACC_002033,CUST_02033,Current,2023-08-29,15563.78,BR020,RM_092,Current
ACC_002034,CUST_02034,Salary,2022-10-14,36799.82,BR032,RM_075,Salary
ACC_002035,CUST_02035,Savings,2021-12-16,16555.15,BR009,RM_027,Savings
ACC_002036,CUST_02036,Current,2022-08-22,5273.16,BR019,RM_093,Current
ACC_002037,CUST_02037,Savings,2025-07-04,175981.49,BR016,RM_085,Savings
ACC_002038,CUST_02038,Salary,2026-07-19,4482.58,BR002,RM_045,Salary
ACC_002039,CUST_02039,Current,2024-08-27,18522.23,BR039,RM_048,Current
ACC_002040,CUST_02040,Salary,2022-02-27,3624.53,BR047,RM_050,Salary
ACC_002041,CUST_02041,Savings,2021-12-24,20729.8,BR001,RM_001,Savings
ACC_002042,CUST_02042,Savings,2026-01-09,125548.32,BR022,RM_094,Savings
ACC_002043,CUST_02043,Savings,2023-01-18,2661.18,BR047,RM_072,Savings
ACC_002044,CUST_02044,Salary,2025-12-02,31496.48,BR003,RM_005,Salary
ACC_002045,CUST_02045,Current,2023-12-12,107693.8,BR020,RM_077,Current
ACC_002046,CUST_02046,Current,2024-07-28,34577.29,BR048,RM_018,Current
ACC_002047,CUST_02047,Savings,2022-12-13,639353.17,BR001,RM_069,Savings
ACC_002048,CUST_02048,Savings,2021-07-29,141387.19,BR003,RM_074,Savings
ACC_002049,CUST_02049,Savings,2021-07-28,5158.79,BR048,RM_026,Savings
ACC_002050,CUST_02050,Savings,2026-01-04,23288.49,BR014,RM_009,Savings
ACC_002051,CUST_02051,Savings,2025-02-10,41908.19,BR018,RM_063,Savings
ACC_002052,CUST_02052,Current,2026-05-02,17223.64,BR022,RM_046,Current
ACC_002053,CUST_02053,Salary,2023-03-26,1559854.82,BR018,RM_023,Salary
ACC_002054,CUST_02054,Salary,2026-04-08,148736.22,BR030,RM_043,Salary
ACC_002055,CUST_02055,Savings,2022-01-19,146662.28,BR024,RM_007,Savings
ACC_002056,CUST_02056,Savings,2026-07-25,19541.41,BR011,RM_090,Savings
ACC_002057,CUST_02057,Savings,2025-07-09,13822.54,BR042,RM_038,Savings
ACC_002058,CUST_02058,Savings,2021-10-12,34165.55,BR036,RM_063,Savings
ACC_002059,CUST_02059,Savings,2022-11-16,22042.16,BR012,RM_013,Savings
ACC_002060,CUST_02060,Savings,2024-07-22,37562.15,BR012,RM_061,Savings
ACC_002061,CUST_02061,Salary,2022-06-27,45239.97,BR033,RM_071,Salary
ACC_002062,CUST_02062,Salary,2025-06-06,9299.56,BR009,RM_053,Salary
ACC_002063,CUST_02063,Savings,2026-04-23,25158.2,BR003,RM_046,Savings
ACC_002064,CUST_02064,Savings,2025-04-27,4128.96,BR011,RM_048,Savings
ACC_002065,CUST_02065,Savings,2025-05-19,3474.23,BR005,RM_065,Savings
ACC_002066,CUST_02066,Salary,2024-01-22,8522.14,BR043,RM_004,Salary
ACC_002067,CUST_02067,Savings,2027-05-18,5544.9,BR040,RM_071,Savings
ACC_002068,CUST_02068,Savings,2025-08-21,245620.4,BR028,RM_001,Savings
ACC_002069,CUST_02069,Current,2023-11-14,5391.44,BR003,RM_094,Current
ACC_002070,CUST_02070,Salary,2026-02-01,5023.31,BR040,RM_050,Salary
ACC_002071,CUST_02071,Savings,2025-03-01,13738.83,BR019,RM_033,Savings
ACC_002072,CUST_02072,Savings,2022-08-04,41879.67,BR004,RM_019,Savings
ACC_002073,CUST_02073,Savings,2024-12-07,793.99,BR015,RM_078,Savings
ACC_002074,CUST_02074,Savings,2023-10-17,904126.73,BR007,RM_043,Savings
ACC_002075,CUST_02075,Salary,2025-01-25,113643.0,BR040,RM_070,Salary
ACC_002076,CUST_02076,Savings,2023-08-10,29372.23,BR049,RM_012,Savings
ACC_002077,CUST_02077,Salary,2026-03-07,160813.14,BR008,RM_021,Salary
ACC_002078,CUST_02078,Savings,2023-06-13,50177.78,BR019,RM_085,Savings
ACC_002079,CUST_02079,Savings,2024-08-20,14799.65,BR048,RM_074,Savings
ACC_002080,CUST_02080,Current,2026-05-13,71468.69,BR031,RM_035,Current
ACC_002081,CUST_02081,Current,2025-03-07,3095.36,BR003,RM_024,Current
ACC_002082,CUST_02082,Savings,2021-11-11,87372.77,BR027,RM_008,Savings
ACC_002083,CUST_02083,Savings,2022-02-02,151440.39,BR038,RM_022,Savings
ACC_002084,CUST_02084,Savings,2024-12-11,91036.36,BR019,RM_003,Savings
ACC_002085,CUST_02085,Savings,2021-03-13,2312.7,BR038,RM_039,Savings
ACC_002086,CUST_02086,Savings,2025-02-10,9619.47,BR014,RM_042,Savings
ACC_002087,CUST_02087,Current,2024-12-17,43763.92,BR047,RM_022,Current
ACC_002088,CUST_02088,Savings,2025-10-18,20691.45,BR008,RM_085,Savings
ACC_002089,CUST_02089,Savings,2022-01-10,12947.84,BR012,RM_061,Savings
ACC_002090,CUST_02090,Savings,2024-03-26,33401.5,BR038,RM_069,Savings
ACC_002091,CUST_02091,Savings,2022-12-02,2267.39,BR032,RM_020,Savings
ACC_002092,CUST_02092,Savings,2023-04-29,127266.4,BR025,RM_033,Savings
ACC_002093,CUST_02093,Savings,2021-10-18,19976.37,BR023,RM_090,Savings
ACC_002094,CUST_02094,Salary,2025-10-23,19461.52,BR030,RM_067,Salary
ACC_002095,CUST_02095,Salary,2022-10-09,185609.03,BR029,RM_028,Salary
ACC_002096,CUST_02096,Savings,2021-11-27,11371.36,BR003,RM_100,Savings
ACC_002097,CUST_02097,Savings,2024-08-15,15657.09,BR033,RM_022,Savings
ACC_002098,CUST_02098,Salary,2024-01-24,70468.22,BR006,RM_023,Salary
ACC_002099,CUST_02099,Savings,2023-06-22,8707.67,BR036,RM_094,Savings
ACC_002100,CUST_02100,Savings,2023-07-06,2541.93,BR043,RM_062,Savings
ACC_002101,CUST_02101,Salary,2023-07-30,2532124.99,BR028,RM_011,Salary
ACC_002102,CUST_02102,Savings,2021-05-30,35869.6,BR022,RM_060,Savings
ACC_002103,CUST_02103,Salary,2026-05-24,8240.77,BR049,RM_078,Salary
ACC_002104,CUST_02104,Savings,2024-05-08,32968.06,BR018,RM_009,Savings
ACC_002105,CUST_02105,Savings,2025-05-07,951.59,BR014,RM_050,Savings
ACC_002106,CUST_02106,Salary,2024-10-17,17593.94,BR021,RM_028,Salary
ACC_002107,CUST_02107,Savings,2024-03-30,17436.58,BR047,RM_024,Savings
ACC_002108,CUST_02108,Savings,2024-12-14,64976.78,BR050,RM_020,Savings
ACC_002109,CUST_02109,Savings,2024-07-11,139437.71,BR016,RM_042,Savings
ACC_002110,CUST_02110,Savings,2023-07-21,19943.56,BR033,RM_051,Savings
ACC_002111,CUST_02111,Savings,2022-12-11,48681.56,BR029,RM_016,Savings
ACC_002112,CUST_02112,Savings,2023-04-12,372.79,BR030,RM_036,Savings
ACC_002113,CUST_02113,Salary,2025-04-25,6681.54,BR019,RM_018,Salary
ACC_002114,CUST_02114,Savings,2023-02-20,62450.29,BR023,RM_088,Savings
ACC_002115,CUST_02115,Savings,2023-01-04,16466.36,BR014,RM_014,Savings
ACC_002116,CUST_02116,Savings,2025-10-23,50650.25,BR049,RM_092,Savings
ACC_002117,CUST_02117,Savings,2025-05-31,110370.36,BR011,RM_048,Savings
ACC_002118,CUST_02118,Savings,2023-07-02,69906.61,BR023,RM_090,Savings
ACC_002119,CUST_02119,Savings,2025-11-20,54013.97,BR029,RM_013,Savings
ACC_002120,CUST_02120,Savings,2025-10-05,124128.38,BR044,RM_032,Savings
ACC_002121,CUST_02121,Savings,2023-08-12,173721.77,BR028,RM_048,Savings
ACC_002122,CUST_02122,Salary,2023-06-07,3779.73,BR012,RM_028,Salary
ACC_002123,CUST_02123,Savings,2022-01-04,11107.43,BR023,RM_070,Savings
ACC_002124,CUST_02124,Savings,2025-07-05,1544563.93,BR049,RM_022,Savings
ACC_002125,CUST_02125,Savings,2025-05-18,13441.64,BR011,RM_094,Savings
ACC_002126,CUST_02126,Savings,2024-06-25,9309.31,BR050,RM_018,Savings
ACC_002127,CUST_02127,Current,2026-05-23,46640.92,BR040,RM_074,Current
ACC_002128,CUST_02128,Savings,2024-05-18,51343.7,BR047,RM_044,Savings
ACC_002129,CUST_02129,Savings,2021-03-05,272593.33,BR008,RM_095,Savings
ACC_002130,CUST_02130,Savings,2025-03-25,61699.18,BR035,RM_031,Savings
ACC_002131,CUST_02131,Savings,2025-05-30,16693.48,BR016,RM_022,Savings
ACC_002132,CUST_02132,Savings,2021-11-02,14209.16,BR028,RM_078,Savings
ACC_002133,CUST_02133,Current,2026-05-28,483395.57,BR032,RM_049,Current
ACC_002134,CUST_02134,Savings,2024-10-14,196255.8,BR021,RM_049,Savings
ACC_002135,CUST_02135,Savings,2025-08-28,2663.3,BR037,RM_003,Savings
ACC_002136,CUST_02136,Savings,2022-03-25,11910.91,BR002,RM_056,Savings
ACC_002137,CUST_02137,Savings,2023-04-07,13950.02,BR050,RM_065,Savings
ACC_002138,CUST_02138,Current,2022-11-06,6554.57,BR011,RM_010,Current
ACC_002139,CUST_02139,Salary,2021-06-06,4053.61,BR042,RM_089,Salary
ACC_002140,CUST_02140,Savings,2023-08-19,89513.91,BR026,RM_015,Savings
ACC_002141,CUST_02141,Savings,2021-09-17,29259.49,BR016,RM_094,Savings
ACC_002142,CUST_02142,Savings,2024-06-02,89308.74,BR034,RM_098,Savings
ACC_002143,CUST_02143,Current,2025-05-22,6898.6,BR033,RM_033,Current
ACC_002144,CUST_02144,Savings,2025-12-05,2226.82,BR006,RM_060,Savings
ACC_002145,CUST_02145,Current,2024-10-19,6892.93,BR028,RM_051,Current
ACC_002146,CUST_02146,Savings,2026-01-18,22460.96,BR019,RM_016,Savings
ACC_002147,CUST_02147,Current,2022-05-02,4158.58,BR010,RM_044,Current
ACC_002148,CUST_02148,Savings,2025-08-25,94602.01,BR032,RM_014,Savings
ACC_002149,CUST_02149,Salary,2026-05-25,8683.72,BR014,RM_096,Salary
ACC_002150,CUST_02150,Savings,2022-02-16,16463.98,BR030,RM_097,Savings
ACC_002151,CUST_02151,Savings,2023-08-27,24121.43,BR016,RM_036,Savings
ACC_002152,CUST_02152,Savings,2025-01-10,12208.53,BR032,RM_016,Savings
ACC_002153,CUST_02153,Savings,2024-05-07,15578.51,BR036,RM_007,Savings
ACC_002154,CUST_02154,Savings,2024-02-08,3793.52,BR015,RM_050,Savings
ACC_002155,CUST_02155,Savings,2025-10-14,4518.33,BR016,RM_086,Savings
ACC_002156,CUST_02156,Savings,2025-10-27,64499.24,BR027,RM_049,Savings
ACC_002157,CUST_02157,Savings,2025-12-27,7126.04,BR004,RM_030,Savings
ACC_002158,CUST_02158,Current,2025-04-21,2610.71,BR008,RM_001,Current
ACC_002159,CUST_02159,Salary,2024-07-12,638.96,BR004,RM_060,Salary
ACC_002160,CUST_02160,Savings,2023-04-27,17403.81,BR038,RM_060,Savings
ACC_002161,CUST_02161,Savings,2026-04-09,10762.51,BR044,RM_040,Savings
ACC_002162,CUST_02162,Savings,2025-01-18,8598.48,BR022,RM_051,Savings
ACC_002163,CUST_02163,Savings,2021-12-07,24488.27,BR013,RM_025,Savings
ACC_002164,CUST_02164,Savings,2025-03-03,9812.02,BR039,RM_089,Savings
ACC_002165,CUST_02165,Current,2022-04-20,6223.89,BR012,RM_030,Current
ACC_002166,CUST_02166,Savings,2022-03-28,5032.67,BR031,RM_052,Savings
ACC_002167,CUST_02167,Savings,2021-01-01,1173.04,BR041,RM_024,Savings
ACC_002168,CUST_02168,Savings,2022-05-03,35110.3,BR018,RM_061,Savings
ACC_002169,CUST_02169,Savings,2022-02-26,8770.69,BR050,RM_059,Savings
ACC_002170,CUST_02170,Savings,2023-02-05,167635.26,BR010,RM_050,Savings
ACC_002171,CUST_02171,Current,2021-08-30,10321.12,BR003,RM_080,Current
ACC_002172,CUST_02172,Salary,2026-03-11,18757.0,BR050,RM_001,Salary
ACC_002173,CUST_02173,Savings,2025-09-16,87083.86,BR027,RM_017,Savings
ACC_002174,CUST_02174,Savings,2026-03-14,1273.18,BR024,RM_013,Savings
ACC_002175,CUST_02175,Savings,2025-12-11,65106.44,BR004,RM_082,Savings
ACC_002176,CUST_02176,Savings,2021-08-04,111988.87,BR013,RM_014,Savings
ACC_002177,CUST_02177,Savings,2022-04-12,30637.21,BR034,RM_028,Savings
ACC_002178,CUST_02178,Savings,2025-07-09,22844.5,BR036,RM_002,Savings
ACC_002179,CUST_02179,Savings,2023-05-31,43050.08,BR008,RM_055,Savings
ACC_002180,CUST_02180,Savings,2022-12-21,1816.49,BR006,RM_051,Savings
ACC_002181,CUST_02181,Current,2025-05-02,13245.18,BR040,RM_050,Current
ACC_002182,CUST_02182,Current,2021-05-21,7776.99,BR027,RM_039,Current
ACC_002183,CUST_02183,Salary,2021-07-30,896807.39,BR042,RM_039,Salary
ACC_002184,CUST_02184,Savings,2025-11-27,19369.88,BR017,RM_077,Savings
ACC_002185,CUST_02185,Current,2023-07-24,16441.09,BR047,RM_071,Current
ACC_002186,CUST_02186,Current,2023-01-31,611308.17,BR017,RM_094,Current
ACC_002187,CUST_02187,Savings,2022-08-07,97107.06,BR028,RM_078,Savings
ACC_002188,CUST_02188,Current,2022-02-08,246917.3,BR049,RM_042,Current
ACC_002189,CUST_02189,Current,2025-05-24,8098.79,BR031,RM_050,Current
ACC_002190,CUST_02190,Savings,2026-03-03,17720.33,BR043,RM_083,Savings
ACC_002191,CUST_02191,Savings,2025-03-02,28224.77,BR008,RM_014,Savings
ACC_002192,CUST_02192,Savings,2024-01-04,19149.91,BR004,RM_072,Savings
ACC_002193,CUST_02193,Savings,2025-04-04,792.01,BR026,RM_076,Savings
ACC_002194,CUST_02194,Savings,2025-08-09,3506218.88,BR047,RM_011,Savings
ACC_002195,CUST_02195,Savings,2026-08-04,63788.66,BR009,RM_075,Savings
ACC_002196,CUST_02196,Savings,2023-11-19,91703.69,BR043,RM_073,Savings
ACC_002197,CUST_02197,Savings,2025-09-18,42569.09,BR026,RM_001,Savings
ACC_002198,CUST_02198,Savings,2025-02-03,208616.83,BR015,RM_071,Savings
ACC_002199,CUST_02199,Salary,2022-12-16,4813.44,BR033,RM_076,Salary
ACC_002200,CUST_02200,Savings,2025-09-19,11534.9,BR023,RM_022,Savings
ACC_002201,CUST_02201,Savings,2021-11-14,67502.21,BR013,RM_091,Savings
ACC_002202,CUST_02202,Savings,2024-06-27,56700.7,BR011,RM_065,Savings
ACC_002203,CUST_02203,Savings,2022-05-29,1132.16,BR049,RM_010,Savings
ACC_002204,CUST_02204,Current,2026-02-19,7858.25,BR015,RM_041,Current
ACC_002205,CUST_02205,Savings,2025-03-11,7825.67,BR021,RM_093,Savings
ACC_002206,CUST_02206,Current,2021-11-04,1233.62,BR009,RM_091,Current
ACC_002207,CUST_02207,Current,2021-09-15,864132.38,BR011,RM_037,Current
ACC_002208,CUST_02208,Savings,2022-09-23,4105.52,BR017,RM_084,Savings
ACC_002209,CUST_02209,Savings,2026-01-21,8540.08,BR027,RM_086,Savings
ACC_002210,CUST_02210,Salary,2021-10-15,14420.9,BR019,RM_095,Salary
ACC_002211,CUST_02211,Salary,2021-09-23,165101.02,BR049,RM_012,Salary
ACC_002212,CUST_02212,Savings,2024-02-18,23109.29,BR018,RM_088,Savings
ACC_002213,CUST_02213,Savings,2026-02-21,2097968.33,BR044,RM_038,Savings
ACC_002214,CUST_02214,Current,2023-12-07,22469.42,BR008,RM_017,Current
ACC_002215,CUST_02215,Savings,2021-05-20,40196.24,BR034,RM_044,Savings
ACC_002216,CUST_02216,Savings,2026-06-07,127534.79,BR050,RM_003,Savings
ACC_002217,CUST_02217,Savings,2025-12-11,121608.49,BR044,RM_094,Savings
ACC_002218,CUST_02218,Savings,2021-10-13,7931.15,BR022,RM_073,Savings
ACC_002219,CUST_02219,Current,2024-11-08,49120.88,BR011,RM_090,Current
ACC_002220,CUST_02220,Salary,2021-07-19,5485.28,BR006,RM_030,Salary
ACC_002221,CUST_02221,Current,2023-02-14,6741.09,BR041,RM_065,Current
ACC_002222,CUST_02222,Current,2023-01-03,4234.18,BR028,RM_015,Current
ACC_002223,CUST_02223,Savings,2022-04-12,56378.9,BR019,RM_080,Savings
ACC_002224,CUST_02224,Savings,2021-08-19,7965.22,BR018,RM_076,Savings
ACC_002225,CUST_02225,Savings,2022-08-29,1339.41,BR014,RM_080,Savings
ACC_002226,CUST_02226,Salary,2023-07-03,31462.71,BR024,RM_001,Salary
ACC_002227,CUST_02227,Savings,2025-05-23,481689.27,BR035,RM_007,Savings
ACC_002228,CUST_02228,Savings,2022-04-05,53633.11,BR011,RM_077,Savings
ACC_002229,CUST_02229,Savings,2022-08-13,28770.43,BR029,RM_044,Savings
ACC_002230,CUST_02230,Savings,2024-04-02,28341.34,BR028,RM_083,Savings
ACC_002231,CUST_02231,Savings,2024-02-11,10958.44,BR041,RM_039,Savings
ACC_002232,CUST_02232,Savings,2023-08-17,77548.5,BR032,RM_076,Savings
ACC_002233,CUST_02233,Savings,2026-02-20,18352.48,BR003,RM_096,Savings
ACC_002234,CUST_02234,Savings,2026-08-03,1473.32,BR038,RM_027,Savings
ACC_002235,CUST_02235,Savings,2023-04-09,110797.81,BR018,RM_008,Savings
ACC_002236,CUST_02236,Savings,2021-05-21,107931.33,BR009,RM_068,Savings
ACC_002237,CUST_02237,Savings,2025-04-23,58500.97,BR017,RM_022,Savings
ACC_002238,CUST_02238,Savings,2022-07-01,23551.85,BR033,RM_017,Savings
ACC_002239,CUST_02239,Savings,2023-06-06,48868.43,BR046,RM_053,Savings
ACC_002240,CUST_02240,Salary,2022-10-13,191514.11,BR049,RM_074,Salary
ACC_002241,CUST_02241,Savings,2021-03-30,111868.91,BR022,RM_020,Savings
ACC_002242,CUST_02242,Savings,2026-01-13,13623.36,BR004,RM_014,Savings
ACC_002243,CUST_02243,Savings,2026-02-17,808572.08,BR003,RM_073,Savings
ACC_002244,CUST_02244,Savings,2021-12-27,14134.1,BR004,RM_001,Savings
ACC_002245,CUST_02245,Savings,2025-11-15,27384.51,BR009,RM_029,Savings
ACC_002246,CUST_02246,Savings,2024-09-19,3243.01,BR010,RM_084,Savings
ACC_002247,CUST_02247,Savings,2024-03-29,70642.55,BR035,RM_059,Savings
ACC_002248,CUST_02248,Savings,2026-07-29,47608.89,BR050,RM_017,Savings
ACC_002249,CUST_02249,Savings,2022-04-03,2154.03,BR024,RM_047,Savings
ACC_002250,CUST_02250,Savings,2021-04-16,2506.38,BR020,RM_026,Savings
ACC_002251,CUST_02251,Savings,2024-10-12,203461.81,BR009,RM_011,Savings
ACC_002252,CUST_02252,Savings,2025-04-24,2974.02,BR037,RM_065,Savings
ACC_002253,CUST_02253,Savings,2025-09-26,13173.7,BR006,RM_099,Savings
ACC_002254,CUST_02254,Savings,2026-06-25,199812.24,BR037,RM_070,Savings
ACC_002255,CUST_02255,Savings,2024-07-29,7279.45,BR026,RM_093,Savings
ACC_002256,CUST_02256,Current,2025-03-08,63788.93,BR050,RM_071,Current
ACC_002257,CUST_02257,Current,2021-05-01,12312.01,BR008,RM_087,Current
ACC_002258,CUST_02258,Savings,2021-07-08,114030.6,BR006,RM_081,Savings
ACC_002259,CUST_02259,Savings,2025-03-15,69293.27,BR045,RM_091,Savings
ACC_002260,CUST_02260,Savings,2021-12-03,2246.92,BR018,RM_009,Savings
ACC_002261,CUST_02261,Salary,2025-01-15,37843.09,BR006,RM_013,Salary
ACC_002262,CUST_02262,Salary,2026-06-19,38380.04,BR001,RM_039,Salary
ACC_002263,CUST_02263,Savings,2026-03-18,10894.67,BR016,RM_100,Savings
ACC_002264,CUST_02264,Current,2021-07-28,94428.07,BR014,RM_080,Current
ACC_002265,CUST_02265,Savings,2021-02-06,61236.05,BR026,RM_051,Savings
ACC_002266,CUST_02266,Salary,2025-09-03,98972.8,BR031,RM_009,Salary
ACC_002267,CUST_02267,Savings,2025-03-27,451.45,BR026,RM_073,Savings
ACC_002268,CUST_02268,Savings,2025-09-17,112638.22,BR005,RM_016,Savings
ACC_002269,CUST_02269,Savings,2025-10-08,3978.19,BR014,RM_036,Savings
ACC_002270,CUST_02270,Savings,2022-01-18,2261075.19,BR026,RM_083,Savings
ACC_002271,CUST_02271,Salary,2024-07-14,10335.07,BR031,RM_051,Salary
ACC_002272,CUST_02272,Savings,2021-09-01,18495.83,BR030,RM_012,Savings
ACC_002273,CUST_02273,Savings,2025-07-29,232070.75,BR013,RM_031,Savings
ACC_002274,CUST_02274,Current,2021-03-22,803.25,BR042,RM_053,Current
ACC_002275,CUST_02275,Current,2024-12-05,11519.39,BR003,RM_029,Current
ACC_002276,CUST_02276,Savings,2022-11-07,3070.6,BR039,RM_089,Savings
ACC_002277,CUST_02277,Savings,2022-08-05,4117.7,BR031,RM_069,Savings
ACC_002278,CUST_02278,Savings,2026-06-06,1179278.28,BR042,RM_077,Savings
ACC_002279,CUST_02279,Salary,2022-03-11,65704.98,BR048,RM_047,Salary
ACC_002280,CUST_02280,Savings,2026-07-17,840.08,BR022,RM_040,Savings
ACC_002281,CUST_02281,Current,2026-04-22,5527.06,BR009,RM_083,Current
ACC_002282,CUST_02282,Savings,2022-08-06,40665.8,BR001,RM_010,Savings
ACC_002283,CUST_02283,Salary,2023-11-07,2437.16,BR028,RM_032,Salary
ACC_002284,CUST_02284,Salary,2023-12-29,60272.45,BR040,RM_041,Salary
ACC_002285,CUST_02285,Savings,2023-01-14,24740.76,BR024,RM_051,Savings
ACC_002286,CUST_02286,Savings,2023-10-29,15255.5,BR002,RM_009,Savings
ACC_002287,CUST_02287,Salary,2023-09-15,57444.67,BR034,RM_075,Salary
ACC_002288,CUST_02288,Current,2025-10-10,142084.43,BR011,RM_058,Current
ACC_002289,CUST_02289,Savings,2022-11-01,13268.42,BR036,RM_068,Savings
ACC_002290,CUST_02290,Savings,2024-10-10,27024.1,BR008,RM_036,Savings
ACC_002291,CUST_02291,Current,2022-10-30,51526.97,BR008,RM_074,Current
ACC_002292,CUST_02292,Savings,2021-02-27,12858.48,BR029,RM_034,Savings
ACC_002293,CUST_02293,Savings,2023-03-03,186965.92,BR042,RM_088,Savings
ACC_002294,CUST_02294,Savings,2026-02-21,4794.99,BR009,RM_021,Savings
ACC_002295,CUST_02295,Current,2023-10-16,111182.69,BR006,RM_098,Current
ACC_002296,CUST_02296,Current,2021-09-02,9539.49,BR025,RM_084,Current
ACC_002297,CUST_02297,Savings,2021-12-06,15476.66,BR029,RM_041,Savings
ACC_002298,CUST_02298,Savings,2021-12-15,5167.22,BR015,RM_012,Savings
ACC_002299,CUST_02299,Savings,2022-10-31,27297.85,BR038,RM_029,Savings
ACC_002300,CUST_02300,Savings,2025-02-09,14612.83,BR028,RM_043,Savings
ACC_002301,CUST_02301,Current,2023-03-31,6031.21,BR047,RM_010,Current
ACC_002302,CUST_02302,Savings,2022-05-14,19687.75,BR027,RM_058,Savings
ACC_002303,CUST_02303,Savings,2025-04-22,18540.83,BR024,RM_025,Savings
ACC_002304,CUST_02304,Salary,2024-01-21,226293.56,BR006,RM_086,Salary
ACC_002305,CUST_02305,Savings,2024-04-24,3609.97,BR020,RM_019,Savings
ACC_002306,CUST_02306,Salary,2025-11-07,3318.33,BR029,RM_067,Salary
ACC_002307,CUST_02307,Savings,2025-10-29,253351.28,BR044,RM_093,Savings
ACC_002308,CUST_02308,Savings,2021-04-03,175815.95,BR006,RM_023,Savings
ACC_002309,CUST_02309,Current,2023-05-23,21166.23,BR043,RM_012,Current
ACC_002310,CUST_02310,Savings,2024-01-19,4901.69,BR047,RM_083,Savings
ACC_002311,CUST_02311,Current,2024-11-21,94576.31,BR050,RM_021,Current
ACC_002312,CUST_02312,Savings,2023-08-24,24929.24,BR045,RM_010,Savings
ACC_002313,CUST_02313,Savings,2023-01-06,108950.11,BR017,RM_058,Savings
ACC_002314,CUST_02314,Savings,2025-04-02,4394.26,BR012,RM_080,Savings
ACC_002315,CUST_02315,Savings,2022-05-20,59375.75,BR009,RM_092,Savings
ACC_002316,CUST_02316,Current,2025-02-27,221609.15,BR027,RM_076,Current
ACC_002317,CUST_02317,Salary,2021-02-28,664035.16,BR040,RM_076,Salary
ACC_002318,CUST_02318,Savings,2025-06-18,6873.73,BR022,RM_015,Savings
ACC_002319,CUST_02319,Savings,2021-04-02,3974.18,BR004,RM_071,Savings
ACC_002320,CUST_02320,Savings,2025-02-21,30367.84,BR037,RM_032,Savings
ACC_002321,CUST_02321,Savings,2025-03-25,65552.71,BR023,RM_009,Savings
ACC_002322,CUST_02322,Savings,2022-01-16,626.69,BR049,RM_017,Savings
ACC_002323,CUST_02323,Savings,2021-11-30,38007.71,BR030,RM_055,Savings
ACC_002324,CUST_02324,Savings,2021-08-19,36723.92,BR050,RM_065,Savings
ACC_002325,CUST_02325,Savings,2023-07-07,4594.0,BR027,RM_048,Savings
ACC_002326,CUST_02326,Savings,2025-04-08,47672.53,BR018,RM_057,Savings
ACC_002327,CUST_02327,Savings,2023-04-11,22192.51,BR035,RM_012,Savings
ACC_002328,CUST_02328,Salary,2022-06-06,80886.01,BR002,RM_098,Salary
ACC_002329,CUST_02329,Savings,2025-01-18,33193.14,BR050,RM_050,Savings
ACC_002330,CUST_02330,Salary,2022-10-27,69135.71,BR036,RM_036,Salary
ACC_002331,CUST_02331,Current,2021-08-01,11330.02,BR032,RM_020,Current
ACC_002332,CUST_02332,Salary,2026-01-10,405338.01,BR006,RM_023,Salary
ACC_002333,CUST_02333,Savings,2023-06-27,5036179.33,BR023,RM_012,Savings
ACC_002334,CUST_02334,Savings,2024-04-24,2783545.87,BR015,RM_055,Savings
ACC_002335,CUST_02335,Savings,2023-06-22,9974.29,BR050,RM_040,Savings
ACC_002336,CUST_02336,Salary,2024-07-31,111596.66,BR047,RM_020,Salary
ACC_002337,CUST_02337,Savings,2025-11-18,270119.83,BR042,RM_094,Savings
ACC_002338,CUST_02338,Savings,2026-03-05,27214.92,BR008,RM_047,Savings
ACC_002339,CUST_02339,Savings,2021-04-10,48533.4,BR036,RM_084,Savings
ACC_002340,CUST_02340,Savings,2022-06-18,3231.34,BR046,RM_082,Savings
ACC_002341,CUST_02341,Current,2021-06-19,53711.24,BR010,RM_035,Current
ACC_002342,CUST_02342,Savings,2025-07-31,15536.41,BR025,RM_014,Savings
ACC_002343,CUST_02343,Salary,2025-05-25,139163.12,BR031,RM_029,Salary
ACC_002344,CUST_02344,Savings,2025-09-03,5317.41,BR035,RM_028,Savings
ACC_002345,CUST_02345,Savings,2022-09-27,1464.56,BR024,RM_040,Savings
ACC_002346,CUST_02346,Savings,2022-12-31,3414.08,BR035,RM_018,Savings
ACC_002347,CUST_02347,Savings,2025-03-19,10998.57,BR021,RM_059,Savings
ACC_002348,CUST_02348,Savings,2021-12-30,21303.28,BR025,RM_006,Savings
ACC_002349,CUST_02349,Current,2023-04-19,680.88,BR047,RM_007,Current
ACC_002350,CUST_02350,Savings,2026-07-25,151000.56,BR027,RM_026,Savings
ACC_002351,CUST_02351,Salary,2025-02-04,3296.47,BR009,RM_036,Salary
ACC_002352,CUST_02352,Savings,2025-04-09,17259.54,BR042,RM_008,Savings
ACC_002353,CUST_02353,Savings,2025-12-31,5557.43,BR006,RM_032,Savings
ACC_002354,CUST_02354,Savings,2024-11-10,9376.21,BR015,RM_065,Savings
ACC_002355,CUST_02355,Savings,2024-07-11,108588.7,BR031,RM_051,Savings
ACC_002356,CUST_02356,Savings,2025-03-22,25852.13,BR042,RM_014,Savings
ACC_002357,CUST_02357,Savings,2021-07-28,19588.63,BR019,RM_057,Savings
ACC_002358,CUST_02358,Savings,2022-09-17,22711.38,BR008,RM_039,Savings
ACC_002359,CUST_02359,Savings,2021-05-23,18279.7,BR045,RM_091,Savings
ACC_002360,CUST_02360,Salary,2025-12-21,1245.47,BR032,RM_073,Salary
ACC_002361,CUST_02361,Current,2022-08-14,19099.85,BR021,RM_041,Current
ACC_002362,CUST_02362,Savings,2021-05-07,170551.73,BR048,RM_084,Savings
ACC_002363,CUST_02363,Savings,2021-02-11,59971.51,BR026,RM_037,Savings
ACC_002364,CUST_02364,Savings,2024-08-26,4508.15,BR045,RM_077,Savings
ACC_002365,CUST_02365,Savings,2024-03-19,35369.95,BR016,RM_018,Savings
ACC_002366,CUST_02366,Salary,2024-08-13,22803.95,BR009,RM_021,Salary
ACC_002367,CUST_02367,Savings,2021-01-27,10667.68,BR040,RM_034,Savings
ACC_002368,CUST_02368,Salary,2024-10-11,11671.72,BR011,RM_048,Salary
ACC_002369,CUST_02369,Savings,2021-08-06,10375.18,BR042,RM_010,Savings
ACC_002370,CUST_02370,Savings,2021-05-20,53443.06,BR049,RM_091,Savings
ACC_002371,CUST_02371,Savings,2025-10-11,441521.53,BR032,RM_038,Savings
ACC_002372,CUST_02372,Salary,2023-02-05,13695.98,BR034,RM_079,Salary
ACC_002373,CUST_02373,Savings,2026-07-27,15896.11,BR006,RM_021,Savings
ACC_002374,CUST_02374,Savings,2023-01-08,45685.04,BR020,RM_091,Savings
ACC_002375,CUST_02375,Savings,2022-01-23,59084.49,BR007,RM_063,Savings
ACC_002376,CUST_02376,Savings,2025-01-18,220962.25,BR028,RM_001,Savings
ACC_002377,CUST_02377,Savings,2024-02-21,48444.04,BR024,RM_017,Savings
ACC_002378,CUST_02378,Salary,2024-03-07,451708.43,BR032,RM_056,Salary
ACC_002379,CUST_02379,Savings,2024-06-10,3974.02,BR025,RM_053,Savings
ACC_002380,CUST_02380,Salary,2024-12-02,1442.62,BR025,RM_089,Salary
ACC_002381,CUST_02381,Savings,2023-03-02,53301.88,BR044,RM_046,Savings
ACC_002382,CUST_02382,Savings,2025-09-25,7277.76,BR005,RM_068,Savings
ACC_002383,CUST_02383,Savings,2026-06-14,3470.65,BR025,RM_028,Savings
ACC_002384,CUST_02384,Savings,2024-07-30,31389.34,BR042,RM_081,Savings
ACC_002385,CUST_02385,Savings,2023-02-10,1044673.86,BR037,RM_077,Savings
ACC_002386,CUST_02386,Savings,2023-10-17,292083.93,BR040,RM_016,Savings
ACC_002387,CUST_02387,Savings,2025-07-10,17951.7,BR049,RM_080,Savings
ACC_002388,CUST_02388,Current,2025-01-15,4106.51,BR034,RM_095,Current
ACC_002389,CUST_02389,Savings,2022-04-25,6413.51,BR047,RM_076,Savings
ACC_002390,CUST_02390,Savings,2021-02-04,13144.67,BR011,RM_088,Savings
ACC_002391,CUST_02391,Savings,2025-08-25,37694.77,BR027,RM_020,Savings
ACC_002392,CUST_02392,Savings,2023-04-04,13094.36,BR017,RM_066,Savings
ACC_002393,CUST_02393,Savings,2023-08-19,13110.06,BR022,RM_085,Savings
ACC_002394,CUST_02394,Savings,2022-10-03,478.28,BR045,RM_089,Savings
ACC_002395,CUST_02395,Savings,2022-11-14,5610.91,BR015,RM_098,Savings
ACC_002396,CUST_02396,Savings,2025-02-18,2423.35,BR012,RM_064,Savings
ACC_002397,CUST_02397,Savings,2025-11-19,64891.8,BR037,RM_007,Savings
ACC_002398,CUST_02398,Savings,2023-08-29,120743.34,BR003,RM_063,Savings
ACC_002399,CUST_02399,Current,2021-12-08,3280.71,BR006,RM_024,Current
ACC_002400,CUST_02400,Savings,2023-11-20,35081.38,BR034,RM_036,Savings
ACC_002401,CUST_02401,Savings,2021-11-18,29150.72,BR031,RM_025,Savings
ACC_002402,CUST_02402,Savings,2024-07-10,101709.2,BR038,RM_098,Savings
ACC_002403,CUST_02403,Salary,2022-01-26,816.49,BR019,RM_075,Salary
ACC_002404,CUST_02404,Savings,2022-02-17,11278.03,BR040,RM_031,Savings
ACC_002405,CUST_02405,Savings,2022-12-26,148668.39,BR020,RM_090,Savings
ACC_002406,CUST_02406,Savings,2023-02-09,6081.93,BR028,RM_025,Savings
ACC_002407,CUST_02407,Current,2024-05-17,9700.79,BR036,RM_027,Current
ACC_002408,CUST_02408,Savings,2024-08-03,30398.23,BR044,RM_019,Savings
ACC_002409,CUST_02409,Salary,2024-06-15,2245.02,BR032,RM_082,Salary
ACC_002410,CUST_02410,Savings,2023-02-15,38731.46,BR041,RM_034,Savings
ACC_002411,CUST_02411,Savings,2023-10-09,24327.12,BR003,RM_014,Savings
ACC_002412,CUST_02412,Savings,2023-12-31,12955.37,BR046,RM_055,Savings
ACC_002413,CUST_02413,Salary,2022-09-18,4552.71,BR002,RM_086,Salary
ACC_002414,CUST_02414,Savings,2025-09-01,101843.74,BR004,RM_063,Savings
ACC_002415,CUST_02415,Salary,2021-10-27,3293.37,BR040,RM_069,Salary
ACC_002416,CUST_02416,Savings,2022-11-07,81341.14,BR036,RM_094,Savings
ACC_002417,CUST_02417,Savings,2022-05-30,17716.33,BR046,RM_073,Savings
ACC_002418,CUST_02418,Savings,2024-02-15,4515.78,BR030,RM_062,Savings
ACC_002419,CUST_02419,Savings,2025-08-09,39939.62,BR026,RM_088,Savings
ACC_002420,CUST_02420,Savings,2021-07-29,42395.88,BR007,RM_016,Savings
ACC_002421,CUST_02421,Savings,2022-11-24,5494.63,BR021,RM_005,Savings
ACC_002422,CUST_02422,Savings,2021-08-02,23346.11,BR016,RM_037,Savings
ACC_002423,CUST_02423,Savings,2023-02-02,37606.1,BR001,RM_100,Savings
ACC_002424,CUST_02424,Savings,2025-06-27,97331.42,BR040,RM_063,Savings
ACC_002425,CUST_02425,Current,2023-07-07,7088.79,BR034,RM_036,Current
ACC_002426,CUST_02426,Salary,2021-06-21,10651.93,BR002,RM_078,Salary
ACC_002427,CUST_02427,Savings,2022-01-18,43481.24,BR002,RM_007,Savings
ACC_002428,CUST_02428,Savings,2023-04-02,47814.69,BR023,RM_039,Savings
ACC_002429,CUST_02429,Savings,2021-06-05,55440.71,BR015,RM_065,Savings
ACC_002430,CUST_02430,Savings,2026-04-21,7873.83,BR038,RM_095,Savings
ACC_002431,CUST_02431,Savings,2024-04-23,10588.79,BR032,RM_062,Savings
ACC_002432,CUST_02432,Savings,2022-01-08,1883.5,BR035,RM_096,Savings
ACC_002433,CUST_02433,Salary,2025-07-29,10963.92,BR017,RM_097,Salary
ACC_002434,CUST_02434,Savings,2024-05-02,586377.71,BR047,RM_060,Savings
ACC_002435,CUST_02435,Savings,2024-02-20,23787.58,BR027,RM_013,Savings
ACC_002436,CUST_02436,Savings,2023-05-16,5884.19,BR017,RM_064,Savings
ACC_002437,CUST_02437,Savings,2022-08-25,21914.05,BR016,RM_091,Savings
ACC_002438,CUST_02438,Current,2025-07-02,129796.18,BR014,RM_094,Current
ACC_002439,CUST_02439,Savings,2024-06-14,21335.39,BR008,RM_024,Savings
ACC_002440,CUST_02440,Savings,2022-12-07,1527.55,BR008,RM_090,Savings
ACC_002441,CUST_02441,Salary,2025-02-17,29515.59,BR045,RM_023,Salary
ACC_002442,CUST_02442,Savings,2024-06-13,18376.93,BR007,RM_081,Savings
ACC_002443,CUST_02443,Current,2024-02-08,9270.47,BR031,RM_084,Current
ACC_002444,CUST_02444,Salary,2022-04-24,45255.72,BR021,RM_075,Salary
ACC_002445,CUST_02445,Savings,2025-11-04,9864.38,BR003,RM_004,Savings
ACC_002446,CUST_02446,Savings,2023-03-28,1369271.83,BR004,RM_094,Savings
ACC_002447,CUST_02447,Savings,2026-06-17,3431.53,BR006,RM_044,Savings
ACC_002448,CUST_02448,Savings,2026-06-03,4210.58,BR006,RM_050,Savings
ACC_002449,CUST_02449,Savings,2024-03-27,7621.19,BR044,RM_009,Savings
ACC_002450,CUST_02450,Salary,2023-12-15,12344.19,BR015,RM_067,Salary
ACC_002451,CUST_02451,Savings,2023-07-04,30707.44,BR016,RM_019,Savings
ACC_002452,CUST_02452,Salary,2022-08-14,8054.33,BR035,RM_094,Salary
ACC_002453,CUST_02453,Savings,2024-11-18,17157.02,BR016,RM_075,Savings
ACC_002454,CUST_02454,Savings,2026-01-18,23044.31,BR048,RM_086,Savings
ACC_002455,CUST_02455,Savings,2026-02-05,50364.31,BR021,RM_002,Savings
ACC_002456,CUST_02456,Savings,2024-07-17,23373.8,BR050,RM_041,Savings
ACC_002457,CUST_02457,Current,2023-12-28,30275.8,BR019,RM_049,Current
ACC_002458,CUST_02458,Savings,2022-09-23,43191.86,BR027,RM_056,Savings
ACC_002459,CUST_02459,Savings,2026-04-16,1064.06,BR038,RM_025,Savings
ACC_002460,CUST_02460,Salary,2025-01-16,5255.22,BR041,RM_041,Salary
ACC_002461,CUST_02461,Savings,2021-07-31,786964.97,BR019,RM_045,Savings
ACC_002462,CUST_02462,Savings,2025-01-10,22850.45,BR002,RM_088,Savings
ACC_002463,CUST_02463,Savings,2024-12-10,2357.6,BR009,RM_080,Savings
ACC_002464,CUST_02464,Current,2024-04-14,19181.43,BR001,RM_081,Current
ACC_002465,CUST_02465,Savings,2024-12-16,38910.77,BR041,RM_005,Savings
ACC_002466,CUST_02466,Savings,2025-05-03,4120.58,BR047,RM_003,Savings
ACC_002467,CUST_02467,Savings,2022-03-08,12512.95,BR009,RM_058,Savings
ACC_002468,CUST_02468,Salary,2022-03-26,30200.23,BR009,RM_080,Salary
ACC_002469,CUST_02469,Current,2024-01-19,28258.13,BR047,RM_048,Current
ACC_002470,CUST_02470,Savings,2022-05-07,4667.13,BR027,RM_089,Savings
ACC_002471,CUST_02471,Savings,2023-01-23,229731.57,BR015,RM_092,Savings
ACC_002472,CUST_02472,Savings,2025-10-15,57984.13,BR001,RM_013,Savings
ACC_002473,CUST_02473,Salary,2021-07-27,6249.08,BR002,RM_029,Salary
ACC_002474,CUST_02474,Savings,2021-11-15,29379.18,BR018,RM_045,Savings
ACC_002475,CUST_02475,Savings,2024-02-18,28640.61,BR002,RM_087,Savings
ACC_002476,CUST_02476,Savings,2024-12-02,31295.76,BR021,RM_069,Savings
ACC_002477,CUST_02477,Salary,2024-09-27,40120.36,BR027,RM_041,Salary
ACC_002478,CUST_02478,Savings,2021-02-02,32776.07,BR021,RM_066,Savings
ACC_002479,CUST_02479,Salary,2022-06-04,261581.62,BR041,RM_093,Salary
ACC_002480,CUST_02480,Savings,2026-12-06,647.8,BR040,RM_001,Savings
ACC_002481,CUST_02481,Savings,2022-06-04,5196.93,BR050,RM_083,Savings
ACC_002482,CUST_02482,Current,2022-01-30,1181437.48,BR028,RM_054,Current
ACC_002483,CUST_02483,Savings,2021-08-26,6699.94,BR002,RM_074,Savings
ACC_002484,CUST_02484,Savings,2023-01-16,40381.7,BR030,RM_037,Savings
ACC_002485,CUST_02485,Savings,2022-01-16,669594.53,BR011,RM_043,Savings
ACC_002486,CUST_02486,Current,2022-12-24,23631.08,BR013,RM_036,Current
ACC_002487,CUST_02487,Savings,2022-04-06,17536.17,BR029,RM_015,Savings
ACC_002488,CUST_02488,Savings,2022-07-06,39870.14,BR020,RM_039,Savings
ACC_002489,CUST_02489,Savings,2021-11-20,99363.92,BR039,RM_029,Savings
ACC_002490,CUST_02490,Savings,2022-09-03,19181.03,BR042,RM_075,Savings
ACC_002491,CUST_02491,Salary,2025-05-10,5107.19,BR040,RM_090,Salary
ACC_002492,CUST_02492,Savings,2025-06-28,1248.82,BR047,RM_021,Savings
ACC_002493,CUST_02493,Savings,2024-07-13,5025.6,BR012,RM_072,Savings
ACC_002494,CUST_02494,Savings,2024-09-05,38731.96,BR014,RM_081,Savings
ACC_002495,CUST_02495,Savings,2022-09-14,71205.82,BR033,RM_067,Savings
ACC_002496,CUST_02496,Savings,2026-05-10,5377.68,BR011,RM_042,Savings
ACC_002497,CUST_02497,Salary,2024-10-04,7710.99,BR042,RM_054,Salary
ACC_002498,CUST_02498,Salary,2022-04-14,1213584.04,BR018,RM_029,Salary
ACC_002499,CUST_02499,Savings,2023-08-22,7538.18,BR034,RM_075,Savings
ACC_002500,CUST_02500,Salary,2023-11-30,24997.09,BR022,RM_021,Salary
ACC_002501,CUST_02501,Savings,2026-06-19,12841.02,BR044,RM_055,Savings
ACC_002502,CUST_02502,Current,2022-12-27,17433.61,BR045,RM_013,Current
ACC_002503,CUST_02503,Savings,2023-08-12,51354.91,BR047,RM_027,Savings
ACC_002504,CUST_02504,Savings,2026-01-05,96738.36,BR045,RM_048,Savings
ACC_002505,CUST_02505,Salary,2021-07-22,6183.95,BR046,RM_009,Salary
ACC_002506,CUST_02506,Salary,2025-12-21,34943.51,BR025,RM_071,Salary
ACC_002507,CUST_02507,Salary,2025-11-26,75213.74,BR047,RM_046,Salary
ACC_002508,CUST_02508,Savings,2022-09-10,105256.68,BR013,RM_074,Savings
ACC_002509,CUST_02509,Salary,2025-10-02,18066.35,BR041,RM_084,Salary
ACC_002510,CUST_02510,Savings,2023-11-24,546410.8,BR027,RM_037,Savings
ACC_002511,CUST_02511,Savings,2023-07-16,78159.51,BR006,RM_047,Savings
ACC_002512,CUST_02512,Current,2025-05-27,1709210.67,BR004,RM_027,Current
ACC_002513,CUST_02513,Savings,2021-11-17,72716.93,BR002,RM_053,Savings
ACC_002514,CUST_02514,Savings,2025-12-15,37276.36,BR002,RM_093,Savings
ACC_002515,CUST_02515,Current,2026-07-05,12131.97,BR039,RM_022,Current
ACC_002516,CUST_02516,Savings,2022-07-05,39428.0,BR021,RM_011,Savings
ACC_002517,CUST_02517,Current,2024-01-01,6913.87,BR029,RM_045,Current
ACC_002518,CUST_02518,Savings,2025-03-07,18327.65,BR027,RM_070,Savings
ACC_002519,CUST_02519,Salary,2024-05-23,18054.55,BR006,RM_078,Salary
ACC_002520,CUST_02520,Current,2024-07-21,289958.51,BR001,RM_071,Current
ACC_002521,CUST_02521,Savings,2023-03-13,22086.17,BR025,RM_014,Savings
ACC_002522,CUST_02522,Salary,2024-09-15,30766.56,BR027,RM_090,Salary
ACC_002523,CUST_02523,Salary,2022-11-08,5134.73,BR044,RM_095,Salary
ACC_002524,CUST_02524,Current,2025-08-02,155557.44,BR005,RM_099,Current
ACC_002525,CUST_02525,Current,2024-01-12,372874.87,BR040,RM_027,Current
ACC_002526,CUST_02526,Savings,2025-09-05,41903.0,BR049,RM_045,Savings
ACC_002527,CUST_02527,Savings,2025-05-06,28656.92,BR015,RM_060,Savings
ACC_002528,CUST_02528,Salary,2021-07-19,7784.97,BR024,RM_099,Salary
ACC_002529,CUST_02529,Savings,2021-04-14,2996.38,BR040,RM_020,Savings
ACC_002530,CUST_02530,Savings,2025-02-12,43082.44,BR043,RM_025,Savings
ACC_002531,CUST_02531,Salary,2025-06-19,13146.55,BR005,RM_027,Salary
ACC_002532,CUST_02532,Savings,2021-02-27,11210.54,BR036,RM_068,Savings
ACC_002533,CUST_02533,Savings,2026-01-03,12194.05,BR045,RM_095,Savings
ACC_002534,CUST_02534,Current,2021-10-03,927.64,BR019,RM_063,Current
ACC_002535,CUST_02535,Savings,2023-11-06,75322.48,BR015,RM_026,Savings
ACC_002536,CUST_02536,Savings,2025-06-26,15512.62,BR033,RM_036,Savings
ACC_002537,CUST_02537,Savings,2023-06-17,3740.67,BR045,RM_014,Savings
ACC_002538,CUST_02538,Salary,2021-03-15,10807.08,BR046,RM_031,Salary
ACC_002539,CUST_02539,Savings,2023-05-28,23639.39,BR039,RM_053,Savings
ACC_002540,CUST_02540,Savings,2024-06-03,3637.03,BR007,RM_022,Savings
ACC_002541,CUST_02541,Savings,2022-02-02,87005.24,BR048,RM_024,Savings
ACC_002542,CUST_02542,Savings,2023-05-16,10599.02,BR041,RM_071,Savings
ACC_002543,CUST_02543,Salary,2026-03-27,5035.94,BR003,RM_010,Salary
ACC_002544,CUST_02544,Savings,2023-05-22,9097.63,BR032,RM_088,Savings
ACC_002545,CUST_02545,Salary,2024-12-07,7827.59,BR046,RM_006,Salary
ACC_002546,CUST_02546,Savings,2022-03-01,20140.77,BR004,RM_093,Savings
ACC_002547,CUST_02547,Savings,2026-01-14,7757.34,BR036,RM_036,Savings
ACC_002548,CUST_02548,Current,2023-01-26,11034.53,BR037,RM_018,Current
ACC_002549,CUST_02549,Savings,2024-02-10,5482.97,BR006,RM_010,Savings
ACC_002550,CUST_02550,Current,2025-01-24,238000.0,BR017,RM_039,Current
ACC_002551,CUST_02551,Savings,2022-04-16,3710.24,BR004,RM_042,Savings
ACC_002552,CUST_02552,Savings,2022-04-28,22727.77,BR017,RM_043,Savings
ACC_002553,CUST_02553,Current,2024-09-27,29518.91,BR033,RM_094,Current
ACC_002554,CUST_02554,Savings,2024-12-24,348782.44,BR008,RM_082,Savings
ACC_002555,CUST_02555,Savings,2021-12-16,50493.86,BR010,RM_056,Savings
ACC_002556,CUST_02556,Current,2023-08-04,100651.17,BR021,RM_004,Current
ACC_002557,CUST_02557,Current,2026-06-29,34805.68,BR022,RM_009,Current
ACC_002558,CUST_02558,Current,2023-04-09,61240.8,BR049,RM_023,Current
ACC_002559,CUST_02559,Savings,2021-11-19,101400.42,BR024,RM_096,Savings
ACC_002560,CUST_02560,Current,2023-11-11,28184.91,BR026,RM_004,Current
ACC_002561,CUST_02561,Savings,2026-04-07,3962.4,BR041,RM_042,Savings
ACC_002562,CUST_02562,Savings,2022-04-11,36443.43,BR019,RM_028,Savings
ACC_002563,CUST_02563,Savings,2025-09-25,4236.89,BR001,RM_066,Savings
ACC_002564,CUST_02564,Savings,2025-09-18,111470.82,BR043,RM_035,Savings
ACC_002565,CUST_02565,Savings,2024-07-10,45966.16,BR029,RM_067,Savings
ACC_002566,CUST_02566,Current,2021-09-04,86081.47,BR037,RM_093,Current
ACC_002567,CUST_02567,Savings,2021-11-30,66627.64,BR049,RM_076,Savings
ACC_002568,CUST_02568,Salary,2022-01-30,187063.48,BR038,RM_071,Salary
ACC_002569,CUST_02569,Savings,2021-12-16,62350.35,BR045,RM_038,Savings
ACC_002570,CUST_02570,Savings,2022-11-22,121362.57,BR017,RM_060,Savings
ACC_002571,CUST_02571,Current,2021-06-20,2103.43,BR015,RM_010,Current
ACC_002572,CUST_02572,Savings,2021-12-20,1985.75,BR009,RM_090,Savings
ACC_002573,CUST_02573,Savings,2024-10-20,24149.93,BR028,RM_023,Savings
ACC_002574,CUST_02574,Savings,2021-04-04,7598.65,BR027,RM_030,Savings
ACC_002575,CUST_02575,Savings,2025-01-19,14484.78,BR025,RM_068,Savings
ACC_002576,CUST_02576,Current,2025-02-10,272749.74,BR039,RM_028,Current
ACC_002577,CUST_02577,Savings,2025-06-12,12121.69,BR021,RM_030,Savings
ACC_002578,CUST_02578,Savings,2023-08-19,25782.0,BR001,RM_092,Savings
ACC_002579,CUST_02579,Savings,2024-03-11,6232.97,BR005,RM_040,Savings
ACC_002580,CUST_02580,Salary,2023-11-26,4523.79,BR027,RM_045,Salary
ACC_002581,CUST_02581,Savings,2025-08-18,107156.02,BR045,RM_013,Savings
ACC_002582,CUST_02582,Savings,2026-01-08,3562.02,BR044,RM_048,Savings
ACC_002583,CUST_02583,Savings,2025-05-20,20285.27,BR033,RM_082,Savings
ACC_002584,CUST_02584,Current,2024-12-17,58072.25,BR018,RM_061,Current
ACC_002585,CUST_02585,Current,2023-11-05,1829.82,BR027,RM_013,Current
ACC_002586,CUST_02586,Salary,2024-10-23,9325.0,BR042,RM_070,Salary
ACC_002587,CUST_02587,Savings,2024-10-17,147526.24,BR026,RM_067,Savings
ACC_002588,CUST_02588,Salary,2021-08-17,100695.21,BR024,RM_082,Salary
ACC_002589,CUST_02589,Salary,2022-01-20,721565.46,BR013,RM_012,Salary
ACC_002590,CUST_02590,Savings,2021-06-07,14926.14,BR047,RM_096,Savings
ACC_002591,CUST_02591,Current,2025-08-11,20436.35,BR020,RM_091,Current
ACC_002592,CUST_02592,Savings,2024-06-22,-3937.12,BR006,RM_006,Savings
ACC_002593,CUST_02593,Savings,2025-01-08,54446.2,BR046,RM_047,Savings
ACC_002594,CUST_02594,Savings,2021-06-01,11928.13,BR010,RM_079,Savings
ACC_002595,CUST_02595,Savings,2022-10-17,80300.37,BR019,RM_081,Savings
ACC_002596,CUST_02596,Savings,2023-12-04,25985.43,BR042,RM_024,Savings
ACC_002597,CUST_02597,Salary,2022-01-09,8717.44,BR038,RM_064,Salary
ACC_002598,CUST_02598,Savings,2024-01-31,413.9,BR013,RM_072,Savings
ACC_002599,CUST_02599,Savings,2021-08-23,471619.92,BR002,RM_054,Savings
ACC_002600,CUST_02600,Savings,2023-12-25,10637.22,BR037,RM_041,Savings
ACC_002601,CUST_02601,Current,2022-06-14,6551.48,BR047,RM_004,Current
ACC_002602,CUST_02602,Savings,2024-01-03,21617.54,BR048,RM_073,Savings
ACC_002603,CUST_02603,Current,2021-07-06,4106.49,BR043,RM_024,Current
ACC_002604,CUST_02604,Current,2021-02-06,6010.12,BR029,RM_040,Current
ACC_002605,CUST_02605,Savings,2022-12-23,5211.61,BR003,RM_074,Savings
ACC_002606,CUST_02606,Current,2025-02-07,4399437.71,BR028,RM_077,Current
ACC_002607,CUST_02607,Salary,2024-01-23,819652.98,BR013,RM_036,Salary
ACC_002608,CUST_02608,Savings,2024-09-14,48308.63,BR028,RM_002,Savings
ACC_002609,CUST_02609,Salary,2025-02-20,17049.48,BR004,RM_053,Salary
ACC_002610,CUST_02610,Savings,2024-10-27,29181.42,BR020,RM_068,Savings
ACC_002611,CUST_02611,Savings,2021-03-24,146980.08,BR003,RM_007,Savings
ACC_002612,CUST_02612,Savings,2023-05-07,9529.05,BR040,RM_012,Savings
ACC_002613,CUST_02613,Salary,2022-02-24,56426.79,BR018,RM_098,Salary
ACC_002614,CUST_02614,Salary,2023-12-08,925633.97,BR034,RM_021,Salary
ACC_002615,CUST_02615,Savings,2025-10-12,96144.41,BR028,RM_034,Savings
ACC_002616,CUST_02616,Salary,2024-03-01,151837.4,BR043,RM_074,Salary
ACC_002617,CUST_02617,Savings,2021-12-24,67761.55,BR016,RM_041,Savings
ACC_002618,CUST_02618,Savings,2024-01-31,54168.49,BR038,RM_080,Savings
ACC_002619,CUST_02619,Current,2025-03-28,68514.07,BR008,RM_091,Current
ACC_002620,CUST_02620,Savings,2025-03-20,10046.54,BR021,RM_094,Savings
ACC_002621,CUST_02621,Current,2025-09-22,425524.43,BR002,RM_050,Current
ACC_002622,CUST_02622,Savings,2025-10-18,4939.41,BR008,RM_054,Savings
ACC_002623,CUST_02623,Savings,2022-03-18,84700.91,BR023,RM_012,Savings
ACC_002624,CUST_02624,Salary,2022-04-30,189151.21,BR050,RM_065,Salary
ACC_002625,CUST_02625,Salary,2025-09-18,21290.37,BR020,RM_003,Salary
ACC_002626,CUST_02626,Savings,2026-05-04,5311.57,BR032,RM_009,Savings
ACC_002627,CUST_02627,Salary,2026-06-20,4622.68,BR044,RM_086,Salary
ACC_002628,CUST_02628,Savings,2026-01-19,2070.57,BR003,RM_023,Savings
ACC_002629,CUST_02629,Savings,2022-11-09,11385.38,BR015,RM_049,Savings
ACC_002630,CUST_02630,Salary,2025-12-23,34462.2,BR013,RM_004,Salary
ACC_002631,CUST_02631,Salary,2022-08-04,67418.34,BR042,RM_017,Salary
ACC_002632,CUST_02632,Savings,2025-05-25,68339.86,BR038,RM_067,Savings
ACC_002633,CUST_02633,Savings,2025-04-09,19154.93,BR022,RM_088,Savings
ACC_002634,CUST_02634,Savings,2025-04-23,3937.44,BR002,RM_071,Savings
ACC_002635,CUST_02635,Current,2021-11-26,63957.85,BR047,RM_098,Current
ACC_002636,CUST_02636,Savings,2025-06-11,22013.53,BR021,RM_076,Savings
ACC_002637,CUST_02637,Salary,2022-09-20,58015.29,BR034,RM_048,Salary
ACC_002638,CUST_02638,Salary,2022-08-05,58577.86,BR029,RM_053,Salary
ACC_002639,CUST_02639,Salary,2024-04-29,21980.55,BR015,RM_024,Salary
ACC_002640,CUST_02640,Salary,2024-02-23,291158.69,BR021,RM_043,Salary
ACC_002641,CUST_02641,Salary,2026-07-02,118710.64,BR030,RM_039,Salary
ACC_002642,CUST_02642,Savings,2021-04-26,324574.08,BR047,RM_083,Savings
ACC_002643,CUST_02643,Savings,2021-11-10,135449.8,BR003,RM_025,Savings
ACC_002644,CUST_02644,Savings,2022-02-17,614414.09,BR036,RM_003,Savings
ACC_002645,CUST_02645,Savings,2024-12-23,1155.94,BR012,RM_025,Savings
ACC_002646,CUST_02646,Savings,2024-01-14,6533.96,BR029,RM_016,Savings
ACC_002647,CUST_02647,Current,2021-10-31,16884.13,BR036,RM_001,Current
ACC_002648,CUST_02648,Savings,2025-07-05,24856.69,BR007,RM_081,Savings
ACC_002649,CUST_02649,Savings,2025-06-22,34486.19,BR040,RM_085,Savings
ACC_002650,CUST_02650,Savings,2023-04-15,17574.78,BR004,RM_092,Savings
ACC_002651,CUST_02651,Savings,2025-09-13,9311.08,BR008,RM_015,Savings
ACC_002652,CUST_02652,Salary,2024-06-22,208837.68,BR036,RM_029,Salary
ACC_002653,CUST_02653,Salary,2021-12-07,14409.64,BR011,RM_079,Salary
ACC_002654,CUST_02654,Savings,2022-05-02,26828.54,BR013,RM_002,Savings
ACC_002655,CUST_02655,Savings,2024-03-25,63369.68,BR039,RM_015,Savings
ACC_002656,CUST_02656,Current,2022-01-06,30399.06,BR037,RM_045,Current
ACC_002657,CUST_02657,Salary,2023-03-27,8985.56,BR026,RM_006,Salary
ACC_002658,CUST_02658,Salary,2021-07-09,100966.56,BR028,RM_079,Salary
ACC_002659,CUST_02659,Savings,2022-08-05,68585.12,BR016,RM_054,Savings
ACC_002660,CUST_02660,Savings,2026-05-11,6068.57,BR029,RM_015,Savings
ACC_002661,CUST_02661,Savings,2021-02-08,13868.98,BR028,RM_097,Savings
ACC_002662,CUST_02662,Salary,2023-04-24,12020.3,BR032,RM_060,Salary
ACC_002663,CUST_02663,Savings,2021-04-16,6646.12,BR025,RM_046,Savings
ACC_002664,CUST_02664,Salary,2021-04-09,7714.23,BR031,RM_096,Salary
ACC_002665,CUST_02665,Salary,2021-06-17,58143.33,BR020,RM_072,Salary
ACC_002666,CUST_02666,Savings,2024-07-21,8462.89,BR031,RM_088,Savings
ACC_002667,CUST_02667,Savings,2025-11-07,37059.94,BR045,RM_012,Savings
ACC_002668,CUST_02668,Savings,2025-12-18,69256.99,BR003,RM_093,Savings
ACC_002669,CUST_02669,Savings,2022-05-18,184773.27,BR004,RM_020,Savings
ACC_002670,CUST_02670,Savings,2025-12-02,19769.39,BR014,RM_048,Savings
ACC_002671,CUST_02671,Savings,2021-09-10,25524.48,BR009,RM_071,Savings
ACC_002672,CUST_02672,Savings,2026-05-08,3928.55,BR045,RM_077,Savings
ACC_002673,CUST_02673,Current,2025-04-09,11909.0,BR034,RM_027,Current
ACC_002674,CUST_02674,Savings,2022-03-31,8960.03,BR038,RM_027,Savings
ACC_002675,CUST_02675,Salary,2024-01-15,130599.1,BR012,RM_066,Salary
ACC_002676,CUST_02676,Savings,2026-05-19,5081.5,BR001,RM_096,Savings
ACC_002677,CUST_02677,Current,2023-04-19,112900.62,BR015,RM_088,Current
ACC_002678,CUST_02678,Current,2025-09-14,14557.74,BR036,RM_078,Current
ACC_002679,CUST_02679,Savings,2026-02-25,17000.25,BR049,RM_095,Savings
ACC_002680,CUST_02680,Savings,2021-07-27,16587.83,BR040,RM_066,Savings
ACC_002681,CUST_02681,Salary,2026-03-19,15405.81,BR006,RM_007,Salary
ACC_002682,CUST_02682,Savings,2022-04-19,5191.27,BR025,RM_053,Savings
ACC_002683,CUST_02683,Savings,2024-09-06,36811.44,BR040,RM_027,Savings
ACC_002684,CUST_02684,Savings,2024-07-25,5915.2,BR022,RM_076,Savings
ACC_002685,CUST_02685,Salary,2024-12-31,61040.59,BR015,RM_044,Salary
ACC_002686,CUST_02686,Savings,2022-11-16,43002.04,BR003,RM_098,Savings
ACC_002687,CUST_02687,Savings,2021-08-08,20560.25,BR035,RM_024,Savings
ACC_002688,CUST_02688,Salary,2024-08-28,74463.56,BR047,RM_042,Salary
ACC_002689,CUST_02689,Savings,2024-09-20,59496.06,BR021,RM_017,Savings
ACC_002690,CUST_02690,Savings,2021-07-06,6724.83,BR046,RM_069,Savings
ACC_002691,CUST_02691,Current,2026-07-22,139994.63,BR002,RM_021,Current
ACC_002692,CUST_02692,Savings,2023-09-18,30221.25,BR029,RM_100,Savings
ACC_002693,CUST_02693,Savings,2022-02-15,1507388.48,BR048,RM_019,Savings
ACC_002694,CUST_02694,Current,2023-06-06,10606.89,BR015,RM_062,Current
ACC_002695,CUST_02695,Savings,2026-06-14,1722.73,BR037,RM_039,Savings
ACC_002696,CUST_02696,Savings,2025-06-15,93869.7,BR009,RM_026,Savings
ACC_002697,CUST_02697,Savings,2023-03-01,7453.4,BR026,RM_018,Savings
ACC_002698,CUST_02698,Savings,2024-04-21,42268.63,BR006,RM_007,Savings
ACC_002699,CUST_02699,Current,2023-11-21,8762.22,BR014,RM_045,Current
ACC_002700,CUST_02700,Savings,2022-01-15,310.6,BR017,RM_056,Savings
ACC_002701,CUST_02701,Savings,2025-11-03,16878.01,BR015,RM_001,Savings
ACC_002702,CUST_02702,Savings,2022-06-04,9954.69,BR009,RM_097,Savings
ACC_002703,CUST_02703,Savings,2021-06-20,28157.54,BR009,RM_077,Savings
ACC_002704,CUST_02704,Savings,2026-03-11,23209.57,BR033,RM_095,Savings
ACC_002705,CUST_02705,Current,2021-09-18,187611.92,BR029,RM_031,Current
ACC_002706,CUST_02706,Salary,2024-07-23,2063.48,BR005,RM_086,Salary
ACC_002707,CUST_02707,Salary,2022-11-24,216143.08,BR032,RM_020,Salary
ACC_002708,CUST_02708,Savings,2021-04-05,216240.13,BR026,RM_030,Savings
ACC_002709,CUST_02709,Savings,2022-09-15,8293.46,BR045,RM_043,Savings
ACC_002710,CUST_02710,Savings,2022-01-22,180629.21,BR024,RM_019,Savings
ACC_002711,CUST_02711,Savings,2022-06-29,20932.37,BR009,RM_055,Savings
ACC_002712,CUST_02712,Savings,2021-07-24,23349.79,BR041,RM_039,Savings
ACC_002713,CUST_02713,Savings,2024-09-07,59355.21,BR007,RM_033,Savings
ACC_002714,CUST_02714,Savings,2024-01-19,9772.77,BR027,RM_094,Savings
ACC_002715,CUST_02715,Savings,2022-03-14,16128.76,BR001,RM_096,Savings
ACC_002716,CUST_02716,Savings,2021-02-20,13033.38,BR044,RM_004,Savings
ACC_002717,CUST_02717,Savings,2021-08-30,9159.23,BR027,RM_099,Savings
ACC_002718,CUST_02718,Savings,2024-09-29,462485.64,BR048,RM_057,Savings
ACC_002719,CUST_02719,Savings,2025-10-21,179568.82,BR002,RM_054,Savings
ACC_002720,CUST_02720,Savings,2021-04-03,41988.67,BR010,RM_006,Savings
ACC_002721,CUST_02721,Current,2022-01-25,22140.28,BR005,RM_056,Current
ACC_002722,CUST_02722,Savings,2023-11-07,1219021.92,BR021,RM_031,Savings
ACC_002723,CUST_02723,Savings,2025-07-21,74339.19,BR009,RM_090,Savings
ACC_002724,CUST_02724,Current,2024-10-20,3640.09,BR027,RM_086,Current
ACC_002725,CUST_02725,Current,2023-07-21,5676.82,BR009,RM_097,Current
ACC_002726,CUST_02726,Savings,2021-01-30,99184.35,BR031,RM_043,Savings
ACC_002727,CUST_02727,Savings,2024-11-08,70079.09,BR008,RM_092,Savings
ACC_002728,CUST_02728,Current,2024-01-23,111987.35,BR014,RM_079,Current
ACC_002729,CUST_02729,Savings,2025-07-20,85963.31,BR045,RM_005,Savings
ACC_002730,CUST_02730,Salary,2023-08-10,182993.65,BR006,RM_051,Salary
ACC_002731,CUST_02731,Savings,2025-04-12,12338.95,BR024,RM_061,Savings
ACC_002732,CUST_02732,Current,2022-12-20,78564.11,BR039,RM_067,Current
ACC_002733,CUST_02733,Current,2025-07-30,10708.05,BR021,RM_011,Current
ACC_002734,CUST_02734,Savings,2026-01-04,13258.02,BR033,RM_084,Savings
ACC_002735,CUST_02735,Savings,2025-02-09,50703.17,BR040,RM_098,Savings
ACC_002736,CUST_02736,Savings,2025-08-29,22136.21,BR015,RM_079,Savings
ACC_002737,CUST_02737,Savings,2025-08-06,8229.41,BR041,RM_040,Savings
ACC_002738,CUST_02738,Savings,2022-06-14,5848.83,BR014,RM_055,Savings
ACC_002739,CUST_02739,Savings,2024-12-08,2670.15,BR046,RM_047,Savings
ACC_002740,CUST_02740,Savings,2025-01-21,87466.97,BR016,RM_013,Savings
ACC_002741,CUST_02741,Savings,2021-08-26,48995.24,BR037,RM_093,Savings
ACC_002742,CUST_02742,Savings,2022-06-15,173973.27,BR043,RM_016,Savings
ACC_002743,CUST_02743,Savings,2024-07-29,21284.74,BR015,RM_051,Savings
ACC_002744,CUST_02744,Savings,2024-11-01,13288.94,BR011,RM_072,Savings
ACC_002745,CUST_02745,Savings,2025-06-07,2733.37,BR028,RM_067,Savings
ACC_002746,CUST_02746,Savings,2022-02-02,33405.79,BR001,RM_098,Savings
ACC_002747,CUST_02747,Savings,2023-09-07,5717.68,BR019,RM_086,Savings
ACC_002748,CUST_02748,Savings,2021-11-25,34438.52,BR025,RM_074,Savings
ACC_002749,CUST_02749,Savings,2023-12-16,31549.38,BR012,RM_051,Savings
ACC_002750,CUST_02750,Savings,2023-10-27,3228.06,BR034,RM_087,Savings
ACC_002751,CUST_02751,Savings,2023-07-30,41549.26,BR011,RM_052,Savings
ACC_002752,CUST_02752,Savings,2025-06-04,84325.6,BR003,RM_092,Savings
ACC_002753,CUST_02753,Savings,2021-10-03,203847.55,BR024,RM_061,Savings
ACC_002754,CUST_02754,Savings,2022-09-26,22998.45,BR002,RM_042,Savings
ACC_002755,CUST_02755,Current,2025-07-21,10648.49,BR015,RM_048,Current
ACC_002756,CUST_02756,Current,2023-10-14,7277.77,BR033,RM_086,Current
ACC_002757,CUST_02757,Savings,2021-05-20,900069.83,BR037,RM_069,Savings
ACC_002758,CUST_02758,Savings,2022-07-06,1173.23,BR024,RM_067,Savings
ACC_002759,CUST_02759,Salary,2021-11-25,12574.0,BR043,RM_065,Salary
ACC_002760,CUST_02760,Savings,2022-07-21,5004.73,BR006,RM_071,Savings
ACC_002761,CUST_02761,Salary,2021-10-04,130504.21,BR007,RM_036,Salary
ACC_002762,CUST_02762,Savings,2021-03-21,3864.82,BR032,RM_012,Savings
ACC_002763,CUST_02763,Savings,2022-03-17,32865.11,BR012,RM_059,Savings
ACC_002764,CUST_02764,Savings,2025-12-30,3192.8,BR031,RM_090,Savings
ACC_002765,CUST_02765,Current,2024-02-10,22248.69,BR036,RM_021,Current
ACC_002766,CUST_02766,Savings,2025-10-04,304453.29,BR037,RM_038,Savings
ACC_002767,CUST_02767,Savings,2021-06-29,88711.26,BR039,RM_012,Savings
ACC_002768,CUST_02768,Savings,2025-10-25,3829.94,BR013,RM_093,Savings
ACC_002769,CUST_02769,Salary,2022-03-19,37695.23,BR022,RM_009,Salary
ACC_002770,CUST_02770,Savings,2024-07-23,594276.23,BR014,RM_006,Savings
ACC_002771,CUST_02771,Savings,2021-02-12,27985.24,BR045,RM_027,Savings
ACC_002772,CUST_02772,Savings,2026-01-13,558604.3,BR002,RM_067,Savings
ACC_002773,CUST_02773,Savings,2025-10-06,11630.17,BR041,RM_049,Savings
ACC_002774,CUST_02774,Salary,2026-07-04,110814.89,BR018,RM_058,Salary
ACC_002775,CUST_02775,Savings,2022-02-22,7278.86,BR015,RM_098,Savings
ACC_002776,CUST_02776,Savings,2023-09-03,33556.65,BR042,RM_001,Savings
ACC_002777,CUST_02777,Savings,2022-07-19,38242.7,BR007,RM_015,Savings
ACC_002778,CUST_02778,Savings,2026-02-06,20265.45,BR046,RM_002,Savings
ACC_002779,CUST_02779,Salary,2021-08-25,16886.8,BR001,RM_042,Salary
ACC_002780,CUST_02780,Current,2025-08-01,8558.31,BR025,RM_082,Current
ACC_002781,CUST_02781,Savings,2025-09-17,410158.12,BR045,RM_030,Savings
ACC_002782,CUST_02782,Savings,2021-01-11,9225.4,BR026,RM_007,Savings
ACC_002783,CUST_02783,Savings,2026-10-28,37859.23,BR013,RM_092,Savings
ACC_002784,CUST_02784,Salary,2025-01-20,95383.98,BR050,RM_075,Salary
ACC_002785,CUST_02785,Savings,2021-06-29,67426.9,BR008,RM_079,Savings
ACC_002786,CUST_02786,Savings,2024-11-21,3658.86,BR012,RM_025,Savings
ACC_002787,CUST_02787,Savings,2021-06-22,24517.04,BR031,RM_012,Savings
ACC_002788,CUST_02788,Savings,2025-12-04,3084.8,BR013,RM_084,Savings
ACC_002789,CUST_02789,Current,2025-05-15,54220.04,BR046,RM_056,Current
ACC_002790,CUST_02790,Salary,2024-02-02,117715.03,BR042,RM_024,Salary
ACC_002791,CUST_02791,Savings,2025-07-22,149641.84,BR009,RM_091,Savings
ACC_002792,CUST_02792,Savings,2023-11-03,11918.95,BR033,RM_082,Savings
ACC_002793,CUST_02793,Savings,2026-05-10,3865.14,BR029,RM_053,Savings
ACC_002794,CUST_02794,Savings,2023-04-26,14936.68,BR015,RM_073,Savings
ACC_002795,CUST_02795,Savings,2022-09-26,280138.08,BR040,RM_045,Savings
ACC_002796,CUST_02796,Savings,2022-06-24,198627.62,BR050,RM_086,Savings
ACC_002797,CUST_02797,Savings,2024-11-18,196129.65,BR025,RM_067,Savings
ACC_002798,CUST_02798,Savings,2021-04-27,15639.99,BR050,RM_029,Savings
ACC_002799,CUST_02799,Current,2024-04-22,41246.4,BR030,RM_009,Current
ACC_002800,CUST_02800,Salary,2026-07-01,7918.06,BR016,RM_015,Salary
ACC_002801,CUST_02801,Current,2022-07-21,4772.2,BR029,RM_037,Current
ACC_002802,CUST_02802,Savings,2026-05-20,26044.11,BR049,RM_055,Savings
ACC_002803,CUST_02803,Savings,2024-05-12,523.66,BR029,RM_036,Savings
ACC_002804,CUST_02804,Savings,2021-04-06,193004.87,BR049,RM_024,Savings
ACC_002805,CUST_02805,Salary,2023-03-14,264865.5,BR032,RM_086,Salary
ACC_002806,CUST_02806,Savings,2026-02-22,2098289.06,BR028,RM_046,Savings
ACC_002807,CUST_02807,Savings,2026-01-14,162606.98,BR033,RM_040,Savings
ACC_002808,CUST_02808,Current,2022-01-14,110552.26,BR017,RM_030,Current
ACC_002809,CUST_02809,Savings,2021-11-09,305519.53,BR040,RM_032,Savings
ACC_002810,CUST_02810,Savings,2025-05-22,268560.45,BR009,RM_074,Savings
ACC_002811,CUST_02811,Savings,2024-08-12,15838.03,BR042,RM_020,Savings
ACC_002812,CUST_02812,Savings,2021-02-07,7319.74,BR038,RM_070,Savings
ACC_002813,CUST_02813,Savings,2025-04-29,1823.64,BR017,RM_080,Savings
ACC_002814,CUST_02814,Savings,2025-03-31,1009.2,BR024,RM_019,Savings
ACC_002815,CUST_02815,Current,2021-08-12,11882.7,BR003,RM_029,Current
ACC_002816,CUST_02816,Savings,2023-06-02,801788.54,BR035,RM_064,Savings
ACC_002817,CUST_02817,Current,2025-07-16,42058.35,BR021,RM_038,Current
ACC_002818,CUST_02818,Current,2021-02-22,40457.02,BR043,RM_008,Current
ACC_002819,CUST_02819,Savings,2025-11-09,5358.24,BR017,RM_035,Savings
ACC_002820,CUST_02820,Savings,2024-07-24,11971.21,BR021,RM_054,Savings
ACC_002821,CUST_02821,Savings,2025-03-31,4327.62,BR047,RM_012,Savings
ACC_002822,CUST_02822,Savings,2021-09-24,698.28,BR031,RM_081,Savings
ACC_002823,CUST_02823,Savings,2023-11-26,14690.37,BR017,RM_075,Savings
ACC_002824,CUST_02824,Savings,2022-07-09,18325.85,BR006,RM_063,Savings
ACC_002825,CUST_02825,Savings,2025-12-03,8353.55,BR020,RM_081,Savings
ACC_002826,CUST_02826,Savings,2021-01-28,30336.89,BR039,RM_083,Savings
ACC_002827,CUST_02827,Savings,2025-07-12,21500.56,BR014,RM_071,Savings
ACC_002828,CUST_02828,Savings,2023-10-20,117491.27,BR014,RM_035,Savings
ACC_002829,CUST_02829,Savings,2024-10-20,166455.39,BR047,RM_089,Savings
ACC_002830,CUST_02830,Savings,2021-01-23,39368.6,BR017,RM_025,Savings
ACC_002831,CUST_02831,Savings,2024-05-08,7497.77,BR007,RM_077,Savings
ACC_002832,CUST_02832,Savings,2023-06-30,101385.25,BR043,RM_090,Savings
ACC_002833,CUST_02833,Savings,2023-09-11,74282.37,BR036,RM_064,Savings
ACC_002834,CUST_02834,Salary,2026-05-25,22756.18,BR033,RM_009,Salary
ACC_002835,CUST_02835,Salary,2024-03-12,2280.13,BR018,RM_040,Salary
ACC_002836,CUST_02836,Savings,2024-05-25,62449.84,BR030,RM_096,Savings
ACC_002837,CUST_02837,Savings,2024-04-27,12765.97,BR038,RM_077,Savings
ACC_002838,CUST_02838,Savings,2022-08-30,5092.24,BR036,RM_029,Savings
ACC_002839,CUST_02839,Savings,2024-10-28,191308.13,BR006,RM_010,Savings
ACC_002840,CUST_02840,Savings,2027-08-01,11554.31,BR001,RM_093,Savings
ACC_002841,CUST_02841,Savings,2024-02-21,14011.02,BR013,RM_059,Savings
ACC_002842,CUST_02842,Savings,2021-07-03,10172.18,BR001,RM_042,Savings
ACC_002843,CUST_02843,Savings,2021-05-12,14314.83,BR013,RM_011,Savings
ACC_002844,CUST_02844,Savings,2025-08-24,3947.74,BR042,RM_048,Savings
ACC_002845,CUST_02845,Savings,2023-08-22,739819.45,BR010,RM_052,Savings
ACC_002846,CUST_02846,Savings,2022-11-01,483082.46,BR041,RM_075,Savings
ACC_002847,CUST_02847,Savings,2024-09-11,4271.28,BR025,RM_010,Savings
ACC_002848,CUST_02848,Salary,2022-01-11,2073.42,BR033,RM_080,Salary
ACC_002849,CUST_02849,Savings,2023-10-24,18401.21,BR040,RM_056,Savings
ACC_002850,CUST_02850,Savings,2025-03-31,53546.48,BR016,RM_052,Savings
ACC_002851,CUST_02851,Savings,2023-11-29,1866.52,BR045,RM_007,Savings
ACC_002852,CUST_02852,Savings,2023-10-14,4582.32,BR043,RM_081,Savings
ACC_002853,CUST_02853,Savings,2025-03-22,40120.57,BR001,RM_074,Savings
ACC_002854,CUST_02854,Savings,2021-08-04,639546.35,BR006,RM_023,Savings
ACC_002855,CUST_02855,Current,2021-01-04,7720.78,BR028,RM_029,Current
ACC_002856,CUST_02856,Savings,2023-10-13,6422.55,BR037,RM_042,Savings
ACC_002857,CUST_02857,Salary,2022-09-01,100029.11,BR007,RM_096,Salary
ACC_002858,CUST_02858,Savings,2022-02-09,4504.78,BR036,RM_087,Savings
ACC_002859,CUST_02859,Savings,2021-09-22,2649.72,BR031,RM_019,Savings
ACC_002860,CUST_02860,Savings,2024-12-27,27428.46,BR036,RM_091,Savings
ACC_002861,CUST_02861,Salary,2021-08-07,552140.74,BR005,RM_029,Salary
ACC_002862,CUST_02862,Savings,2023-11-05,492.24,BR004,RM_018,Savings
ACC_002863,CUST_02863,Savings,2026-02-09,52149.71,BR029,RM_030,Savings
ACC_002864,CUST_02864,Salary,2026-06-10,5956.26,BR029,RM_025,Salary
ACC_002865,CUST_02865,Savings,2021-10-07,1654.82,BR028,RM_045,Savings
ACC_002866,CUST_02866,Savings,2021-02-08,3082.35,BR025,RM_025,Savings
ACC_002867,CUST_02867,Savings,2023-01-16,26590.86,BR023,RM_091,Savings
ACC_002868,CUST_02868,Salary,2022-07-01,26095.12,BR024,RM_019,Salary
ACC_002869,CUST_02869,Savings,2024-08-27,263676.83,BR047,RM_058,Savings
ACC_002870,CUST_02870,Savings,2021-01-30,3577.63,BR050,RM_035,Savings
ACC_002871,CUST_02871,Savings,2021-10-22,31476.97,BR012,RM_057,Savings
ACC_002872,CUST_02872,Salary,2025-02-26,20562.25,BR033,RM_062,Salary
ACC_002873,CUST_02873,Savings,2023-08-16,1321544.08,BR006,RM_049,Savings
ACC_002874,CUST_02874,Savings,2022-03-08,11384.32,BR016,RM_049,Savings
ACC_002875,CUST_02875,Salary,2023-03-25,9944.67,BR033,RM_021,Salary
ACC_002876,CUST_02876,Current,2022-09-01,169923.5,BR030,RM_033,Current
ACC_002877,CUST_02877,Salary,2026-05-14,15945.01,BR038,RM_053,Salary
ACC_002878,CUST_02878,Savings,2025-07-23,11680.86,BR021,RM_011,Savings
ACC_002879,CUST_02879,Savings,2022-06-11,114310.61,BR048,RM_040,Savings
ACC_002880,CUST_02880,Salary,2025-06-17,86093.05,BR041,RM_007,Salary
ACC_002881,CUST_02881,Savings,2021-04-17,42771.0,BR044,RM_051,Savings
ACC_002882,CUST_02882,Savings,2021-11-30,16195.63,BR018,RM_024,Savings
ACC_002883,CUST_02883,Savings,2021-08-16,12044.91,BR020,RM_036,Savings
ACC_002884,CUST_02884,Savings,2024-07-05,123751.9,BR036,RM_039,Savings
ACC_002885,CUST_02885,Savings,2024-01-04,58818.88,BR028,RM_020,Savings
ACC_002886,CUST_02886,Savings,2023-06-28,1742.37,BR019,RM_094,Savings
ACC_002887,CUST_02887,Savings,2025-08-09,24342.22,BR026,RM_082,Savings
ACC_002888,CUST_02888,Savings,2022-05-13,9995.65,BR003,RM_034,Savings
ACC_002889,CUST_02889,Savings,2022-09-12,40110.03,BR015,RM_097,Savings
ACC_002890,CUST_02890,Savings,2021-05-13,50338.31,BR025,RM_038,Savings
ACC_002891,CUST_02891,Savings,2021-10-14,439.03,BR046,RM_002,Savings
ACC_002892,CUST_02892,Savings,2021-11-24,64729.9,BR044,RM_020,Savings
ACC_002893,CUST_02893,Savings,2023-10-21,146479.3,BR031,RM_071,Savings
ACC_002894,CUST_02894,Savings,2025-03-30,109537.68,BR031,RM_091,Savings
ACC_002895,CUST_02895,Salary,2023-09-03,7899.03,BR018,RM_060,Salary
ACC_002896,CUST_02896,Savings,2026-05-11,9784.84,BR031,RM_070,Savings
ACC_002897,CUST_02897,Savings,2023-03-24,20021.37,BR039,RM_060,Savings
ACC_002898,CUST_02898,Savings,2023-01-22,95483.34,BR044,RM_042,Savings
ACC_002899,CUST_02899,Savings,2025-02-06,11510.76,BR022,RM_032,Savings
ACC_002900,CUST_02900,Savings,2022-03-04,37281.87,BR003,RM_059,Savings
ACC_002901,CUST_02901,Current,2026-01-27,11834.78,BR038,RM_076,Current
ACC_002902,CUST_02902,Savings,2025-07-27,37084.21,BR034,RM_074,Savings
ACC_002903,CUST_02903,Savings,2021-04-18,29268.18,BR042,RM_071,Savings
ACC_002904,CUST_02904,Current,2021-09-30,1438.38,BR010,RM_042,Current
ACC_002905,CUST_02905,Savings,2022-10-18,29037.49,BR006,RM_089,Savings
ACC_002906,CUST_02906,Savings,2021-01-27,31396.17,BR019,RM_023,Savings
ACC_002907,CUST_02907,Salary,2021-10-01,9121.04,BR014,RM_007,Salary
ACC_002908,CUST_02908,Savings,2024-01-09,9782.59,BR022,RM_024,Savings
ACC_002909,CUST_02909,Savings,2021-07-02,36355.22,BR001,RM_083,Savings
ACC_002910,CUST_02910,Savings,2026-05-27,745.36,BR028,RM_042,Savings
ACC_002911,CUST_02911,Savings,2021-04-15,834592.74,BR011,RM_081,Savings
ACC_002912,CUST_02912,Savings,2024-02-22,6259.44,BR002,RM_051,Savings
ACC_002913,CUST_02913,Savings,2024-10-10,453184.95,BR019,RM_089,Savings
ACC_002914,CUST_02914,Savings,2022-11-12,36241.97,BR031,RM_029,Savings
ACC_002915,CUST_02915,Savings,2025-03-13,4209.48,BR035,RM_032,Savings
ACC_002916,CUST_02916,Current,2026-01-27,18043.76,BR006,RM_067,Current
ACC_002917,CUST_02917,Salary,2026-07-20,10141.94,BR037,RM_069,Salary
ACC_002918,CUST_02918,Savings,2021-02-01,276170.68,BR009,RM_081,Savings
ACC_002919,CUST_02919,Savings,2022-05-23,22460.24,BR018,RM_067,Savings
ACC_002920,CUST_02920,Salary,2022-12-24,199403.19,BR050,RM_098,Salary
ACC_002921,CUST_02921,Savings,2022-02-16,12349.37,BR001,RM_091,Savings
ACC_002922,CUST_02922,Savings,2022-05-03,32807.83,BR015,RM_070,Savings
ACC_002923,CUST_02923,Salary,2023-05-30,277172.73,BR041,RM_047,Salary
ACC_002924,CUST_02924,Savings,2021-05-03,30102.41,BR023,RM_029,Savings
ACC_002925,CUST_02925,Current,2026-01-03,19806.54,BR006,RM_079,Current
ACC_002926,CUST_02926,Savings,2022-09-13,12028.2,BR026,RM_100,Savings
ACC_002927,CUST_02927,Savings,2023-08-27,71325.84,BR021,RM_071,Savings
ACC_002928,CUST_02928,Savings,2024-10-17,6346.52,BR024,RM_005,Savings
ACC_002929,CUST_02929,Savings,2021-01-01,7528.66,BR016,RM_020,Savings
ACC_002930,CUST_02930,Savings,2022-03-02,103193.34,BR040,RM_029,Savings
ACC_002931,CUST_02931,Savings,2022-02-20,7079.66,BR009,RM_079,Savings
ACC_002932,CUST_02932,Salary,2022-01-06,19174.33,BR002,RM_033,Salary
ACC_002933,CUST_02933,Savings,2024-04-13,244106.66,BR024,RM_021,Savings
ACC_002934,CUST_02934,Savings,2026-07-27,26096.75,BR047,RM_074,Savings
ACC_002935,CUST_02935,Savings,2023-09-14,68953.06,BR019,RM_096,Savings
ACC_002936,CUST_02936,Savings,2025-01-27,26212.87,BR024,RM_020,Savings
ACC_002937,CUST_02937,Salary,2021-09-30,3814.61,BR034,RM_074,Salary
ACC_002938,CUST_02938,Savings,2022-07-18,13355.36,BR011,RM_067,Savings
ACC_002939,CUST_02939,Current,2025-12-06,97746.55,BR037,RM_002,Current
ACC_002940,CUST_02940,Savings,2025-07-21,170.22,BR043,RM_045,Savings
ACC_002941,CUST_02941,Savings,2022-08-05,-740.82,BR013,RM_042,Savings
ACC_002942,CUST_02942,Savings,2021-09-25,71534.4,BR048,RM_016,Savings
ACC_002943,CUST_02943,Savings,2024-05-27,38825.6,BR001,RM_054,Savings
ACC_002944,CUST_02944,Savings,2025-12-27,32324.21,BR040,RM_040,Savings
ACC_002945,CUST_02945,Savings,2025-02-24,-4558.91,BR040,RM_089,Savings
ACC_002946,CUST_02946,Savings,2021-03-07,4782.18,BR006,RM_090,Savings
ACC_002947,CUST_02947,Savings,2024-03-29,83158.59,BR020,RM_008,Savings
ACC_002948,CUST_02948,Savings,2025-01-30,3740.56,BR050,RM_049,Savings
ACC_002949,CUST_02949,Current,2022-11-01,64173.06,BR014,RM_096,Current
ACC_002950,CUST_02950,Savings,2023-01-05,28806.59,BR033,RM_059,Savings
ACC_002951,CUST_02951,Salary,2022-10-10,15522.91,BR034,RM_100,Salary
ACC_002952,CUST_02952,Savings,2025-09-24,4861.98,BR015,RM_028,Savings
ACC_002953,CUST_02953,Savings,2023-02-06,21825.27,BR025,RM_092,Savings
ACC_002954,CUST_02954,Savings,2024-05-11,276124.14,BR021,RM_078,Savings
ACC_002955,CUST_02955,Savings,2021-04-07,8917.95,BR045,RM_066,Savings
ACC_002956,CUST_02956,Savings,2023-07-08,33751.74,BR031,RM_099,Savings
ACC_002957,CUST_02957,Salary,2022-03-08,17414.25,BR002,RM_023,Salary
ACC_002958,CUST_02958,Current,2024-12-18,1950.45,BR049,RM_034,Current
ACC_002959,CUST_02959,Savings,2023-04-10,11801.52,BR041,RM_036,Savings
ACC_002960,CUST_02960,Savings,2022-09-22,17590.55,BR031,RM_026,Savings
ACC_002961,CUST_02961,Salary,2021-06-07,5892.5,BR021,RM_053,Salary
ACC_002962,CUST_02962,Savings,2026-04-27,706.51,BR048,RM_071,Savings
ACC_002963,CUST_02963,Savings,2023-02-14,2532.0,BR049,RM_068,Savings
ACC_002964,CUST_02964,Savings,2024-11-30,28842.16,BR006,RM_001,Savings
ACC_002965,CUST_02965,Savings,2026-05-05,41533.3,BR021,RM_064,Savings
ACC_002966,CUST_02966,Savings,2025-11-01,37165.75,BR043,RM_030,Savings
ACC_002967,CUST_02967,Salary,2023-06-15,7193.47,BR050,RM_067,Salary
ACC_002968,CUST_02968,Savings,2022-08-24,70842.77,BR050,RM_027,Savings
ACC_002969,CUST_02969,Savings,2021-02-02,118882.8,BR027,RM_086,Savings
ACC_002970,CUST_02970,Savings,2022-12-16,31052.41,BR002,RM_092,Savings
ACC_002971,CUST_02971,Savings,2022-11-20,61827.76,BR021,RM_068,Savings
ACC_002972,CUST_02972,Savings,2025-12-03,729706.25,BR049,RM_097,Savings
ACC_002973,CUST_02973,Savings,2024-06-27,27312.16,BR012,RM_024,Savings
ACC_002974,CUST_02974,Savings,2023-08-27,67117.73,BR005,RM_043,Savings
ACC_002975,CUST_02975,Savings,2025-11-27,72648.52,BR040,RM_054,Savings
ACC_002976,CUST_02976,Savings,2025-09-02,109602.15,BR042,RM_093,Savings
ACC_002977,CUST_02977,Salary,2025-10-17,43113.01,BR040,RM_012,Salary
ACC_002978,CUST_02978,Savings,2023-07-30,46152.14,BR042,RM_015,Savings
ACC_002979,CUST_02979,Savings,2021-11-27,127547.96,BR030,RM_032,Savings
ACC_002980,CUST_02980,Savings,2023-03-28,8690.39,BR004,RM_033,Savings
ACC_002981,CUST_02981,Savings,2021-12-24,1969186.34,BR040,RM_040,Savings
ACC_002982,CUST_02982,Savings,2021-11-04,16561.03,BR002,RM_021,Savings
ACC_002983,CUST_02983,Savings,2026-06-25,40577.58,BR028,RM_062,Savings
ACC_002984,CUST_02984,Savings,2025-10-05,41626.28,BR008,RM_018,Savings
ACC_002985,CUST_02985,Current,2024-02-20,37815.14,BR050,RM_050,Current
ACC_002986,CUST_02986,Savings,2021-01-20,19674.95,BR028,RM_042,Savings
ACC_002987,CUST_02987,Salary,2021-08-17,300997.51,BR028,RM_035,Salary
ACC_002988,CUST_02988,Savings,2024-01-05,3026.24,BR028,RM_045,Savings
ACC_002989,CUST_02989,Savings,2021-09-07,93479.95,BR013,RM_096,Savings
ACC_002990,CUST_02990,Savings,2021-12-21,102045.46,BR019,RM_002,Savings
ACC_002991,CUST_02991,Savings,2024-03-31,80950.64,BR001,RM_034,Savings
ACC_002992,CUST_02992,Savings,2025-02-22,75533.1,BR022,RM_071,Savings
ACC_002993,CUST_02993,Savings,2023-11-29,5511.69,BR040,RM_085,Savings
ACC_002994,CUST_02994,Savings,2022-09-27,29421.94,BR037,RM_023,Savings
ACC_002995,CUST_02995,Savings,2024-09-18,27507.64,BR008,RM_010,Savings
ACC_002996,CUST_02996,Savings,2026-03-08,32457.68,BR011,RM_060,Savings
ACC_002997,CUST_02997,Salary,2024-09-13,14032.0,BR047,RM_061,Salary
ACC_002998,CUST_02998,Current,2022-02-10,9583.86,BR016,RM_007,Current
ACC_002999,CUST_02999,Savings,2022-12-15,4631.47,BR026,RM_060,Savings
ACC_003000,CUST_03000,Savings,2023-01-18,2840.91,BR007,RM_093,Savings
ACC_003001,CUST_03001,Savings,2022-06-29,51031.23,BR032,RM_014,Savings
ACC_003002,CUST_03002,Savings,2024-05-19,53499.92,BR049,RM_012,Savings
ACC_003003,CUST_03003,Savings,2023-11-14,18546.34,BR002,RM_061,Savings
ACC_003004,CUST_03004,Savings,2022-04-16,52782.64,BR040,RM_010,Savings
ACC_003005,CUST_03005,Salary,2023-06-16,8843.64,BR037,RM_084,Salary
ACC_003006,CUST_03006,Savings,2021-08-28,6133.32,BR013,RM_051,Savings
ACC_003007,CUST_03007,Current,2021-09-25,31037.16,BR034,RM_036,Current
ACC_003008,CUST_03008,Salary,2023-03-03,23844.53,BR035,RM_053,Salary
ACC_003009,CUST_03009,Savings,2021-07-08,73289.87,BR005,RM_022,Savings
ACC_003010,CUST_03010,Savings,2024-12-06,45992.03,BR037,RM_100,Savings
ACC_003011,CUST_03011,Savings,2021-03-25,14179.79,BR007,RM_052,Savings
ACC_003012,CUST_03012,Savings,2025-10-15,11381.05,BR026,RM_008,Savings
ACC_003013,CUST_03013,Savings,2021-09-21,434638.36,BR001,RM_068,Savings
ACC_003014,CUST_03014,Salary,2022-11-26,57918.69,BR021,RM_048,Salary
ACC_003015,CUST_03015,Savings,2022-08-25,18183.28,BR009,RM_056,Savings
ACC_003016,CUST_03016,Savings,2022-04-04,38316.38,BR021,RM_010,Savings
ACC_003017,CUST_03017,Savings,2025-06-18,89176.18,BR010,RM_023,Savings
ACC_003018,CUST_03018,Salary,2023-02-13,109330.47,BR034,RM_023,Salary
ACC_003019,CUST_03019,Savings,2023-11-30,244781.77,BR003,RM_001,Savings
ACC_003020,CUST_03020,Savings,2026-06-01,27040.87,BR031,RM_080,Savings
ACC_003021,CUST_03021,Savings,2026-01-29,19683.39,BR014,RM_050,Savings
ACC_003022,CUST_03022,Salary,2024-12-11,10472.54,BR012,RM_011,Salary
ACC_003023,CUST_03023,Savings,2024-04-18,146579.62,BR017,RM_033,Savings
ACC_003024,CUST_03024,Current,2022-01-07,11748.43,BR050,RM_008,Current
ACC_003025,CUST_03025,Current,2022-07-09,8522.39,BR023,RM_062,Current
ACC_003026,CUST_03026,Savings,2024-02-19,11270.52,BR004,RM_067,Savings
ACC_003027,CUST_03027,Savings,2023-01-10,149176.39,BR011,RM_063,Savings
ACC_003028,CUST_03028,Current,2026-01-16,31591.18,BR023,RM_074,Current
ACC_003029,CUST_03029,Savings,2027-01-15,25426.7,BR020,RM_003,Savings
ACC_003030,CUST_03030,Current,2022-02-20,8851.34,BR009,RM_085,Current
ACC_003031,CUST_03031,Savings,2021-11-10,32356.09,BR009,RM_009,Savings
ACC_003032,CUST_03032,Salary,2022-12-16,6678.88,BR039,RM_010,Salary
ACC_003033,CUST_03033,Savings,2023-12-31,141304.21,BR038,RM_061,Savings
ACC_003034,CUST_03034,Salary,2026-03-12,6567.88,BR029,RM_022,Salary
ACC_003035,CUST_03035,Savings,2023-06-18,35291.84,BR044,RM_055,Savings
ACC_003036,CUST_03036,Savings,2024-07-26,42370.02,BR013,RM_054,Savings
ACC_003037,CUST_03037,Savings,2021-07-14,1739.93,BR012,RM_044,Savings
ACC_003038,CUST_03038,Savings,2023-02-15,11089.08,BR024,RM_086,Savings
ACC_003039,CUST_03039,Savings,2025-07-25,229212.15,BR019,RM_078,Savings
ACC_003040,CUST_03040,Salary,2024-08-24,25843.06,BR020,RM_037,Salary
ACC_003041,CUST_03041,Current,2026-03-13,378294.02,BR026,RM_011,Current
ACC_003042,CUST_03042,Savings,2026-07-31,19346.92,BR003,RM_021,Savings
ACC_003043,CUST_03043,Current,2021-06-12,22594.0,BR045,RM_026,Current
ACC_003044,CUST_03044,Savings,2024-06-25,4459.25,BR047,RM_041,Savings
ACC_003045,CUST_03045,Current,2021-05-15,16904.8,BR046,RM_031,Current
ACC_003046,CUST_03046,Savings,2026-06-03,22227.91,BR030,RM_062,Savings
ACC_003047,CUST_03047,Savings,2023-12-09,10591.74,BR013,RM_077,Savings
ACC_003048,CUST_03048,Savings,2025-03-10,4375.96,BR004,RM_035,Savings
ACC_003049,CUST_03049,Savings,2023-05-08,2170.13,BR022,RM_083,Savings
ACC_003050,CUST_03050,Savings,2023-06-10,143505.79,BR048,RM_062,Savings
ACC_003051,CUST_03051,Salary,2023-01-28,3653.53,BR013,RM_078,Salary
ACC_003052,CUST_03052,Current,2026-06-16,21595.64,BR009,RM_019,Current
ACC_003053,CUST_03053,Salary,2023-03-08,-278.89,BR032,RM_023,Salary
ACC_003054,CUST_03054,Current,2025-06-05,4850.2,BR046,RM_016,Current
ACC_003055,CUST_03055,Savings,2024-06-09,70513.89,BR033,RM_070,Savings
ACC_003056,CUST_03056,Savings,2026-04-27,5052.56,BR002,RM_084,Savings
ACC_003057,CUST_03057,Savings,2026-06-13,19268.92,BR020,RM_100,Savings
ACC_003058,CUST_03058,Savings,2023-07-07,7134.2,BR015,RM_069,Savings
ACC_003059,CUST_03059,Savings,2022-01-31,10657.37,BR018,RM_066,Savings
ACC_003060,CUST_03060,Salary,2025-02-13,988.27,BR025,RM_046,Salary
ACC_003061,CUST_03061,Current,2024-11-05,60535.08,BR031,RM_069,Current
ACC_003062,CUST_03062,Savings,2022-10-07,26917.32,BR025,RM_043,Savings
ACC_003063,CUST_03063,Savings,2022-12-04,1788.25,BR039,RM_040,Savings
ACC_003064,CUST_03064,Salary,2023-06-04,20108.87,BR020,RM_003,Salary
ACC_003065,CUST_03065,Savings,2025-11-17,149254.89,BR008,RM_049,Savings
ACC_003066,CUST_03066,Current,2022-01-22,14133.3,BR046,RM_037,Current
ACC_003067,CUST_03067,Savings,2024-03-30,4726.97,BR015,RM_068,Savings
ACC_003068,CUST_03068,Savings,2025-01-21,1353.63,BR047,RM_074,Savings
ACC_003069,CUST_03069,Savings,2024-10-15,957783.36,BR007,RM_063,Savings
ACC_003070,CUST_03070,Salary,2026-05-27,67285.07,BR010,RM_008,Salary
ACC_003071,CUST_03071,Savings,2023-02-11,27908.45,BR031,RM_030,Savings
ACC_003072,CUST_03072,Savings,2022-06-18,45309.26,BR024,RM_023,Savings
ACC_003073,CUST_03073,Salary,2022-05-26,354189.87,BR007,RM_036,Salary
ACC_003074,CUST_03074,Current,2021-07-04,39390.42,BR015,RM_074,Current
ACC_003075,CUST_03075,Savings,2026-05-31,16117.98,BR010,RM_009,Savings
ACC_003076,CUST_03076,Salary,2022-06-10,7339.46,BR032,RM_056,Salary
ACC_003077,CUST_03077,Salary,2022-02-06,33392.35,BR034,RM_029,Salary
ACC_003078,CUST_03078,Savings,2021-10-19,52477.1,BR019,RM_016,Savings
ACC_003079,CUST_03079,Savings,2024-10-31,333204.46,BR030,RM_073,Savings
ACC_003080,CUST_03080,Savings,2022-06-15,2906.57,BR038,RM_017,Savings
ACC_003081,CUST_03081,Savings,2025-05-21,89850.26,BR031,RM_032,Savings
ACC_003082,CUST_03082,Savings,2022-02-26,3588.18,BR014,RM_071,Savings
ACC_003083,CUST_03083,Savings,2021-10-03,219481.87,BR010,RM_029,Savings
ACC_003084,CUST_03084,Savings,2026-01-23,704029.2,BR001,RM_088,Savings
ACC_003085,CUST_03085,Current,2023-04-18,1853916.26,BR007,RM_083,Current
ACC_003086,CUST_03086,Savings,2025-04-01,18322.37,BR008,RM_013,Savings
ACC_003087,CUST_03087,Current,2026-05-03,11465.36,BR022,RM_073,Current
ACC_003088,CUST_03088,Savings,2022-08-28,88768.37,BR009,RM_014,Savings
ACC_003089,CUST_03089,Savings,2024-10-22,437322.22,BR022,RM_067,Savings
ACC_003090,CUST_03090,Savings,2024-01-17,117576.73,BR038,RM_034,Savings
ACC_003091,CUST_03091,Savings,2025-08-11,393549.05,BR031,RM_006,Savings
ACC_003092,CUST_03092,Savings,2021-02-16,20444.82,BR004,RM_038,Savings
ACC_003093,CUST_03093,Savings,2024-08-20,26541.09,BR011,RM_040,Savings
ACC_003094,CUST_03094,Current,2024-05-20,5445.72,BR025,RM_038,Current
ACC_003095,CUST_03095,Savings,2024-08-12,2966.02,BR041,RM_009,Savings
ACC_003096,CUST_03096,Savings,2022-08-24,25053.35,BR044,RM_062,Savings
ACC_003097,CUST_03097,Savings,2024-04-07,13741.93,BR028,RM_047,Savings
ACC_003098,CUST_03098,Savings,2025-04-19,10943.81,BR040,RM_075,Savings
ACC_003099,CUST_03099,Current,2025-02-02,40595.31,BR019,RM_073,Current
ACC_003100,CUST_03100,Savings,2026-03-09,4069.86,BR031,RM_087,Savings
ACC_003101,CUST_03101,Savings,2022-04-26,23567.51,BR035,RM_066,Savings
ACC_003102,CUST_03102,Salary,2025-11-22,21308.9,BR027,RM_099,Salary
ACC_003103,CUST_03103,Savings,2026-02-07,3979.42,BR034,RM_049,Savings
ACC_003104,CUST_03104,Current,2024-12-08,17806.28,BR014,RM_091,Current
ACC_003105,CUST_03105,Savings,2024-08-30,7828.05,BR008,RM_015,Savings
ACC_003106,CUST_03106,Savings,2023-08-29,38349.53,BR002,RM_028,Savings
ACC_003107,CUST_03107,Salary,2026-06-03,16701.02,BR016,RM_085,Salary
ACC_003108,CUST_03108,Savings,2023-06-12,279304.03,BR042,RM_015,Savings
ACC_003109,CUST_03109,Savings,2021-11-07,9207.76,BR026,RM_023,Savings
ACC_003110,CUST_03110,Savings,2024-11-25,8781.43,BR010,RM_031,Savings
ACC_003111,CUST_03111,Savings,2024-05-15,3618.84,BR009,RM_067,Savings
ACC_003112,CUST_03112,Savings,2025-07-31,45015.68,BR022,RM_087,Savings
ACC_003113,CUST_03113,Savings,2021-11-11,3615.67,BR024,RM_048,Savings
ACC_003114,CUST_03114,Savings,2022-11-06,148398.4,BR035,RM_018,Savings
ACC_003115,CUST_03115,Salary,2026-07-18,93649.19,BR041,RM_078,Salary
ACC_003116,CUST_03116,Current,2021-02-04,66388.59,BR034,RM_015,Current
ACC_003117,CUST_03117,Salary,2021-07-23,53381.12,BR006,RM_065,Salary
ACC_003118,CUST_03118,Savings,2024-08-09,66642.36,BR030,RM_095,Savings
ACC_003119,CUST_03119,Savings,2022-03-24,2682.09,BR001,RM_072,Savings
ACC_003120,CUST_03120,Savings,2024-09-07,89337.57,BR047,RM_035,Savings
ACC_003121,CUST_03121,Savings,2022-01-22,39078.49,BR027,RM_024,Savings
ACC_003122,CUST_03122,Savings,2022-10-02,65910.57,BR019,RM_084,Savings
ACC_003123,CUST_03123,Salary,2022-05-24,90257.17,BR026,RM_003,Salary
ACC_003124,CUST_03124,Savings,2024-07-12,9420.19,BR045,RM_087,Savings
ACC_003125,CUST_03125,Savings,2026-05-08,2977.53,BR048,RM_061,Savings
ACC_003126,CUST_03126,Savings,2025-01-18,11406.04,BR043,RM_082,Savings
ACC_003127,CUST_03127,Savings,2023-02-01,13302.57,BR021,RM_025,Savings
ACC_003128,CUST_03128,Savings,2022-01-14,3637.56,BR015,RM_094,Savings
ACC_003129,CUST_03129,Savings,2023-10-06,9555.7,BR023,RM_007,Savings
ACC_003130,CUST_03130,Savings,2021-03-28,686.33,BR023,RM_014,Savings
ACC_003131,CUST_03131,Savings,2026-07-28,33732.89,BR021,RM_090,Savings
ACC_003132,CUST_03132,Savings,2024-03-25,205.45,BR002,RM_092,Savings
ACC_003133,CUST_03133,Savings,2023-09-12,7494.07,BR007,RM_005,Savings
ACC_003134,CUST_03134,Savings,2026-02-12,124589.09,BR042,RM_084,Savings
ACC_003135,CUST_03135,Savings,2025-09-17,5537.26,BR023,RM_047,Savings
ACC_003136,CUST_03136,Savings,2022-08-24,94409.45,BR032,RM_070,Savings
ACC_003137,CUST_03137,Savings,2026-06-22,22402.44,BR039,RM_062,Savings
ACC_003138,CUST_03138,Salary,2022-11-29,36205.64,BR007,RM_025,Salary
ACC_003139,CUST_03139,Salary,2022-10-22,19236.58,BR021,RM_030,Salary
ACC_003140,CUST_03140,Savings,2024-09-17,32274.13,BR007,RM_063,Savings
ACC_003141,CUST_03141,Salary,2026-06-08,518721.4,BR019,RM_061,Salary
ACC_003142,CUST_03142,Current,2021-07-02,8579.53,BR038,RM_015,Current
ACC_003143,CUST_03143,Salary,2026-07-18,11716.6,BR011,RM_100,Salary
ACC_003144,CUST_03144,Savings,2024-02-13,9213.77,BR027,RM_030,Savings
ACC_003145,CUST_03145,Savings,2024-03-06,88217.88,BR024,RM_019,Savings
ACC_003146,CUST_03146,Savings,2025-03-24,3278117.96,BR044,RM_031,Savings
ACC_003147,CUST_03147,Salary,2021-01-28,1457.27,BR034,RM_038,Salary
ACC_003148,CUST_03148,Savings,2023-05-14,7487.62,BR036,RM_038,Savings
ACC_003149,CUST_03149,Savings,2026-05-15,9333.49,BR039,RM_030,Savings
ACC_003150,CUST_03150,Savings,2024-04-23,39930.93,BR021,RM_047,Savings
ACC_003151,CUST_03151,Savings,2026-04-10,35714.9,BR032,RM_023,Savings
ACC_003152,CUST_03152,Savings,2021-10-29,16816.32,BR035,RM_033,Savings
ACC_003153,CUST_03153,Savings,2022-03-31,285557.14,BR025,RM_029,Savings
ACC_003154,CUST_03154,Savings,2025-11-04,44400.5,BR012,RM_093,Savings
ACC_003155,CUST_03155,Savings,2023-07-18,6764.26,BR025,RM_059,Savings
ACC_003156,CUST_03156,Salary,2023-05-18,20242.7,BR043,RM_046,Salary
ACC_003157,CUST_03157,Salary,2024-12-28,19923.9,BR048,RM_052,Salary
ACC_003158,CUST_03158,Salary,2021-07-31,1409.94,BR018,RM_099,Salary
ACC_003159,CUST_03159,Savings,2024-02-14,16976.99,BR039,RM_086,Savings
ACC_003160,CUST_03160,Savings,2023-09-08,3307.08,BR004,RM_040,Savings
ACC_003161,CUST_03161,Savings,2025-02-22,24843.04,BR042,RM_075,Savings
ACC_003162,CUST_03162,Savings,2024-11-01,18247.75,BR027,RM_078,Savings
ACC_003163,CUST_03163,Savings,2021-05-19,3646.39,BR026,RM_039,Savings
ACC_003164,CUST_03164,Savings,2024-09-09,16449.02,BR014,RM_025,Savings
ACC_003165,CUST_03165,Salary,2021-08-04,9006.69,BR030,RM_003,Salary
ACC_003166,CUST_03166,Savings,2024-10-10,27377.43,BR006,RM_030,Savings
ACC_003167,CUST_03167,Savings,2024-06-06,14500.76,BR040,RM_048,Savings
ACC_003168,CUST_03168,Savings,2026-03-26,53427.51,BR013,RM_001,Savings
ACC_003169,CUST_03169,Savings,2025-07-21,6346.52,BR034,RM_013,Savings
ACC_003170,CUST_03170,Savings,2021-04-04,17489.95,BR005,RM_085,Savings
ACC_003171,CUST_03171,Savings,2021-03-30,6197.73,BR031,RM_065,Savings
ACC_003172,CUST_03172,Current,2025-05-30,2214.18,BR023,RM_047,Current
ACC_003173,CUST_03173,Savings,2025-10-09,21846.1,BR044,RM_041,Savings
ACC_003174,CUST_03174,Salary,2023-04-05,12093.08,BR034,RM_100,Salary
ACC_003175,CUST_03175,Current,2025-07-07,5577.88,BR007,RM_050,Current
ACC_003176,CUST_03176,Savings,2026-01-09,32505.21,BR013,RM_061,Savings
ACC_003177,CUST_03177,Savings,2023-01-23,26784.17,BR045,RM_024,Savings
ACC_003178,CUST_03178,Salary,2024-03-04,470048.82,BR037,RM_092,Salary
ACC_003179,CUST_03179,Savings,2026-01-18,9354.72,BR040,RM_036,Savings
ACC_003180,CUST_03180,Savings,2021-06-26,19127.55,BR049,RM_002,Savings
ACC_003181,CUST_03181,Savings,2025-03-08,5882.39,BR049,RM_045,Savings
ACC_003182,CUST_03182,Savings,2026-06-13,26941.62,BR033,RM_085,Savings
ACC_003183,CUST_03183,Savings,2021-10-27,189652.27,BR014,RM_036,Savings
ACC_003184,CUST_03184,Savings,2022-05-25,28493.21,BR002,RM_036,Savings
ACC_003185,CUST_03185,Savings,2026-06-17,11170.25,BR047,RM_059,Savings
ACC_003186,CUST_03186,Salary,2021-10-13,12064.58,BR015,RM_064,Salary
ACC_003187,CUST_03187,Savings,2022-11-30,111974.34,BR050,RM_023,Savings
ACC_003188,CUST_03188,Savings,2021-02-08,583110.29,BR017,RM_038,Savings
ACC_003189,CUST_03189,Savings,2025-11-24,654214.51,BR030,RM_071,Savings
ACC_003190,CUST_03190,Savings,2025-05-06,21581.93,BR027,RM_074,Savings
ACC_003191,CUST_03191,Savings,2025-12-24,65853.0,BR010,RM_081,Savings
ACC_003192,CUST_03192,Current,2023-05-25,14321.47,BR017,RM_049,Current
ACC_003193,CUST_03193,Savings,2026-06-13,15163.25,BR004,RM_049,Savings
ACC_003194,CUST_03194,Salary,2024-07-30,9408.02,BR012,RM_028,Salary
ACC_003195,CUST_03195,Savings,2025-07-15,3611.55,BR003,RM_100,Savings
ACC_003196,CUST_03196,Savings,2024-11-12,6560.8,BR041,RM_034,Savings
ACC_003197,CUST_03197,Current,2023-09-15,10997.53,BR018,RM_075,Current
ACC_003198,CUST_03198,Savings,2026-05-01,6032.92,BR025,RM_056,Savings
ACC_003199,CUST_03199,Savings,2021-06-05,144608.36,BR037,RM_032,Savings
ACC_003200,CUST_03200,Savings,2024-05-09,7708.02,BR044,RM_016,Savings
ACC_003201,CUST_03201,Savings,2024-04-08,22248.87,BR005,RM_026,Savings
ACC_003202,CUST_03202,Savings,2025-12-25,10899.84,BR034,RM_038,Savings
ACC_003203,CUST_03203,Salary,2023-12-17,15448.17,BR046,RM_054,Salary
ACC_003204,CUST_03204,Savings,2026-05-23,69508.0,BR022,RM_092,Savings
ACC_003205,CUST_03205,Savings,2022-03-14,5367.33,BR022,RM_045,Savings
ACC_003206,CUST_03206,Savings,2024-02-12,2296.58,BR037,RM_100,Savings
ACC_003207,CUST_03207,Savings,2021-01-23,171311.71,BR047,RM_032,Savings
ACC_003208,CUST_03208,Current,2026-03-30,44026.71,BR032,RM_025,Current
ACC_003209,CUST_03209,Current,2023-10-08,10555.51,BR008,RM_073,Current
ACC_003210,CUST_03210,Savings,2023-12-08,39207.77,BR014,RM_011,Savings
ACC_003211,CUST_03211,Salary,2025-11-14,1188.63,BR029,RM_015,Salary
ACC_003212,CUST_03212,Savings,2023-03-09,4081.55,BR033,RM_091,Savings
ACC_003213,CUST_03213,Salary,2021-08-25,759.17,BR035,RM_063,Salary
ACC_003214,CUST_03214,Salary,2021-04-24,50496.47,BR022,RM_035,Salary
ACC_003215,CUST_03215,Salary,2026-02-25,36420.66,BR048,RM_049,Salary
ACC_003216,CUST_03216,Savings,2023-01-21,23118.45,BR008,RM_011,Savings
ACC_003217,CUST_03217,Savings,2026-03-27,72597.3,BR033,RM_025,Savings
ACC_003218,CUST_03218,Current,2022-11-06,3320.07,BR002,RM_076,Current
ACC_003219,CUST_03219,Salary,2023-06-17,1701.92,BR039,RM_067,Salary
ACC_003220,CUST_03220,Savings,2025-07-06,12039.69,BR001,RM_004,Savings
ACC_003221,CUST_03221,Savings,2026-04-08,225538.99,BR021,RM_094,Savings
ACC_003222,CUST_03222,Savings,2022-01-24,201373.95,BR043,RM_077,Savings
ACC_003223,CUST_03223,Savings,2024-02-05,1951.68,BR037,RM_083,Savings
ACC_003224,CUST_03224,Savings,2023-09-14,31958.28,BR018,RM_032,Savings
ACC_003225,CUST_03225,Savings,2024-04-16,14719.51,BR024,RM_034,Savings
ACC_003226,CUST_03226,Savings,2024-01-21,5764.69,BR026,RM_055,Savings
ACC_003227,CUST_03227,Savings,2023-08-23,34815.96,BR018,RM_030,Savings
ACC_003228,CUST_03228,Savings,2023-12-28,31167.16,BR005,RM_021,Savings
ACC_003229,CUST_03229,Salary,2022-11-14,44793.76,BR048,RM_015,Salary
ACC_003230,CUST_03230,Savings,2026-07-11,12677.62,BR013,RM_073,Savings
ACC_003231,CUST_03231,Savings,2026-04-06,12307.96,BR027,RM_067,Savings
ACC_003232,CUST_03232,Savings,2021-01-29,32481.63,BR004,RM_097,Savings
ACC_003233,CUST_03233,Salary,2022-06-14,10709.59,BR006,RM_074,Salary
ACC_003234,CUST_03234,Savings,2026-02-02,7625.23,BR020,RM_050,Savings
ACC_003235,CUST_03235,Salary,2026-06-02,1586.0,BR008,RM_082,Salary
ACC_003236,CUST_03236,Savings,2025-12-15,25413.48,BR007,RM_018,Savings
ACC_003237,CUST_03237,Savings,2022-07-01,57890.77,BR004,RM_017,Savings
ACC_003238,CUST_03238,Savings,2023-02-15,8777.86,BR008,RM_080,Savings
ACC_003239,CUST_03239,Current,2025-03-13,78164.27,BR006,RM_080,Current
ACC_003240,CUST_03240,Savings,2026-02-05,5541.72,BR005,RM_002,Savings
ACC_003241,CUST_03241,Savings,2024-12-19,19260.73,BR022,RM_042,Savings
ACC_003242,CUST_03242,Savings,2021-09-29,29291.83,BR024,RM_036,Savings
ACC_003243,CUST_03243,Current,2026-07-21,7773.67,BR017,RM_014,Current
ACC_003244,CUST_03244,Savings,2026-06-10,20867.79,BR011,RM_021,Savings
ACC_003245,CUST_03245,Savings,2025-04-25,27719.39,BR046,RM_014,Savings
ACC_003246,CUST_03246,Salary,2023-07-26,895336.68,BR037,RM_039,Salary
ACC_003247,CUST_03247,Savings,2021-12-27,57070.49,BR046,RM_092,Savings
ACC_003248,CUST_03248,Savings,2021-03-02,18664.24,BR003,RM_075,Savings
ACC_003249,CUST_03249,Savings,2023-04-26,115265.44,BR049,RM_081,Savings
ACC_003250,CUST_03250,Savings,2021-04-22,19426.2,BR030,RM_082,Savings
ACC_003251,CUST_03251,Savings,2022-08-18,9098.3,BR012,RM_037,Savings
ACC_003252,CUST_03252,Savings,2022-04-29,226852.85,BR042,RM_037,Savings
ACC_003253,CUST_03253,Current,2021-02-18,2176.57,BR023,RM_090,Current
ACC_003254,CUST_03254,Salary,2022-07-12,18205.33,BR022,RM_092,Salary
ACC_003255,CUST_03255,Savings,2025-09-09,21517.04,BR003,RM_039,Savings
ACC_003256,CUST_03256,Savings,2025-03-26,44547.9,BR022,RM_073,Savings
ACC_003257,CUST_03257,Savings,2022-09-05,15786.33,BR045,RM_022,Savings
ACC_003258,CUST_03258,Savings,2023-05-29,6348.9,BR020,RM_014,Savings
ACC_003259,CUST_03259,Salary,2023-06-17,391799.45,BR025,RM_022,Salary
ACC_003260,CUST_03260,Savings,2025-04-24,403980.55,BR045,RM_026,Savings
ACC_003261,CUST_03261,Savings,2021-08-06,3879.09,BR027,RM_011,Savings
ACC_003262,CUST_03262,Savings,2026-01-06,27837.45,BR044,RM_014,Savings
ACC_003263,CUST_03263,Savings,2025-03-05,28962.6,BR029,RM_031,Savings
ACC_003264,CUST_03264,Savings,2024-08-16,6045.45,BR032,RM_083,Savings
ACC_003265,CUST_03265,Savings,2025-01-19,48994.48,BR031,RM_081,Savings
ACC_003266,CUST_03266,Savings,2021-03-27,1648.8,BR021,RM_026,Savings
ACC_003267,CUST_03267,Savings,2024-10-21,1189651.3,BR016,RM_073,Savings
ACC_003268,CUST_03268,Current,2024-07-25,548786.48,BR010,RM_069,Current
ACC_003269,CUST_03269,Salary,2025-08-03,28987.16,BR043,RM_034,Salary
ACC_003270,CUST_03270,Savings,2021-04-06,21661.93,BR026,RM_003,Savings
ACC_003271,CUST_03271,Savings,2026-03-04,73.08,BR001,RM_071,Savings
ACC_003272,CUST_03272,Salary,2026-07-20,33090.97,BR019,RM_001,Salary
ACC_003273,CUST_03273,Savings,2022-09-10,19971.23,BR011,RM_059,Savings
ACC_003274,CUST_03274,Savings,2022-07-10,9313.87,BR001,RM_062,Savings
ACC_003275,CUST_03275,Salary,2023-11-23,44545.93,BR030,RM_038,Salary
ACC_003276,CUST_03276,Savings,2021-09-21,1584.56,BR013,RM_037,Savings
ACC_003277,CUST_03277,Savings,2024-05-10,210950.23,BR026,RM_015,Savings
ACC_003278,CUST_03278,Savings,2025-02-12,20615.96,BR004,RM_083,Savings
ACC_003279,CUST_03279,Current,2022-07-04,8335.9,BR042,RM_075,Current
ACC_003280,CUST_03280,Savings,2024-12-17,157921.06,BR020,RM_063,Savings
ACC_003281,CUST_03281,Salary,2025-03-31,48221.52,BR023,RM_099,Salary
ACC_003282,CUST_03282,Savings,2026-05-12,233037.75,BR008,RM_008,Savings
ACC_003283,CUST_03283,Savings,2021-09-11,326297.76,BR012,RM_004,Savings
ACC_003284,CUST_03284,Savings,2025-07-11,11996.61,BR035,RM_003,Savings
ACC_003285,CUST_03285,Savings,2022-02-23,40557.77,BR050,RM_055,Savings
ACC_003286,CUST_03286,Savings,2021-08-21,107536.67,BR035,RM_025,Savings
ACC_003287,CUST_03287,Savings,2021-06-29,5184.19,BR046,RM_084,Savings
ACC_003288,CUST_03288,Salary,2023-07-02,494344.53,BR037,RM_086,Salary
ACC_003289,CUST_03289,Current,2024-12-25,263598.5,BR040,RM_060,Current
ACC_003290,CUST_03290,Savings,2022-07-24,17539.9,BR006,RM_011,Savings
ACC_003291,CUST_03291,Current,2023-02-21,1167.02,BR011,RM_010,Current
ACC_003292,CUST_03292,Current,2021-04-17,14940.92,BR040,RM_055,Current
ACC_003293,CUST_03293,Savings,2021-01-07,7256.46,BR037,RM_051,Savings
ACC_003294,CUST_03294,Savings,2022-04-11,34807.85,BR025,RM_011,Savings
ACC_003295,CUST_03295,Savings,2025-08-14,69542.32,BR039,RM_065,Savings
ACC_003296,CUST_03296,Current,2026-06-16,8672.73,BR005,RM_029,Current
ACC_003297,CUST_03297,Savings,2024-07-27,755562.74,BR010,RM_080,Savings
ACC_003298,CUST_03298,Savings,2027-05-25,459679.87,BR025,RM_007,Savings
ACC_003299,CUST_03299,Savings,2022-09-14,-4733.59,BR029,RM_027,Savings
ACC_003300,CUST_03300,Savings,2023-10-16,405577.44,BR012,RM_057,Savings
ACC_003301,CUST_03301,Current,2022-12-10,66027.28,BR039,RM_023,Current
ACC_003302,CUST_03302,Savings,2023-03-09,22934.44,BR044,RM_082,Savings
ACC_003303,CUST_03303,Savings,2026-07-01,14453.68,BR041,RM_100,Savings
ACC_003304,CUST_03304,Salary,2026-01-12,35010.41,BR040,RM_065,Salary
ACC_003305,CUST_03305,Salary,2021-09-26,925364.98,BR009,RM_081,Salary
ACC_003306,CUST_03306,Current,2026-04-25,29976.36,BR025,RM_055,Current
ACC_003307,CUST_03307,Savings,2024-06-27,1714.5,BR048,RM_016,Savings
ACC_003308,CUST_03308,Savings,2024-03-16,38045.68,BR029,RM_080,Savings
ACC_003309,CUST_03309,Savings,2024-03-02,1995.49,BR025,RM_037,Savings
ACC_003310,CUST_03310,Savings,2022-12-31,51932.77,BR013,RM_029,Savings
ACC_003311,CUST_03311,Salary,2024-02-22,99412.31,BR011,RM_034,Salary
ACC_003312,CUST_03312,Savings,2021-03-10,162193.15,BR020,RM_088,Savings
ACC_003313,CUST_03313,Current,2022-10-21,5394.28,BR032,RM_062,Current
ACC_003314,CUST_03314,Salary,2025-01-01,58272.43,BR047,RM_036,Salary
ACC_003315,CUST_03315,Savings,2021-03-26,91009.99,BR026,RM_011,Savings
ACC_003316,CUST_03316,Savings,2022-01-20,27056.15,BR029,RM_030,Savings
ACC_003317,CUST_03317,Savings,2025-03-25,568560.61,BR015,RM_057,Savings
ACC_003318,CUST_03318,Savings,2023-09-16,276433.58,BR042,RM_069,Savings
ACC_003319,CUST_03319,Savings,2024-01-14,1158.91,BR012,RM_078,Savings
ACC_003320,CUST_03320,Salary,2024-06-24,2146.17,BR037,RM_063,Salary
ACC_003321,CUST_03321,Savings,2025-08-07,33569.2,BR021,RM_058,Savings
ACC_003322,CUST_03322,Savings,2021-10-16,4867.35,BR042,RM_025,Savings
ACC_003323,CUST_03323,Salary,2025-10-15,2864.45,BR033,RM_050,Salary
ACC_003324,CUST_03324,Savings,2025-05-26,9172.09,BR024,RM_091,Savings
ACC_003325,CUST_03325,Savings,2026-05-29,13536.4,BR028,RM_006,Savings
ACC_003326,CUST_03326,Savings,2023-08-11,8797.94,BR002,RM_099,Savings
ACC_003327,CUST_03327,Savings,2026-02-07,2764.83,BR020,RM_028,Savings
ACC_003328,CUST_03328,Savings,2025-06-27,64595.26,BR026,RM_089,Savings
ACC_003329,CUST_03329,Salary,2022-12-08,12259.89,BR031,RM_024,Salary
ACC_003330,CUST_03330,Savings,2024-10-29,1346.33,BR048,RM_094,Savings
ACC_003331,CUST_03331,Savings,2021-05-18,27441.46,BR026,RM_080,Savings
ACC_003332,CUST_03332,Savings,2025-10-08,50257.08,BR036,RM_099,Savings
ACC_003333,CUST_03333,Savings,2023-03-29,18406.45,BR045,RM_022,Savings
ACC_003334,CUST_03334,Savings,2024-09-19,108198.06,BR001,RM_002,Savings
ACC_003335,CUST_03335,Savings,2023-10-24,181624.22,BR046,RM_092,Savings
ACC_003336,CUST_03336,Savings,2021-03-08,91246.9,BR050,RM_011,Savings
ACC_003337,CUST_03337,Current,2024-04-15,89827.34,BR001,RM_092,Current
ACC_003338,CUST_03338,Savings,2026-04-05,47140.32,BR042,RM_027,Savings
ACC_003339,CUST_03339,Savings,2022-08-14,31868.87,BR040,RM_055,Savings
ACC_003340,CUST_03340,Salary,2023-01-21,81564.34,BR013,RM_035,Salary
ACC_003341,CUST_03341,Savings,2024-07-28,14013.05,BR008,RM_077,Savings
ACC_003342,CUST_03342,Savings,2026-01-29,152484.99,BR005,RM_064,Savings
ACC_003343,CUST_03343,Savings,2023-02-01,182251.81,BR003,RM_095,Savings
ACC_003344,CUST_03344,Salary,2021-08-11,548169.01,BR024,RM_076,Salary
ACC_003345,CUST_03345,Savings,2021-11-01,161800.3,BR012,RM_035,Savings
ACC_003346,CUST_03346,Salary,2025-02-21,42073.75,BR010,RM_073,Salary
ACC_003347,CUST_03347,Savings,2025-02-01,11708.71,BR001,RM_053,Savings
ACC_003348,CUST_03348,Savings,2026-04-01,7444.2,BR021,RM_046,Savings
ACC_003349,CUST_03349,Savings,2023-11-20,4839.98,BR047,RM_025,Savings
ACC_003350,CUST_03350,Savings,2021-10-29,102114.13,BR018,RM_025,Savings
ACC_003351,CUST_03351,Savings,2021-09-21,12185.49,BR025,RM_092,Savings
ACC_003352,CUST_03352,Savings,2023-03-02,22318.63,BR049,RM_089,Savings
ACC_003353,CUST_03353,Current,2021-09-04,8975.35,BR018,RM_059,Current
ACC_003354,CUST_03354,Savings,2023-06-20,21749.21,BR018,RM_054,Savings
ACC_003355,CUST_03355,Current,2026-01-29,156436.91,BR002,RM_049,Current
ACC_003356,CUST_03356,Savings,2021-03-19,31193.12,BR033,RM_060,Savings
ACC_003357,CUST_03357,Savings,2025-07-24,108427.18,BR014,RM_035,Savings
ACC_003358,CUST_03358,Salary,2024-02-27,5900.39,BR049,RM_073,Salary
ACC_003359,CUST_03359,Savings,2026-06-12,128506.78,BR035,RM_020,Savings
ACC_003360,CUST_03360,Savings,2021-01-29,66343.28,BR004,RM_043,Savings
ACC_003361,CUST_03361,Savings,2022-07-31,17892.24,BR020,RM_015,Savings
ACC_003362,CUST_03362,Savings,2022-08-02,203743.02,BR012,RM_028,Savings
ACC_003363,CUST_03363,Savings,2025-09-10,22009.89,BR024,RM_032,Savings
ACC_003364,CUST_03364,Current,2022-05-27,12930.79,BR025,RM_072,Current
ACC_003365,CUST_03365,Savings,2022-11-28,1300680.99,BR038,RM_034,Savings
ACC_003366,CUST_03366,Current,2024-09-01,31326.79,BR021,RM_010,Current
ACC_003367,CUST_03367,Savings,2025-05-03,7255.12,BR013,RM_036,Savings
ACC_003368,CUST_03368,Savings,2026-01-29,4207.91,BR021,RM_024,Savings
ACC_003369,CUST_03369,Savings,2022-08-02,182397.67,BR038,RM_025,Savings
ACC_003370,CUST_03370,Savings,2022-06-10,30022.08,BR031,RM_092,Savings
ACC_003371,CUST_03371,Salary,2021-12-29,3892.89,BR050,RM_058,Salary
ACC_003372,CUST_03372,Current,2021-03-16,18306.24,BR003,RM_073,Current
ACC_003373,CUST_03373,Savings,2021-11-13,71397.77,BR048,RM_059,Savings
ACC_003374,CUST_03374,Salary,2023-11-04,71719.15,BR041,RM_011,Salary
ACC_003375,CUST_03375,Savings,2024-10-15,30510.23,BR042,RM_008,Savings
ACC_003376,CUST_03376,Savings,2021-03-14,65611.97,BR044,RM_014,Savings
ACC_003377,CUST_03377,Savings,2026-01-22,291444.86,BR038,RM_080,Savings
ACC_003378,CUST_03378,Savings,2021-11-02,19911.12,BR013,RM_069,Savings
ACC_003379,CUST_03379,Savings,2022-12-23,2364.4,BR033,RM_060,Savings
ACC_003380,CUST_03380,Savings,2024-11-02,32933.25,BR037,RM_013,Savings
ACC_003381,CUST_03381,Savings,2023-05-02,159925.1,BR004,RM_003,Savings
ACC_003382,CUST_03382,Salary,2024-04-14,17161.27,BR016,RM_094,Salary
ACC_003383,CUST_03383,Salary,2022-09-15,149080.04,BR002,RM_092,Salary
ACC_003384,CUST_03384,Savings,2021-12-17,417669.1,BR014,RM_054,Savings
ACC_003385,CUST_03385,Salary,2024-09-18,63180.32,BR013,RM_059,Salary
ACC_003386,CUST_03386,Savings,2021-08-23,921.59,BR001,RM_038,Savings
ACC_003387,CUST_03387,Savings,2026-06-19,43997.8,BR001,RM_073,Savings
ACC_003388,CUST_03388,Savings,2022-09-07,52336.91,BR021,RM_032,Savings
ACC_003389,CUST_03389,Savings,2025-11-26,9613.21,BR003,RM_009,Savings
ACC_003390,CUST_03390,Savings,2022-01-24,115887.76,BR025,RM_099,Savings
ACC_003391,CUST_03391,Savings,2025-04-15,242998.69,BR031,RM_027,Savings
ACC_003392,CUST_03392,Current,2024-11-29,22153.23,BR014,RM_087,Current
ACC_003393,CUST_03393,Current,2023-04-27,16266.03,BR008,RM_009,Current
ACC_003394,CUST_03394,Savings,2021-11-22,13041.0,BR020,RM_067,Savings
ACC_003395,CUST_03395,Savings,2024-03-03,213267.58,BR015,RM_079,Savings
ACC_003396,CUST_03396,Savings,2023-04-24,5412.55,BR026,RM_063,Savings
ACC_003397,CUST_03397,Current,2023-10-08,10561.17,BR012,RM_094,Current
ACC_003398,CUST_03398,Savings,2021-08-25,3417.55,BR039,RM_086,Savings
ACC_003399,CUST_03399,Savings,2024-12-10,34613.31,BR023,RM_037,Savings
ACC_003400,CUST_03400,Current,2022-07-05,13372.77,BR036,RM_100,Current
ACC_003401,CUST_03401,Salary,2026-06-19,34693.39,BR011,RM_035,Salary
ACC_003402,CUST_03402,Savings,2021-08-29,24577.82,BR003,RM_058,Savings
ACC_003403,CUST_03403,Savings,2022-04-06,1135.74,BR005,RM_028,Savings
ACC_003404,CUST_03404,Savings,2026-07-05,158240.45,BR012,RM_045,Savings
ACC_003405,CUST_03405,Current,2024-10-29,63775.68,BR026,RM_057,Current
ACC_003406,CUST_03406,Savings,2025-01-25,15908.01,BR038,RM_025,Savings
ACC_003407,CUST_03407,Savings,2021-07-16,44327.33,BR023,RM_067,Savings
ACC_003408,CUST_03408,Current,2026-06-22,151546.66,BR027,RM_042,Current
ACC_003409,CUST_03409,Salary,2024-09-28,3302.88,BR046,RM_060,Salary
ACC_003410,CUST_03410,Savings,2025-01-06,506519.34,BR007,RM_051,Savings
ACC_003411,CUST_03411,Current,2023-04-25,5829.18,BR031,RM_011,Current
ACC_003412,CUST_03412,Savings,2022-12-24,64950.05,BR047,RM_044,Savings
ACC_003413,CUST_03413,Savings,2024-06-25,15817.23,BR021,RM_065,Savings
ACC_003414,CUST_03414,Savings,2021-10-31,41921.73,BR024,RM_089,Savings
ACC_003415,CUST_03415,Salary,2023-08-25,4958.54,BR011,RM_037,Salary
ACC_003416,CUST_03416,Savings,2022-06-22,801.33,BR016,RM_099,Savings
ACC_003417,CUST_03417,Savings,2024-12-10,10176.33,BR022,RM_060,Savings
ACC_003418,CUST_03418,Current,2023-09-22,19689.12,BR037,RM_016,Current
ACC_003419,CUST_03419,Savings,2025-11-03,20341.13,BR040,RM_044,Savings
ACC_003420,CUST_03420,Savings,2021-02-15,255558.31,BR041,RM_061,Savings
ACC_003421,CUST_03421,Savings,2021-03-30,19763.85,BR035,RM_041,Savings
ACC_003422,CUST_03422,Savings,2023-12-29,8177.52,BR023,RM_007,Savings
ACC_003423,CUST_03423,Savings,2024-02-04,1714.05,BR041,RM_082,Savings
ACC_003424,CUST_03424,Savings,2023-03-24,9145.8,BR039,RM_022,Savings
ACC_003425,CUST_03425,Salary,2022-08-27,63996.05,BR003,RM_084,Salary
ACC_003426,CUST_03426,Savings,2021-02-07,2217.18,BR010,RM_049,Savings
ACC_003427,CUST_03427,Savings,2023-09-22,84270.73,BR001,RM_069,Savings
ACC_003428,CUST_03428,Savings,2022-07-10,399258.05,BR033,RM_077,Savings
ACC_003429,CUST_03429,Savings,2021-09-03,396526.63,BR021,RM_097,Savings
ACC_003430,CUST_03430,Savings,2026-05-06,43542.81,BR024,RM_062,Savings
ACC_003431,CUST_03431,Savings,2022-05-24,29411.37,BR045,RM_020,Savings
ACC_003432,CUST_03432,Savings,2022-03-12,219975.9,BR011,RM_045,Savings
ACC_003433,CUST_03433,Savings,2025-11-06,19670.66,BR047,RM_034,Savings
ACC_003434,CUST_03434,Salary,2023-12-22,50394.3,BR030,RM_040,Salary
ACC_003435,CUST_03435,Savings,2022-07-01,28593.89,BR042,RM_037,Savings
ACC_003436,CUST_03436,Savings,2022-10-16,18690.44,BR016,RM_029,Savings
ACC_003437,CUST_03437,Current,2021-10-08,64630.42,BR041,RM_061,Current
ACC_003438,CUST_03438,Savings,2025-05-16,85169.51,BR008,RM_003,Savings
ACC_003439,CUST_03439,Salary,2024-06-15,-3918.48,BR031,RM_072,Salary
ACC_003440,CUST_03440,Current,2021-09-14,40044.75,BR018,RM_063,Current
ACC_003441,CUST_03441,Savings,2025-10-27,217668.19,BR003,RM_023,Savings
ACC_003442,CUST_03442,Savings,2022-01-19,2897.36,BR040,RM_081,Savings
ACC_003443,CUST_03443,Current,2024-02-27,98784.79,BR038,RM_070,Current
ACC_003444,CUST_03444,Savings,2022-07-10,46991.51,BR048,RM_078,Savings
ACC_003445,CUST_03445,Savings,2024-08-01,44049.52,BR017,RM_083,Savings
ACC_003446,CUST_03446,Savings,2025-05-16,315.8,BR001,RM_052,Savings
ACC_003447,CUST_03447,Savings,2026-03-09,16736.96,BR011,RM_030,Savings
ACC_003448,CUST_03448,Savings,2025-01-23,2423.28,BR010,RM_003,Savings
ACC_003449,CUST_03449,Savings,2021-10-14,98295.06,BR044,RM_020,Savings
ACC_003450,CUST_03450,Savings,2024-09-22,13741.42,BR041,RM_001,Savings
ACC_003451,CUST_03451,Savings,2026-08-04,3786.54,BR013,RM_040,Savings
ACC_003452,CUST_03452,Current,2022-10-01,7032.71,BR036,RM_043,Current
ACC_003453,CUST_03453,Savings,2023-03-28,20754.19,BR010,RM_079,Savings
ACC_003454,CUST_03454,Salary,2023-03-14,1754.77,BR014,RM_024,Salary
ACC_003455,CUST_03455,Savings,2021-08-28,5385.34,BR026,RM_002,Savings
ACC_003456,CUST_03456,Savings,2021-10-22,11708.23,BR035,RM_006,Savings
ACC_003457,CUST_03457,Savings,2024-06-02,20514.0,BR024,RM_034,Savings
ACC_003458,CUST_03458,Salary,2025-07-06,13985.38,BR003,RM_100,Salary
ACC_003459,CUST_03459,Savings,2021-02-01,3109.07,BR050,RM_032,Savings
ACC_003460,CUST_03460,Current,2022-02-20,155114.8,BR017,RM_099,Current
ACC_003461,CUST_03461,Savings,2022-05-12,89730.03,BR004,RM_023,Savings
ACC_003462,CUST_03462,Savings,2025-02-16,155214.25,BR009,RM_050,Savings
ACC_003463,CUST_03463,Savings,2024-04-10,243407.47,BR026,RM_009,Savings
ACC_003464,CUST_03464,Savings,2026-07-05,37220.53,BR047,RM_003,Savings
ACC_003465,CUST_03465,Savings,2021-07-30,2615.55,BR009,RM_005,Savings
ACC_003466,CUST_03466,Current,2021-04-19,13309.73,BR042,RM_070,Current
ACC_003467,CUST_03467,Savings,2021-03-15,3536.37,BR037,RM_037,Savings
ACC_003468,CUST_03468,Savings,2024-10-21,169897.92,BR001,RM_003,Savings
ACC_003469,CUST_03469,Current,2025-10-15,10099.42,BR048,RM_045,Current
ACC_003470,CUST_03470,Savings,2025-05-16,3002.25,BR043,RM_043,Savings
ACC_003471,CUST_03471,Savings,2023-12-24,44464.91,BR043,RM_037,Savings
ACC_003472,CUST_03472,Savings,2024-10-16,917688.12,BR016,RM_035,Savings
ACC_003473,CUST_03473,Savings,2027-04-13,1695.73,BR035,RM_016,Savings
ACC_003474,CUST_03474,Savings,2022-03-16,131841.73,BR004,RM_063,Savings
ACC_003475,CUST_03475,Salary,2022-06-20,34120.49,BR044,RM_041,Salary
ACC_003476,CUST_03476,Savings,2025-06-29,2557.49,BR029,RM_023,Savings
ACC_003477,CUST_03477,Salary,2023-09-16,456167.78,BR034,RM_051,Salary
ACC_003478,CUST_03478,Savings,2025-05-13,131438.48,BR040,RM_023,Savings
ACC_003479,CUST_03479,Savings,2022-08-26,52846.03,BR003,RM_003,Savings
ACC_003480,CUST_03480,Savings,2022-02-27,14736.99,BR037,RM_030,Savings
ACC_003481,CUST_03481,Savings,2021-10-01,296355.57,BR024,RM_093,Savings
ACC_003482,CUST_03482,Current,2025-02-10,23012.66,BR002,RM_014,Current
ACC_003483,CUST_03483,Savings,2024-07-21,29102.12,BR005,RM_016,Savings
ACC_003484,CUST_03484,Savings,2021-11-02,84571.11,BR014,RM_002,Savings
ACC_003485,CUST_03485,Savings,2024-09-07,23635.04,BR044,RM_047,Savings
ACC_003486,CUST_03486,Savings,2025-08-29,193765.08,BR037,RM_062,Savings
ACC_003487,CUST_03487,Savings,2023-07-24,14666.24,BR037,RM_006,Savings
ACC_003488,CUST_03488,Current,2022-04-18,38545.8,BR044,RM_016,Current
ACC_003489,CUST_03489,Savings,2025-01-09,7519.67,BR016,RM_099,Savings
ACC_003490,CUST_03490,Savings,2025-03-21,283806.14,BR043,RM_058,Savings
ACC_003491,CUST_03491,Savings,2025-09-23,13056.37,BR026,RM_087,Savings
ACC_003492,CUST_03492,Savings,2023-02-11,14381.82,BR013,RM_036,Savings
ACC_003493,CUST_03493,Salary,2025-10-23,59676.46,BR046,RM_077,Salary
ACC_003494,CUST_03494,Savings,2022-03-22,13437.29,BR039,RM_034,Savings
ACC_003495,CUST_03495,Savings,2024-03-08,1785.15,BR012,RM_057,Savings
ACC_003496,CUST_03496,Savings,2021-12-06,4337.53,BR043,RM_020,Savings
ACC_003497,CUST_03497,Savings,2021-06-17,6955.79,BR007,RM_049,Savings
ACC_003498,CUST_03498,Savings,2022-08-19,170586.17,BR049,RM_075,Savings
ACC_003499,CUST_03499,Savings,2021-10-06,10222.28,BR043,RM_078,Savings
ACC_003500,CUST_03500,Current,2022-11-20,2990.58,BR007,RM_034,Current
ACC_003501,CUST_03501,Savings,2024-02-10,67937.82,BR009,RM_057,Savings
ACC_003502,CUST_03502,Current,2024-09-24,33005.21,BR002,RM_037,Current
ACC_003503,CUST_03503,Savings,2024-08-30,136499.79,BR008,RM_068,Savings
ACC_003504,CUST_03504,Current,2023-06-12,45314.61,BR011,RM_012,Current
ACC_003505,CUST_03505,Current,2022-03-20,5606.18,BR018,RM_009,Current
ACC_003506,CUST_03506,Savings,2024-10-10,30610.19,BR044,RM_067,Savings
ACC_003507,CUST_03507,Salary,2023-02-06,3131.82,BR016,RM_067,Salary
ACC_003508,CUST_03508,Salary,2022-09-14,12334.3,BR044,RM_002,Salary
ACC_003509,CUST_03509,Savings,2024-09-02,2767.99,BR042,RM_054,Savings
ACC_003510,CUST_03510,Savings,2026-03-04,48440.07,BR007,RM_089,Savings
ACC_003511,CUST_03511,Savings,2025-01-13,4118.07,BR020,RM_070,Savings
ACC_003512,CUST_03512,Savings,2023-12-28,10721.87,BR016,RM_024,Savings
ACC_003513,CUST_03513,Savings,2026-07-19,213016.86,BR022,RM_072,Savings
ACC_003514,CUST_03514,Savings,2022-06-18,21506.0,BR024,RM_033,Savings
ACC_003515,CUST_03515,Salary,2024-04-09,1817611.23,BR036,RM_058,Salary
ACC_003516,CUST_03516,Savings,2021-09-22,15790.06,BR008,RM_075,Savings
ACC_003517,CUST_03517,Salary,2024-01-26,41027.24,BR025,RM_001,Salary
ACC_003518,CUST_03518,Current,2021-02-09,2686703.08,BR023,RM_038,Current
ACC_003519,CUST_03519,Current,2025-03-29,3611.75,BR044,RM_083,Current
ACC_003520,CUST_03520,Salary,2024-05-11,39076.99,BR008,RM_029,Salary
ACC_003521,CUST_03521,Savings,2025-07-18,24011.27,BR038,RM_013,Savings
ACC_003522,CUST_03522,Salary,2024-04-03,2150.56,BR030,RM_071,Salary
ACC_003523,CUST_03523,Savings,2024-08-22,16046.96,BR009,RM_089,Savings
ACC_003524,CUST_03524,Savings,2021-03-17,5945.56,BR018,RM_005,Savings
ACC_003525,CUST_03525,Savings,2023-01-28,51979.02,BR013,RM_083,Savings
ACC_003526,CUST_03526,Savings,2021-08-14,5060.77,BR050,RM_073,Savings
ACC_003527,CUST_03527,Savings,2025-10-16,27705.91,BR006,RM_067,Savings
ACC_003528,CUST_03528,Savings,2024-10-21,77587.48,BR047,RM_071,Savings
ACC_003529,CUST_03529,Savings,2025-10-01,23960.58,BR016,RM_044,Savings
ACC_003530,CUST_03530,Savings,2025-10-26,5049.97,BR020,RM_026,Savings
ACC_003531,CUST_03531,Savings,2023-03-12,31097.54,BR001,RM_017,Savings
ACC_003532,CUST_03532,Savings,2021-12-11,7215.9,BR050,RM_028,Savings
ACC_003533,CUST_03533,Savings,2024-01-16,26214.05,BR050,RM_035,Savings
ACC_003534,CUST_03534,Savings,2023-04-07,50314.17,BR025,RM_020,Savings
ACC_003535,CUST_03535,Savings,2022-06-19,36944.38,BR034,RM_032,Savings
ACC_003536,CUST_03536,Savings,2021-02-26,25832.5,BR049,RM_005,Savings
ACC_003537,CUST_03537,Savings,2024-08-02,555.81,BR013,RM_049,Savings
ACC_003538,CUST_03538,Savings,2022-07-24,98755.2,BR009,RM_074,Savings
ACC_003539,CUST_03539,Savings,2024-08-17,10998.64,BR010,RM_090,Savings
ACC_003540,CUST_03540,Savings,2023-05-12,11796.52,BR012,RM_080,Savings
ACC_003541,CUST_03541,Savings,2023-11-16,936.7,BR016,RM_046,Savings
ACC_003542,CUST_03542,Savings,2026-01-02,100221.53,BR048,RM_083,Savings
ACC_003543,CUST_03543,Savings,2024-08-16,12440.98,BR037,RM_065,Savings
ACC_003544,CUST_03544,Savings,2026-02-07,3245.9,BR050,RM_061,Savings
ACC_003545,CUST_03545,Salary,2022-08-06,59733.51,BR017,RM_005,Salary
ACC_003546,CUST_03546,Savings,2023-08-21,23398.57,BR018,RM_074,Savings
ACC_003547,CUST_03547,Savings,2022-01-26,82651.03,BR034,RM_072,Savings
ACC_003548,CUST_03548,Savings,2022-01-26,10804.8,BR011,RM_093,Savings
ACC_003549,CUST_03549,Savings,2024-10-26,4014.68,BR049,RM_075,Savings
ACC_003550,CUST_03550,Savings,2023-03-08,19631.78,BR003,RM_094,Savings
ACC_003551,CUST_03551,Savings,2023-04-01,23604.14,BR015,RM_066,Savings
ACC_003552,CUST_03552,Savings,2023-08-17,27485.98,BR016,RM_088,Savings
ACC_003553,CUST_03553,Savings,2021-03-05,244181.81,BR034,RM_089,Savings
ACC_003554,CUST_03554,Savings,2023-08-22,104852.69,BR031,RM_012,Savings
ACC_003555,CUST_03555,Savings,2024-02-02,196353.31,BR028,RM_083,Savings
ACC_003556,CUST_03556,Savings,2025-07-18,136497.24,BR026,RM_059,Savings
ACC_003557,CUST_03557,Salary,2021-04-21,107592.24,BR031,RM_050,Salary
ACC_003558,CUST_03558,Savings,2025-01-09,12930.99,BR048,RM_096,Savings
ACC_003559,CUST_03559,Current,2023-10-04,40764.99,BR020,RM_027,Current
ACC_003560,CUST_03560,Salary,2021-03-12,17051.7,BR009,RM_009,Salary
ACC_003561,CUST_03561,Savings,2021-02-24,4197.63,BR023,RM_072,Savings
ACC_003562,CUST_03562,Salary,2023-07-17,70792.51,BR025,RM_100,Salary
ACC_003563,CUST_03563,Savings,2022-11-20,80026.91,BR039,RM_013,Savings
ACC_003564,CUST_03564,Savings,2022-12-26,14207.44,BR031,RM_065,Savings
ACC_003565,CUST_03565,Savings,2022-09-13,17212.72,BR014,RM_084,Savings
ACC_003566,CUST_03566,Savings,2024-06-02,38500.18,BR046,RM_017,Savings
ACC_003567,CUST_03567,Current,2023-04-30,200600.46,BR006,RM_074,Current
ACC_003568,CUST_03568,Salary,2022-10-25,50303.32,BR035,RM_061,Salary
ACC_003569,CUST_03569,Savings,2023-08-18,132137.24,BR039,RM_045,Savings
ACC_003570,CUST_03570,Savings,2021-11-03,1212599.12,BR017,RM_092,Savings
ACC_003571,CUST_03571,Savings,2022-12-28,11429.44,BR019,RM_025,Savings
ACC_003572,CUST_03572,Savings,2022-04-04,3152.58,BR048,RM_042,Savings
ACC_003573,CUST_03573,Savings,2021-02-05,7465.94,BR023,RM_086,Savings
ACC_003574,CUST_03574,Savings,2024-08-08,344001.48,BR046,RM_065,Savings
ACC_003575,CUST_03575,Current,2026-07-19,5742.54,BR029,RM_048,Current
ACC_003576,CUST_03576,Savings,2021-09-07,10974.57,BR003,RM_087,Savings
ACC_003577,CUST_03577,Savings,2021-08-06,14183.57,BR022,RM_014,Savings
ACC_003578,CUST_03578,Salary,2026-03-12,19639.7,BR025,RM_080,Salary
ACC_003579,CUST_03579,Savings,2023-02-22,38275.16,BR027,RM_070,Savings
ACC_003580,CUST_03580,Savings,2024-03-30,6293.73,BR039,RM_013,Savings
ACC_003581,CUST_03581,Savings,2022-03-14,102871.28,BR014,RM_059,Savings
ACC_003582,CUST_03582,Savings,2025-11-05,117968.92,BR004,RM_030,Savings
ACC_003583,CUST_03583,Current,2024-10-01,32109.38,BR003,RM_062,Current
ACC_003584,CUST_03584,Salary,2026-06-27,7618.61,BR046,RM_043,Salary
ACC_003585,CUST_03585,Savings,2024-07-19,48504.18,BR048,RM_075,Savings
ACC_003586,CUST_03586,Savings,2023-09-21,23441.04,BR044,RM_095,Savings
ACC_003587,CUST_03587,Current,2021-03-17,12874.3,BR013,RM_006,Current
ACC_003588,CUST_03588,Savings,2021-04-28,129368.07,BR022,RM_048,Savings
ACC_003589,CUST_03589,Savings,2025-05-02,4413.49,BR042,RM_082,Savings
ACC_003590,CUST_03590,Savings,2022-10-15,46392.23,BR038,RM_098,Savings
ACC_003591,CUST_03591,Savings,2025-10-30,1544.96,BR012,RM_089,Savings
ACC_003592,CUST_03592,Savings,2023-09-22,62269.63,BR040,RM_006,Savings
ACC_003593,CUST_03593,Savings,2024-08-02,6053.83,BR046,RM_074,Savings
ACC_003594,CUST_03594,Savings,2024-12-26,54617.47,BR016,RM_091,Savings
ACC_003595,CUST_03595,Salary,2023-12-29,100935.45,BR032,RM_073,Salary
ACC_003596,CUST_03596,Savings,2023-05-12,26615.51,BR049,RM_030,Savings
ACC_003597,CUST_03597,Savings,2021-02-01,30558.22,BR033,RM_069,Savings
ACC_003598,CUST_03598,Savings,2023-12-27,9310.5,BR028,RM_049,Savings
ACC_003599,CUST_03599,Salary,2022-12-30,109970.83,BR008,RM_096,Salary
ACC_003600,CUST_03600,Savings,2023-05-09,8387.05,BR025,RM_005,Savings
ACC_003601,CUST_03601,Savings,2025-09-23,16072.43,BR029,RM_058,Savings
ACC_003602,CUST_03602,Salary,2024-05-19,34794.9,BR003,RM_028,Salary
ACC_003603,CUST_03603,Savings,2025-05-04,165025.34,BR047,RM_027,Savings
ACC_003604,CUST_03604,Savings,2024-06-29,90791.36,BR041,RM_048,Savings
ACC_003605,CUST_03605,Savings,2026-01-19,1630.17,BR022,RM_062,Savings
ACC_003606,CUST_03606,Salary,2024-01-19,2915.25,BR007,RM_011,Salary
ACC_003607,CUST_03607,Savings,2023-11-10,13867.4,BR012,RM_040,Savings
ACC_003608,CUST_03608,Savings,2021-01-31,1572.2,BR016,RM_076,Savings
ACC_003609,CUST_03609,Savings,2022-04-25,9995.83,BR013,RM_029,Savings
ACC_003610,CUST_03610,Savings,2024-05-05,10514.05,BR048,RM_048,Savings
ACC_003611,CUST_03611,Savings,2025-09-25,796.32,BR021,RM_077,Savings
ACC_003612,CUST_03612,Savings,2025-10-12,11700.23,BR030,RM_097,Savings
ACC_003613,CUST_03613,Current,2025-04-21,18286.96,BR007,RM_006,Current
ACC_003614,CUST_03614,Savings,2022-06-22,26258.84,BR037,RM_048,Savings
ACC_003615,CUST_03615,Salary,2026-04-29,117221.72,BR014,RM_070,Salary
ACC_003616,CUST_03616,Current,2025-04-27,10292.7,BR027,RM_095,Current
ACC_003617,CUST_03617,Savings,2024-05-17,7708.7,BR029,RM_095,Savings
ACC_003618,CUST_03618,Savings,2025-01-19,49489.05,BR029,RM_081,Savings
ACC_003619,CUST_03619,Savings,2026-06-09,6789.98,BR039,RM_087,Savings
ACC_003620,CUST_03620,Current,2023-07-06,8676.8,BR022,RM_093,Current
ACC_003621,CUST_03621,Savings,2026-05-13,88656.0,BR024,RM_085,Savings
ACC_003622,CUST_03622,Current,2022-04-29,67737.79,BR028,RM_044,Current
ACC_003623,CUST_03623,Savings,2022-05-23,5849.21,BR045,RM_016,Savings
ACC_003624,CUST_03624,Savings,2024-02-22,134223.0,BR007,RM_073,Savings
ACC_003625,CUST_03625,Savings,2026-07-06,12042.68,BR011,RM_056,Savings
ACC_003626,CUST_03626,Savings,2022-12-07,4901.77,BR027,RM_065,Savings
ACC_003627,CUST_03627,Savings,2025-02-10,101862.59,BR043,RM_031,Savings
ACC_003628,CUST_03628,Savings,2025-08-03,429492.64,BR040,RM_090,Savings
ACC_003629,CUST_03629,Salary,2023-10-23,743.15,BR030,RM_024,Salary
ACC_003630,CUST_03630,Savings,2024-10-11,10927.12,BR023,RM_060,Savings
ACC_003631,CUST_03631,Savings,2026-07-08,58166.57,BR018,RM_096,Savings
ACC_003632,CUST_03632,Savings,2025-05-25,79100.87,BR040,RM_048,Savings
ACC_003633,CUST_03633,Savings,2024-07-25,2254.89,BR013,RM_013,Savings
ACC_003634,CUST_03634,Current,2025-08-29,6219.91,BR005,RM_026,Current
ACC_003635,CUST_03635,Savings,2021-12-15,75719.93,BR017,RM_067,Savings
ACC_003636,CUST_03636,Savings,2022-07-02,7832.45,BR049,RM_055,Savings
ACC_003637,CUST_03637,Current,2022-07-25,194558.95,BR033,RM_022,Current
ACC_003638,CUST_03638,Savings,2026-03-12,20089.89,BR020,RM_003,Savings
ACC_003639,CUST_03639,Savings,2026-07-08,19510.21,BR001,RM_041,Savings
ACC_003640,CUST_03640,Savings,2024-04-12,1318.48,BR011,RM_051,Savings
ACC_003641,CUST_03641,Savings,2024-01-08,195441.53,BR049,RM_007,Savings
ACC_003642,CUST_03642,Savings,2021-01-06,95548.63,BR042,RM_032,Savings
ACC_003643,CUST_03643,Savings,2025-08-30,8178.9,BR025,RM_075,Savings
ACC_003644,CUST_03644,Savings,2023-10-08,4428.3,BR020,RM_073,Savings
ACC_003645,CUST_03645,Savings,2025-06-16,54954.28,BR048,RM_001,Savings
ACC_003646,CUST_03646,Current,2023-12-21,32800.38,BR048,RM_063,Current
ACC_003647,CUST_03647,Current,2026-05-25,123068.68,BR015,RM_002,Current
ACC_003648,CUST_03648,Savings,2021-04-06,22718.68,BR017,RM_087,Savings
ACC_003649,CUST_03649,Salary,2024-02-12,17400.41,BR015,RM_027,Salary
ACC_003650,CUST_03650,Savings,2023-05-31,15585.52,BR043,RM_038,Savings
ACC_003651,CUST_03651,Salary,2021-09-22,5741.73,BR034,RM_035,Salary
ACC_003652,CUST_03652,Savings,2024-12-02,102510.43,BR047,RM_095,Savings
ACC_003653,CUST_03653,Savings,2023-04-22,11282.79,BR011,RM_076,Savings
ACC_003654,CUST_03654,Savings,2026-02-05,3634.23,BR023,RM_004,Savings
ACC_003655,CUST_03655,Savings,2026-05-23,56824.47,BR042,RM_068,Savings
ACC_003656,CUST_03656,Savings,2022-03-29,-2721.46,BR019,RM_035,Savings
ACC_003657,CUST_03657,Savings,2023-10-29,11086.29,BR014,RM_072,Savings
ACC_003658,CUST_03658,Savings,2023-08-26,24374.9,BR008,RM_058,Savings
ACC_003659,CUST_03659,Savings,2026-03-23,156002.86,BR012,RM_027,Savings
ACC_003660,CUST_03660,Savings,2021-09-18,3526.66,BR029,RM_009,Savings
ACC_003661,CUST_03661,Savings,2024-08-18,9280.65,BR038,RM_097,Savings
ACC_003662,CUST_03662,Savings,2025-05-26,21431.95,BR027,RM_031,Savings
ACC_003663,CUST_03663,Savings,2024-03-21,468603.89,BR026,RM_028,Savings
ACC_003664,CUST_03664,Savings,2023-08-25,8866.73,BR013,RM_074,Savings
ACC_003665,CUST_03665,Salary,2022-12-15,24384.46,BR009,RM_083,Salary
ACC_003666,CUST_03666,Salary,2023-02-16,28780.16,BR015,RM_098,Salary
ACC_003667,CUST_03667,Savings,2025-09-19,3111.81,BR004,RM_050,Savings
ACC_003668,CUST_03668,Savings,2023-06-17,5903.97,BR040,RM_017,Savings
ACC_003669,CUST_03669,Savings,2024-08-15,7325.21,BR049,RM_097,Savings
ACC_003670,CUST_03670,Salary,2023-02-28,322209.05,BR035,RM_086,Salary
ACC_003671,CUST_03671,Savings,2026-08-02,2659.24,BR001,RM_097,Savings
ACC_003672,CUST_03672,Savings,2021-11-20,9753.01,BR021,RM_081,Savings
ACC_003673,CUST_03673,Savings,2022-12-29,18516.83,BR029,RM_035,Savings
ACC_003674,CUST_03674,Savings,2022-09-08,84184.13,BR041,RM_008,Savings
ACC_003675,CUST_03675,Savings,2023-09-22,12588.49,BR023,RM_015,Savings
ACC_003676,CUST_03676,Savings,2022-07-04,220707.99,BR037,RM_006,Savings
ACC_003677,CUST_03677,Savings,2023-05-02,154846.0,BR049,RM_095,Savings
ACC_003678,CUST_03678,Salary,2025-01-29,4694.1,BR008,RM_007,Salary
ACC_003679,CUST_03679,Savings,2023-01-13,33161.51,BR021,RM_084,Savings
ACC_003680,CUST_03680,Savings,2022-10-24,10139.01,BR021,RM_060,Savings
ACC_003681,CUST_03681,Savings,2022-07-06,7975.66,BR017,RM_100,Savings
ACC_003682,CUST_03682,Savings,2026-07-19,2361.94,BR008,RM_099,Savings
ACC_003683,CUST_03683,Savings,2022-12-15,33058.91,BR041,RM_039,Savings
ACC_003684,CUST_03684,Savings,2025-12-12,64805.17,BR020,RM_084,Savings
ACC_003685,CUST_03685,Savings,2021-07-23,50632.13,BR028,RM_068,Savings
ACC_003686,CUST_03686,Savings,2024-05-01,18604.23,BR050,RM_089,Savings
ACC_003687,CUST_03687,Savings,2025-12-09,3710.06,BR010,RM_034,Savings
ACC_003688,CUST_03688,Salary,2022-02-20,1794.75,BR042,RM_042,Salary
ACC_003689,CUST_03689,Savings,2022-12-24,42397.18,BR044,RM_081,Savings
ACC_003690,CUST_03690,Current,2025-02-06,360681.79,BR002,RM_042,Current
ACC_003691,CUST_03691,Savings,2023-05-02,80415.55,BR021,RM_029,Savings
ACC_003692,CUST_03692,Savings,2022-06-14,106189.2,BR005,RM_066,Savings
ACC_003693,CUST_03693,Savings,2022-12-31,12163.68,BR018,RM_044,Savings
ACC_003694,CUST_03694,Savings,2025-04-09,3296.88,BR009,RM_067,Savings
ACC_003695,CUST_03695,Savings,2023-10-25,144286.26,BR023,RM_089,Savings
ACC_003696,CUST_03696,Savings,2023-02-06,6685099.41,BR023,RM_076,Savings
ACC_003697,CUST_03697,Savings,2026-05-08,3770.69,BR047,RM_066,Savings
ACC_003698,CUST_03698,Current,2025-12-16,48815.62,BR006,RM_087,Current
ACC_003699,CUST_03699,Savings,2022-04-22,778384.16,BR012,RM_019,Savings
ACC_003700,CUST_03700,Current,2021-06-14,4475.02,BR046,RM_067,Current
ACC_003701,CUST_03701,Savings,2024-01-20,1037622.6,BR013,RM_008,Savings
ACC_003702,CUST_03702,Savings,2024-04-25,61659.51,BR002,RM_019,Savings
ACC_003703,CUST_03703,Savings,2024-07-10,188926.54,BR012,RM_024,Savings
ACC_003704,CUST_03704,Savings,2024-11-29,14328.13,BR003,RM_008,Savings
ACC_003705,CUST_03705,Savings,2023-12-20,904865.51,BR026,RM_015,Savings
ACC_003706,CUST_03706,Salary,2024-01-28,200011.13,BR021,RM_055,Salary
ACC_003707,CUST_03707,Salary,2025-04-06,110547.21,BR013,RM_074,Salary
ACC_003708,CUST_03708,Savings,2024-12-26,296992.07,BR013,RM_035,Savings
ACC_003709,CUST_03709,Savings,2021-11-10,14544.66,BR005,RM_079,Savings
ACC_003710,CUST_03710,Savings,2023-08-29,375044.84,BR014,RM_002,Savings
ACC_003711,CUST_03711,Savings,2024-08-24,274622.29,BR038,RM_068,Savings
ACC_003712,CUST_03712,Savings,2023-09-13,6267.57,BR022,RM_011,Savings
ACC_003713,CUST_03713,Savings,2021-12-20,3893.85,BR031,RM_085,Savings
ACC_003714,CUST_03714,Savings,2026-06-16,13366.97,BR013,RM_002,Savings
ACC_003715,CUST_03715,Savings,2025-12-08,3070.86,BR042,RM_025,Savings
ACC_003716,CUST_03716,Savings,2025-06-10,8330.3,BR018,RM_020,Savings
ACC_003717,CUST_03717,Savings,2023-05-05,22510.52,BR002,RM_053,Savings
ACC_003718,CUST_03718,Savings,2021-08-11,41298.25,BR020,RM_021,Savings
ACC_003719,CUST_03719,Current,2024-06-28,1573.36,BR045,RM_004,Current
ACC_003720,CUST_03720,Savings,2024-06-10,299038.69,BR018,RM_019,Savings
ACC_003721,CUST_03721,Salary,2024-12-02,104123.02,BR015,RM_028,Salary
ACC_003722,CUST_03722,Savings,2024-05-27,32860.7,BR026,RM_026,Savings
ACC_003723,CUST_03723,Salary,2023-06-15,9075.85,BR012,RM_038,Salary
ACC_003724,CUST_03724,Savings,2023-05-31,494862.6,BR010,RM_092,Savings
ACC_003725,CUST_03725,Current,2023-11-07,51458.98,BR014,RM_030,Current
ACC_003726,CUST_03726,Savings,2026-06-11,2910.19,BR030,RM_061,Savings
ACC_003727,CUST_03727,Savings,2022-11-12,16291.84,BR046,RM_088,Savings
ACC_003728,CUST_03728,Savings,2023-10-10,2969.43,BR002,RM_021,Savings
ACC_003729,CUST_03729,Savings,2024-12-10,413206.84,BR026,RM_025,Savings
ACC_003730,CUST_03730,Current,2021-04-17,746768.67,BR031,RM_018,Current
ACC_003731,CUST_03731,Savings,2021-05-18,1042.39,BR023,RM_096,Savings
ACC_003732,CUST_03732,Savings,2025-01-05,13795.48,BR042,RM_088,Savings
ACC_003733,CUST_03733,Savings,2025-06-08,48610.29,BR021,RM_003,Savings
ACC_003734,CUST_03734,Salary,2022-10-23,13496.5,BR030,RM_090,Salary
ACC_003735,CUST_03735,Salary,2025-11-03,34804.02,BR042,RM_041,Salary
ACC_003736,CUST_03736,Savings,2024-04-16,47793.6,BR045,RM_019,Savings
ACC_003737,CUST_03737,Current,2022-10-05,10569.48,BR040,RM_087,Current
ACC_003738,CUST_03738,Savings,2021-01-07,122136.89,BR013,RM_052,Savings
ACC_003739,CUST_03739,Current,2023-02-15,208165.24,BR025,RM_012,Current
ACC_003740,CUST_03740,Salary,2025-03-15,20271.35,BR043,RM_080,Salary
ACC_003741,CUST_03741,Savings,2023-11-14,9965.71,BR026,RM_076,Savings
ACC_003742,CUST_03742,Salary,2023-01-10,26854.77,BR017,RM_043,Salary
ACC_003743,CUST_03743,Savings,2021-04-25,75162.32,BR002,RM_061,Savings
ACC_003744,CUST_03744,Current,2025-02-09,34437.39,BR044,RM_044,Current
ACC_003745,CUST_03745,Savings,2023-10-25,7063.78,BR041,RM_094,Savings
ACC_003746,CUST_03746,Savings,2025-10-09,8980.49,BR035,RM_049,Savings
ACC_003747,CUST_03747,Salary,2026-07-14,6472.57,BR037,RM_069,Salary
ACC_003748,CUST_03748,Savings,2023-10-20,97433.74,BR026,RM_097,Savings
ACC_003749,CUST_03749,Savings,2021-10-23,34890.62,BR047,RM_001,Savings
ACC_003750,CUST_03750,Current,2022-09-02,14557.83,BR046,RM_049,Current
ACC_003751,CUST_03751,Savings,2025-04-03,5021.13,BR017,RM_039,Savings
ACC_003752,CUST_03752,Savings,2024-03-12,333737.68,BR004,RM_038,Savings
ACC_003753,CUST_03753,Savings,2021-02-26,41684.46,BR040,RM_034,Savings
ACC_003754,CUST_03754,Savings,2025-07-12,4325.95,BR007,RM_024,Savings
ACC_003755,CUST_03755,Savings,2024-02-07,9896.71,BR010,RM_099,Savings
ACC_003756,CUST_03756,Current,2025-01-31,3083.78,BR025,RM_015,Current
ACC_003757,CUST_03757,Savings,2022-11-17,74238.86,BR050,RM_024,Savings
ACC_003758,CUST_03758,Salary,2025-10-23,27575.97,BR043,RM_073,Salary
ACC_003759,CUST_03759,Savings,2026-04-25,3831.64,BR010,RM_019,Savings
ACC_003760,CUST_03760,Savings,2022-05-25,4054.75,BR030,RM_003,Savings
ACC_003761,CUST_03761,Savings,2023-05-23,13739.74,BR016,RM_022,Savings
ACC_003762,CUST_03762,Savings,2026-02-01,308249.95,BR029,RM_052,Savings
ACC_003763,CUST_03763,Savings,2021-05-28,167443.52,BR049,RM_031,Savings
ACC_003764,CUST_03764,Current,2025-02-01,612.14,BR040,RM_063,Current
ACC_003765,CUST_03765,Savings,2025-08-16,165265.02,BR001,RM_095,Savings
ACC_003766,CUST_03766,Savings,2022-01-20,16356.11,BR002,RM_020,Savings
ACC_003767,CUST_03767,Current,2021-08-14,51436.9,BR006,RM_028,Current
ACC_003768,CUST_03768,Savings,2023-04-02,1521.67,BR012,RM_093,Savings
ACC_003769,CUST_03769,Savings,2024-10-23,45554.46,BR038,RM_055,Savings
ACC_003770,CUST_03770,Savings,2023-12-15,77069.19,BR046,RM_041,Savings
ACC_003771,CUST_03771,Salary,2025-04-27,10229.14,BR012,RM_003,Salary
ACC_003772,CUST_03772,Salary,2022-09-26,5093.73,BR017,RM_051,Salary
ACC_003773,CUST_03773,Salary,2021-04-04,41875.88,BR039,RM_055,Salary
ACC_003774,CUST_03774,Savings,2022-07-01,14573.17,BR003,RM_035,Savings
ACC_003775,CUST_03775,Savings,2024-03-31,4032.93,BR026,RM_023,Savings
ACC_003776,CUST_03776,Savings,2021-03-10,15865.63,BR004,RM_045,Savings
ACC_003777,CUST_03777,Savings,2023-12-27,2896445.83,BR014,RM_042,Savings
ACC_003778,CUST_03778,Savings,2022-11-02,14269.87,BR025,RM_092,Savings
ACC_003779,CUST_03779,Savings,2026-01-08,9745.92,BR011,RM_067,Savings
ACC_003780,CUST_03780,Current,2024-07-01,27324.41,BR019,RM_015,Current
ACC_003781,CUST_03781,Savings,2021-05-09,52849.03,BR025,RM_021,Savings
ACC_003782,CUST_03782,Current,2022-09-30,15185.3,BR028,RM_061,Current
ACC_003783,CUST_03783,Savings,2023-11-29,84351.6,BR022,RM_030,Savings
ACC_003784,CUST_03784,Savings,2022-02-08,5397.04,BR049,RM_007,Savings
ACC_003785,CUST_03785,Savings,2022-03-28,2844.41,BR044,RM_046,Savings
ACC_003786,CUST_03786,Savings,2021-09-07,5933.27,BR005,RM_046,Savings
ACC_003787,CUST_03787,Savings,2024-09-05,35100.66,BR045,RM_029,Savings
ACC_003788,CUST_03788,Savings,2026-04-13,44205.11,BR046,RM_040,Savings
ACC_003789,CUST_03789,Savings,2022-02-16,14032.16,BR043,RM_041,Savings
ACC_003790,CUST_03790,Savings,2021-09-27,2676.54,BR047,RM_017,Savings
ACC_003791,CUST_03791,Savings,2024-10-23,416678.44,BR025,RM_070,Savings
ACC_003792,CUST_03792,Savings,2022-05-18,34210.82,BR018,RM_095,Savings
ACC_003793,CUST_03793,Savings,2022-05-15,6222.36,BR001,RM_009,Savings
ACC_003794,CUST_03794,Salary,2026-03-31,6304.09,BR001,RM_089,Salary
ACC_003795,CUST_03795,Savings,2024-04-18,659819.59,BR031,RM_025,Savings
ACC_003796,CUST_03796,Savings,2026-01-11,22988.71,BR014,RM_025,Savings
ACC_003797,CUST_03797,Savings,2023-05-16,40649.16,BR015,RM_075,Savings
ACC_003798,CUST_03798,Savings,2024-07-09,18357.74,BR038,RM_091,Savings
ACC_003799,CUST_03799,Current,2023-03-29,6039.13,BR016,RM_073,Current
ACC_003800,CUST_03800,Savings,2023-12-08,953425.97,BR024,RM_002,Savings
ACC_003801,CUST_03801,Savings,2021-08-20,44284.97,BR023,RM_088,Savings
ACC_003802,CUST_03802,Savings,2025-02-02,5530.9,BR039,RM_041,Savings
ACC_003803,CUST_03803,Savings,2022-03-07,16041.89,BR003,RM_071,Savings
ACC_003804,CUST_03804,Current,2021-09-30,214173.21,BR020,RM_027,Current
ACC_003805,CUST_03805,Savings,2022-02-24,151128.45,BR012,RM_029,Savings
ACC_003806,CUST_03806,Savings,2022-07-16,20959.61,BR032,RM_078,Savings
ACC_003807,CUST_03807,Savings,2023-08-27,2519.66,BR024,RM_033,Savings
ACC_003808,CUST_03808,Savings,2026-01-11,33030.02,BR027,RM_077,Savings
ACC_003809,CUST_03809,Current,2024-11-28,80478.44,BR005,RM_083,Current
ACC_003810,CUST_03810,Savings,2021-03-17,21366.14,BR024,RM_093,Savings
ACC_003811,CUST_03811,Savings,2021-02-07,85597.35,BR004,RM_052,Savings
ACC_003812,CUST_03812,Current,2024-12-05,304129.43,BR007,RM_075,Current
ACC_003813,CUST_03813,Savings,2024-09-08,58935.96,BR008,RM_003,Savings
ACC_003814,CUST_03814,Savings,2025-07-28,1039417.71,BR026,RM_026,Savings
ACC_003815,CUST_03815,Savings,2026-02-05,39049.42,BR022,RM_077,Savings
ACC_003816,CUST_03816,Savings,2022-03-04,135065.65,BR013,RM_006,Savings
ACC_003817,CUST_03817,Savings,2022-10-12,35509.11,BR023,RM_079,Savings
ACC_003818,CUST_03818,Salary,2022-09-28,52605.24,BR012,RM_022,Salary
ACC_003819,CUST_03819,Savings,2021-08-07,6700.97,BR026,RM_037,Savings
ACC_003820,CUST_03820,Savings,2025-05-17,59634.52,BR050,RM_020,Savings
ACC_003821,CUST_03821,Savings,2024-04-11,606.27,BR047,RM_017,Savings
ACC_003822,CUST_03822,Savings,2022-11-19,31225.82,BR040,RM_095,Savings
ACC_003823,CUST_03823,Savings,2022-12-03,42734.44,BR025,RM_094,Savings
ACC_003824,CUST_03824,Savings,2023-11-20,13830.77,BR025,RM_044,Savings
ACC_003825,CUST_03825,Savings,2021-02-12,1463.15,BR009,RM_095,Savings
ACC_003826,CUST_03826,Savings,2023-03-30,7755.54,BR001,RM_089,Savings
ACC_003827,CUST_03827,Salary,2021-07-30,10935.8,BR013,RM_100,Salary
ACC_003828,CUST_03828,Savings,2023-05-06,12066.91,BR034,RM_087,Savings
ACC_003829,CUST_03829,Savings,2022-03-24,27003.47,BR016,RM_086,Savings
ACC_003830,CUST_03830,Salary,2021-09-08,11830.85,BR006,RM_076,Salary
ACC_003831,CUST_03831,Savings,2024-09-21,653070.65,BR018,RM_026,Savings
ACC_003832,CUST_03832,Savings,2025-12-06,2879.91,BR039,RM_056,Savings
ACC_003833,CUST_03833,Savings,2024-03-14,17426.06,BR007,RM_008,Savings
ACC_003834,CUST_03834,Savings,2024-12-27,160202.7,BR007,RM_014,Savings
ACC_003835,CUST_03835,Savings,2021-08-03,10371.79,BR012,RM_052,Savings
ACC_003836,CUST_03836,Savings,2025-09-09,40018.15,BR043,RM_047,Savings
ACC_003837,CUST_03837,Current,2021-09-02,27460.31,BR007,RM_096,Current
ACC_003838,CUST_03838,Savings,2023-05-30,650.71,BR006,RM_093,Savings
ACC_003839,CUST_03839,Savings,2024-04-11,6287.72,BR045,RM_043,Savings
ACC_003840,CUST_03840,Savings,2025-05-29,12550.47,BR040,RM_094,Savings
ACC_003841,CUST_03841,Savings,2024-09-13,1733.9,BR042,RM_050,Savings
ACC_003842,CUST_03842,Savings,2025-02-24,7581.46,BR037,RM_088,Savings
ACC_003843,CUST_03843,Current,2022-04-10,24510.4,BR018,RM_031,Current
ACC_003844,CUST_03844,Savings,2024-09-27,24633.81,BR002,RM_036,Savings
ACC_003845,CUST_03845,Savings,2026-01-02,48059.96,BR019,RM_043,Savings
ACC_003846,CUST_03846,Savings,2022-05-08,17283.22,BR016,RM_045,Savings
ACC_003847,CUST_03847,Savings,2023-12-23,9386.94,BR017,RM_045,Savings
ACC_003848,CUST_03848,Savings,2026-04-25,2239.25,BR026,RM_004,Savings
ACC_003849,CUST_03849,Current,2022-09-06,98062.12,BR044,RM_022,Current
ACC_003850,CUST_03850,Savings,2026-04-24,79718.42,BR039,RM_098,Savings
ACC_003851,CUST_03851,Savings,2022-12-19,6432.57,BR032,RM_073,Savings
ACC_003852,CUST_03852,Current,2023-07-01,83099.94,BR021,RM_008,Current
ACC_003853,CUST_03853,Savings,2022-02-19,9366.97,BR050,RM_091,Savings
ACC_003854,CUST_03854,Savings,2021-07-22,20490.93,BR011,RM_008,Savings
ACC_003855,CUST_03855,Savings,2025-10-19,57084.28,BR043,RM_035,Savings
ACC_003856,CUST_03856,Savings,2021-10-05,10662.79,BR019,RM_023,Savings
ACC_003857,CUST_03857,Current,2025-07-04,25050.32,BR014,RM_044,Current
ACC_003858,CUST_03858,Salary,2021-08-12,7062.59,BR008,RM_054,Salary
ACC_003859,CUST_03859,Savings,2023-10-02,17853.89,BR003,RM_062,Savings
ACC_003860,CUST_03860,Current,2021-11-08,88597.86,BR020,RM_005,Current
ACC_003861,CUST_03861,Current,2026-04-08,5670.93,BR026,RM_090,Current
ACC_003862,CUST_03862,Salary,2025-12-13,4175.64,BR031,RM_084,Salary
ACC_003863,CUST_03863,Savings,2025-10-17,5830.78,BR010,RM_074,Savings
ACC_003864,CUST_03864,Savings,2026-03-10,23992.59,BR008,RM_078,Savings
ACC_003865,CUST_03865,Savings,2024-03-07,2325.37,BR018,RM_047,Savings
ACC_003866,CUST_03866,Savings,2021-09-11,950.99,BR020,RM_018,Savings
ACC_003867,CUST_03867,Savings,2021-01-04,7131.74,BR010,RM_028,Savings
ACC_003868,CUST_03868,Savings,2023-01-07,6136.78,BR038,RM_003,Savings
ACC_003869,CUST_03869,Savings,2026-06-07,251350.33,BR047,RM_054,Savings
ACC_003870,CUST_03870,Savings,2026-01-08,26763.82,BR035,RM_014,Savings
ACC_003871,CUST_03871,Salary,2021-03-04,23038.17,BR022,RM_010,Salary
ACC_003872,CUST_03872,Savings,2021-02-09,45666.03,BR005,RM_030,Savings
ACC_003873,CUST_03873,Savings,2022-09-25,63185.74,BR033,RM_038,Savings
ACC_003874,CUST_03874,Savings,2022-07-08,1447.45,BR050,RM_026,Savings
ACC_003875,CUST_03875,Savings,2025-05-31,24778.03,BR010,RM_087,Savings
ACC_003876,CUST_03876,Savings,2023-05-08,73799.13,BR019,RM_079,Savings
ACC_003877,CUST_03877,Savings,2026-03-15,89617.25,BR005,RM_075,Savings
ACC_003878,CUST_03878,Savings,2022-02-22,6894.24,BR006,RM_024,Savings
ACC_003879,CUST_03879,Savings,2023-01-17,47669.88,BR022,RM_043,Savings
ACC_003880,CUST_03880,Savings,2022-11-17,21808.97,BR050,RM_042,Savings
ACC_003881,CUST_03881,Savings,2024-10-19,80918.31,BR022,RM_092,Savings
ACC_003882,CUST_03882,Current,2024-03-08,13152.63,BR004,RM_029,Current
ACC_003883,CUST_03883,Savings,2023-11-09,442135.59,BR020,RM_025,Savings
ACC_003884,CUST_03884,Salary,2026-01-20,317953.35,BR022,RM_086,Salary
ACC_003885,CUST_03885,Savings,2023-01-21,16957.76,BR045,RM_043,Savings
ACC_003886,CUST_03886,Salary,2025-05-27,1806.32,BR023,RM_031,Salary
ACC_003887,CUST_03887,Salary,2025-02-17,6944.41,BR048,RM_074,Salary
ACC_003888,CUST_03888,Savings,2023-04-10,95133.79,BR010,RM_046,Savings
ACC_003889,CUST_03889,Savings,2022-12-10,89204.47,BR017,RM_100,Savings
ACC_003890,CUST_03890,Savings,2022-04-18,27635.74,BR022,RM_042,Savings
ACC_003891,CUST_03891,Savings,2022-05-19,38839.87,BR010,RM_093,Savings
ACC_003892,CUST_03892,Savings,2024-01-16,9493.43,BR050,RM_059,Savings
ACC_003893,CUST_03893,Savings,2026-07-01,-1900.15,BR028,RM_024,Savings
ACC_003894,CUST_03894,Savings,2023-11-22,12156.79,BR001,RM_060,Savings
ACC_003895,CUST_03895,Savings,2022-09-09,18259.51,BR001,RM_027,Savings
ACC_003896,CUST_03896,Savings,2023-04-05,5536.59,BR045,RM_039,Savings
ACC_003897,CUST_03897,Savings,2026-06-05,27242.64,BR029,RM_001,Savings
ACC_003898,CUST_03898,Savings,2022-12-18,3566.39,BR036,RM_053,Savings
ACC_003899,CUST_03899,Savings,2025-10-01,4084.93,BR039,RM_012,Savings
ACC_003900,CUST_03900,Savings,2026-03-22,109362.01,BR032,RM_092,Savings
ACC_003901,CUST_03901,Savings,2024-01-19,25878.2,BR015,RM_024,Savings
ACC_003902,CUST_03902,Savings,2021-11-27,313442.67,BR029,RM_021,Savings
ACC_003903,CUST_03903,Savings,2021-03-08,44618.64,BR006,RM_081,Savings
ACC_003904,CUST_03904,Savings,2023-09-19,31473.74,BR002,RM_007,Savings
ACC_003905,CUST_03905,Savings,2025-01-14,-3458.88,BR005,RM_031,Savings
ACC_003906,CUST_03906,Current,2025-10-12,7146.69,BR011,RM_092,Current
ACC_003907,CUST_03907,Savings,2025-09-07,111611.86,BR031,RM_040,Savings
ACC_003908,CUST_03908,Savings,2026-07-13,4294.87,BR012,RM_080,Savings
ACC_003909,CUST_03909,Savings,2023-09-22,8186.27,BR021,RM_062,Savings
ACC_003910,CUST_03910,Savings,2022-06-27,13175.0,BR011,RM_006,Savings
ACC_003911,CUST_03911,Current,2022-05-17,3292.63,BR023,RM_013,Current
ACC_003912,CUST_03912,Current,2024-01-19,3555.9,BR013,RM_034,Current
ACC_003913,CUST_03913,Savings,2024-03-03,48289.85,BR041,RM_100,Savings
ACC_003914,CUST_03914,Savings,2022-10-27,1817.55,BR001,RM_061,Savings
ACC_003915,CUST_03915,Savings,2022-04-03,75604.32,BR026,RM_087,Savings
ACC_003916,CUST_03916,Savings,2021-08-08,1524.18,BR024,RM_024,Savings
ACC_003917,CUST_03917,Savings,2023-04-20,58899.69,BR046,RM_077,Savings
ACC_003918,CUST_03918,Salary,2023-11-20,22769.44,BR021,RM_063,Salary
ACC_003919,CUST_03919,Salary,2023-11-12,10639.54,BR042,RM_056,Salary
ACC_003920,CUST_03920,Savings,2022-08-04,12961.1,BR013,RM_076,Savings
ACC_003921,CUST_03921,Salary,2022-10-10,3897.59,BR014,RM_043,Salary
ACC_003922,CUST_03922,Savings,2022-10-31,3727.31,BR019,RM_010,Savings
ACC_003923,CUST_03923,Current,2022-07-12,4889.31,BR042,RM_037,Current
ACC_003924,CUST_03924,Savings,2023-10-12,77532.23,BR035,RM_063,Savings
ACC_003925,CUST_03925,Savings,2021-03-31,24809.73,BR002,RM_080,Savings
ACC_003926,CUST_03926,Savings,2022-11-04,25090.15,BR016,RM_044,Savings
ACC_003927,CUST_03927,Savings,2021-09-18,11294.18,BR011,RM_024,Savings
ACC_003928,CUST_03928,Savings,2025-07-07,12466.17,BR006,RM_086,Savings
ACC_003929,CUST_03929,Savings,2025-02-12,7232.38,BR039,RM_034,Savings
ACC_003930,CUST_03930,Salary,2024-01-05,34513.04,BR018,RM_030,Salary
ACC_003931,CUST_03931,Current,2022-01-19,11183.09,BR028,RM_045,Current
ACC_003932,CUST_03932,Savings,2024-08-19,4994.39,BR033,RM_017,Savings
ACC_003933,CUST_03933,Savings,2024-03-04,6278.65,BR010,RM_021,Savings
ACC_003934,CUST_03934,Salary,2023-03-19,3799.63,BR018,RM_005,Salary
ACC_003935,CUST_03935,Current,2021-10-24,1091881.44,BR005,RM_070,Current
ACC_003936,CUST_03936,Savings,2021-11-19,37974.62,BR005,RM_051,Savings
ACC_003937,CUST_03937,Savings,2026-05-08,55563.35,BR009,RM_004,Savings
ACC_003938,CUST_03938,Current,2026-04-21,182458.8,BR027,RM_041,Current
ACC_003939,CUST_03939,Savings,2024-01-20,108177.63,BR017,RM_090,Savings
ACC_003940,CUST_03940,Salary,2026-06-13,75946.18,BR037,RM_080,Salary
ACC_003941,CUST_03941,Savings,2025-05-26,10531.88,BR029,RM_021,Savings
ACC_003942,CUST_03942,Current,2026-04-27,68121.5,BR034,RM_094,Current
ACC_003943,CUST_03943,Salary,2023-06-29,287390.19,BR031,RM_049,Salary
ACC_003944,CUST_03944,Current,2025-10-27,26293.91,BR031,RM_006,Current
ACC_003945,CUST_03945,Savings,2026-01-25,8047.54,BR028,RM_063,Savings
ACC_003946,CUST_03946,Savings,2023-12-21,138374.5,BR017,RM_035,Savings
ACC_003947,CUST_03947,Savings,2021-12-22,2478.53,BR030,RM_062,Savings
ACC_003948,CUST_03948,Current,2024-02-05,3341.13,BR013,RM_023,Current
ACC_003949,CUST_03949,Savings,2021-03-04,68893.64,BR009,RM_008,Savings
ACC_003950,CUST_03950,Salary,2024-02-22,573281.39,BR016,RM_033,Salary
ACC_003951,CUST_03951,Salary,2026-12-28,174543.93,BR038,RM_072,Salary
ACC_003952,CUST_03952,Savings,2024-08-05,8766.0,BR026,RM_034,Savings
ACC_003953,CUST_03953,Salary,2023-05-01,5883.33,BR007,RM_054,Salary
ACC_003954,CUST_03954,Current,2021-09-01,28355.32,BR022,RM_083,Current
ACC_003955,CUST_03955,Savings,2023-12-12,339647.54,BR039,RM_038,Savings
ACC_003956,CUST_03956,Savings,2021-09-10,2912.02,BR017,RM_088,Savings
ACC_003957,CUST_03957,Current,2024-08-20,11618.48,BR043,RM_062,Current
ACC_003958,CUST_03958,Savings,2024-09-26,20643.55,BR023,RM_077,Savings
ACC_003959,CUST_03959,Savings,2023-12-02,45452.04,BR031,RM_010,Savings
ACC_003960,CUST_03960,Savings,2024-01-27,28459.02,BR030,RM_083,Savings
ACC_003961,CUST_03961,Salary,2021-06-11,39865.24,BR040,RM_049,Salary
ACC_003962,CUST_03962,Savings,2025-07-18,59821.54,BR046,RM_031,Savings
ACC_003963,CUST_03963,Current,2025-03-29,8945.78,BR032,RM_085,Current
ACC_003964,CUST_03964,Savings,2024-06-19,3497.66,BR045,RM_093,Savings
ACC_003965,CUST_03965,Current,2022-02-01,640260.66,BR043,RM_042,Current
ACC_003966,CUST_03966,Savings,2023-12-10,34860.8,BR019,RM_021,Savings
ACC_003967,CUST_03967,Current,2021-07-01,14607.26,BR021,RM_013,Current
ACC_003968,CUST_03968,Savings,2023-02-23,3121.14,BR014,RM_054,Savings
ACC_003969,CUST_03969,Savings,2021-06-10,20701.47,BR028,RM_038,Savings
ACC_003970,CUST_03970,Savings,2021-04-08,997.36,BR017,RM_057,Savings
ACC_003971,CUST_03971,Savings,2022-02-10,32282.73,BR040,RM_090,Savings
ACC_003972,CUST_03972,Savings,2021-02-09,7678.59,BR010,RM_086,Savings
ACC_003973,CUST_03973,Savings,2023-04-25,18159.54,BR010,RM_041,Savings
ACC_003974,CUST_03974,Savings,2021-09-18,4748.38,BR043,RM_050,Savings
ACC_003975,CUST_03975,Savings,2021-08-05,4333.43,BR029,RM_046,Savings
ACC_003976,CUST_03976,Savings,2024-03-26,267494.16,BR003,RM_079,Savings
ACC_003977,CUST_03977,Savings,2021-09-14,4083.57,BR044,RM_038,Savings
ACC_003978,CUST_03978,Savings,2025-12-30,38938.56,BR003,RM_034,Savings
ACC_003979,CUST_03979,Savings,2021-11-03,31979.16,BR033,RM_089,Savings
ACC_003980,CUST_03980,Savings,2024-07-14,15440.5,BR036,RM_036,Savings
ACC_003981,CUST_03981,Savings,2023-01-01,2785.54,BR026,RM_082,Savings
ACC_003982,CUST_03982,Savings,2025-02-20,11650.44,BR011,RM_020,Savings
ACC_003983,CUST_03983,Current,2021-09-27,6215.49,BR033,RM_055,Current
ACC_003984,CUST_03984,Salary,2022-10-18,286244.86,BR004,RM_082,Salary
ACC_003985,CUST_03985,Current,2023-09-03,16480.31,BR011,RM_035,Current
ACC_003986,CUST_03986,Savings,2024-06-03,13340.95,BR011,RM_060,Savings
ACC_003987,CUST_03987,Savings,2026-05-22,43550.68,BR011,RM_008,Savings
ACC_003988,CUST_03988,Current,2023-11-08,3051.32,BR043,RM_026,Current
ACC_003989,CUST_03989,Savings,2023-05-11,35148.07,BR032,RM_039,Savings
ACC_003990,CUST_03990,Savings,2021-11-28,5801.03,BR023,RM_028,Savings
ACC_003991,CUST_03991,Savings,2021-09-25,4867.48,BR006,RM_076,Savings
ACC_003992,CUST_03992,Current,2021-09-19,532534.61,BR047,RM_008,Current
ACC_003993,CUST_03993,Savings,2021-04-28,6403.33,BR030,RM_072,Savings
ACC_003994,CUST_03994,Savings,2025-10-22,108117.22,BR018,RM_040,Savings
ACC_003995,CUST_03995,Current,2021-08-06,10326.72,BR029,RM_001,Current
ACC_003996,CUST_03996,Current,2024-06-12,33751.57,BR018,RM_084,Current
ACC_003997,CUST_03997,Savings,2022-12-24,9438.55,BR025,RM_085,Savings
ACC_003998,CUST_03998,Savings,2022-01-21,-3906.21,BR050,RM_099,Savings
ACC_003999,CUST_03999,Savings,2021-06-17,7779.94,BR026,RM_046,Savings
ACC_004000,CUST_04000,Savings,2024-04-29,1076.35,BR017,RM_100,Savings
ACC_004001,CUST_04001,Savings,2025-11-11,34474.22,BR014,RM_084,Savings
ACC_004002,CUST_04002,Salary,2021-05-18,187381.56,BR033,RM_099,Salary
ACC_004003,CUST_04003,Savings,2026-02-14,39625.5,BR041,RM_074,Savings
ACC_004004,CUST_04004,Savings,2024-07-22,22760.62,BR019,RM_093,Savings
ACC_004005,CUST_04005,Savings,2022-06-29,3159951.65,BR048,RM_036,Savings
ACC_004006,CUST_04006,Savings,2025-06-08,13636.24,BR022,RM_056,Savings
ACC_004007,CUST_04007,Salary,2025-11-04,4393.59,BR018,RM_044,Salary
ACC_004008,CUST_04008,Savings,2025-12-07,77697.06,BR005,RM_021,Savings
ACC_004009,CUST_04009,Savings,2026-06-02,48752.91,BR030,RM_015,Savings
ACC_004010,CUST_04010,Current,2023-03-31,73479.78,BR006,RM_066,Current
ACC_004011,CUST_04011,Salary,2021-10-09,26706.37,BR050,RM_072,Salary
ACC_004012,CUST_04012,Savings,2022-10-12,18465.83,BR008,RM_033,Savings
ACC_004013,CUST_04013,Savings,2022-05-05,8279.8,BR007,RM_088,Savings
ACC_004014,CUST_04014,Savings,2022-09-13,6089.4,BR036,RM_009,Savings
ACC_004015,CUST_04015,Salary,2022-07-23,27469.68,BR028,RM_030,Salary
ACC_004016,CUST_04016,Salary,2023-01-25,13117.62,BR009,RM_076,Salary
ACC_004017,CUST_04017,Savings,2022-02-22,29966.94,BR038,RM_058,Savings
ACC_004018,CUST_04018,Savings,2022-04-17,432150.58,BR025,RM_010,Savings
ACC_004019,CUST_04019,Savings,2023-04-07,7409.76,BR026,RM_037,Savings
ACC_004020,CUST_04020,Savings,2023-02-11,16547.01,BR049,RM_064,Savings
ACC_004021,CUST_04021,Salary,2022-07-13,54300.63,BR041,RM_071,Salary
ACC_004022,CUST_04022,Savings,2022-01-09,-677.11,BR027,RM_073,Savings
ACC_004023,CUST_04023,Current,2022-01-09,12517.05,BR031,RM_036,Current
ACC_004024,CUST_04024,Savings,2024-01-14,1359.28,BR024,RM_087,Savings
ACC_004025,CUST_04025,Current,2023-02-14,118489.79,BR022,RM_081,Current
ACC_004026,CUST_04026,Current,2025-06-17,208011.85,BR047,RM_009,Current
ACC_004027,CUST_04027,Current,2024-07-19,689.7,BR025,RM_019,Current
ACC_004028,CUST_04028,Savings,2024-09-13,36457.98,BR019,RM_040,Savings
ACC_004029,CUST_04029,Savings,2026-06-23,39259.64,BR036,RM_075,Savings
ACC_004030,CUST_04030,Salary,2025-04-20,8953.6,BR050,RM_010,Salary
ACC_004031,CUST_04031,Current,2025-10-03,3225.87,BR018,RM_014,Current
ACC_004032,CUST_04032,Salary,2023-03-23,4439.9,BR040,RM_025,Salary
ACC_004033,CUST_04033,Current,2021-01-31,125469.18,BR046,RM_072,Current
ACC_004034,CUST_04034,Current,2023-06-16,128100.84,BR030,RM_005,Current
ACC_004035,CUST_04035,Savings,2021-04-06,10826.12,BR004,RM_044,Savings
ACC_004036,CUST_04036,Savings,2025-07-06,21691.36,BR024,RM_019,Savings
ACC_004037,CUST_04037,Current,2026-06-08,29601.76,BR027,RM_052,Current
ACC_004038,CUST_04038,Savings,2021-03-05,21572.8,BR040,RM_068,Savings
ACC_004039,CUST_04039,Current,2023-09-29,26865.97,BR023,RM_075,Current
ACC_004040,CUST_04040,Savings,2021-05-21,13644.6,BR011,RM_025,Savings
ACC_004041,CUST_04041,Savings,2022-02-27,1202846.11,BR040,RM_022,Savings
ACC_004042,CUST_04042,Savings,2024-01-22,9374.18,BR012,RM_056,Savings
ACC_004043,CUST_04043,Savings,2024-02-07,57875.79,BR030,RM_099,Savings
ACC_004044,CUST_04044,Current,2021-02-11,2895.61,BR021,RM_012,Current
ACC_004045,CUST_04045,Savings,2023-01-10,4386.63,BR030,RM_086,Savings
ACC_004046,CUST_04046,Savings,2026-06-04,75603.67,BR048,RM_060,Savings
ACC_004047,CUST_04047,Savings,2025-08-08,3818.43,BR002,RM_007,Savings
ACC_004048,CUST_04048,Savings,2025-03-26,8378.96,BR041,RM_067,Savings
ACC_004049,CUST_04049,Savings,2023-07-29,301718.08,BR012,RM_072,Savings
ACC_004050,CUST_04050,Salary,2023-06-08,2140.41,BR036,RM_070,Salary
ACC_004051,CUST_04051,Savings,2026-06-20,14208.28,BR010,RM_067,Savings
ACC_004052,CUST_04052,Savings,2025-09-24,3830.94,BR024,RM_027,Savings
ACC_004053,CUST_04053,Current,2023-04-26,21950.37,BR015,RM_083,Current
ACC_004054,CUST_04054,Salary,2022-01-16,8433.91,BR006,RM_025,Salary
ACC_004055,CUST_04055,Savings,2026-01-25,50560.36,BR020,RM_070,Savings
ACC_004056,CUST_04056,Savings,2024-05-07,8548.77,BR027,RM_018,Savings
ACC_004057,CUST_04057,Savings,2024-04-15,23593.61,BR003,RM_018,Savings
ACC_004058,CUST_04058,Savings,2022-12-12,12876.3,BR026,RM_031,Savings
ACC_004059,CUST_04059,Current,2026-04-22,37231.84,BR009,RM_063,Current
ACC_004060,CUST_04060,Savings,2021-02-21,112859.11,BR043,RM_072,Savings
ACC_004061,CUST_04061,Savings,2025-11-06,25687.98,BR013,RM_083,Savings
ACC_004062,CUST_04062,Savings,2025-07-13,2248.65,BR031,RM_052,Savings
ACC_004063,CUST_04063,Savings,2026-02-17,50217.38,BR050,RM_015,Savings
ACC_004064,CUST_04064,Savings,2021-03-08,15953.06,BR039,RM_100,Savings
ACC_004065,CUST_04065,Current,2021-05-25,8359.77,BR046,RM_087,Current
ACC_004066,CUST_04066,Savings,2024-05-10,7220.55,BR016,RM_008,Savings
ACC_004067,CUST_04067,Savings,2021-05-31,25955.28,BR040,RM_041,Savings
ACC_004068,CUST_04068,Savings,2025-08-03,23201.08,BR047,RM_075,Savings
ACC_004069,CUST_04069,Salary,2025-03-23,2673.48,BR046,RM_089,Salary
ACC_004070,CUST_04070,Savings,2022-07-12,3363.17,BR021,RM_077,Savings
ACC_004071,CUST_04071,Savings,2024-06-07,10640.71,BR021,RM_070,Savings
ACC_004072,CUST_04072,Savings,2022-10-12,10181.58,BR043,RM_009,Savings
ACC_004073,CUST_04073,Salary,2026-05-31,26206.99,BR049,RM_074,Salary
ACC_004074,CUST_04074,Savings,2023-04-08,318944.64,BR002,RM_022,Savings
ACC_004075,CUST_04075,Salary,2022-12-23,14583.88,BR043,RM_042,Salary
ACC_004076,CUST_04076,Savings,2023-08-16,43324.7,BR048,RM_021,Savings
ACC_004077,CUST_04077,Current,2022-07-01,316090.6,BR040,RM_055,Current
ACC_004078,CUST_04078,Savings,2024-11-05,11530.44,BR010,RM_026,Savings
ACC_004079,CUST_04079,Savings,2022-07-07,15076.33,BR003,RM_083,Savings
ACC_004080,CUST_04080,Savings,2025-02-25,42338.23,BR036,RM_052,Savings
ACC_004081,CUST_04081,Salary,2022-10-28,5367.42,BR039,RM_060,Salary
ACC_004082,CUST_04082,Savings,2022-06-09,17368.9,BR026,RM_096,Savings
ACC_004083,CUST_04083,Savings,2024-11-07,12582.79,BR032,RM_079,Savings
ACC_004084,CUST_04084,Savings,2025-05-31,5592.78,BR037,RM_052,Savings
ACC_004085,CUST_04085,Current,2025-10-10,15388.82,BR030,RM_020,Current
ACC_004086,CUST_04086,Savings,2024-10-24,9852.43,BR025,RM_051,Savings
ACC_004087,CUST_04087,Current,2023-06-10,21185.04,BR005,RM_063,Current
ACC_004088,CUST_04088,Savings,2022-05-15,264489.54,BR034,RM_050,Savings
ACC_004089,CUST_04089,Savings,2021-01-11,264308.29,BR013,RM_045,Savings
ACC_004090,CUST_04090,Savings,2021-11-25,139028.52,BR004,RM_047,Savings
ACC_004091,CUST_04091,Savings,2021-10-15,42798.08,BR024,RM_029,Savings
ACC_004092,CUST_04092,Salary,2022-10-16,18123.44,BR047,RM_007,Salary
ACC_004093,CUST_04093,Savings,2024-05-18,5876.84,BR004,RM_100,Savings
ACC_004094,CUST_04094,Salary,2021-09-04,3213.02,BR035,RM_001,Salary
ACC_004095,CUST_04095,Current,2023-05-18,14628.06,BR008,RM_064,Current
ACC_004096,CUST_04096,Savings,2023-09-28,11929.16,BR010,RM_073,Savings
ACC_004097,CUST_04097,Savings,2023-12-09,166921.59,BR024,RM_011,Savings
ACC_004098,CUST_04098,Savings,2024-10-28,4598.25,BR037,RM_027,Savings
ACC_004099,CUST_04099,Savings,2023-03-09,21975.57,BR022,RM_012,Savings
ACC_004100,CUST_04100,Current,2026-06-06,7084.02,BR032,RM_076,Current
ACC_004101,CUST_04101,Current,2021-07-31,13349.06,BR027,RM_099,Current
ACC_004102,CUST_04102,Savings,2022-11-29,9849.88,BR008,RM_031,Savings
ACC_004103,CUST_04103,Savings,2025-03-30,3828.4,BR039,RM_013,Savings
ACC_004104,CUST_04104,Savings,2026-03-27,11568.5,BR008,RM_073,Savings
ACC_004105,CUST_04105,Savings,2022-03-13,21562.3,BR028,RM_096,Savings
ACC_004106,CUST_04106,Savings,2024-03-15,7814.44,BR011,RM_099,Savings
ACC_004107,CUST_04107,Salary,2026-04-30,13602.45,BR008,RM_093,Salary
ACC_004108,CUST_04108,Savings,2022-07-04,29880.3,BR035,RM_040,Savings
ACC_004109,CUST_04109,Savings,2026-02-21,5536158.41,BR006,RM_054,Savings
ACC_004110,CUST_04110,Savings,2023-08-31,28203.54,BR035,RM_032,Savings
ACC_004111,CUST_04111,Salary,2023-04-05,104654.21,BR009,RM_077,Salary
ACC_004112,CUST_04112,Savings,2024-12-11,1532.91,BR042,RM_100,Savings
ACC_004113,CUST_04113,Savings,2024-08-22,19776.52,BR028,RM_035,Savings
ACC_004114,CUST_04114,Savings,2021-04-04,16477.97,BR039,RM_001,Savings
ACC_004115,CUST_04115,Current,2025-06-15,14864.51,BR040,RM_072,Current
ACC_004116,CUST_04116,Savings,2025-01-28,3993.12,BR028,RM_028,Savings
ACC_004117,CUST_04117,Savings,2025-09-07,9803.38,BR041,RM_016,Savings
ACC_004118,CUST_04118,Savings,2026-03-06,7269.11,BR039,RM_028,Savings
ACC_004119,CUST_04119,Savings,2023-12-20,71189.59,BR020,RM_011,Savings
ACC_004120,CUST_04120,Savings,2023-04-11,13994.51,BR022,RM_021,Savings
ACC_004121,CUST_04121,Savings,2022-11-02,20961.88,BR025,RM_061,Savings
ACC_004122,CUST_04122,Savings,2021-01-10,280257.75,BR017,RM_091,Savings
ACC_004123,CUST_04123,Savings,2023-06-17,23659.86,BR032,RM_031,Savings
ACC_004124,CUST_04124,Current,2021-09-25,1339794.35,BR032,RM_053,Current
ACC_004125,CUST_04125,Savings,2021-06-03,47484.34,BR026,RM_023,Savings
ACC_004126,CUST_04126,Savings,2021-01-07,16544.67,BR022,RM_015,Savings
ACC_004127,CUST_04127,Savings,2026-03-08,15686.67,BR050,RM_056,Savings
ACC_004128,CUST_04128,Savings,2024-07-28,1627.17,BR039,RM_087,Savings
ACC_004129,CUST_04129,Savings,2024-09-16,29397.65,BR014,RM_064,Savings
ACC_004130,CUST_04130,Savings,2024-08-21,7238.39,BR002,RM_041,Savings
ACC_004131,CUST_04131,Savings,2021-10-19,3124.71,BR043,RM_008,Savings
ACC_004132,CUST_04132,Savings,2026-06-07,636.71,BR029,RM_045,Savings
ACC_004133,CUST_04133,Savings,2024-12-01,13520.36,BR045,RM_001,Savings
ACC_004134,CUST_04134,Savings,2025-10-19,59759.64,BR022,RM_052,Savings
ACC_004135,CUST_04135,Current,2022-11-14,17926.65,BR003,RM_045,Current
ACC_004136,CUST_04136,Savings,2021-10-03,38179.09,BR044,RM_047,Savings
ACC_004137,CUST_04137,Salary,2026-02-12,5798.08,BR023,RM_025,Salary
ACC_004138,CUST_04138,Savings,2024-04-17,158998.03,BR002,RM_090,Savings
ACC_004139,CUST_04139,Savings,2021-06-15,5196.13,BR001,RM_053,Savings
ACC_004140,CUST_04140,Savings,2025-06-16,26729.85,BR007,RM_086,Savings
ACC_004141,CUST_04141,Savings,2024-11-24,37482.41,BR010,RM_076,Savings
ACC_004142,CUST_04142,Savings,2025-04-03,29107.4,BR025,RM_052,Savings
ACC_004143,CUST_04143,Savings,2022-12-29,8666.79,BR034,RM_090,Savings
ACC_004144,CUST_04144,Savings,2022-05-17,3863.47,BR021,RM_089,Savings
ACC_004145,CUST_04145,Savings,2023-07-29,6542.99,BR031,RM_034,Savings
ACC_004146,CUST_04146,Savings,2023-07-03,9933.6,BR031,RM_032,Savings
ACC_004147,CUST_04147,Salary,2026-01-30,21397.45,BR042,RM_020,Salary
ACC_004148,CUST_04148,Current,2021-01-23,24092.47,BR039,RM_052,Current
ACC_004149,CUST_04149,Savings,2024-08-11,132587.8,BR006,RM_024,Savings
ACC_004150,CUST_04150,Savings,2025-11-03,52012.95,BR045,RM_020,Savings
ACC_004151,CUST_04151,Current,2025-08-22,78272.37,BR046,RM_060,Current
ACC_004152,CUST_04152,Savings,2023-03-08,3595.69,BR049,RM_014,Savings
ACC_004153,CUST_04153,Salary,2024-08-03,4337.89,BR035,RM_098,Salary
ACC_004154,CUST_04154,Savings,2025-08-02,27718.51,BR039,RM_046,Savings
ACC_004155,CUST_04155,Salary,2025-11-29,78319.33,BR027,RM_042,Salary
ACC_004156,CUST_04156,Savings,2024-11-04,906.34,BR026,RM_093,Savings
ACC_004157,CUST_04157,Savings,2022-05-17,533294.84,BR019,RM_008,Savings
ACC_004158,CUST_04158,Savings,2021-05-24,20331.94,BR020,RM_064,Savings
ACC_004159,CUST_04159,Savings,2023-02-17,87799.45,BR003,RM_100,Savings
ACC_004160,CUST_04160,Savings,2024-04-21,197114.49,BR037,RM_020,Savings
ACC_004161,CUST_04161,Salary,2026-02-18,98540.09,BR036,RM_063,Salary
ACC_004162,CUST_04162,Salary,2022-03-10,127102.9,BR047,RM_042,Salary
ACC_004163,CUST_04163,Savings,2026-01-31,53719.14,BR047,RM_083,Savings
ACC_004164,CUST_04164,Savings,2021-06-20,133628.59,BR029,RM_027,Savings
ACC_004165,CUST_04165,Savings,2024-02-29,159003.44,BR020,RM_013,Savings
ACC_004166,CUST_04166,Savings,2023-10-14,10472.67,BR049,RM_059,Savings
ACC_004167,CUST_04167,Savings,2022-03-02,176390.57,BR011,RM_090,Savings
ACC_004168,CUST_04168,Salary,2025-06-16,10795.76,BR034,RM_045,Salary
ACC_004169,CUST_04169,Savings,2022-07-25,5590.28,BR047,RM_045,Savings
ACC_004170,CUST_04170,Current,2024-12-17,12567.98,BR033,RM_042,Current
ACC_004171,CUST_04171,Savings,2023-11-29,48050.88,BR006,RM_063,Savings
ACC_004172,CUST_04172,Salary,2025-01-20,25146.13,BR024,RM_027,Salary
ACC_004173,CUST_04173,Savings,2023-07-24,6691.26,BR039,RM_086,Savings
ACC_004174,CUST_04174,Savings,2025-12-03,-4926.98,BR007,RM_007,Savings
ACC_004175,CUST_04175,Savings,2024-12-27,78999.19,BR031,RM_061,Savings
ACC_004176,CUST_04176,Savings,2022-06-07,37037.52,BR024,RM_031,Savings
ACC_004177,CUST_04177,Savings,2025-01-03,8505.52,BR011,RM_073,Savings
ACC_004178,CUST_04178,Savings,2021-10-28,8907.06,BR010,RM_020,Savings
ACC_004179,CUST_04179,Savings,2026-03-20,2875.61,BR002,RM_045,Savings
ACC_004180,CUST_04180,Savings,2023-04-29,97309.05,BR042,RM_012,Savings
ACC_004181,CUST_04181,Salary,2026-02-16,576301.66,BR034,RM_037,Salary
ACC_004182,CUST_04182,Savings,2024-02-22,4495.51,BR040,RM_066,Savings
ACC_004183,CUST_04183,Salary,2021-02-22,3209.43,BR037,RM_078,Salary
ACC_004184,CUST_04184,Savings,2022-06-28,7771.24,BR030,RM_010,Savings
ACC_004185,CUST_04185,Savings,2025-10-14,3392.61,BR042,RM_040,Savings
ACC_004186,CUST_04186,Savings,2021-08-17,5520.52,BR019,RM_088,Savings
ACC_004187,CUST_04187,Savings,2023-12-15,40418.88,BR033,RM_009,Savings
ACC_004188,CUST_04188,Savings,2026-06-18,126355.2,BR010,RM_003,Savings
ACC_004189,CUST_04189,Savings,2023-12-27,20421.16,BR036,RM_035,Savings
ACC_004190,CUST_04190,Salary,2024-01-22,19449.71,BR021,RM_030,Salary
ACC_004191,CUST_04191,Savings,2024-07-11,27091.2,BR009,RM_003,Savings
ACC_004192,CUST_04192,Savings,2022-06-03,413.51,BR010,RM_011,Savings
ACC_004193,CUST_04193,Savings,2021-01-31,39874.0,BR002,RM_048,Savings
ACC_004194,CUST_04194,Salary,2022-03-19,400264.76,BR036,RM_097,Salary
ACC_004195,CUST_04195,Savings,2024-02-21,1608357.44,BR046,RM_018,Savings
ACC_004196,CUST_04196,Savings,2026-05-07,50787.78,BR026,RM_098,Savings
ACC_004197,CUST_04197,Current,2024-03-04,24138.76,BR045,RM_050,Current
ACC_004198,CUST_04198,Salary,2024-12-10,8081.05,BR004,RM_100,Salary
ACC_004199,CUST_04199,Savings,2025-07-04,29951.44,BR046,RM_087,Savings
ACC_004200,CUST_04200,Savings,2022-05-09,1307.33,BR041,RM_039,Savings
ACC_004201,CUST_04201,Salary,2025-07-10,16648.94,BR003,RM_025,Salary
ACC_004202,CUST_04202,Savings,2022-10-29,96689.48,BR019,RM_038,Savings
ACC_004203,CUST_04203,Salary,2022-12-06,15791.81,BR013,RM_008,Salary
ACC_004204,CUST_04204,Savings,2023-06-07,143097.61,BR026,RM_047,Savings
ACC_004205,CUST_04205,Savings,2021-07-26,22148.72,BR031,RM_020,Savings
ACC_004206,CUST_04206,Savings,2025-05-31,1093111.28,BR016,RM_049,Savings
ACC_004207,CUST_04207,Savings,2021-03-17,6614.54,BR004,RM_089,Savings
ACC_004208,CUST_04208,Salary,2021-10-19,9752.16,BR013,RM_011,Salary
ACC_004209,CUST_04209,Current,2023-11-19,43546.61,BR036,RM_040,Current
ACC_004210,CUST_04210,Current,2025-12-05,32367.26,BR028,RM_089,Current
ACC_004211,CUST_04211,Savings,2021-01-20,45235.64,BR021,RM_053,Savings
ACC_004212,CUST_04212,Savings,2021-10-18,285139.04,BR023,RM_019,Savings
ACC_004213,CUST_04213,Savings,2025-11-16,363200.0,BR047,RM_098,Savings
ACC_004214,CUST_04214,Savings,2025-05-20,862415.91,BR050,RM_087,Savings
ACC_004215,CUST_04215,Savings,2025-02-18,10444.12,BR050,RM_047,Savings
ACC_004216,CUST_04216,Savings,2023-06-06,63671.95,BR020,RM_090,Savings
ACC_004217,CUST_04217,Savings,2022-09-25,12974.78,BR023,RM_067,Savings
ACC_004218,CUST_04218,Salary,2021-02-05,99938.54,BR033,RM_067,Salary
ACC_004219,CUST_04219,Savings,2024-12-19,12220.31,BR020,RM_015,Savings
ACC_004220,CUST_04220,Salary,2026-02-07,413973.53,BR044,RM_023,Salary
ACC_004221,CUST_04221,Savings,2026-01-16,198531.08,BR036,RM_058,Savings
ACC_004222,CUST_04222,Current,2024-07-09,9673.18,BR006,RM_057,Current
ACC_004223,CUST_04223,Current,2023-07-04,30829.79,BR019,RM_035,Current
ACC_004224,CUST_04224,Savings,2021-06-19,15040.25,BR036,RM_039,Savings
ACC_004225,CUST_04225,Savings,2021-06-10,18307.11,BR038,RM_074,Savings
ACC_004226,CUST_04226,Current,2021-03-08,65703.16,BR040,RM_050,Current
ACC_004227,CUST_04227,Salary,2022-01-22,45684.89,BR030,RM_042,Salary
ACC_004228,CUST_04228,Savings,2021-02-05,22030.2,BR035,RM_065,Savings
ACC_004229,CUST_04229,Salary,2022-05-22,19470.39,BR024,RM_066,Salary
ACC_004230,CUST_04230,Savings,2021-11-29,31571.52,BR045,RM_023,Savings
ACC_004231,CUST_04231,Savings,2023-04-18,23650.09,BR017,RM_095,Savings
ACC_004232,CUST_04232,Savings,2021-10-24,274164.11,BR009,RM_033,Savings
ACC_004233,CUST_04233,Savings,2021-05-23,321038.78,BR038,RM_041,Savings
ACC_004234,CUST_04234,Savings,2024-04-07,5744.93,BR033,RM_026,Savings
ACC_004235,CUST_04235,Current,2021-09-14,8611.48,BR025,RM_046,Current
ACC_004236,CUST_04236,Current,2022-02-06,44901.9,BR011,RM_082,Current
ACC_004237,CUST_04237,Savings,2023-06-17,67206.15,BR019,RM_100,Savings
ACC_004238,CUST_04238,Savings,2024-12-26,4487.76,BR001,RM_035,Savings
ACC_004239,CUST_04239,Salary,2022-06-30,2391.85,BR005,RM_085,Salary
ACC_004240,CUST_04240,Savings,2021-08-12,21532.37,BR040,RM_054,Savings
ACC_004241,CUST_04241,Salary,2024-10-24,170519.98,BR048,RM_013,Salary
ACC_004242,CUST_04242,Savings,2025-10-04,60649.11,BR028,RM_039,Savings
ACC_004243,CUST_04243,Savings,2025-10-10,22729.52,BR016,RM_040,Savings
ACC_004244,CUST_04244,Salary,2024-02-14,11314.85,BR007,RM_007,Salary
ACC_004245,CUST_04245,Savings,2022-03-02,67756.98,BR015,RM_066,Savings
ACC_004246,CUST_04246,Savings,2021-02-28,84684.47,BR050,RM_002,Savings
ACC_004247,CUST_04247,Savings,2023-12-27,16175.47,BR027,RM_093,Savings
ACC_004248,CUST_04248,Current,2022-01-25,3284.45,BR022,RM_020,Current
ACC_004249,CUST_04249,Savings,2022-08-21,10368.33,BR013,RM_061,Savings
ACC_004250,CUST_04250,Savings,2024-09-06,26955.12,BR049,RM_030,Savings
ACC_004251,CUST_04251,Savings,2022-08-06,37085.86,BR005,RM_049,Savings
ACC_004252,CUST_04252,Savings,2023-08-26,68871.16,BR041,RM_082,Savings
ACC_004253,CUST_04253,Savings,2025-01-10,14320.46,BR049,RM_017,Savings
ACC_004254,CUST_04254,Savings,2025-06-26,17814.41,BR014,RM_007,Savings
ACC_004255,CUST_04255,Savings,2023-09-21,16695.9,BR050,RM_099,Savings
ACC_004256,CUST_04256,Salary,2021-03-18,285641.87,BR017,RM_006,Salary
ACC_004257,CUST_04257,Savings,2021-08-22,10387.9,BR034,RM_080,Savings
ACC_004258,CUST_04258,Savings,2023-11-08,74667.8,BR028,RM_081,Savings
ACC_004259,CUST_04259,Savings,2021-09-01,55787.19,BR003,RM_040,Savings
ACC_004260,CUST_04260,Savings,2022-12-05,7515.82,BR004,RM_032,Savings
ACC_004261,CUST_04261,Savings,2023-10-11,5467.84,BR025,RM_027,Savings
ACC_004262,CUST_04262,Salary,2025-05-26,13003.52,BR015,RM_003,Salary
ACC_004263,CUST_04263,Salary,2022-09-12,32686.54,BR050,RM_073,Salary
ACC_004264,CUST_04264,Salary,2021-08-29,20977.23,BR038,RM_025,Salary
ACC_004265,CUST_04265,Savings,2021-08-23,7062.61,BR016,RM_024,Savings
ACC_004266,CUST_04266,Current,2022-11-30,23428.13,BR009,RM_048,Current
ACC_004267,CUST_04267,Salary,2024-02-10,3568.14,BR049,RM_088,Salary
ACC_004268,CUST_04268,Current,2024-03-27,3023.98,BR011,RM_092,Current
ACC_004269,CUST_04269,Savings,2024-05-27,18571.19,BR010,RM_023,Savings
ACC_004270,CUST_04270,Savings,2025-04-08,38301.45,BR028,RM_023,Savings
ACC_004271,CUST_04271,Savings,2024-10-10,211186.75,BR046,RM_009,Savings
ACC_004272,CUST_04272,Current,2025-05-13,483402.92,BR050,RM_063,Current
ACC_004273,CUST_04273,Savings,2023-09-03,8742.47,BR031,RM_047,Savings
ACC_004274,CUST_04274,Current,2024-08-14,3607.6,BR031,RM_075,Current
ACC_004275,CUST_04275,Savings,2025-09-07,13383.66,BR017,RM_039,Savings
ACC_004276,CUST_04276,Savings,2026-04-04,4002.64,BR025,RM_029,Savings
ACC_004277,CUST_04277,Savings,2024-04-22,121493.73,BR005,RM_090,Savings
ACC_004278,CUST_04278,Savings,2024-07-11,101304.36,BR033,RM_014,Savings
ACC_004279,CUST_04279,Savings,2024-08-03,48918.47,BR033,RM_090,Savings
ACC_004280,CUST_04280,Savings,2024-01-01,9024.46,BR036,RM_058,Savings
ACC_004281,CUST_04281,Savings,2023-02-19,384766.8,BR030,RM_019,Savings
ACC_004282,CUST_04282,Savings,2021-10-07,13821.29,BR036,RM_092,Savings
ACC_004283,CUST_04283,Savings,2025-07-14,51213.85,BR013,RM_057,Savings
ACC_004284,CUST_04284,Salary,2022-01-03,9992.56,BR009,RM_048,Salary
ACC_004285,CUST_04285,Savings,2022-08-27,-4741.38,BR031,RM_049,Savings
ACC_004286,CUST_04286,Salary,2023-11-04,1238484.9,BR006,RM_038,Salary
ACC_004287,CUST_04287,Savings,2023-02-09,7773.04,BR040,RM_030,Savings
ACC_004288,CUST_04288,Savings,2025-11-08,46971.05,BR018,RM_073,Savings
ACC_004289,CUST_04289,Savings,2025-07-21,60710.55,BR013,RM_082,Savings
ACC_004290,CUST_04290,Savings,2021-12-27,21578.54,BR020,RM_035,Savings
ACC_004291,CUST_04291,Savings,2022-04-07,19171.75,BR039,RM_072,Savings
ACC_004292,CUST_04292,Salary,2025-10-12,157879.47,BR032,RM_055,Salary
ACC_004293,CUST_04293,Savings,2024-09-19,6556.35,BR023,RM_019,Savings
ACC_004294,CUST_04294,Current,2023-03-29,20076.91,BR035,RM_032,Current
ACC_004295,CUST_04295,Savings,2026-03-02,10895.57,BR023,RM_079,Savings
ACC_004296,CUST_04296,Savings,2022-08-09,11468.95,BR016,RM_059,Savings
ACC_004297,CUST_04297,Savings,2024-05-13,103931.36,BR031,RM_022,Savings
ACC_004298,CUST_04298,Savings,2021-01-28,16361.79,BR016,RM_095,Savings
ACC_004299,CUST_04299,Salary,2021-05-31,773090.33,BR006,RM_030,Salary
ACC_004300,CUST_04300,Savings,2024-07-08,359777.84,BR020,RM_055,Savings
ACC_004301,CUST_04301,Salary,2024-10-16,1694.07,BR041,RM_096,Salary
ACC_004302,CUST_04302,Savings,2021-09-22,12228.95,BR030,RM_052,Savings
ACC_004303,CUST_04303,Salary,2021-06-06,14842.06,BR028,RM_078,Salary
ACC_004304,CUST_04304,Savings,2024-08-04,135339.43,BR036,RM_092,Savings
ACC_004305,CUST_04305,Salary,2022-03-17,49760.52,BR008,RM_049,Salary
ACC_004306,CUST_04306,Savings,2025-01-19,20923.56,BR006,RM_032,Savings
ACC_004307,CUST_04307,Savings,2026-07-17,33828.27,BR004,RM_019,Savings
ACC_004308,CUST_04308,Savings,2021-10-10,1811.25,BR008,RM_031,Savings
ACC_004309,CUST_04309,Savings,2022-04-21,232097.7,BR030,RM_005,Savings
ACC_004310,CUST_04310,Savings,2024-01-15,11635.0,BR031,RM_058,Savings
ACC_004311,CUST_04311,Current,2023-10-17,117468.14,BR035,RM_072,Current
ACC_004312,CUST_04312,Current,2022-01-17,4260.5,BR010,RM_005,Current
ACC_004313,CUST_04313,Savings,2024-08-19,84511.95,BR050,RM_070,Savings
ACC_004314,CUST_04314,Salary,2021-04-05,93324.98,BR009,RM_014,Salary
ACC_004315,CUST_04315,Savings,2025-09-20,34453.45,BR005,RM_097,Savings
ACC_004316,CUST_04316,Savings,2024-11-29,176669.25,BR004,RM_088,Savings
ACC_004317,CUST_04317,Savings,2021-10-03,1415.15,BR023,RM_099,Savings
ACC_004318,CUST_04318,Savings,2023-01-17,3479753.82,BR002,RM_028,Savings
ACC_004319,CUST_04319,Savings,2024-05-08,49023.74,BR029,RM_034,Savings
ACC_004320,CUST_04320,Current,2025-02-08,23318.9,BR013,RM_093,Current
ACC_004321,CUST_04321,Savings,2026-02-10,4545.33,BR022,RM_030,Savings
ACC_004322,CUST_04322,Savings,2023-03-16,4768.69,BR043,RM_094,Savings
ACC_004323,CUST_04323,Savings,2024-10-12,3996.2,BR003,RM_006,Savings
ACC_004324,CUST_04324,Savings,2024-11-15,57270.31,BR032,RM_035,Savings
ACC_004325,CUST_04325,Savings,2025-08-03,132878.36,BR025,RM_063,Savings
ACC_004326,CUST_04326,Savings,2021-09-01,10648.91,BR044,RM_093,Savings
ACC_004327,CUST_04327,Savings,2023-01-13,10601.01,BR010,RM_058,Savings
ACC_004328,CUST_04328,Savings,2023-08-06,6829.26,BR009,RM_099,Savings
ACC_004329,CUST_04329,Current,2022-05-12,20255.42,BR023,RM_055,Current
ACC_004330,CUST_04330,Savings,2023-06-15,6099.83,BR042,RM_003,Savings
ACC_004331,CUST_04331,Current,2021-09-28,99113.38,BR050,RM_057,Current
ACC_004332,CUST_04332,Savings,2021-05-25,7051.8,BR031,RM_053,Savings
ACC_004333,CUST_04333,Savings,2022-08-02,48004.92,BR023,RM_098,Savings
ACC_004334,CUST_04334,Current,2022-07-26,33257.44,BR004,RM_098,Current
ACC_004335,CUST_04335,Salary,2022-07-25,27774.23,BR014,RM_085,Salary
ACC_004336,CUST_04336,Savings,2026-05-16,22230.49,BR041,RM_072,Savings
ACC_004337,CUST_04337,Savings,2023-09-29,3464.51,BR009,RM_006,Savings
ACC_004338,CUST_04338,Current,2021-05-31,12539.11,BR012,RM_053,Current
ACC_004339,CUST_04339,Savings,2026-06-24,128249.6,BR032,RM_033,Savings
ACC_004340,CUST_04340,Savings,2024-08-24,3058.54,BR012,RM_019,Savings
ACC_004341,CUST_04341,Savings,2026-01-27,7694.17,BR003,RM_047,Savings
ACC_004342,CUST_04342,Salary,2022-03-02,46356.51,BR017,RM_021,Salary
ACC_004343,CUST_04343,Current,2025-03-14,5462.67,BR012,RM_069,Current
ACC_004344,CUST_04344,Savings,2025-09-26,9236.71,BR040,RM_098,Savings
ACC_004345,CUST_04345,Savings,2022-08-01,2137.1,BR022,RM_025,Savings
ACC_004346,CUST_04346,Savings,2024-07-15,96169.18,BR033,RM_091,Savings
ACC_004347,CUST_04347,Savings,2025-04-11,28612.38,BR030,RM_041,Savings
ACC_004348,CUST_04348,Current,2023-01-20,38066.53,BR016,RM_051,Current
ACC_004349,CUST_04349,Savings,2023-07-05,840420.89,BR022,RM_017,Savings
ACC_004350,CUST_04350,Salary,2024-03-18,41189.93,BR019,RM_022,Salary
ACC_004351,CUST_04351,Savings,2021-10-11,14446.95,BR041,RM_080,Savings
ACC_004352,CUST_04352,Savings,2021-06-07,53679.25,BR050,RM_070,Savings
ACC_004353,CUST_04353,Savings,2021-07-04,10516.99,BR019,RM_048,Savings
ACC_004354,CUST_04354,Salary,2023-01-01,3410.52,BR021,RM_035,Salary
ACC_004355,CUST_04355,Savings,2025-10-27,632796.09,BR040,RM_010,Savings
ACC_004356,CUST_04356,Current,2023-07-14,5672.18,BR003,RM_098,Current
ACC_004357,CUST_04357,Savings,2025-07-07,19583.06,BR018,RM_010,Savings
ACC_004358,CUST_04358,Savings,2024-05-12,16512.37,BR010,RM_100,Savings
ACC_004359,CUST_04359,Savings,2025-05-07,93085.47,BR031,RM_039,Savings
ACC_004360,CUST_04360,Savings,2025-02-26,35257.33,BR039,RM_073,Savings
ACC_004361,CUST_04361,Current,2023-05-19,3576.1,BR021,RM_065,Current
ACC_004362,CUST_04362,Savings,2023-08-25,4585.46,BR010,RM_057,Savings
ACC_004363,CUST_04363,Savings,2024-08-13,28573.01,BR013,RM_068,Savings
ACC_004364,CUST_04364,Current,2026-01-24,16090.28,BR046,RM_082,Current
ACC_004365,CUST_04365,Savings,2021-03-20,1359.94,BR021,RM_038,Savings
ACC_004366,CUST_04366,Savings,2023-02-28,10370.38,BR034,RM_026,Savings
ACC_004367,CUST_04367,Current,2022-09-05,20891.23,BR038,RM_033,Current
ACC_004368,CUST_04368,Current,2024-06-19,5151.91,BR050,RM_090,Current
ACC_004369,CUST_04369,Savings,2023-04-04,1923435.13,BR021,RM_061,Savings
ACC_004370,CUST_04370,Salary,2022-01-10,7444.86,BR050,RM_043,Salary
ACC_004371,CUST_04371,Savings,2023-09-14,8478.81,BR041,RM_086,Savings
ACC_004372,CUST_04372,Savings,2022-11-15,46726.92,BR027,RM_094,Savings
ACC_004373,CUST_04373,Savings,2022-04-15,24842.03,BR030,RM_057,Savings
ACC_004374,CUST_04374,Savings,2025-12-13,32932.05,BR048,RM_036,Savings
ACC_004375,CUST_04375,Savings,2024-08-11,5901.21,BR015,RM_017,Savings
ACC_004376,CUST_04376,Savings,2024-10-24,11663.67,BR021,RM_002,Savings
ACC_004377,CUST_04377,Current,2023-09-30,817.9,BR002,RM_080,Current
ACC_004378,CUST_04378,Current,2025-11-04,83246.9,BR013,RM_087,Current
ACC_004379,CUST_04379,Savings,2021-08-13,369046.53,BR024,RM_092,Savings
ACC_004380,CUST_04380,Current,2025-05-09,4776.21,BR040,RM_071,Current
ACC_004381,CUST_04381,Current,2024-02-12,18298.68,BR041,RM_058,Current
ACC_004382,CUST_04382,Savings,2024-04-15,28327.55,BR019,RM_007,Savings
ACC_004383,CUST_04383,Salary,2021-07-05,9335.14,BR017,RM_088,Salary
ACC_004384,CUST_04384,Salary,2025-07-24,28699.77,BR041,RM_093,Salary
ACC_004385,CUST_04385,Savings,2023-11-25,1852055.68,BR039,RM_035,Savings
ACC_004386,CUST_04386,Salary,2025-08-12,5245.39,BR022,RM_063,Salary
ACC_004387,CUST_04387,Savings,2024-10-30,5474.53,BR011,RM_089,Savings
ACC_004388,CUST_04388,Savings,2025-05-18,208037.66,BR008,RM_094,Savings
ACC_004389,CUST_04389,Savings,2023-01-17,255033.33,BR012,RM_082,Savings
ACC_004390,CUST_04390,Savings,2023-01-10,153951.3,BR011,RM_028,Savings
ACC_004391,CUST_04391,Salary,2025-01-15,849.41,BR029,RM_028,Salary
ACC_004392,CUST_04392,Salary,2025-07-23,33818.41,BR033,RM_077,Salary
ACC_004393,CUST_04393,Savings,2023-10-03,6411.25,BR020,RM_001,Savings
ACC_004394,CUST_04394,Savings,2024-01-27,9042.95,BR021,RM_094,Savings
ACC_004395,CUST_04395,Savings,2022-03-30,16248.52,BR032,RM_039,Savings
ACC_004396,CUST_04396,Salary,2025-09-26,8616.19,BR020,RM_037,Salary
ACC_004397,CUST_04397,Savings,2022-05-30,14268.35,BR014,RM_014,Savings
ACC_004398,CUST_04398,Savings,2022-08-05,98976.65,BR043,RM_095,Savings
ACC_004399,CUST_04399,Savings,2024-09-24,329381.34,BR048,RM_099,Savings
ACC_004400,CUST_04400,Salary,2026-04-27,47004.21,BR031,RM_074,Salary
ACC_004401,CUST_04401,Savings,2024-09-13,1453.91,BR042,RM_077,Savings
ACC_004402,CUST_04402,Savings,2021-06-23,228346.06,BR015,RM_054,Savings
ACC_004403,CUST_04403,Savings,2026-01-15,51393.57,BR033,RM_099,Savings
ACC_004404,CUST_04404,Savings,2025-09-02,11067.96,BR040,RM_061,Savings
ACC_004405,CUST_04405,Salary,2026-05-19,20855.64,BR009,RM_038,Salary
ACC_004406,CUST_04406,Savings,2023-05-23,53352.83,BR042,RM_042,Savings
ACC_004407,CUST_04407,Savings,2021-08-12,15479.72,BR041,RM_008,Savings
ACC_004408,CUST_04408,Savings,2025-01-30,41768.92,BR048,RM_011,Savings
ACC_004409,CUST_04409,Savings,2023-03-15,73620.55,BR015,RM_029,Savings
ACC_004410,CUST_04410,Savings,2022-12-08,2651.88,BR032,RM_076,Savings
ACC_004411,CUST_04411,Savings,2022-11-24,658738.19,BR017,RM_022,Savings
ACC_004412,CUST_04412,Salary,2021-04-26,10611.49,BR009,RM_088,Salary
ACC_004413,CUST_04413,Savings,2022-02-08,3049.0,BR012,RM_001,Savings
ACC_004414,CUST_04414,Savings,2022-01-12,59676.57,BR038,RM_037,Savings
ACC_004415,CUST_04415,Salary,2024-11-25,74444.3,BR017,RM_083,Salary
ACC_004416,CUST_04416,Savings,2024-12-07,312475.75,BR018,RM_032,Savings
ACC_004417,CUST_04417,Current,2023-06-07,23938.42,BR032,RM_041,Current
ACC_004418,CUST_04418,Savings,2022-05-20,2500.74,BR040,RM_093,Savings
ACC_004419,CUST_04419,Savings,2025-10-28,864232.99,BR013,RM_094,Savings
ACC_004420,CUST_04420,Savings,2021-05-14,208794.33,BR004,RM_024,Savings
ACC_004421,CUST_04421,Salary,2022-04-03,12079.31,BR032,RM_045,Salary
ACC_004422,CUST_04422,Savings,2022-02-07,14551.12,BR039,RM_044,Savings
ACC_004423,CUST_04423,Savings,2021-12-16,19190.27,BR042,RM_040,Savings
ACC_004424,CUST_04424,Savings,2021-07-22,249597.45,BR043,RM_006,Savings
ACC_004425,CUST_04425,Savings,2023-12-24,47009.19,BR045,RM_058,Savings
ACC_004426,CUST_04426,Savings,2023-04-12,27195.66,BR013,RM_001,Savings
ACC_004427,CUST_04427,Savings,2024-08-31,4684.14,BR032,RM_004,Savings
ACC_004428,CUST_04428,Savings,2026-01-11,6619.54,BR047,RM_065,Savings
ACC_004429,CUST_04429,Savings,2023-04-13,101196.98,BR024,RM_003,Savings
ACC_004430,CUST_04430,Savings,2026-03-04,28662.62,BR024,RM_049,Savings
ACC_004431,CUST_04431,Current,2022-12-21,49997.5,BR050,RM_048,Current
ACC_004432,CUST_04432,Savings,2026-07-22,161653.62,BR018,RM_006,Savings
ACC_004433,CUST_04433,Savings,2025-11-03,490567.22,BR023,RM_068,Savings
ACC_004434,CUST_04434,Salary,2024-02-23,7344.8,BR018,RM_063,Salary
ACC_004435,CUST_04435,Current,2025-01-15,13020.02,BR040,RM_077,Current
ACC_004436,CUST_04436,Current,2021-03-20,151692.83,BR025,RM_028,Current
ACC_004437,CUST_04437,Savings,2022-08-10,31874.74,BR034,RM_079,Savings
ACC_004438,CUST_04438,Savings,2022-05-07,10910.75,BR035,RM_071,Savings
ACC_004439,CUST_04439,Savings,2022-09-04,48430.24,BR036,RM_028,Savings
ACC_004440,CUST_04440,Savings,2025-12-09,207150.33,BR020,RM_039,Savings
ACC_004441,CUST_04441,Savings,2022-12-21,197808.61,BR049,RM_009,Savings
ACC_004442,CUST_04442,Salary,2024-03-28,15374.76,BR020,RM_045,Salary
ACC_004443,CUST_04443,Savings,2022-03-28,89693.31,BR009,RM_032,Savings
ACC_004444,CUST_04444,Salary,2023-03-12,14104.03,BR022,RM_100,Salary
ACC_004445,CUST_04445,Savings,2025-03-24,13326.61,BR046,RM_001,Savings
ACC_004446,CUST_04446,Current,2023-02-19,832377.46,BR034,RM_015,Current
ACC_004447,CUST_04447,Salary,2022-11-10,70063.64,BR038,RM_055,Salary
ACC_004448,CUST_04448,Savings,2022-12-04,4615.5,BR024,RM_012,Savings
ACC_004449,CUST_04449,Savings,2021-08-03,9417.12,BR041,RM_039,Savings
ACC_004450,CUST_04450,Savings,2023-12-16,13837.25,BR013,RM_095,Savings
ACC_004451,CUST_04451,Savings,2024-06-09,347973.5,BR012,RM_001,Savings
ACC_004452,CUST_04452,Savings,2021-11-01,137265.94,BR049,RM_002,Savings
ACC_004453,CUST_04453,Savings,2021-01-29,62977.82,BR005,RM_071,Savings
ACC_004454,CUST_04454,Current,2024-08-08,2903.13,BR043,RM_078,Current
ACC_004455,CUST_04455,Savings,2025-09-10,12178.2,BR025,RM_049,Savings
ACC_004456,CUST_04456,Savings,2026-03-19,-4212.51,BR017,RM_003,Savings
ACC_004457,CUST_04457,Savings,2024-01-15,35853.55,BR040,RM_012,Savings
ACC_004458,CUST_04458,Current,2024-12-15,1519.27,BR026,RM_096,Current
ACC_004459,CUST_04459,Savings,2021-01-02,106590.38,BR032,RM_029,Savings
ACC_004460,CUST_04460,Current,2021-04-13,34831.37,BR029,RM_086,Current
ACC_004461,CUST_04461,Savings,2022-05-22,-580.15,BR004,RM_028,Savings
ACC_004462,CUST_04462,Savings,2021-02-11,10836.49,BR008,RM_051,Savings
ACC_004463,CUST_04463,Current,2025-05-22,193215.1,BR021,RM_046,Current
ACC_004464,CUST_04464,Salary,2021-01-20,89638.4,BR019,RM_042,Salary
ACC_004465,CUST_04465,Savings,2024-03-08,63371.6,BR037,RM_002,Savings
ACC_004466,CUST_04466,Savings,2025-01-12,38759.36,BR004,RM_080,Savings
ACC_004467,CUST_04467,Savings,2021-04-17,10421.59,BR044,RM_006,Savings
ACC_004468,CUST_04468,Savings,2021-09-11,228788.76,BR041,RM_038,Savings
ACC_004469,CUST_04469,Savings,2025-12-14,362741.84,BR034,RM_089,Savings
ACC_004470,CUST_04470,Savings,2021-05-28,63080.64,BR042,RM_042,Savings
ACC_004471,CUST_04471,Savings,2023-08-13,3454.85,BR043,RM_004,Savings
ACC_004472,CUST_04472,Salary,2023-05-22,2008.78,BR021,RM_081,Salary
ACC_004473,CUST_04473,Savings,2023-08-24,1321.11,BR032,RM_100,Savings
ACC_004474,CUST_04474,Savings,2023-03-12,3352.8,BR040,RM_004,Savings
ACC_004475,CUST_04475,Savings,2023-10-10,5569.81,BR015,RM_030,Savings
ACC_004476,CUST_04476,Savings,2021-09-26,28437.21,BR025,RM_055,Savings
ACC_004477,CUST_04477,Savings,2021-12-25,3382092.58,BR043,RM_009,Savings
ACC_004478,CUST_04478,Savings,2021-12-07,85098.2,BR018,RM_077,Savings
ACC_004479,CUST_04479,Salary,2022-06-30,19673.54,BR038,RM_071,Salary
ACC_004480,CUST_04480,Savings,2022-03-03,77293.65,BR002,RM_022,Savings
ACC_004481,CUST_04481,Salary,2026-12-14,22662.37,BR007,RM_089,Salary
ACC_004482,CUST_04482,Current,2023-10-29,108710.12,BR033,RM_013,Current
ACC_004483,CUST_04483,Savings,2024-08-18,15415.13,BR027,RM_014,Savings
ACC_004484,CUST_04484,Salary,2023-01-23,76012.59,BR023,RM_051,Salary
ACC_004485,CUST_04485,Salary,2021-02-24,25167.0,BR020,RM_075,Salary
ACC_004486,CUST_04486,Savings,2025-10-09,111208.99,BR018,RM_068,Savings
ACC_004487,CUST_04487,Savings,2023-10-29,2189.95,BR036,RM_089,Savings
ACC_004488,CUST_04488,Salary,2023-07-30,70399.17,BR041,RM_086,Salary
ACC_004489,CUST_04489,Savings,2023-06-13,78844.56,BR006,RM_084,Savings
ACC_004490,CUST_04490,Savings,2024-10-15,332953.0,BR045,RM_057,Savings
ACC_004491,CUST_04491,Current,2025-10-11,109764.04,BR017,RM_005,Current
ACC_004492,CUST_04492,Savings,2023-06-07,13863.37,BR014,RM_027,Savings
ACC_004493,CUST_04493,Savings,2021-12-10,119422.76,BR005,RM_054,Savings
ACC_004494,CUST_04494,Salary,2025-10-12,4486.9,BR015,RM_005,Salary
ACC_004495,CUST_04495,Current,2021-09-07,29995.67,BR045,RM_070,Current
ACC_004496,CUST_04496,Savings,2027-03-22,105511.29,BR015,RM_018,Savings
ACC_004497,CUST_04497,Savings,2021-10-09,88309.08,BR046,RM_084,Savings
ACC_004498,CUST_04498,Current,2026-04-05,8293.5,BR046,RM_032,Current
ACC_004499,CUST_04499,Savings,2025-04-20,12704.21,BR048,RM_014,Savings
ACC_004500,CUST_04500,Savings,2024-07-17,6164.69,BR038,RM_072,Savings
ACC_004501,CUST_04501,Savings,2024-04-19,8517.45,BR007,RM_015,Savings
ACC_004502,CUST_04502,Current,2023-07-15,10037.43,BR048,RM_090,Current
ACC_004503,CUST_04503,Salary,2023-02-22,6124.63,BR014,RM_026,Salary
ACC_004504,CUST_04504,Savings,2026-02-04,133871.38,BR024,RM_005,Savings
ACC_004505,CUST_04505,Savings,2024-09-10,47379.48,BR045,RM_035,Savings
ACC_004506,CUST_04506,Salary,2026-07-17,26286.33,BR023,RM_012,Salary
ACC_004507,CUST_04507,Current,2025-12-12,5065.61,BR027,RM_086,Current
ACC_004508,CUST_04508,Savings,2021-06-29,259764.26,BR012,RM_046,Savings
ACC_004509,CUST_04509,Savings,2024-12-27,1232923.97,BR003,RM_059,Savings
ACC_004510,CUST_04510,Savings,2023-02-19,40176.67,BR018,RM_081,Savings
ACC_004511,CUST_04511,Savings,2024-07-06,229615.51,BR015,RM_022,Savings
ACC_004512,CUST_04512,Savings,2023-10-16,4876.58,BR029,RM_058,Savings
ACC_004513,CUST_04513,Savings,2023-02-28,26076.95,BR009,RM_087,Savings
ACC_004514,CUST_04514,Salary,2026-02-01,302452.41,BR005,RM_061,Salary
ACC_004515,CUST_04515,Savings,2022-04-12,15487.82,BR007,RM_076,Savings
ACC_004516,CUST_04516,Savings,2024-11-26,4976.89,BR013,RM_094,Savings
ACC_004517,CUST_04517,Current,2026-03-15,3608.27,BR010,RM_028,Current
ACC_004518,CUST_04518,Savings,2026-03-08,497437.71,BR015,RM_026,Savings
ACC_004519,CUST_04519,Savings,2024-02-11,11127.87,BR029,RM_025,Savings
ACC_004520,CUST_04520,Savings,2026-05-25,209188.69,BR017,RM_064,Savings
ACC_004521,CUST_04521,Savings,2024-08-22,384.13,BR016,RM_094,Savings
ACC_004522,CUST_04522,Savings,2024-04-12,13301.03,BR050,RM_031,Savings
ACC_004523,CUST_04523,Savings,2022-02-04,454358.41,BR023,RM_075,Savings
ACC_004524,CUST_04524,Current,2024-01-04,24253.78,BR002,RM_007,Current
ACC_004525,CUST_04525,Salary,2022-12-06,31846.23,BR015,RM_097,Salary
ACC_004526,CUST_04526,Current,2023-12-31,153372.09,BR047,RM_076,Current
ACC_004527,CUST_04527,Savings,2025-01-01,1514.11,BR005,RM_054,Savings
ACC_004528,CUST_04528,Current,2023-04-21,2042.14,BR019,RM_009,Current
ACC_004529,CUST_04529,Savings,2021-01-01,3781.92,BR038,RM_013,Savings
ACC_004530,CUST_04530,Current,2021-07-16,8721.01,BR009,RM_008,Current
ACC_004531,CUST_04531,Savings,2025-09-06,11825.2,BR048,RM_033,Savings
ACC_004532,CUST_04532,Savings,2024-08-24,39777.54,BR002,RM_066,Savings
ACC_004533,CUST_04533,Savings,2021-09-17,34924.75,BR040,RM_083,Savings
ACC_004534,CUST_04534,Savings,2026-07-20,77727.81,BR006,RM_079,Savings
ACC_004535,CUST_04535,Salary,2022-11-18,10015.23,BR034,RM_083,Salary
ACC_004536,CUST_04536,Savings,2021-07-24,40594.22,BR032,RM_031,Savings
ACC_004537,CUST_04537,Savings,2025-04-16,1900.12,BR005,RM_038,Savings
ACC_004538,CUST_04538,Salary,2026-06-08,103691.27,BR040,RM_031,Salary
ACC_004539,CUST_04539,Savings,2024-03-19,15326.64,BR016,RM_054,Savings
ACC_004540,CUST_04540,Current,2022-06-13,36610.01,BR013,RM_033,Current
ACC_004541,CUST_04541,Savings,2024-10-10,65984.7,BR020,RM_032,Savings
ACC_004542,CUST_04542,Savings,2025-01-12,2955.15,BR046,RM_019,Savings
ACC_004543,CUST_04543,Savings,2023-04-22,1931.19,BR032,RM_030,Savings
ACC_004544,CUST_04544,Savings,2025-09-18,3848.44,BR038,RM_014,Savings
ACC_004545,CUST_04545,Savings,2023-04-24,102111.37,BR044,RM_057,Savings
ACC_004546,CUST_04546,Savings,2023-08-23,8021.51,BR028,RM_094,Savings
ACC_004547,CUST_04547,Savings,2026-01-02,6918.28,BR047,RM_080,Savings
ACC_004548,CUST_04548,Savings,2025-05-17,7129.86,BR037,RM_017,Savings
ACC_004549,CUST_04549,Current,2023-12-20,5906.94,BR010,RM_082,Current
ACC_004550,CUST_04550,Savings,2022-11-09,11410.86,BR031,RM_044,Savings
ACC_004551,CUST_04551,Savings,2021-07-13,10515.97,BR018,RM_031,Savings
ACC_004552,CUST_04552,Savings,2026-03-20,125180.91,BR033,RM_061,Savings
ACC_004553,CUST_04553,Savings,2023-04-02,194769.79,BR004,RM_076,Savings
ACC_004554,CUST_04554,Salary,2021-05-15,153144.75,BR002,RM_066,Salary
ACC_004555,CUST_04555,Savings,2021-12-16,114261.88,BR029,RM_100,Savings
ACC_004556,CUST_04556,Savings,2026-02-07,66616.06,BR005,RM_081,Savings
ACC_004557,CUST_04557,Savings,2021-03-24,109667.49,BR041,RM_088,Savings
ACC_004558,CUST_04558,Savings,2025-10-05,3696.88,BR031,RM_039,Savings
ACC_004559,CUST_04559,Savings,2021-01-25,104212.07,BR033,RM_033,Savings
ACC_004560,CUST_04560,Savings,2025-09-08,3676.73,BR027,RM_014,Savings
ACC_004561,CUST_04561,Savings,2023-06-14,314.5,BR016,RM_047,Savings
ACC_004562,CUST_04562,Savings,2023-07-13,6901.61,BR046,RM_024,Savings
ACC_004563,CUST_04563,Savings,2021-06-11,10641.04,BR021,RM_089,Savings
ACC_004564,CUST_04564,Salary,2023-04-25,673697.08,BR039,RM_031,Salary
ACC_004565,CUST_04565,Current,2026-06-14,56963.82,BR044,RM_035,Current
ACC_004566,CUST_04566,Savings,2024-06-20,534675.55,BR050,RM_062,Savings
ACC_004567,CUST_04567,Current,2025-11-23,177116.84,BR020,RM_021,Current
ACC_004568,CUST_04568,Savings,2021-07-21,42817.83,BR047,RM_032,Savings
ACC_004569,CUST_04569,Savings,2022-12-12,15850.49,BR011,RM_094,Savings
ACC_004570,CUST_04570,Current,2021-02-02,182875.42,BR049,RM_035,Current
ACC_004571,CUST_04571,Savings,2025-04-16,30670.89,BR028,RM_069,Savings
ACC_004572,CUST_04572,Salary,2022-04-25,273972.14,BR019,RM_083,Salary
ACC_004573,CUST_04573,Savings,2024-07-02,1070.63,BR047,RM_026,Savings
ACC_004574,CUST_04574,Savings,2024-08-22,7770.19,BR008,RM_013,Savings
ACC_004575,CUST_04575,Current,2024-06-02,1735096.76,BR002,RM_046,Current
ACC_004576,CUST_04576,Salary,2021-11-27,2273.71,BR004,RM_086,Salary
ACC_004577,CUST_04577,Savings,2022-05-21,1252.86,BR026,RM_010,Savings
ACC_004578,CUST_04578,Savings,2024-06-19,223363.42,BR029,RM_013,Savings
ACC_004579,CUST_04579,Savings,2022-10-31,78202.73,BR001,RM_039,Savings
ACC_004580,CUST_04580,Savings,2024-01-20,185785.29,BR027,RM_048,Savings
ACC_004581,CUST_04581,Savings,2026-07-21,21016.32,BR028,RM_042,Savings
ACC_004582,CUST_04582,Savings,2023-06-09,108460.41,BR035,RM_048,Savings
ACC_004583,CUST_04583,Salary,2025-05-06,3796.83,BR030,RM_009,Salary
ACC_004584,CUST_04584,Savings,2026-04-20,18480.24,BR026,RM_005,Savings
ACC_004585,CUST_04585,Current,2023-12-08,230594.21,BR038,RM_028,Current
ACC_004586,CUST_04586,Savings,2021-12-27,128732.28,BR003,RM_028,Savings
ACC_004587,CUST_04587,Savings,2025-03-18,31416.8,BR018,RM_091,Savings
ACC_004588,CUST_04588,Current,2022-10-08,29097.4,BR034,RM_010,Current
ACC_004589,CUST_04589,Salary,2026-03-02,36912.12,BR003,RM_065,Salary
ACC_004590,CUST_04590,Savings,2025-12-04,16149.8,BR048,RM_053,Savings
ACC_004591,CUST_04591,Savings,2021-06-18,535986.06,BR016,RM_007,Savings
ACC_004592,CUST_04592,Salary,2022-05-03,15017.6,BR013,RM_052,Salary
ACC_004593,CUST_04593,Savings,2022-12-02,63662.81,BR017,RM_028,Savings
ACC_004594,CUST_04594,Savings,2025-04-06,14297.35,BR044,RM_062,Savings
ACC_004595,CUST_04595,Savings,2024-07-06,826096.77,BR031,RM_040,Savings
ACC_004596,CUST_04596,Savings,2024-01-25,862.65,BR038,RM_082,Savings
ACC_004597,CUST_04597,Salary,2023-08-04,316018.09,BR034,RM_014,Salary
ACC_004598,CUST_04598,Savings,2024-01-27,6621.02,BR026,RM_083,Savings
ACC_004599,CUST_04599,Current,2025-10-04,52888.43,BR047,RM_085,Current
ACC_004600,CUST_04600,Savings,2024-04-09,63370.24,BR013,RM_077,Savings
ACC_004601,CUST_04601,Salary,2022-02-08,18852.62,BR026,RM_024,Salary
ACC_004602,CUST_04602,Savings,2025-10-23,108402.54,BR035,RM_052,Savings
ACC_004603,CUST_04603,Current,2025-09-12,34034.45,BR039,RM_062,Current
ACC_004604,CUST_04604,Savings,2021-11-03,43023.67,BR024,RM_066,Savings
ACC_004605,CUST_04605,Savings,2022-06-23,12827.92,BR033,RM_098,Savings
ACC_004606,CUST_04606,Savings,2023-03-04,7446.57,BR027,RM_087,Savings
ACC_004607,CUST_04607,Savings,2022-07-02,9739.09,BR025,RM_068,Savings
ACC_004608,CUST_04608,Savings,2026-07-01,4891.94,BR047,RM_077,Savings
ACC_004609,CUST_04609,Current,2024-06-21,3257.13,BR018,RM_034,Current
ACC_004610,CUST_04610,Savings,2022-03-22,29544.42,BR042,RM_022,Savings
ACC_004611,CUST_04611,Savings,2025-11-21,4878.62,BR025,RM_019,Savings
ACC_004612,CUST_04612,Savings,2024-02-24,750.14,BR048,RM_055,Savings
ACC_004613,CUST_04613,Savings,2025-09-01,48853.07,BR016,RM_021,Savings
ACC_004614,CUST_04614,Current,2024-05-21,102974.19,BR019,RM_021,Current
ACC_004615,CUST_04615,Savings,2021-01-24,115308.36,BR035,RM_063,Savings
ACC_004616,CUST_04616,Savings,2021-09-28,52626.66,BR007,RM_004,Savings
ACC_004617,CUST_04617,Salary,2025-04-01,133672.23,BR044,RM_044,Salary
ACC_004618,CUST_04618,Savings,2022-08-13,26651.09,BR018,RM_003,Savings
ACC_004619,CUST_04619,Current,2025-07-26,1573.38,BR016,RM_095,Current
ACC_004620,CUST_04620,Current,2023-10-16,2784.13,BR028,RM_015,Current
ACC_004621,CUST_04621,Savings,2026-06-01,34687.03,BR048,RM_070,Savings
ACC_004622,CUST_04622,Savings,2022-12-23,882.55,BR038,RM_041,Savings
ACC_004623,CUST_04623,Current,2022-12-18,11468.89,BR040,RM_034,Current
ACC_004624,CUST_04624,Savings,2021-06-20,5187.78,BR037,RM_047,Savings
ACC_004625,CUST_04625,Savings,2022-02-24,9565.39,BR020,RM_088,Savings
ACC_004626,CUST_04626,Current,2024-06-16,65417.06,BR016,RM_042,Current
ACC_004627,CUST_04627,Salary,2021-07-22,33202.87,BR039,RM_033,Salary
ACC_004628,CUST_04628,Savings,2026-04-06,5515.78,BR041,RM_028,Savings
ACC_004629,CUST_04629,Salary,2023-05-21,-2270.8,BR008,RM_011,Salary
ACC_004630,CUST_04630,Savings,2025-03-18,28283.99,BR004,RM_080,Savings
ACC_004631,CUST_04631,Savings,2022-11-29,11037.02,BR004,RM_046,Savings
ACC_004632,CUST_04632,Savings,2026-05-23,2948.53,BR049,RM_002,Savings
ACC_004633,CUST_04633,Savings,2023-12-31,3896.51,BR046,RM_039,Savings
ACC_004634,CUST_04634,Savings,2026-05-29,18586.0,BR047,RM_026,Savings
ACC_004635,CUST_04635,Savings,2025-01-24,5968.42,BR016,RM_021,Savings
ACC_004636,CUST_04636,Savings,2024-05-29,91928.17,BR018,RM_078,Savings
ACC_004637,CUST_04637,Current,2024-04-21,2309.79,BR006,RM_037,Current
ACC_004638,CUST_04638,Savings,2022-08-19,11006.21,BR019,RM_095,Savings
ACC_004639,CUST_04639,Savings,2021-06-15,315650.68,BR034,RM_073,Savings
ACC_004640,CUST_04640,Savings,2022-06-06,47056.2,BR034,RM_098,Savings
ACC_004641,CUST_04641,Savings,2023-10-02,6769.56,BR003,RM_023,Savings
ACC_004642,CUST_04642,Savings,2025-05-07,1606492.49,BR013,RM_034,Savings
ACC_004643,CUST_04643,Savings,2026-06-24,36430.05,BR029,RM_058,Savings
ACC_004644,CUST_04644,Savings,2022-02-26,25282.7,BR001,RM_050,Savings
ACC_004645,CUST_04645,Savings,2021-01-27,25770.81,BR004,RM_082,Savings
ACC_004646,CUST_04646,Savings,2023-02-09,8514.96,BR014,RM_076,Savings
ACC_004647,CUST_04647,Current,2022-10-02,34655.04,BR025,RM_028,Current
ACC_004648,CUST_04648,Savings,2022-01-21,15838.41,BR046,RM_043,Savings
ACC_004649,CUST_04649,Savings,2025-03-14,224921.36,BR030,RM_028,Savings
ACC_004650,CUST_04650,Current,2022-05-27,138750.07,BR037,RM_052,Current
ACC_004651,CUST_04651,Savings,2021-11-12,21130.11,BR037,RM_092,Savings
ACC_004652,CUST_04652,Savings,2025-07-27,159713.88,BR050,RM_045,Savings
ACC_004653,CUST_04653,Salary,2026-07-10,2747.17,BR002,RM_025,Salary
ACC_004654,CUST_04654,Savings,2024-09-27,3665.87,BR027,RM_071,Savings
ACC_004655,CUST_04655,Savings,2024-03-25,24420.58,BR035,RM_018,Savings
ACC_004656,CUST_04656,Current,2023-12-11,26674.01,BR041,RM_073,Current
ACC_004657,CUST_04657,Savings,2023-04-01,720.13,BR005,RM_075,Savings
ACC_004658,CUST_04658,Savings,2021-05-13,17480.47,BR046,RM_076,Savings
ACC_004659,CUST_04659,Salary,2021-02-07,25233.38,BR029,RM_077,Salary
ACC_004660,CUST_04660,Current,2025-04-02,48496.49,BR016,RM_074,Current
ACC_004661,CUST_04661,Salary,2023-09-11,71037.36,BR045,RM_037,Salary
ACC_004662,CUST_04662,Current,2023-10-23,7646.03,BR037,RM_014,Current
ACC_004663,CUST_04663,Salary,2024-03-26,653.37,BR043,RM_012,Salary
ACC_004664,CUST_04664,Savings,2021-08-25,3240.75,BR049,RM_012,Savings
ACC_004665,CUST_04665,Salary,2024-07-04,10721.08,BR035,RM_069,Salary
ACC_004666,CUST_04666,Savings,2022-03-01,3072.32,BR027,RM_096,Savings
ACC_004667,CUST_04667,Savings,2023-06-24,24028.4,BR026,RM_094,Savings
ACC_004668,CUST_04668,Savings,2021-08-12,13977.3,BR043,RM_066,Savings
ACC_004669,CUST_04669,Savings,2023-10-04,5414.7,BR029,RM_014,Savings
ACC_004670,CUST_04670,Savings,2021-03-15,45416.92,BR029,RM_065,Savings
ACC_004671,CUST_04671,Savings,2023-12-08,16225.05,BR033,RM_053,Savings
ACC_004672,CUST_04672,Savings,2023-05-17,11409.11,BR030,RM_001,Savings
ACC_004673,CUST_04673,Savings,2024-04-23,102718.71,BR026,RM_066,Savings
ACC_004674,CUST_04674,Savings,2023-09-28,5813.7,BR004,RM_062,Savings
ACC_004675,CUST_04675,Savings,2025-09-29,3412.7,BR036,RM_025,Savings
ACC_004676,CUST_04676,Savings,2024-02-03,7035.23,BR047,RM_050,Savings
ACC_004677,CUST_04677,Savings,2025-01-11,9131.57,BR004,RM_044,Savings
ACC_004678,CUST_04678,Salary,2023-12-05,92605.35,BR031,RM_033,Salary
ACC_004679,CUST_04679,Current,2022-09-15,12575.11,BR034,RM_074,Current
ACC_004680,CUST_04680,Savings,2022-07-17,10414.44,BR017,RM_062,Savings
ACC_004681,CUST_04681,Savings,2021-03-14,25847.72,BR036,RM_089,Savings
ACC_004682,CUST_04682,Savings,2023-05-05,10122.24,BR005,RM_052,Savings
ACC_004683,CUST_04683,Savings,2022-05-03,5790.03,BR015,RM_063,Savings
ACC_004684,CUST_04684,Savings,2021-11-02,21601.48,BR004,RM_086,Savings
ACC_004685,CUST_04685,Savings,2024-06-05,14179.79,BR037,RM_025,Savings
ACC_004686,CUST_04686,Savings,2023-10-27,28137.15,BR014,RM_041,Savings
ACC_004687,CUST_04687,Current,2026-03-13,9490.42,BR018,RM_007,Current
ACC_004688,CUST_04688,Salary,2021-08-01,9437.84,BR008,RM_077,Salary
ACC_004689,CUST_04689,Savings,2025-09-22,9736.75,BR044,RM_038,Savings
ACC_004690,CUST_04690,Current,2022-07-05,77995.28,BR042,RM_026,Current
ACC_004691,CUST_04691,Savings,2023-11-19,11194.25,BR017,RM_083,Savings
ACC_004692,CUST_04692,Current,2022-01-31,6427.83,BR014,RM_001,Current
ACC_004693,CUST_04693,Savings,2024-07-10,165993.24,BR025,RM_061,Savings
ACC_004694,CUST_04694,Savings,2023-01-30,60159.22,BR034,RM_063,Savings
ACC_004695,CUST_04695,Salary,2026-06-26,21910.42,BR038,RM_078,Salary
ACC_004696,CUST_04696,Current,2024-09-27,214557.05,BR018,RM_027,Current
ACC_004697,CUST_04697,Salary,2022-07-26,35333.42,BR002,RM_080,Salary
ACC_004698,CUST_04698,Savings,2021-10-07,214230.81,BR041,RM_068,Savings
ACC_004699,CUST_04699,Savings,2023-02-16,57205.98,BR021,RM_068,Savings
ACC_004700,CUST_04700,Current,2024-10-16,15108.91,BR048,RM_019,Current
ACC_004701,CUST_04701,Savings,2025-08-07,13720.71,BR002,RM_064,Savings
ACC_004702,CUST_04702,Current,2026-06-04,94636.66,BR027,RM_009,Current
ACC_004703,CUST_04703,Current,2022-03-11,15667.91,BR037,RM_006,Current
ACC_004704,CUST_04704,Savings,2022-04-25,6447.97,BR026,RM_006,Savings
ACC_004705,CUST_04705,Savings,2021-12-06,7047.53,BR037,RM_020,Savings
ACC_004706,CUST_04706,Savings,2024-02-01,2129.82,BR008,RM_049,Savings
ACC_004707,CUST_04707,Savings,2024-06-06,45908.41,BR010,RM_021,Savings
ACC_004708,CUST_04708,Savings,2021-04-14,645600.05,BR034,RM_033,Savings
ACC_004709,CUST_04709,Current,2026-07-04,43113.28,BR006,RM_036,Current
ACC_004710,CUST_04710,Savings,2022-03-11,1139.98,BR037,RM_070,Savings
ACC_004711,CUST_04711,Savings,2021-05-17,12068.89,BR028,RM_028,Savings
ACC_004712,CUST_04712,Savings,2021-12-03,169904.17,BR010,RM_078,Savings
ACC_004713,CUST_04713,Current,2022-09-15,11142.89,BR041,RM_032,Current
ACC_004714,CUST_04714,Savings,2023-10-16,6196.64,BR010,RM_070,Savings
ACC_004715,CUST_04715,Current,2021-10-02,14405.66,BR033,RM_010,Current
ACC_004716,CUST_04716,Current,2026-07-23,261498.05,BR047,RM_076,Current
ACC_004717,CUST_04717,Savings,2021-07-16,75381.83,BR007,RM_066,Savings
ACC_004718,CUST_04718,Current,2025-03-05,38981.28,BR030,RM_075,Current
ACC_004719,CUST_04719,Savings,2023-05-26,147812.84,BR013,RM_076,Savings
ACC_004720,CUST_04720,Savings,2022-07-16,2056.06,BR025,RM_001,Savings
ACC_004721,CUST_04721,Current,2021-10-10,82039.25,BR011,RM_029,Current
ACC_004722,CUST_04722,Savings,2026-07-12,10469.66,BR018,RM_100,Savings
ACC_004723,CUST_04723,Savings,2023-12-17,9534.28,BR001,RM_068,Savings
ACC_004724,CUST_04724,Savings,2021-07-05,47346.29,BR025,RM_044,Savings
ACC_004725,CUST_04725,Salary,2021-04-24,5717.95,BR024,RM_018,Salary
ACC_004726,CUST_04726,Savings,2025-01-02,675.99,BR019,RM_084,Savings
ACC_004727,CUST_04727,Current,2021-04-06,18633.55,BR036,RM_089,Current
ACC_004728,CUST_04728,Savings,2026-03-26,144063.14,BR008,RM_062,Savings
ACC_004729,CUST_04729,Savings,2022-08-26,40868.52,BR041,RM_004,Savings
ACC_004730,CUST_04730,Salary,2025-08-10,2221.66,BR027,RM_064,Salary
ACC_004731,CUST_04731,Savings,2022-01-15,6547.94,BR009,RM_069,Savings
ACC_004732,CUST_04732,Savings,2026-05-22,9174.58,BR043,RM_079,Savings
ACC_004733,CUST_04733,Salary,2023-12-17,16370.43,BR024,RM_066,Salary
ACC_004734,CUST_04734,Savings,2024-12-10,3623.07,BR013,RM_037,Savings
ACC_004735,CUST_04735,Savings,2024-11-22,5363.06,BR049,RM_034,Savings
ACC_004736,CUST_04736,Savings,2021-07-05,234433.1,BR019,RM_065,Savings
ACC_004737,CUST_04737,Current,2021-05-18,18255.56,BR045,RM_010,Current
ACC_004738,CUST_04738,Savings,2025-06-20,9447.82,BR025,RM_085,Savings
ACC_004739,CUST_04739,Current,2026-07-12,29235.34,BR005,RM_035,Current
ACC_004740,CUST_04740,Savings,2023-07-26,2357.35,BR049,RM_051,Savings
ACC_004741,CUST_04741,Current,2024-03-31,52753.38,BR009,RM_075,Current
ACC_004742,CUST_04742,Current,2023-03-13,15291.73,BR049,RM_091,Current
ACC_004743,CUST_04743,Savings,2024-03-25,24597.05,BR018,RM_093,Savings
ACC_004744,CUST_04744,Savings,2022-07-16,45305.39,BR034,RM_035,Savings
ACC_004745,CUST_04745,Savings,2025-11-03,78295.3,BR038,RM_076,Savings
ACC_004746,CUST_04746,Savings,2023-05-04,153850.81,BR038,RM_075,Savings
ACC_004747,CUST_04747,Salary,2026-07-21,13685.43,BR031,RM_003,Salary
ACC_004748,CUST_04748,Savings,2024-09-24,14732.27,BR034,RM_059,Savings
ACC_004749,CUST_04749,Savings,2024-04-15,504.7,BR046,RM_044,Savings
ACC_004750,CUST_04750,Savings,2025-01-16,4281.43,BR008,RM_069,Savings
ACC_004751,CUST_04751,Current,2025-10-02,1913.06,BR028,RM_042,Current
ACC_004752,CUST_04752,Savings,2024-03-02,5130.0,BR031,RM_031,Savings
ACC_004753,CUST_04753,Savings,2025-01-11,2014.04,BR026,RM_013,Savings
ACC_004754,CUST_04754,Savings,2021-08-30,57187.59,BR022,RM_015,Savings
ACC_004755,CUST_04755,Savings,2022-09-11,26917.63,BR010,RM_045,Savings
ACC_004756,CUST_04756,Savings,2024-07-07,20658.93,BR043,RM_010,Savings
ACC_004757,CUST_04757,Current,2021-04-03,14573.14,BR038,RM_066,Current
ACC_004758,CUST_04758,Savings,2023-10-26,34009.91,BR029,RM_079,Savings
ACC_004759,CUST_04759,Savings,2023-12-10,24796.21,BR050,RM_097,Savings
ACC_004760,CUST_04760,Salary,2021-08-20,1351234.51,BR002,RM_037,Salary
ACC_004761,CUST_04761,Savings,2024-06-22,76273.23,BR046,RM_043,Savings
ACC_004762,CUST_04762,Savings,2022-09-20,5747.79,BR001,RM_090,Savings
ACC_004763,CUST_04763,Savings,2024-12-23,36108.21,BR041,RM_039,Savings
ACC_004764,CUST_04764,Current,2021-10-29,9628.61,BR020,RM_050,Current
ACC_004765,CUST_04765,Savings,2025-10-13,15591.02,BR048,RM_083,Savings
ACC_004766,CUST_04766,Salary,2026-03-20,3966.33,BR035,RM_025,Salary
ACC_004767,CUST_04767,Savings,2023-10-30,92496.66,BR015,RM_040,Savings
ACC_004768,CUST_04768,Savings,2023-11-27,17010.07,BR047,RM_065,Savings
ACC_004769,CUST_04769,Savings,2022-02-03,88164.78,BR049,RM_081,Savings
ACC_004770,CUST_04770,Savings,2021-12-21,1823.88,BR034,RM_064,Savings
ACC_004771,CUST_04771,Savings,2022-09-04,41611.19,BR025,RM_038,Savings
ACC_004772,CUST_04772,Savings,2024-01-19,5259.21,BR050,RM_035,Savings
ACC_004773,CUST_04773,Salary,2021-02-02,4383.04,BR046,RM_031,Salary
ACC_004774,CUST_04774,Savings,2023-11-21,28869.26,BR025,RM_093,Savings
ACC_004775,CUST_04775,Savings,2021-05-15,65067.22,BR023,RM_043,Savings
ACC_004776,CUST_04776,Savings,2021-06-23,394350.84,BR009,RM_007,Savings
ACC_004777,CUST_04777,Salary,2021-10-11,25636.56,BR045,RM_036,Salary
ACC_004778,CUST_04778,Current,2025-11-02,18866.03,BR007,RM_056,Current
ACC_004779,CUST_04779,Current,2022-03-12,38467.32,BR018,RM_023,Current
ACC_004780,CUST_04780,Savings,2026-04-04,8262.34,BR012,RM_068,Savings
ACC_004781,CUST_04781,Savings,2022-12-03,6479.93,BR032,RM_099,Savings
ACC_004782,CUST_04782,Savings,2023-03-18,377977.13,BR006,RM_058,Savings
ACC_004783,CUST_04783,Salary,2023-06-27,5370.5,BR040,RM_099,Salary
ACC_004784,CUST_04784,Current,2025-07-24,18632.63,BR028,RM_006,Current
ACC_004785,CUST_04785,Savings,2023-05-08,2641829.33,BR009,RM_007,Savings
ACC_004786,CUST_04786,Savings,2021-01-21,4352.18,BR046,RM_009,Savings
ACC_004787,CUST_04787,Savings,2024-12-29,31785.75,BR039,RM_098,Savings
ACC_004788,CUST_04788,Savings,2023-11-29,240175.78,BR020,RM_031,Savings
ACC_004789,CUST_04789,Savings,2026-07-23,18281.7,BR032,RM_098,Savings
ACC_004790,CUST_04790,Savings,2022-04-09,1457.06,BR045,RM_016,Savings
ACC_004791,CUST_04791,Savings,2021-07-09,2350.79,BR036,RM_011,Savings
ACC_004792,CUST_04792,Savings,2023-05-23,47459.16,BR006,RM_020,Savings
ACC_004793,CUST_04793,Savings,2024-04-29,1144.43,BR022,RM_072,Savings
ACC_004794,CUST_04794,Savings,2023-08-19,2738.23,BR015,RM_096,Savings
ACC_004795,CUST_04795,Savings,2025-01-27,4669.95,BR014,RM_008,Savings
ACC_004796,CUST_04796,Savings,2021-05-02,153800.93,BR041,RM_040,Savings
ACC_004797,CUST_04797,Savings,2025-11-30,129606.93,BR024,RM_082,Savings
ACC_004798,CUST_04798,Salary,2026-05-04,1128.83,BR024,RM_037,Salary
ACC_004799,CUST_04799,Savings,2026-11-16,83752.15,BR002,RM_089,Savings
ACC_004800,CUST_04800,Savings,2025-02-11,118761.1,BR038,RM_040,Savings
ACC_004801,CUST_04801,Current,2022-02-16,3785.99,BR017,RM_022,Current
ACC_004802,CUST_04802,Savings,2023-06-26,17737.22,BR049,RM_095,Savings
ACC_004803,CUST_04803,Savings,2026-02-03,-3969.05,BR014,RM_084,Savings
ACC_004804,CUST_04804,Current,2023-02-28,5950.8,BR034,RM_098,Current
ACC_004805,CUST_04805,Savings,2023-06-07,88845.55,BR034,RM_060,Savings
ACC_004806,CUST_04806,Savings,2022-03-18,30396.22,BR036,RM_092,Savings
ACC_004807,CUST_04807,Savings,2022-02-03,14965.19,BR020,RM_050,Savings
ACC_004808,CUST_04808,Savings,2024-05-07,2077.66,BR050,RM_079,Savings
ACC_004809,CUST_04809,Salary,2024-12-06,105365.74,BR045,RM_044,Salary
ACC_004810,CUST_04810,Salary,2024-07-06,-1167.5,BR045,RM_050,Salary
ACC_004811,CUST_04811,Savings,2021-06-03,426505.79,BR009,RM_006,Savings
ACC_004812,CUST_04812,Current,2026-06-14,153456.04,BR048,RM_067,Current
ACC_004813,CUST_04813,Current,2023-04-23,83316.39,BR049,RM_033,Current
ACC_004814,CUST_04814,Salary,2025-05-21,4439.53,BR029,RM_059,Salary
ACC_004815,CUST_04815,Current,2023-03-07,23814.46,BR022,RM_091,Current
ACC_004816,CUST_04816,Savings,2025-07-25,361200.01,BR023,RM_047,Savings
ACC_004817,CUST_04817,Savings,2022-01-29,2421.12,BR020,RM_051,Savings
ACC_004818,CUST_04818,Savings,2024-11-11,456.0,BR002,RM_022,Savings
ACC_004819,CUST_04819,Savings,2024-08-18,9358.66,BR046,RM_063,Savings
ACC_004820,CUST_04820,Savings,2025-03-23,1109139.01,BR049,RM_057,Savings
ACC_004821,CUST_04821,Savings,2025-06-24,29724.66,BR002,RM_034,Savings
ACC_004822,CUST_04822,Current,2025-11-08,4544.06,BR040,RM_003,Current
ACC_004823,CUST_04823,Salary,2025-06-19,4971.74,BR010,RM_022,Salary
ACC_004824,CUST_04824,Savings,2026-06-29,2304.68,BR045,RM_093,Savings
ACC_004825,CUST_04825,Savings,2022-10-25,11393.3,BR033,RM_005,Savings
ACC_004826,CUST_04826,Current,2026-01-19,25497.77,BR020,RM_079,Current
ACC_004827,CUST_04827,Savings,2024-09-11,36855.41,BR033,RM_095,Savings
ACC_004828,CUST_04828,Savings,2023-10-15,4450.95,BR036,RM_083,Savings
ACC_004829,CUST_04829,Savings,2025-08-17,47299.1,BR023,RM_021,Savings
ACC_004830,CUST_04830,Savings,2024-12-17,33747.34,BR013,RM_077,Savings
ACC_004831,CUST_04831,Current,2022-10-08,7771.59,BR014,RM_060,Current
ACC_004832,CUST_04832,Savings,2023-04-19,41248.96,BR028,RM_025,Savings
ACC_004833,CUST_04833,Current,2026-01-12,24634.9,BR042,RM_033,Current
ACC_004834,CUST_04834,Current,2021-08-01,46094.11,BR019,RM_027,Current
ACC_004835,CUST_04835,Savings,2024-04-15,31091.57,BR015,RM_053,Savings
ACC_004836,CUST_04836,Savings,2024-01-15,2367.77,BR003,RM_001,Savings
ACC_004837,CUST_04837,Savings,2023-08-31,36914.67,BR026,RM_031,Savings
ACC_004838,CUST_04838,Savings,2025-02-15,21131.97,BR045,RM_099,Savings
ACC_004839,CUST_04839,Savings,2026-11-30,20846.62,BR017,RM_044,Savings
ACC_004840,CUST_04840,Savings,2024-02-26,80583.8,BR017,RM_024,Savings
ACC_004841,CUST_04841,Savings,2024-04-15,173155.14,BR010,RM_062,Savings
ACC_004842,CUST_04842,Savings,2022-12-31,3347.15,BR006,RM_002,Savings
ACC_004843,CUST_04843,Savings,2023-07-31,3250.51,BR005,RM_019,Savings
ACC_004844,CUST_04844,Savings,2025-07-29,18638.26,BR002,RM_093,Savings
ACC_004845,CUST_04845,Savings,2025-07-12,4224.81,BR028,RM_057,Savings
ACC_004846,CUST_04846,Savings,2026-05-04,19646.21,BR043,RM_064,Savings
ACC_004847,CUST_04847,Savings,2022-06-12,10291.41,BR040,RM_062,Savings
ACC_004848,CUST_04848,Savings,2023-08-21,109369.57,BR031,RM_015,Savings
ACC_004849,CUST_04849,Salary,2021-10-10,111390.48,BR014,RM_021,Salary
ACC_004850,CUST_04850,Salary,2022-12-28,17752.76,BR050,RM_055,Salary
ACC_004851,CUST_04851,Salary,2025-09-11,5944.38,BR046,RM_021,Salary
ACC_004852,CUST_04852,Savings,2024-06-06,37117.61,BR047,RM_071,Savings
ACC_004853,CUST_04853,Savings,2021-11-21,87317.87,BR041,RM_064,Savings
ACC_004854,CUST_04854,Salary,2025-04-11,21588.31,BR011,RM_085,Salary
ACC_004855,CUST_04855,Savings,2025-04-12,8572.7,BR024,RM_043,Savings
ACC_004856,CUST_04856,Current,2022-04-08,7585.2,BR037,RM_059,Current
ACC_004857,CUST_04857,Savings,2024-06-19,421441.48,BR037,RM_037,Savings
ACC_004858,CUST_04858,Savings,2021-05-27,67756.5,BR005,RM_034,Savings
ACC_004859,CUST_04859,Savings,2025-07-13,8388.26,BR030,RM_067,Savings
ACC_004860,CUST_04860,Savings,2023-02-24,31719.55,BR003,RM_099,Savings
ACC_004861,CUST_04861,Savings,2021-03-12,2223.2,BR009,RM_083,Savings
ACC_004862,CUST_04862,Savings,2023-10-04,6384.81,BR043,RM_080,Savings
ACC_004863,CUST_04863,Savings,2025-12-23,18890.09,BR001,RM_076,Savings
ACC_004864,CUST_04864,Savings,2022-02-15,15397.67,BR040,RM_065,Savings
ACC_004865,CUST_04865,Savings,2021-03-01,37356.24,BR037,RM_045,Savings
ACC_004866,CUST_04866,Savings,2025-04-09,978.03,BR009,RM_008,Savings
ACC_004867,CUST_04867,Savings,2024-05-22,62425.83,BR031,RM_081,Savings
ACC_004868,CUST_04868,Savings,2025-07-16,47650.2,BR049,RM_065,Savings
ACC_004869,CUST_04869,Current,2021-04-06,2451.76,BR044,RM_095,Current
ACC_004870,CUST_04870,Savings,2022-09-10,140191.7,BR036,RM_092,Savings
ACC_004871,CUST_04871,Savings,2025-06-01,100440.22,BR039,RM_046,Savings
ACC_004872,CUST_04872,Savings,2024-08-26,10607.47,BR035,RM_023,Savings
ACC_004873,CUST_04873,Savings,2025-01-28,18309.63,BR029,RM_056,Savings
ACC_004874,CUST_04874,Salary,2023-09-18,436025.16,BR036,RM_044,Salary
ACC_004875,CUST_04875,Savings,2022-02-17,85338.82,BR008,RM_068,Savings
ACC_004876,CUST_04876,Savings,2023-03-07,289988.02,BR004,RM_041,Savings
ACC_004877,CUST_04877,Savings,2022-02-19,1357.55,BR003,RM_061,Savings
ACC_004878,CUST_04878,Savings,2024-12-14,6026.59,BR017,RM_044,Savings
ACC_004879,CUST_04879,Savings,2026-06-08,8575.62,BR016,RM_052,Savings
ACC_004880,CUST_04880,Savings,2026-07-01,14552.33,BR042,RM_067,Savings
ACC_004881,CUST_04881,Current,2026-03-26,59745.2,BR031,RM_040,Current
ACC_004882,CUST_04882,Savings,2021-09-15,24162.14,BR031,RM_022,Savings
ACC_004883,CUST_04883,Salary,2025-04-16,81844.88,BR007,RM_077,Salary
ACC_004884,CUST_04884,Salary,2021-11-29,55625.25,BR014,RM_070,Salary
ACC_004885,CUST_04885,Savings,2025-08-27,16727.86,BR049,RM_053,Savings
ACC_004886,CUST_04886,Current,2021-07-27,92898.86,BR039,RM_099,Current
ACC_004887,CUST_04887,Savings,2022-03-28,5415.51,BR018,RM_055,Savings
ACC_004888,CUST_04888,Savings,2026-01-09,14648.66,BR040,RM_031,Savings
ACC_004889,CUST_04889,Savings,2023-01-05,64743.94,BR043,RM_080,Savings
ACC_004890,CUST_04890,Savings,2025-11-03,16830.09,BR010,RM_094,Savings
ACC_004891,CUST_04891,Savings,2024-07-12,7396.37,BR032,RM_093,Savings
ACC_004892,CUST_04892,Savings,2026-05-24,195090.77,BR042,RM_034,Savings
ACC_004893,CUST_04893,Savings,2021-09-11,15048.81,BR002,RM_033,Savings
ACC_004894,CUST_04894,Savings,2022-01-22,1347529.26,BR012,RM_070,Savings
ACC_004895,CUST_04895,Savings,2024-01-05,779.76,BR001,RM_031,Savings
ACC_004896,CUST_04896,Salary,2026-07-06,54864.18,BR020,RM_031,Salary
ACC_004897,CUST_04897,Savings,2025-06-28,1336954.69,BR014,RM_006,Savings
ACC_004898,CUST_04898,Savings,2026-07-11,11834.07,BR038,RM_064,Savings
ACC_004899,CUST_04899,Savings,2021-10-05,1625.5,BR039,RM_010,Savings
ACC_004900,CUST_04900,Current,2023-04-04,129441.53,BR050,RM_062,Current
ACC_004901,CUST_04901,Savings,2025-02-02,7279.97,BR028,RM_017,Savings
ACC_004902,CUST_04902,Current,2021-11-27,7353.3,BR047,RM_049,Current
ACC_004903,CUST_04903,Savings,2022-03-05,107501.19,BR034,RM_013,Savings
ACC_004904,CUST_04904,Savings,2023-04-11,17240.29,BR005,RM_095,Savings
ACC_004905,CUST_04905,Savings,2023-02-06,21113.37,BR049,RM_081,Savings
ACC_004906,CUST_04906,Savings,2025-07-15,2442.83,BR037,RM_055,Savings
ACC_004907,CUST_04907,Current,2025-09-23,2940.24,BR040,RM_040,Current
ACC_004908,CUST_04908,Savings,2023-04-02,3606.2,BR006,RM_085,Savings
ACC_004909,CUST_04909,Savings,2024-01-11,36256.64,BR038,RM_014,Savings
ACC_004910,CUST_04910,Savings,2023-09-06,1059.32,BR030,RM_093,Savings
ACC_004911,CUST_04911,Savings,2024-01-14,3534.47,BR010,RM_078,Savings
ACC_004912,CUST_04912,Current,2024-02-21,8466.82,BR033,RM_096,Current
ACC_004913,CUST_04913,Salary,2021-01-01,11658.27,BR019,RM_029,Salary
ACC_004914,CUST_04914,Savings,2021-02-11,11934.21,BR005,RM_011,Savings
ACC_004915,CUST_04915,Salary,2022-10-11,32642.42,BR033,RM_039,Salary
ACC_004916,CUST_04916,Salary,2023-09-03,135768.12,BR040,RM_007,Salary
ACC_004917,CUST_04917,Savings,2021-04-02,7143.48,BR017,RM_088,Savings
ACC_004918,CUST_04918,Savings,2021-04-29,36395.44,BR011,RM_016,Savings
ACC_004919,CUST_04919,Savings,2023-11-28,9529.23,BR005,RM_089,Savings
ACC_004920,CUST_04920,Savings,2025-02-11,785.02,BR036,RM_031,Savings
ACC_004921,CUST_04921,Salary,2021-11-27,56638.18,BR011,RM_097,Salary
ACC_004922,CUST_04922,Savings,2025-11-23,15411.69,BR045,RM_088,Savings
ACC_004923,CUST_04923,Savings,2026-02-07,29205.45,BR028,RM_006,Savings
ACC_004924,CUST_04924,Savings,2026-02-12,16132.54,BR046,RM_036,Savings
ACC_004925,CUST_04925,Savings,2022-05-30,71549.82,BR012,RM_013,Savings
ACC_004926,CUST_04926,Savings,2021-01-31,23300.88,BR015,RM_059,Savings
ACC_004927,CUST_04927,Savings,2025-09-06,25830.67,BR008,RM_091,Savings
ACC_004928,CUST_04928,Savings,2023-02-25,29268.86,BR013,RM_073,Savings
ACC_004929,CUST_04929,Current,2021-03-05,45475.34,BR046,RM_084,Current
ACC_004930,CUST_04930,Savings,2023-02-03,24479.88,BR031,RM_033,Savings
ACC_004931,CUST_04931,Salary,2021-11-03,125028.13,BR005,RM_023,Salary
ACC_004932,CUST_04932,Salary,2025-12-05,2641.77,BR010,RM_061,Salary
ACC_004933,CUST_04933,Savings,2026-07-01,22608.07,BR027,RM_099,Savings
ACC_004934,CUST_04934,Current,2021-12-28,22225.51,BR027,RM_057,Current
ACC_004935,CUST_04935,Savings,2026-03-27,4766.18,BR003,RM_025,Savings
ACC_004936,CUST_04936,Current,2024-02-08,4773.43,BR042,RM_040,Current
ACC_004937,CUST_04937,Savings,2023-06-05,249341.51,BR048,RM_007,Savings
ACC_004938,CUST_04938,Savings,2021-12-29,94367.07,BR017,RM_058,Savings
ACC_004939,CUST_04939,Savings,2025-03-11,20187.84,BR025,RM_078,Savings
ACC_004940,CUST_04940,Savings,2026-06-09,6645.76,BR047,RM_050,Savings
ACC_004941,CUST_04941,Savings,2023-03-14,7878.37,BR003,RM_014,Savings
ACC_004942,CUST_04942,Savings,2024-04-24,346549.57,BR034,RM_005,Savings
ACC_004943,CUST_04943,Savings,2024-04-07,509262.51,BR046,RM_034,Savings
ACC_004944,CUST_04944,Savings,2026-02-04,94119.03,BR042,RM_032,Savings
ACC_004945,CUST_04945,Savings,2022-08-22,1548.44,BR031,RM_096,Savings
ACC_004946,CUST_04946,Savings,2021-12-17,37112.17,BR018,RM_022,Savings
ACC_004947,CUST_04947,Savings,2021-10-29,3664.28,BR019,RM_035,Savings
ACC_004948,CUST_04948,Current,2024-07-14,7531.94,BR005,RM_043,Current
ACC_004949,CUST_04949,Savings,2021-05-21,59005.06,BR005,RM_057,Savings
ACC_004950,CUST_04950,Savings,2021-05-20,72670.53,BR019,RM_018,Savings
ACC_004951,CUST_04951,Savings,2023-12-20,16904.32,BR013,RM_003,Savings
ACC_004952,CUST_04952,Savings,2026-05-19,50848.27,BR025,RM_023,Savings
ACC_004953,CUST_04953,Savings,2022-04-21,15969.83,BR005,RM_067,Savings
ACC_004954,CUST_04954,Savings,2024-10-21,23384.15,BR036,RM_080,Savings
ACC_004955,CUST_04955,Savings,2021-12-14,33558.56,BR011,RM_053,Savings
ACC_004956,CUST_04956,Savings,2021-10-14,63428.82,BR020,RM_072,Savings
ACC_004957,CUST_04957,Savings,2021-08-16,8586.62,BR002,RM_014,Savings
ACC_004958,CUST_04958,Current,2022-11-06,36189.97,BR002,RM_051,Current
ACC_004959,CUST_04959,Savings,2025-06-28,3355.0,BR047,RM_079,Savings
ACC_004960,CUST_04960,Savings,2023-11-23,39904.42,BR003,RM_001,Savings
ACC_004961,CUST_04961,Current,2023-03-13,29949.63,BR032,RM_006,Current
ACC_004962,CUST_04962,Salary,2025-09-05,22841.65,BR007,RM_094,Salary
ACC_004963,CUST_04963,Current,2024-07-26,77460.67,BR003,RM_079,Current
ACC_004964,CUST_04964,Savings,2024-04-20,3118.27,BR016,RM_073,Savings
ACC_004965,CUST_04965,Savings,2025-02-17,804.33,BR010,RM_062,Savings
ACC_004966,CUST_04966,Salary,2023-05-13,110747.77,BR017,RM_010,Salary
ACC_004967,CUST_04967,Savings,2022-12-08,58483.44,BR044,RM_062,Savings
ACC_004968,CUST_04968,Savings,2024-03-01,-1078.31,BR025,RM_008,Savings
ACC_004969,CUST_04969,Savings,2022-09-05,7859.65,BR030,RM_084,Savings
ACC_004970,CUST_04970,Salary,2023-02-07,20760.01,BR010,RM_070,Salary
ACC_004971,CUST_04971,Savings,2024-07-12,4900.27,BR010,RM_053,Savings
ACC_004972,CUST_04972,Savings,2021-11-11,10087.2,BR048,RM_046,Savings
ACC_004973,CUST_04973,Savings,2026-07-29,254659.98,BR013,RM_077,Savings
ACC_004974,CUST_04974,Salary,2024-01-04,152797.48,BR014,RM_074,Salary
ACC_004975,CUST_04975,Savings,2025-08-21,14588.75,BR013,RM_098,Savings
ACC_004976,CUST_04976,Savings,2026-03-27,1510834.91,BR024,RM_052,Savings
ACC_004977,CUST_04977,Savings,2022-03-31,4724.53,BR036,RM_024,Savings
ACC_004978,CUST_04978,Savings,2024-04-13,9941.92,BR039,RM_021,Savings
ACC_004979,CUST_04979,Current,2023-12-08,3649.35,BR026,RM_064,Current
ACC_004980,CUST_04980,Savings,2022-11-22,15697.8,BR030,RM_002,Savings
ACC_004981,CUST_04981,Savings,2021-05-19,4738.85,BR031,RM_092,Savings
ACC_004982,CUST_04982,Savings,2024-05-26,30688.95,BR036,RM_063,Savings
ACC_004983,CUST_04983,Savings,2026-07-21,20710.0,BR048,RM_021,Savings
ACC_004984,CUST_04984,Salary,2024-07-19,7887.5,BR008,RM_068,Salary
ACC_004985,CUST_04985,Salary,2023-06-17,9397.41,BR009,RM_007,Salary
ACC_004986,CUST_04986,Savings,2025-10-23,209930.66,BR005,RM_058,Savings
ACC_004987,CUST_04987,Savings,2023-08-13,9937.44,BR037,RM_091,Savings
ACC_004988,CUST_04988,Salary,2026-04-09,43541.66,BR019,RM_054,Salary
ACC_004989,CUST_04989,Savings,2021-03-24,26366.04,BR015,RM_039,Savings
ACC_004990,CUST_04990,Savings,2023-08-05,12439.77,BR009,RM_038,Savings
ACC_004991,CUST_04991,Savings,2026-04-13,20941.03,BR043,RM_041,Savings
ACC_004992,CUST_04992,Current,2024-07-11,31135.62,BR002,RM_011,Current
ACC_004993,CUST_04993,Salary,2025-03-22,46046.88,BR045,RM_048,Salary
ACC_004994,CUST_04994,Savings,2022-09-20,7468.0,BR026,RM_019,Savings
ACC_004995,CUST_04995,Savings,2024-10-19,45742.67,BR015,RM_033,Savings
ACC_004996,CUST_04996,Savings,2021-03-06,54693.62,BR028,RM_090,Savings
ACC_004997,CUST_04997,Salary,2026-07-01,29429.7,BR018,RM_056,Salary
ACC_004998,CUST_04998,Savings,2022-11-14,12634.16,BR043,RM_079,Savings
ACC_004999,CUST_04999,Savings,2025-03-31,29648.83,BR024,RM_055,Savings
ACC_005000,CUST_05000,Savings,2024-10-31,17790.43,BR011,RM_016,Savings
ACC_005001,CUST_05001,Savings,2023-11-21,1109.26,BR002,RM_069,Savings
ACC_005002,CUST_05002,Current,2023-06-13,508233.0,BR007,RM_050,Current
ACC_005003,CUST_05003,Savings,2026-07-11,31343.53,BR042,RM_003,Savings
ACC_005004,CUST_05004,Savings,2021-11-29,537450.86,BR018,RM_016,Savings
ACC_005005,CUST_05005,Savings,2025-09-07,36591.16,BR037,RM_093,Savings
ACC_005006,CUST_05006,Savings,2025-12-24,56047.5,BR018,RM_080,Savings
ACC_005007,CUST_05007,Savings,2021-04-28,17552.68,BR016,RM_096,Savings
ACC_005008,CUST_05008,Savings,2021-06-02,564.02,BR002,RM_061,Savings
ACC_005009,CUST_05009,Savings,2025-11-23,218513.22,BR020,RM_044,Savings
ACC_005010,CUST_05010,Savings,2025-03-13,85976.59,BR038,RM_054,Savings
ACC_005011,CUST_05011,Savings,2023-11-25,131665.5,BR012,RM_036,Savings
ACC_005012,CUST_05012,Salary,2023-12-15,67743.23,BR007,RM_035,Salary
ACC_005013,CUST_05013,Savings,2022-03-19,35660.33,BR024,RM_074,Savings
ACC_005014,CUST_05014,Savings,2024-03-19,18334.82,BR037,RM_096,Savings
ACC_005015,CUST_05015,Savings,2025-09-09,1561.0,BR023,RM_079,Savings
ACC_005016,CUST_05016,Savings,2022-09-18,133521.35,BR008,RM_070,Savings
ACC_005017,CUST_05017,Current,2022-02-02,8710.13,BR030,RM_027,Current
ACC_005018,CUST_05018,Savings,2023-02-25,340874.57,BR043,RM_002,Savings
ACC_005019,CUST_05019,Savings,2023-12-02,112054.87,BR022,RM_034,Savings
ACC_005020,CUST_05020,Savings,2023-03-13,7591.18,BR019,RM_033,Savings
ACC_005021,CUST_05021,Salary,2021-10-21,13301.48,BR024,RM_061,Salary
ACC_005022,CUST_05022,Savings,2021-01-09,48499.2,BR020,RM_022,Savings
ACC_005023,CUST_05023,Salary,2025-01-26,417733.59,BR043,RM_043,Salary
ACC_005024,CUST_05024,Savings,2024-11-05,19184.32,BR040,RM_082,Savings
ACC_005025,CUST_05025,Savings,2026-02-02,48622.94,BR039,RM_080,Savings
ACC_005026,CUST_05026,Savings,2026-02-18,33358.27,BR042,RM_099,Savings
ACC_005027,CUST_05027,Savings,2022-12-02,8933.03,BR002,RM_023,Savings
ACC_005028,CUST_05028,Current,2024-09-15,3135.67,BR050,RM_092,Current
ACC_005029,CUST_05029,Savings,2021-04-28,26230.78,BR038,RM_080,Savings
ACC_005030,CUST_05030,Current,2024-09-30,83624.04,BR008,RM_027,Current
ACC_005031,CUST_05031,Savings,2022-12-08,2011.09,BR008,RM_019,Savings
ACC_005032,CUST_05032,Savings,2021-05-11,307667.82,BR030,RM_100,Savings
ACC_005033,CUST_05033,Savings,2023-12-29,15263.53,BR028,RM_089,Savings
ACC_005034,CUST_05034,Savings,2025-09-17,15273.22,BR018,RM_005,Savings
ACC_005035,CUST_05035,Current,2025-12-04,131357.92,BR045,RM_012,Current
ACC_005036,CUST_05036,Savings,2021-10-30,212921.82,BR022,RM_067,Savings
ACC_005037,CUST_05037,Savings,2022-03-19,81104.19,BR019,RM_007,Savings
ACC_005038,CUST_05038,Salary,2026-01-20,18316.54,BR037,RM_010,Salary
ACC_005039,CUST_05039,Savings,2022-04-13,174587.77,BR021,RM_068,Savings
ACC_005040,CUST_05040,Savings,2026-06-26,6368.11,BR009,RM_009,Savings
ACC_005041,CUST_05041,Savings,2021-10-01,13155.58,BR017,RM_039,Savings
ACC_005042,CUST_05042,Savings,2025-11-26,11695.57,BR032,RM_060,Savings
ACC_005043,CUST_05043,Savings,2025-08-23,2134.17,BR010,RM_060,Savings
ACC_005044,CUST_05044,Salary,2024-08-15,177011.05,BR047,RM_034,Salary
ACC_005045,CUST_05045,Salary,2022-05-15,46677.57,BR033,RM_004,Salary
ACC_005046,CUST_05046,Current,2021-08-16,9170.82,BR004,RM_008,Current
ACC_005047,CUST_05047,Savings,2023-02-04,178033.59,BR030,RM_044,Savings
ACC_005048,CUST_05048,Savings,2024-05-12,35299.83,BR017,RM_075,Savings
ACC_005049,CUST_05049,Savings,2024-02-17,102527.27,BR035,RM_057,Savings
ACC_005050,CUST_05050,Savings,2026-07-23,6893.65,BR014,RM_016,Savings
ACC_005051,CUST_05051,Current,2021-04-10,75087.1,BR034,RM_061,Current
ACC_005052,CUST_05052,Savings,2022-01-02,143191.72,BR047,RM_070,Savings
ACC_005053,CUST_05053,Salary,2025-08-13,2969.36,BR040,RM_033,Salary
ACC_005054,CUST_05054,Savings,2025-10-02,108031.22,BR050,RM_008,Savings
ACC_005055,CUST_05055,Salary,2025-10-24,29783.47,BR041,RM_085,Salary
ACC_005056,CUST_05056,Savings,2026-07-15,20812.31,BR033,RM_096,Savings
ACC_005057,CUST_05057,Savings,2024-12-01,266157.58,BR022,RM_069,Savings
ACC_005058,CUST_05058,Salary,2023-04-12,29449.27,BR028,RM_099,Salary
ACC_005059,CUST_05059,Savings,2023-11-03,55410.02,BR048,RM_034,Savings
ACC_005060,CUST_05060,Salary,2025-03-23,34793.61,BR033,RM_002,Salary
ACC_005061,CUST_05061,Salary,2026-05-13,159670.46,BR010,RM_085,Salary
ACC_005062,CUST_05062,Savings,2024-12-24,78174.01,BR015,RM_026,Savings
ACC_005063,CUST_05063,Savings,2025-08-25,6222.87,BR021,RM_035,Savings
ACC_005064,CUST_05064,Salary,2024-10-01,85003.85,BR021,RM_050,Salary
ACC_005065,CUST_05065,Savings,2022-03-10,63015.91,BR049,RM_089,Savings
ACC_005066,CUST_05066,Savings,2026-06-30,1271.93,BR020,RM_014,Savings
ACC_005067,CUST_05067,Savings,2023-11-30,33261.57,BR007,RM_097,Savings
ACC_005068,CUST_05068,Current,2021-07-21,39104.63,BR021,RM_092,Current
ACC_005069,CUST_05069,Savings,2025-12-27,11053.67,BR028,RM_069,Savings
ACC_005070,CUST_05070,Savings,2021-06-22,16808.96,BR015,RM_031,Savings
ACC_005071,CUST_05071,Savings,2024-10-27,31279.98,BR004,RM_020,Savings
ACC_005072,CUST_05072,Savings,2022-02-27,216819.24,BR005,RM_053,Savings
ACC_005073,CUST_05073,Current,2023-07-26,11462.03,BR001,RM_062,Current
ACC_005074,CUST_05074,Savings,2021-11-19,30463.9,BR016,RM_060,Savings
ACC_005075,CUST_05075,Salary,2023-09-04,58417.1,BR024,RM_023,Salary
ACC_005076,CUST_05076,Savings,2022-08-11,4970.25,BR026,RM_015,Savings
ACC_005077,CUST_05077,Savings,2023-11-05,72252.6,BR011,RM_040,Savings
ACC_005078,CUST_05078,Savings,2021-12-08,19993.12,BR040,RM_020,Savings
ACC_005079,CUST_05079,Current,2022-09-08,12770.66,BR027,RM_083,Current
ACC_005080,CUST_05080,Savings,2023-08-29,231020.31,BR030,RM_057,Savings
ACC_005081,CUST_05081,Salary,2024-05-11,23527.28,BR041,RM_009,Salary
ACC_005082,CUST_05082,Savings,2021-04-18,22409.78,BR022,RM_038,Savings
ACC_005083,CUST_05083,Savings,2022-07-19,23195.04,BR036,RM_024,Savings
ACC_005084,CUST_05084,Savings,2025-02-15,7679.73,BR032,RM_047,Savings
ACC_005085,CUST_05085,Savings,2024-01-29,11425.21,BR016,RM_073,Savings
ACC_005086,CUST_05086,Savings,2025-02-27,17666.81,BR015,RM_004,Savings
ACC_005087,CUST_05087,Savings,2024-10-12,4780.02,BR026,RM_060,Savings
ACC_005088,CUST_05088,Savings,2026-06-02,208141.06,BR013,RM_098,Savings
ACC_005089,CUST_05089,Salary,2021-02-06,11378.31,BR034,RM_034,Salary
ACC_005090,CUST_05090,Savings,2021-02-13,139019.94,BR019,RM_059,Savings
ACC_005091,CUST_05091,Savings,2022-01-01,25154.5,BR046,RM_086,Savings
ACC_005092,CUST_05092,Savings,2022-12-06,6542.02,BR047,RM_051,Savings
ACC_005093,CUST_05093,Savings,2024-02-22,43845.51,BR030,RM_017,Savings
ACC_005094,CUST_05094,Savings,2022-02-09,3667.22,BR039,RM_042,Savings
ACC_005095,CUST_05095,Salary,2024-10-20,17323.39,BR011,RM_012,Salary
ACC_005096,CUST_05096,Salary,2023-01-15,256.68,BR036,RM_016,Salary
ACC_005097,CUST_05097,Salary,2025-11-21,14726.43,BR022,RM_039,Salary
ACC_005098,CUST_05098,Savings,2024-02-16,34247.57,BR034,RM_090,Savings
ACC_005099,CUST_05099,Savings,2022-06-06,4612.38,BR018,RM_064,Savings
ACC_005100,CUST_05100,Salary,2021-01-02,202892.05,BR036,RM_044,Salary
ACC_005101,CUST_05101,Current,2025-11-17,1538.29,BR050,RM_014,Current
ACC_005102,CUST_05102,Current,2021-03-04,3302.58,BR025,RM_034,Current
ACC_005103,CUST_05103,Savings,2021-11-26,9301.48,BR001,RM_029,Savings
ACC_005104,CUST_05104,Current,2022-10-24,102902.34,BR026,RM_005,Current
ACC_005105,CUST_05105,Salary,2024-08-11,37018.9,BR020,RM_092,Salary
ACC_005106,CUST_05106,Savings,2021-03-16,6942.48,BR030,RM_083,Savings
ACC_005107,CUST_05107,Savings,2021-01-14,11984.67,BR039,RM_098,Savings
ACC_005108,CUST_05108,Savings,2025-01-16,416643.1,BR013,RM_082,Savings
ACC_005109,CUST_05109,Savings,2025-11-15,11743.87,BR023,RM_031,Savings
ACC_005110,CUST_05110,Salary,2024-01-17,312964.6,BR038,RM_056,Salary
ACC_005111,CUST_05111,Salary,2023-06-23,24204.21,BR020,RM_088,Salary
ACC_005112,CUST_05112,Current,2025-02-03,71220.63,BR026,RM_052,Current
ACC_005113,CUST_05113,Savings,2021-03-30,8810.12,BR038,RM_063,Savings
ACC_005114,CUST_05114,Savings,2021-02-09,203813.94,BR011,RM_016,Savings
ACC_005115,CUST_05115,Salary,2022-02-04,78371.22,BR028,RM_061,Salary
ACC_005116,CUST_05116,Current,2027-06-23,131053.66,BR046,RM_038,Current
ACC_005117,CUST_05117,Savings,2024-10-11,-1690.45,BR023,RM_040,Savings
ACC_005118,CUST_05118,Savings,2026-01-12,1759802.25,BR050,RM_003,Savings
ACC_005119,CUST_05119,Savings,2026-04-28,62766.74,BR044,RM_030,Savings
ACC_005120,CUST_05120,Savings,2023-10-06,142029.81,BR026,RM_005,Savings
ACC_005121,CUST_05121,Savings,2022-05-13,36165.36,BR049,RM_082,Savings
ACC_005122,CUST_05122,Savings,2026-05-01,8495.64,BR009,RM_094,Savings
ACC_005123,CUST_05123,Salary,2025-06-16,17761.3,BR005,RM_018,Salary
ACC_005124,CUST_05124,Savings,2025-08-28,15949.85,BR013,RM_026,Savings
ACC_005125,CUST_05125,Savings,2025-09-28,20605.99,BR010,RM_069,Savings
ACC_005126,CUST_05126,Current,2022-05-30,230446.13,BR007,RM_009,Current
ACC_005127,CUST_05127,Savings,2022-12-05,10707.58,BR003,RM_042,Savings
ACC_005128,CUST_05128,Savings,2022-12-23,10880.43,BR018,RM_094,Savings
ACC_005129,CUST_05129,Savings,2021-01-01,3743.63,BR005,RM_013,Savings
ACC_005130,CUST_05130,Savings,2021-09-30,6846.62,BR028,RM_031,Savings
ACC_005131,CUST_05131,Savings,2024-04-27,10838.73,BR018,RM_053,Savings
ACC_005132,CUST_05132,Savings,2022-03-10,58812.56,BR039,RM_082,Savings
ACC_005133,CUST_05133,Savings,2022-07-02,15549.89,BR006,RM_036,Savings
ACC_005134,CUST_05134,Savings,2024-07-26,29593.34,BR048,RM_069,Savings
ACC_005135,CUST_05135,Savings,2022-08-31,54216.09,BR019,RM_091,Savings
ACC_005136,CUST_05136,Salary,2022-07-27,70292.35,BR006,RM_064,Salary
ACC_005137,CUST_05137,Salary,2024-12-20,5142.69,BR003,RM_011,Salary
ACC_005138,CUST_05138,Savings,2024-07-06,6966.76,BR012,RM_044,Savings
ACC_005139,CUST_05139,Savings,2024-01-03,63263.39,BR011,RM_021,Savings
ACC_005140,CUST_05140,Savings,2022-11-01,6822.12,BR046,RM_087,Savings
ACC_005141,CUST_05141,Savings,2022-11-08,12524.98,BR001,RM_034,Savings
ACC_005142,CUST_05142,Savings,2024-06-25,100539.25,BR025,RM_059,Savings
ACC_005143,CUST_05143,Savings,2024-12-14,885894.27,BR038,RM_059,Savings
ACC_005144,CUST_05144,Current,2025-02-11,34391.76,BR041,RM_037,Current
ACC_005145,CUST_05145,Savings,2024-09-06,22367.63,BR006,RM_063,Savings
ACC_005146,CUST_05146,Savings,2024-08-23,40034.74,BR039,RM_027,Savings
ACC_005147,CUST_05147,Savings,2021-06-14,2159.1,BR011,RM_040,Savings
ACC_005148,CUST_05148,Savings,2024-09-26,501033.28,BR032,RM_083,Savings
ACC_005149,CUST_05149,Salary,2022-05-03,164645.73,BR050,RM_059,Salary
ACC_005150,CUST_05150,Salary,2021-05-04,88662.74,BR002,RM_012,Salary
ACC_005151,CUST_05151,Savings,2025-12-28,3117.63,BR027,RM_012,Savings
ACC_005152,CUST_05152,Savings,2023-12-08,582245.63,BR043,RM_020,Savings
ACC_005153,CUST_05153,Salary,2025-02-10,2868.88,BR043,RM_091,Salary
ACC_005154,CUST_05154,Salary,2022-02-17,94947.14,BR028,RM_067,Salary
ACC_005155,CUST_05155,Savings,2022-05-24,66292.17,BR010,RM_049,Savings
ACC_005156,CUST_05156,Savings,2021-08-13,158408.77,BR022,RM_009,Savings
ACC_005157,CUST_05157,Salary,2024-12-15,3606.01,BR010,RM_087,Salary
ACC_005158,CUST_05158,Current,2024-03-21,13384.08,BR012,RM_049,Current
ACC_005159,CUST_05159,Savings,2026-03-26,65625.54,BR006,RM_046,Savings
ACC_005160,CUST_05160,Salary,2026-07-30,206516.51,BR013,RM_054,Salary
ACC_005161,CUST_05161,Savings,2023-01-25,4025.54,BR037,RM_017,Savings
ACC_005162,CUST_05162,Salary,2025-08-26,550488.52,BR030,RM_036,Salary
ACC_005163,CUST_05163,Savings,2022-06-02,3034.34,BR041,RM_056,Savings
ACC_005164,CUST_05164,Current,2023-10-16,3646.46,BR003,RM_089,Current
ACC_005165,CUST_05165,Salary,2025-05-29,31907.07,BR031,RM_075,Salary
ACC_005166,CUST_05166,Current,2025-10-22,230547.61,BR009,RM_077,Current
ACC_005167,CUST_05167,Savings,2022-02-21,18830.77,BR033,RM_092,Savings
ACC_005168,CUST_05168,Savings,2021-12-13,31750.04,BR044,RM_010,Savings
ACC_005169,CUST_05169,Current,2023-02-13,22530.69,BR004,RM_087,Current
ACC_005170,CUST_05170,Salary,2025-11-26,52980.01,BR006,RM_083,Salary
ACC_005171,CUST_05171,Salary,2025-05-06,13514.48,BR021,RM_005,Salary
ACC_005172,CUST_05172,Savings,2022-07-23,65762.16,BR025,RM_100,Savings
ACC_005173,CUST_05173,Savings,2021-06-24,142683.23,BR017,RM_069,Savings
ACC_005174,CUST_05174,Savings,2025-10-20,112370.36,BR034,RM_074,Savings
ACC_005175,CUST_05175,Savings,2023-05-13,27111.51,BR025,RM_092,Savings
ACC_005176,CUST_05176,Current,2021-12-18,50104.01,BR004,RM_041,Current
ACC_005177,CUST_05177,Savings,2024-06-19,1511.29,BR040,RM_072,Savings
ACC_005178,CUST_05178,Salary,2024-08-10,17508.97,BR012,RM_088,Salary
ACC_005179,CUST_05179,Savings,2023-02-23,117550.97,BR013,RM_095,Savings
ACC_005180,CUST_05180,Current,2021-05-29,2098.06,BR035,RM_085,Current
ACC_005181,CUST_05181,Savings,2024-01-05,61479.8,BR027,RM_072,Savings
ACC_005182,CUST_05182,Salary,2023-10-10,152959.77,BR012,RM_013,Salary
ACC_005183,CUST_05183,Savings,2025-04-21,3662.49,BR043,RM_012,Savings
ACC_005184,CUST_05184,Savings,2026-06-24,285473.07,BR040,RM_002,Savings
ACC_005185,CUST_05185,Savings,2025-05-17,17932.68,BR042,RM_077,Savings
ACC_005186,CUST_05186,Savings,2021-01-14,19898.0,BR001,RM_003,Savings
ACC_005187,CUST_05187,Current,2025-07-04,14756.93,BR018,RM_039,Current
ACC_005188,CUST_05188,Salary,2022-01-06,3621.34,BR044,RM_032,Salary
ACC_005189,CUST_05189,Salary,2025-03-05,37972.48,BR013,RM_032,Salary
ACC_005190,CUST_05190,Savings,2024-05-21,3122.26,BR024,RM_070,Savings
ACC_005191,CUST_05191,Savings,2022-05-10,40095.16,BR034,RM_008,Savings
ACC_005192,CUST_05192,Savings,2025-06-09,11862.04,BR003,RM_014,Savings
ACC_005193,CUST_05193,Salary,2025-04-29,31285.59,BR003,RM_100,Salary
ACC_005194,CUST_05194,Current,2022-01-24,240882.46,BR042,RM_078,Current
ACC_005195,CUST_05195,Savings,2024-03-23,5564.03,BR037,RM_077,Savings
ACC_005196,CUST_05196,Savings,2025-09-27,5889.88,BR049,RM_023,Savings
ACC_005197,CUST_05197,Salary,2025-06-24,59685.77,BR034,RM_014,Salary
ACC_005198,CUST_05198,Savings,2025-05-01,3507.27,BR040,RM_021,Savings
ACC_005199,CUST_05199,Savings,2021-07-11,9326.41,BR046,RM_081,Savings
ACC_005200,CUST_05200,Savings,2024-12-09,523574.56,BR021,RM_029,Savings
ACC_005201,CUST_05201,Savings,2023-10-14,23549.29,BR027,RM_075,Savings
ACC_005202,CUST_05202,Current,2022-11-09,10527.58,BR001,RM_054,Current
ACC_005203,CUST_05203,Current,2022-03-19,12856.02,BR022,RM_099,Current
ACC_005204,CUST_05204,Savings,2026-01-11,22875.84,BR043,RM_060,Savings
ACC_005205,CUST_05205,Savings,2021-05-05,6325.19,BR025,RM_058,Savings
ACC_005206,CUST_05206,Current,2026-01-27,37214.64,BR018,RM_066,Current
ACC_005207,CUST_05207,Savings,2023-05-04,228635.4,BR050,RM_081,Savings
ACC_005208,CUST_05208,Current,2021-05-31,8080.35,BR034,RM_069,Current
ACC_005209,CUST_05209,Savings,2023-02-06,46998.33,BR014,RM_071,Savings
ACC_005210,CUST_05210,Savings,2024-05-21,217451.87,BR013,RM_027,Savings
ACC_005211,CUST_05211,Savings,2025-07-29,9100.98,BR042,RM_006,Savings
ACC_005212,CUST_05212,Savings,2023-10-04,5159.21,BR026,RM_066,Savings
ACC_005213,CUST_05213,Current,2022-07-22,3826.46,BR039,RM_039,Current
ACC_005214,CUST_05214,Salary,2024-05-10,529640.95,BR019,RM_047,Salary
ACC_005215,CUST_05215,Savings,2021-05-17,10527.15,BR007,RM_035,Savings
ACC_005216,CUST_05216,Salary,2025-12-31,38944.87,BR041,RM_003,Salary
ACC_005217,CUST_05217,Savings,2025-03-13,3548.46,BR028,RM_058,Savings
ACC_005218,CUST_05218,Current,2021-10-02,82322.78,BR046,RM_007,Current
ACC_005219,CUST_05219,Savings,2024-04-05,28266.42,BR024,RM_010,Savings
ACC_005220,CUST_05220,Current,2022-03-07,7712.89,BR048,RM_068,Current
ACC_005221,CUST_05221,Savings,2023-10-31,7228.18,BR007,RM_056,Savings
ACC_005222,CUST_05222,Savings,2022-11-15,17487.88,BR049,RM_023,Savings
ACC_005223,CUST_05223,Current,2021-12-20,216752.68,BR045,RM_091,Current
ACC_005224,CUST_05224,Savings,2021-09-24,13024.7,BR013,RM_093,Savings
ACC_005225,CUST_05225,Savings,2025-07-11,133675.52,BR029,RM_048,Savings
ACC_005226,CUST_05226,Savings,2022-02-19,3383.52,BR002,RM_016,Savings
ACC_005227,CUST_05227,Savings,2025-03-06,9694.14,BR027,RM_075,Savings
ACC_005228,CUST_05228,Salary,2024-05-09,10609.11,BR015,RM_032,Salary
ACC_005229,CUST_05229,Savings,2022-06-10,24529.48,BR035,RM_062,Savings
ACC_005230,CUST_05230,Salary,2024-07-07,4991.78,BR049,RM_014,Salary
ACC_005231,CUST_05231,Savings,2026-07-02,165975.07,BR020,RM_034,Savings
ACC_005232,CUST_05232,Savings,2021-04-06,16469.28,BR037,RM_064,Savings
ACC_005233,CUST_05233,Savings,2022-03-22,1316.46,BR021,RM_009,Savings
ACC_005234,CUST_05234,Savings,2025-08-07,9794.41,BR017,RM_084,Savings
ACC_005235,CUST_05235,Current,2022-04-02,8570.66,BR035,RM_015,Current
ACC_005236,CUST_05236,Savings,2023-03-27,33370.99,BR029,RM_095,Savings
ACC_005237,CUST_05237,Savings,2025-03-14,1394.49,BR019,RM_064,Savings
ACC_005238,CUST_05238,Savings,2021-06-10,377266.87,BR002,RM_002,Savings
ACC_005239,CUST_05239,Savings,2022-05-13,27277.27,BR047,RM_098,Savings
ACC_005240,CUST_05240,Savings,2026-03-15,2001.66,BR018,RM_017,Savings
ACC_005241,CUST_05241,Salary,2026-07-16,94488.65,BR032,RM_033,Salary
ACC_005242,CUST_05242,Salary,2022-02-10,128124.89,BR008,RM_043,Salary
ACC_005243,CUST_05243,Savings,2024-05-08,153466.77,BR048,RM_050,Savings
ACC_005244,CUST_05244,Savings,2025-07-11,61521.1,BR011,RM_098,Savings
ACC_005245,CUST_05245,Savings,2022-01-03,77938.86,BR031,RM_032,Savings
ACC_005246,CUST_05246,Savings,2022-02-09,5854.95,BR004,RM_049,Savings
ACC_005247,CUST_05247,Savings,2021-03-23,34207.11,BR045,RM_028,Savings
ACC_005248,CUST_05248,Savings,2023-05-10,44229.66,BR014,RM_070,Savings
ACC_005249,CUST_05249,Savings,2025-09-10,13795.86,BR020,RM_052,Savings
ACC_005250,CUST_05250,Salary,2026-06-24,142747.07,BR041,RM_017,Salary
ACC_005251,CUST_05251,Salary,2024-12-24,1044781.07,BR009,RM_028,Salary
ACC_005252,CUST_05252,Savings,2024-12-26,72437.44,BR038,RM_016,Savings
ACC_005253,CUST_05253,Savings,2021-10-14,202060.58,BR036,RM_056,Savings
ACC_005254,CUST_05254,Savings,2024-03-18,8819.28,BR025,RM_060,Savings
ACC_005255,CUST_05255,Savings,2022-07-13,18134.06,BR025,RM_029,Savings
ACC_005256,CUST_05256,Savings,2023-03-07,15635.76,BR001,RM_027,Savings
ACC_005257,CUST_05257,Current,2021-01-20,8606.42,BR008,RM_039,Current
ACC_005258,CUST_05258,Salary,2022-05-17,13617.6,BR033,RM_078,Salary
ACC_005259,CUST_05259,Current,2022-04-02,31934.33,BR008,RM_004,Current
ACC_005260,CUST_05260,Savings,2023-11-24,25393.88,BR041,RM_034,Savings
ACC_005261,CUST_05261,Salary,2026-01-18,2084.14,BR045,RM_093,Salary
ACC_005262,CUST_05262,Salary,2024-10-19,13700.5,BR020,RM_089,Salary
ACC_005263,CUST_05263,Savings,2025-09-13,14885.65,BR027,RM_027,Savings
ACC_005264,CUST_05264,Savings,2022-01-05,10877.26,BR046,RM_060,Savings
ACC_005265,CUST_05265,Salary,2021-07-26,50615.64,BR035,RM_019,Salary
ACC_005266,CUST_05266,Savings,2022-07-18,16685.6,BR012,RM_048,Savings
ACC_005267,CUST_05267,Savings,2024-04-25,31127.87,BR013,RM_063,Savings
ACC_005268,CUST_05268,Savings,2023-04-01,30044.64,BR006,RM_072,Savings
ACC_005269,CUST_05269,Salary,2024-03-31,7024.6,BR048,RM_025,Salary
ACC_005270,CUST_05270,Salary,2021-08-22,32501.39,BR046,RM_095,Salary
ACC_005271,CUST_05271,Savings,2024-05-05,5065.55,BR014,RM_043,Savings
ACC_005272,CUST_05272,Savings,2025-03-10,3021.37,BR026,RM_079,Savings
ACC_005273,CUST_05273,Salary,2025-03-28,5846.0,BR009,RM_079,Salary
ACC_005274,CUST_05274,Savings,2026-04-03,8282.39,BR006,RM_008,Savings
ACC_005275,CUST_05275,Savings,2023-05-14,38311.73,BR039,RM_039,Savings
ACC_005276,CUST_05276,Savings,2026-03-29,7436.16,BR012,RM_018,Savings
ACC_005277,CUST_05277,Savings,2023-09-16,9967.59,BR044,RM_036,Savings
ACC_005278,CUST_05278,Savings,2021-04-04,67231.97,BR019,RM_033,Savings
ACC_005279,CUST_05279,Savings,2023-11-06,9648.09,BR027,RM_080,Savings
ACC_005280,CUST_05280,Savings,2025-08-09,59830.68,BR013,RM_079,Savings
ACC_005281,CUST_05281,Savings,2025-12-11,8150.18,BR043,RM_071,Savings
ACC_005282,CUST_05282,Current,2026-04-21,8637.04,BR042,RM_025,Current
ACC_005283,CUST_05283,Savings,2025-04-02,2187556.65,BR016,RM_049,Savings
ACC_005284,CUST_05284,Salary,2024-09-23,156247.37,BR036,RM_019,Salary
ACC_005285,CUST_05285,Savings,2023-08-06,69115.8,BR042,RM_002,Savings
ACC_005286,CUST_05286,Savings,2023-10-23,125863.76,BR017,RM_079,Savings
ACC_005287,CUST_05287,Savings,2025-08-27,22715.01,BR034,RM_095,Savings
ACC_005288,CUST_05288,Savings,2025-01-10,41399.67,BR036,RM_029,Savings
ACC_005289,CUST_05289,Current,2025-01-13,19398.64,BR048,RM_051,Current
ACC_005290,CUST_05290,Savings,2021-12-20,7240.09,BR020,RM_061,Savings
ACC_005291,CUST_05291,Savings,2023-11-24,508.6,BR025,RM_026,Savings
ACC_005292,CUST_05292,Savings,2024-08-06,31753.77,BR025,RM_009,Savings
ACC_005293,CUST_05293,Salary,2024-10-31,19992.76,BR025,RM_091,Salary
ACC_005294,CUST_05294,Current,2025-08-13,15274.86,BR032,RM_029,Current
ACC_005295,CUST_05295,Savings,2021-03-31,1929.55,BR015,RM_042,Savings
ACC_005296,CUST_05296,Salary,2023-01-08,435461.43,BR027,RM_061,Salary
ACC_005297,CUST_05297,Current,2024-10-14,4007.83,BR025,RM_093,Current
ACC_005298,CUST_05298,Savings,2025-08-02,806113.89,BR024,RM_005,Savings
ACC_005299,CUST_05299,Salary,2021-05-21,26880.72,BR037,RM_025,Salary
ACC_005300,CUST_05300,Savings,2022-10-26,4816.52,BR038,RM_047,Savings
ACC_005301,CUST_05301,Savings,2025-12-20,157900.37,BR050,RM_092,Savings
ACC_005302,CUST_05302,Salary,2026-02-12,5371.33,BR031,RM_094,Salary
ACC_005303,CUST_05303,Salary,2022-12-02,197511.65,BR050,RM_076,Salary
ACC_005304,CUST_05304,Current,2023-08-02,2554.69,BR018,RM_036,Current
ACC_005305,CUST_05305,Savings,2024-01-06,30010.66,BR050,RM_082,Savings
ACC_005306,CUST_05306,Savings,2023-01-30,5024.14,BR025,RM_063,Savings
ACC_005307,CUST_05307,Savings,2026-01-07,19390.84,BR014,RM_044,Savings
ACC_005308,CUST_05308,Salary,2023-12-06,20620.94,BR049,RM_076,Salary
ACC_005309,CUST_05309,Current,2025-08-25,2511.16,BR031,RM_054,Current
ACC_005310,CUST_05310,Savings,2022-02-22,746255.31,BR014,RM_001,Savings
ACC_005311,CUST_05311,Salary,2022-12-16,14995.74,BR026,RM_037,Salary
ACC_005312,CUST_05312,Savings,2022-10-07,2049.25,BR006,RM_027,Savings
ACC_005313,CUST_05313,Salary,2025-07-23,19835.29,BR008,RM_069,Salary
ACC_005314,CUST_05314,Savings,2024-04-15,1360.25,BR029,RM_033,Savings
ACC_005315,CUST_05315,Savings,2021-09-10,19350.41,BR048,RM_023,Savings
ACC_005316,CUST_05316,Savings,2025-10-12,21348.74,BR008,RM_012,Savings
ACC_005317,CUST_05317,Savings,2023-03-12,15680.09,BR005,RM_058,Savings
ACC_005318,CUST_05318,Savings,2021-01-22,5396.35,BR044,RM_099,Savings
ACC_005319,CUST_05319,Savings,2025-04-25,2287.38,BR002,RM_051,Savings
ACC_005320,CUST_05320,Savings,2025-05-24,31532.76,BR013,RM_028,Savings
ACC_005321,CUST_05321,Salary,2022-11-11,25421.08,BR036,RM_053,Salary
ACC_005322,CUST_05322,Current,2021-05-23,10753.06,BR027,RM_081,Current
ACC_005323,CUST_05323,Current,2024-06-25,1025.64,BR006,RM_010,Current
ACC_005324,CUST_05324,Savings,2022-06-18,5839.57,BR016,RM_082,Savings
ACC_005325,CUST_05325,Salary,2021-07-23,14948.75,BR046,RM_024,Salary
ACC_005326,CUST_05326,Current,2025-10-28,274300.91,BR010,RM_035,Current
ACC_005327,CUST_05327,Salary,2024-02-02,3365.45,BR021,RM_029,Salary
ACC_005328,CUST_05328,Savings,2023-09-29,3017.12,BR018,RM_099,Savings
ACC_005329,CUST_05329,Savings,2023-03-06,86129.69,BR026,RM_098,Savings
ACC_005330,CUST_05330,Savings,2025-09-06,53298.77,BR032,RM_001,Savings
ACC_005331,CUST_05331,Current,2025-10-05,49190.11,BR017,RM_085,Current
ACC_005332,CUST_05332,Salary,2022-08-05,7683.66,BR039,RM_017,Salary
ACC_005333,CUST_05333,Savings,2025-02-12,42092.36,BR028,RM_032,Savings
ACC_005334,CUST_05334,Salary,2023-09-01,4670.54,BR005,RM_030,Salary
ACC_005335,CUST_05335,Current,2025-06-24,105200.19,BR041,RM_015,Current
ACC_005336,CUST_05336,Salary,2024-10-11,18508.11,BR050,RM_044,Salary
ACC_005337,CUST_05337,Savings,2022-12-18,13416.45,BR023,RM_070,Savings
ACC_005338,CUST_05338,Current,2026-02-11,712071.33,BR001,RM_031,Current
ACC_005339,CUST_05339,Salary,2024-12-19,94281.35,BR034,RM_006,Salary
ACC_005340,CUST_05340,Savings,2022-05-20,15360.43,BR050,RM_079,Savings
ACC_005341,CUST_05341,Current,2021-08-27,9438.61,BR035,RM_027,Current
ACC_005342,CUST_05342,Savings,2022-06-17,7341.6,BR039,RM_076,Savings
ACC_005343,CUST_05343,Savings,2024-04-05,11981.38,BR024,RM_051,Savings
ACC_005344,CUST_05344,Savings,2026-11-10,8646.7,BR031,RM_036,Savings
ACC_005345,CUST_05345,Current,2025-08-26,183851.81,BR002,RM_007,Current
ACC_005346,CUST_05346,Savings,2025-04-20,6202.82,BR013,RM_060,Savings
ACC_005347,CUST_05347,Salary,2021-09-19,13976.45,BR038,RM_041,Salary
ACC_005348,CUST_05348,Current,2022-10-09,31474.9,BR024,RM_017,Current
ACC_005349,CUST_05349,Salary,2026-05-25,35759.61,BR016,RM_097,Salary
ACC_005350,CUST_05350,Savings,2025-09-21,3669.29,BR004,RM_037,Savings
ACC_005351,CUST_05351,Current,2025-06-04,468761.8,BR003,RM_063,Current
ACC_005352,CUST_05352,Salary,2022-12-20,1533678.8,BR031,RM_065,Salary
ACC_005353,CUST_05353,Salary,2024-08-15,31971.19,BR030,RM_034,Salary
ACC_005354,CUST_05354,Savings,2021-03-27,30868.75,BR021,RM_066,Savings
ACC_005355,CUST_05355,Savings,2025-03-03,19874.11,BR041,RM_037,Savings
ACC_005356,CUST_05356,Savings,2021-12-03,33991.27,BR050,RM_077,Savings
ACC_005357,CUST_05357,Savings,2024-01-19,47992.17,BR040,RM_099,Savings
ACC_005358,CUST_05358,Salary,2023-02-13,12382.81,BR036,RM_078,Salary
ACC_005359,CUST_05359,Savings,2025-01-09,12699.05,BR025,RM_012,Savings
ACC_005360,CUST_05360,Savings,2026-05-09,9036.19,BR040,RM_030,Savings
ACC_005361,CUST_05361,Salary,2025-01-27,24173.62,BR014,RM_048,Salary
ACC_005362,CUST_05362,Savings,2024-05-04,83045.12,BR009,RM_076,Savings
ACC_005363,CUST_05363,Savings,2022-03-11,4762.54,BR036,RM_033,Savings
ACC_005364,CUST_05364,Savings,2026-07-27,7057.82,BR045,RM_095,Savings
ACC_005365,CUST_05365,Savings,2021-03-02,121239.4,BR030,RM_010,Savings
ACC_005366,CUST_05366,Savings,2023-01-15,16701.86,BR044,RM_036,Savings
ACC_005367,CUST_05367,Savings,2026-05-24,33108.62,BR019,RM_082,Savings
ACC_005368,CUST_05368,Savings,2026-06-12,2924.33,BR019,RM_081,Savings
ACC_005369,CUST_05369,Savings,2021-04-06,17141.57,BR039,RM_039,Savings
ACC_005370,CUST_05370,Savings,2021-07-06,841252.61,BR039,RM_057,Savings
ACC_005371,CUST_05371,Salary,2024-07-01,63506.01,BR047,RM_070,Salary
ACC_005372,CUST_05372,Salary,2025-06-23,70338.04,BR017,RM_004,Salary
ACC_005373,CUST_05373,Savings,2023-05-20,81307.49,BR015,RM_081,Savings
ACC_005374,CUST_05374,Savings,2025-08-27,107722.14,BR044,RM_001,Savings
ACC_005375,CUST_05375,Savings,2026-03-04,13634.77,BR046,RM_009,Savings
ACC_005376,CUST_05376,Current,2023-03-21,3269.27,BR048,RM_057,Current
ACC_005377,CUST_05377,Savings,2023-05-20,923027.57,BR016,RM_040,Savings
ACC_005378,CUST_05378,Salary,2022-11-07,3854.1,BR046,RM_094,Salary
ACC_005379,CUST_05379,Current,2023-01-11,14984.68,BR049,RM_082,Current
ACC_005380,CUST_05380,Savings,2021-05-16,263206.26,BR022,RM_041,Savings
ACC_005381,CUST_05381,Current,2026-02-05,11938.19,BR047,RM_073,Current
ACC_005382,CUST_05382,Savings,2026-01-25,4623.29,BR013,RM_047,Savings
ACC_005383,CUST_05383,Savings,2025-12-01,16116.24,BR014,RM_049,Savings
ACC_005384,CUST_05384,Savings,2024-06-27,10800.62,BR033,RM_084,Savings
ACC_005385,CUST_05385,Savings,2023-06-19,3237.41,BR003,RM_056,Savings
ACC_005386,CUST_05386,Savings,2022-05-01,8845.02,BR011,RM_056,Savings
ACC_005387,CUST_05387,Savings,2022-07-18,67589.17,BR016,RM_010,Savings
ACC_005388,CUST_05388,Savings,2022-07-18,4857.71,BR044,RM_030,Savings
ACC_005389,CUST_05389,Savings,2024-09-11,137376.79,BR006,RM_020,Savings
ACC_005390,CUST_05390,Savings,2026-05-10,378023.26,BR019,RM_028,Savings
ACC_005391,CUST_05391,Savings,2025-06-16,6293.29,BR012,RM_038,Savings
ACC_005392,CUST_05392,Savings,2021-07-13,52389.25,BR020,RM_013,Savings
ACC_005393,CUST_05393,Savings,2024-07-19,126995.27,BR045,RM_078,Savings
ACC_005394,CUST_05394,Savings,2026-01-28,270545.51,BR001,RM_067,Savings
ACC_005395,CUST_05395,Salary,2023-08-08,18229.0,BR038,RM_099,Salary
ACC_005396,CUST_05396,Savings,2026-01-02,13189.14,BR009,RM_015,Savings
ACC_005397,CUST_05397,Savings,2023-04-29,96846.49,BR010,RM_014,Savings
ACC_005398,CUST_05398,Savings,2021-07-31,185859.7,BR024,RM_048,Savings
ACC_005399,CUST_05399,Savings,2024-12-14,2757.44,BR033,RM_041,Savings
ACC_005400,CUST_05400,Savings,2026-04-07,133819.58,BR026,RM_084,Savings
ACC_005401,CUST_05401,Savings,2024-08-04,1947.31,BR015,RM_001,Savings
ACC_005402,CUST_05402,Current,2023-03-26,6674.45,BR011,RM_064,Current
ACC_005403,CUST_05403,Savings,2021-06-08,8826.9,BR004,RM_066,Savings
ACC_005404,CUST_05404,Savings,2026-03-25,116619.24,BR038,RM_074,Savings
ACC_005405,CUST_05405,Current,2025-11-05,397716.2,BR041,RM_086,Current
ACC_005406,CUST_05406,Current,2021-01-22,30111.48,BR008,RM_094,Current
ACC_005407,CUST_05407,Salary,2026-06-08,-2062.28,BR027,RM_093,Salary
ACC_005408,CUST_05408,Savings,2025-03-04,9979.2,BR001,RM_037,Savings
ACC_005409,CUST_05409,Savings,2021-10-18,16267.16,BR038,RM_046,Savings
ACC_005410,CUST_05410,Savings,2021-05-20,91916.2,BR029,RM_012,Savings
ACC_005411,CUST_05411,Savings,2026-06-19,10913.88,BR038,RM_071,Savings
ACC_005412,CUST_05412,Savings,2023-04-29,80307.96,BR027,RM_066,Savings
ACC_005413,CUST_05413,Salary,2022-11-28,50933.18,BR038,RM_072,Salary
ACC_005414,CUST_05414,Savings,2021-09-22,8263.25,BR016,RM_065,Savings
ACC_005415,CUST_05415,Savings,2022-05-27,4983.2,BR003,RM_070,Savings
ACC_005416,CUST_05416,Savings,2025-06-10,390143.06,BR049,RM_056,Savings
ACC_005417,CUST_05417,Current,2021-02-09,19804.31,BR040,RM_049,Current
ACC_005418,CUST_05418,Savings,2022-03-20,114075.6,BR030,RM_067,Savings
ACC_005419,CUST_05419,Savings,2025-01-11,6160.62,BR042,RM_028,Savings
ACC_005420,CUST_05420,Current,2025-09-03,13868.55,BR042,RM_048,Current
ACC_005421,CUST_05421,Savings,2022-01-20,-860.22,BR014,RM_069,Savings
ACC_005422,CUST_05422,Current,2025-07-13,107321.63,BR008,RM_038,Current
ACC_005423,CUST_05423,Salary,2024-01-17,20289.57,BR033,RM_015,Salary
ACC_005424,CUST_05424,Salary,2025-05-30,124933.49,BR005,RM_056,Salary
ACC_005425,CUST_05425,Current,2022-06-27,43403.1,BR034,RM_031,Current
ACC_005426,CUST_05426,Savings,2025-07-02,652.69,BR042,RM_054,Savings
ACC_005427,CUST_05427,Savings,2021-04-09,5573.99,BR015,RM_073,Savings
ACC_005428,CUST_05428,Savings,2023-07-18,9903.35,BR045,RM_003,Savings
ACC_005429,CUST_05429,Savings,2024-12-20,118820.33,BR042,RM_032,Savings
ACC_005430,CUST_05430,Savings,2022-08-02,55785.91,BR048,RM_024,Savings
ACC_005431,CUST_05431,Savings,2025-07-23,9173.36,BR007,RM_100,Savings
ACC_005432,CUST_05432,Savings,2023-10-10,55253.99,BR048,RM_026,Savings
ACC_005433,CUST_05433,Current,2024-04-16,36247.06,BR001,RM_062,Current
ACC_005434,CUST_05434,Savings,2025-04-20,189386.87,BR021,RM_021,Savings
ACC_005435,CUST_05435,Salary,2024-10-01,22800.83,BR002,RM_034,Salary
ACC_005436,CUST_05436,Savings,2025-12-07,12201.8,BR032,RM_058,Savings
ACC_005437,CUST_05437,Savings,2025-11-20,53089.24,BR050,RM_039,Savings
ACC_005438,CUST_05438,Current,2023-10-04,21114.81,BR030,RM_073,Current
ACC_005439,CUST_05439,Savings,2023-02-20,4857.09,BR036,RM_013,Savings
ACC_005440,CUST_05440,Current,2021-10-29,12545.77,BR024,RM_028,Current
ACC_005441,CUST_05441,Savings,2023-06-07,92558.34,BR024,RM_020,Savings
ACC_005442,CUST_05442,Savings,2021-02-21,10765.83,BR023,RM_048,Savings
ACC_005443,CUST_05443,Savings,2023-12-02,177127.16,BR009,RM_092,Savings
ACC_005444,CUST_05444,Savings,2021-07-14,14850.62,BR002,RM_074,Savings
ACC_005445,CUST_05445,Salary,2025-05-19,17460.86,BR040,RM_035,Salary
ACC_005446,CUST_05446,Savings,2025-07-26,4715.88,BR034,RM_075,Savings
ACC_005447,CUST_05447,Savings,2027-01-06,23500.98,BR027,RM_058,Savings
ACC_005448,CUST_05448,Savings,2022-08-04,8589.67,BR025,RM_092,Savings
ACC_005449,CUST_05449,Savings,2022-01-07,46869.22,BR026,RM_087,Savings
ACC_005450,CUST_05450,Savings,2025-11-19,-3607.78,BR020,RM_083,Savings
ACC_005451,CUST_05451,Savings,2023-12-31,204884.74,BR033,RM_009,Savings
ACC_005452,CUST_05452,Salary,2025-02-17,8307.72,BR037,RM_090,Salary
ACC_005453,CUST_05453,Savings,2021-04-15,184297.97,BR017,RM_064,Savings
ACC_005454,CUST_05454,Savings,2026-06-24,9048.93,BR036,RM_075,Savings
ACC_005455,CUST_05455,Savings,2022-05-03,67357.73,BR023,RM_046,Savings
ACC_005456,CUST_05456,Salary,2022-02-06,27314.18,BR042,RM_075,Salary
ACC_005457,CUST_05457,Salary,2022-04-08,14567.87,BR026,RM_095,Salary
ACC_005458,CUST_05458,Savings,2024-02-13,22517.78,BR047,RM_036,Savings
ACC_005459,CUST_05459,Salary,2025-09-08,4655.11,BR046,RM_061,Salary
ACC_005460,CUST_05460,Savings,2024-10-27,9468.65,BR024,RM_001,Savings
ACC_005461,CUST_05461,Savings,2021-09-22,66180.52,BR027,RM_047,Savings
ACC_005462,CUST_05462,Savings,2021-01-25,11258.72,BR046,RM_038,Savings
ACC_005463,CUST_05463,Savings,2024-05-19,18375.48,BR043,RM_073,Savings
ACC_005464,CUST_05464,Savings,2026-02-18,138261.14,BR013,RM_055,Savings
ACC_005465,CUST_05465,Savings,2023-09-27,14406.74,BR005,RM_093,Savings
ACC_005466,CUST_05466,Savings,2021-12-09,36388.39,BR043,RM_049,Savings
ACC_005467,CUST_05467,Savings,2021-06-27,28930.93,BR009,RM_068,Savings
ACC_005468,CUST_05468,Savings,2021-12-23,705.43,BR026,RM_025,Savings
ACC_005469,CUST_05469,Savings,2025-01-14,53597.31,BR021,RM_041,Savings
ACC_005470,CUST_05470,Current,2026-05-01,138643.22,BR013,RM_032,Current
ACC_005471,CUST_05471,Savings,2021-06-17,47289.22,BR039,RM_026,Savings
ACC_005472,CUST_05472,Current,2024-07-03,1316.11,BR030,RM_075,Current
ACC_005473,CUST_05473,Salary,2026-02-22,16615.18,BR032,RM_027,Salary
ACC_005474,CUST_05474,Savings,2021-01-16,820.42,BR026,RM_044,Savings
ACC_005475,CUST_05475,Savings,2025-01-28,79480.32,BR028,RM_019,Savings
ACC_005476,CUST_05476,Savings,2026-06-24,12014.47,BR037,RM_046,Savings
ACC_005477,CUST_05477,Savings,2025-10-18,7231.57,BR011,RM_014,Savings
ACC_005478,CUST_05478,Savings,2025-03-21,89798.85,BR047,RM_073,Savings
ACC_005479,CUST_05479,Savings,2023-08-24,18664.04,BR012,RM_040,Savings
ACC_005480,CUST_05480,Savings,2025-04-15,12948.51,BR045,RM_017,Savings
ACC_005481,CUST_05481,Salary,2025-10-09,30256.64,BR042,RM_035,Salary
ACC_005482,CUST_05482,Savings,2021-12-02,3585.81,BR033,RM_038,Savings
ACC_005483,CUST_05483,Salary,2021-03-25,4146.53,BR017,RM_019,Salary
ACC_005484,CUST_05484,Salary,2023-03-25,117990.67,BR021,RM_033,Salary
ACC_005485,CUST_05485,Savings,2025-01-21,2352.05,BR035,RM_032,Savings
ACC_005486,CUST_05486,Savings,2021-09-20,30499.43,BR015,RM_077,Savings
ACC_005487,CUST_05487,Savings,2021-01-13,26699.86,BR042,RM_094,Savings
ACC_005488,CUST_05488,Savings,2025-07-09,15393.77,BR030,RM_011,Savings
ACC_005489,CUST_05489,Savings,2022-03-05,43566.53,BR035,RM_059,Savings
ACC_005490,CUST_05490,Savings,2026-05-08,56444.26,BR019,RM_078,Savings
ACC_005491,CUST_05491,Savings,2024-12-19,59597.62,BR013,RM_065,Savings
ACC_005492,CUST_05492,Salary,2023-12-22,4168.43,BR029,RM_042,Salary
ACC_005493,CUST_05493,Salary,2023-11-18,6331.96,BR023,RM_082,Salary
ACC_005494,CUST_05494,Savings,2024-10-12,102278.85,BR006,RM_009,Savings
ACC_005495,CUST_05495,Savings,2023-01-21,279003.2,BR005,RM_054,Savings
ACC_005496,CUST_05496,Savings,2023-12-19,18964.78,BR018,RM_059,Savings
ACC_005497,CUST_05497,Savings,2023-08-03,67678.48,BR015,RM_015,Savings
ACC_005498,CUST_05498,Current,2026-05-14,50836.99,BR031,RM_085,Current
ACC_005499,CUST_05499,Current,2026-05-19,36087.18,BR003,RM_028,Current
ACC_005500,CUST_05500,Savings,2025-08-21,2626.78,BR006,RM_067,Savings
ACC_005501,CUST_05501,Savings,2022-03-11,4257.75,BR002,RM_069,Savings
ACC_005502,CUST_05502,Savings,2025-09-27,4563.78,BR044,RM_045,Savings
ACC_005503,CUST_05503,Salary,2025-10-19,75302.56,BR047,RM_040,Salary
ACC_005504,CUST_05504,Salary,2025-10-30,311889.22,BR030,RM_057,Salary
ACC_005505,CUST_05505,Savings,2025-07-06,12868.08,BR016,RM_093,Savings
ACC_005506,CUST_05506,Salary,2021-08-19,16120.75,BR032,RM_018,Salary
ACC_005507,CUST_05507,Savings,2022-10-23,52526.59,BR008,RM_099,Savings
ACC_005508,CUST_05508,Savings,2025-08-30,40967.04,BR037,RM_042,Savings
ACC_005509,CUST_05509,Current,2025-03-03,22307.07,BR018,RM_020,Current
ACC_005510,CUST_05510,Current,2022-03-17,54190.41,BR025,RM_059,Current
ACC_005511,CUST_05511,Savings,2023-05-11,30392.89,BR042,RM_028,Savings
ACC_005512,CUST_05512,Current,2021-07-30,15757.62,BR029,RM_078,Current
ACC_005513,CUST_05513,Savings,2023-02-13,2007.64,BR027,RM_050,Savings
ACC_005514,CUST_05514,Savings,2021-09-08,13641.97,BR001,RM_019,Savings
ACC_005515,CUST_05515,Salary,2025-07-07,493.85,BR005,RM_085,Salary
ACC_005516,CUST_05516,Savings,2025-09-02,42025.3,BR035,RM_032,Savings
ACC_005517,CUST_05517,Savings,2024-08-27,5910.95,BR016,RM_070,Savings
ACC_005518,CUST_05518,Savings,2026-04-12,32029.28,BR009,RM_070,Savings
ACC_005519,CUST_05519,Savings,2025-09-22,138472.0,BR006,RM_014,Savings
ACC_005520,CUST_05520,Savings,2021-09-18,18493.31,BR032,RM_062,Savings
ACC_005521,CUST_05521,Savings,2024-06-06,80786.09,BR010,RM_042,Savings
ACC_005522,CUST_05522,Savings,2026-05-05,11440.85,BR001,RM_060,Savings
ACC_005523,CUST_05523,Salary,2022-05-31,3220.81,BR032,RM_012,Salary
ACC_005524,CUST_05524,Savings,2024-02-27,102517.55,BR002,RM_086,Savings
ACC_005525,CUST_05525,Savings,2023-04-28,18176.59,BR020,RM_084,Savings
ACC_005526,CUST_05526,Savings,2022-03-29,765057.83,BR043,RM_085,Savings
ACC_005527,CUST_05527,Current,2021-10-14,1322.65,BR029,RM_095,Current
ACC_005528,CUST_05528,Savings,2022-04-25,102607.05,BR047,RM_038,Savings
ACC_005529,CUST_05529,Savings,2023-09-11,15577.45,BR040,RM_074,Savings
ACC_005530,CUST_05530,Savings,2021-07-09,2424.99,BR039,RM_081,Savings
ACC_005531,CUST_05531,Savings,2026-02-21,25112.87,BR018,RM_013,Savings
ACC_005532,CUST_05532,Savings,2024-12-11,369493.75,BR032,RM_013,Savings
ACC_005533,CUST_05533,Savings,2022-10-14,6265.15,BR001,RM_042,Savings
ACC_005534,CUST_05534,Savings,2025-12-22,3878.57,BR037,RM_066,Savings
ACC_005535,CUST_05535,Savings,2025-01-07,62757.42,BR041,RM_086,Savings
ACC_005536,CUST_05536,Savings,2024-07-03,6898.26,BR039,RM_015,Savings
ACC_005537,CUST_05537,Savings,2022-03-07,19818.59,BR015,RM_034,Savings
ACC_005538,CUST_05538,Savings,2026-07-24,35098.58,BR002,RM_074,Savings
ACC_005539,CUST_05539,Salary,2022-07-02,14177.45,BR023,RM_075,Salary
ACC_005540,CUST_05540,Savings,2024-03-07,62220.71,BR043,RM_096,Savings
ACC_005541,CUST_05541,Salary,2026-03-26,18410.97,BR040,RM_011,Salary
ACC_005542,CUST_05542,Savings,2026-03-24,47241.08,BR032,RM_058,Savings
ACC_005543,CUST_05543,Savings,2025-11-27,719356.96,BR033,RM_012,Savings
ACC_005544,CUST_05544,Savings,2024-04-27,1825.88,BR022,RM_005,Savings
ACC_005545,CUST_05545,Savings,2025-10-20,32575.43,BR023,RM_051,Savings
ACC_005546,CUST_05546,Salary,2027-05-11,40972.95,BR020,RM_094,Salary
ACC_005547,CUST_05547,Salary,2022-10-21,33892.15,BR013,RM_008,Salary
ACC_005548,CUST_05548,Savings,2022-10-28,21496.86,BR038,RM_043,Savings
ACC_005549,CUST_05549,Savings,2021-08-31,5584.64,BR009,RM_018,Savings
ACC_005550,CUST_05550,Salary,2023-12-09,1536.97,BR001,RM_015,Salary
ACC_005551,CUST_05551,Savings,2021-11-22,6627.6,BR049,RM_017,Savings
ACC_005552,CUST_05552,Current,2026-06-25,19018.63,BR013,RM_087,Current
ACC_005553,CUST_05553,Savings,2024-12-19,1033.4,BR010,RM_067,Savings
ACC_005554,CUST_05554,Savings,2021-03-07,157126.49,BR029,RM_081,Savings
ACC_005555,CUST_05555,Current,2022-07-14,44027.43,BR043,RM_003,Current
ACC_005556,CUST_05556,Savings,2022-07-26,6235.8,BR026,RM_048,Savings
ACC_005557,CUST_05557,Current,2025-10-16,47179.25,BR027,RM_010,Current
ACC_005558,CUST_05558,Savings,2024-03-21,25756.2,BR050,RM_045,Savings
ACC_005559,CUST_05559,Savings,2026-11-02,1296.52,BR013,RM_026,Savings
ACC_005560,CUST_05560,Current,2021-12-24,19421.12,BR004,RM_041,Current
ACC_005561,CUST_05561,Savings,2021-01-23,5057.66,BR043,RM_002,Savings
ACC_005562,CUST_05562,Savings,2022-01-02,18474.2,BR007,RM_048,Savings
ACC_005563,CUST_05563,Savings,2025-09-07,7774.34,BR045,RM_065,Savings
ACC_005564,CUST_05564,Savings,2022-03-06,5826.42,BR034,RM_014,Savings
ACC_005565,CUST_05565,Current,2025-07-01,78393.52,BR026,RM_011,Current
ACC_005566,CUST_05566,Salary,2022-02-19,42633.88,BR045,RM_093,Salary
ACC_005567,CUST_05567,Savings,2026-05-12,166594.93,BR017,RM_094,Savings
ACC_005568,CUST_05568,Current,2025-04-25,9818.05,BR018,RM_026,Current
ACC_005569,CUST_05569,Current,2021-06-20,46760.0,BR001,RM_002,Current
ACC_005570,CUST_05570,Savings,2023-10-20,95431.98,BR049,RM_027,Savings
ACC_005571,CUST_05571,Salary,2024-08-27,338693.63,BR010,RM_056,Salary
ACC_005572,CUST_05572,Savings,2021-10-19,42190.13,BR021,RM_077,Savings
ACC_005573,CUST_05573,Savings,2024-11-07,36530.32,BR020,RM_047,Savings
ACC_005574,CUST_05574,Savings,2023-08-18,24690.99,BR002,RM_098,Savings
ACC_005575,CUST_05575,Savings,2023-02-27,2300.71,BR027,RM_022,Savings
ACC_005576,CUST_05576,Current,2021-04-30,39173.19,BR017,RM_079,Current
ACC_005577,CUST_05577,Savings,2024-04-28,61478.75,BR035,RM_074,Savings
ACC_005578,CUST_05578,Salary,2022-10-20,25027.12,BR012,RM_049,Salary
ACC_005579,CUST_05579,Savings,2021-02-06,371947.53,BR046,RM_064,Savings
ACC_005580,CUST_05580,Savings,2023-09-20,27573.89,BR010,RM_082,Savings
ACC_005581,CUST_05581,Savings,2026-06-22,19954.17,BR050,RM_076,Savings
ACC_005582,CUST_05582,Savings,2021-12-29,115879.88,BR025,RM_082,Savings
ACC_005583,CUST_05583,Current,2026-05-03,3890.53,BR044,RM_072,Current
ACC_005584,CUST_05584,Savings,2021-02-13,22743.12,BR027,RM_055,Savings
ACC_005585,CUST_05585,Savings,2023-10-27,11460.0,BR033,RM_008,Savings
ACC_005586,CUST_05586,Current,2026-08-01,167829.78,BR030,RM_031,Current
ACC_005587,CUST_05587,Savings,2021-05-27,26445.47,BR009,RM_010,Savings
ACC_005588,CUST_05588,Current,2025-05-27,2703.46,BR046,RM_032,Current
ACC_005589,CUST_05589,Savings,2022-12-19,443583.32,BR043,RM_037,Savings
ACC_005590,CUST_05590,Savings,2024-06-30,354880.88,BR032,RM_036,Savings
ACC_005591,CUST_05591,Savings,2021-07-13,2819.37,BR035,RM_096,Savings
ACC_005592,CUST_05592,Salary,2024-07-22,46235.83,BR012,RM_067,Salary
ACC_005593,CUST_05593,Savings,2022-08-18,6581.89,BR003,RM_080,Savings
ACC_005594,CUST_05594,Savings,2025-11-07,10027.65,BR004,RM_070,Savings
ACC_005595,CUST_05595,Current,2025-03-16,72016.21,BR012,RM_054,Current
ACC_005596,CUST_05596,Salary,2021-12-20,29143.79,BR035,RM_071,Salary
ACC_005597,CUST_05597,Current,2021-06-17,31074.41,BR005,RM_086,Current
ACC_005598,CUST_05598,Savings,2025-12-16,2826.31,BR018,RM_028,Savings
ACC_005599,CUST_05599,Savings,2026-06-12,23298.3,BR041,RM_077,Savings
ACC_005600,CUST_05600,Salary,2024-05-12,34261.65,BR050,RM_065,Salary
ACC_005601,CUST_05601,Savings,2023-05-29,27384.66,BR021,RM_059,Savings
ACC_005602,CUST_05602,Savings,2021-04-30,16336.61,BR039,RM_011,Savings
ACC_005603,CUST_05603,Savings,2023-03-15,52833.94,BR018,RM_035,Savings
ACC_005604,CUST_05604,Savings,2027-03-26,16343.95,BR029,RM_023,Savings
ACC_005605,CUST_05605,Savings,2025-12-13,19431.34,BR041,RM_060,Savings
ACC_005606,CUST_05606,Current,2021-05-13,3133.88,BR038,RM_021,Current
ACC_005607,CUST_05607,Savings,2022-06-07,12792.41,BR029,RM_038,Savings
ACC_005608,CUST_05608,Savings,2023-09-02,5800.18,BR048,RM_023,Savings
ACC_005609,CUST_05609,Salary,2021-04-01,273162.14,BR041,RM_042,Salary
ACC_005610,CUST_05610,Savings,2021-08-25,167696.75,BR022,RM_043,Savings
ACC_005611,CUST_05611,Savings,2023-06-06,1998.75,BR017,RM_082,Savings
ACC_005612,CUST_05612,Current,2026-02-06,75033.53,BR021,RM_100,Current
ACC_005613,CUST_05613,Current,2025-12-02,24319.7,BR009,RM_092,Current
ACC_005614,CUST_05614,Savings,2023-12-20,72945.39,BR023,RM_005,Savings
ACC_005615,CUST_05615,Savings,2024-07-21,13798.01,BR030,RM_094,Savings
ACC_005616,CUST_05616,Savings,2025-09-15,11769.71,BR001,RM_034,Savings
ACC_005617,CUST_05617,Savings,2024-12-08,18189.79,BR046,RM_006,Savings
ACC_005618,CUST_05618,Current,2024-03-24,5551.35,BR015,RM_003,Current
ACC_005619,CUST_05619,Savings,2024-06-10,25662.09,BR034,RM_052,Savings
ACC_005620,CUST_05620,Current,2021-11-12,6685.61,BR012,RM_035,Current
ACC_005621,CUST_05621,Savings,2025-10-07,13448.93,BR031,RM_079,Savings
ACC_005622,CUST_05622,Salary,2021-03-25,21072.38,BR024,RM_098,Salary
ACC_005623,CUST_05623,Savings,2026-04-26,28566.03,BR044,RM_045,Savings
ACC_005624,CUST_05624,Savings,2024-09-18,11481.82,BR026,RM_018,Savings
ACC_005625,CUST_05625,Salary,2022-12-10,35724.28,BR025,RM_025,Salary
ACC_005626,CUST_05626,Savings,2021-09-08,25140.8,BR036,RM_045,Savings
ACC_005627,CUST_05627,Savings,2025-01-09,16167.93,BR035,RM_061,Savings
ACC_005628,CUST_05628,Savings,2024-04-12,75751.03,BR047,RM_030,Savings
ACC_005629,CUST_05629,Savings,2021-08-31,131611.79,BR012,RM_067,Savings
ACC_005630,CUST_05630,Savings,2026-05-27,-2905.29,BR042,RM_038,Savings
ACC_005631,CUST_05631,Salary,2025-11-14,29675.99,BR005,RM_021,Salary
ACC_005632,CUST_05632,Savings,2023-05-06,77291.44,BR049,RM_009,Savings
ACC_005633,CUST_05633,Salary,2021-01-01,25004.68,BR026,RM_098,Salary
ACC_005634,CUST_05634,Savings,2025-08-07,2831711.88,BR029,RM_007,Savings
ACC_005635,CUST_05635,Savings,2022-04-02,4130.16,BR005,RM_014,Savings
ACC_005636,CUST_05636,Savings,2022-07-11,7934.94,BR014,RM_010,Savings
ACC_005637,CUST_05637,Current,2021-01-04,15685.77,BR050,RM_076,Current
ACC_005638,CUST_05638,Salary,2026-02-03,102717.23,BR048,RM_086,Salary
ACC_005639,CUST_05639,Savings,2021-05-15,233048.11,BR030,RM_066,Savings
ACC_005640,CUST_05640,Savings,2022-04-16,26035.63,BR036,RM_078,Savings
ACC_005641,CUST_05641,Salary,2021-04-08,7546.08,BR047,RM_016,Salary
ACC_005642,CUST_05642,Salary,2022-10-22,172183.43,BR022,RM_085,Salary
ACC_005643,CUST_05643,Savings,2023-12-17,24344.48,BR025,RM_018,Savings
ACC_005644,CUST_05644,Savings,2022-04-06,23612.54,BR023,RM_007,Savings
ACC_005645,CUST_05645,Savings,2025-06-19,13436.7,BR050,RM_065,Savings
ACC_005646,CUST_05646,Salary,2026-06-27,30421.02,BR047,RM_048,Salary
ACC_005647,CUST_05647,Salary,2025-04-12,16038.92,BR016,RM_053,Salary
ACC_005648,CUST_05648,Savings,2026-06-07,496.5,BR040,RM_057,Savings
ACC_005649,CUST_05649,Salary,2025-10-04,51865.98,BR031,RM_049,Salary
ACC_005650,CUST_05650,Savings,2025-06-27,238499.7,BR035,RM_038,Savings
ACC_005651,CUST_05651,Salary,2021-01-11,101118.27,BR044,RM_052,Salary
ACC_005652,CUST_05652,Current,2024-12-08,9948.96,BR023,RM_039,Current
ACC_005653,CUST_05653,Salary,2024-01-14,30535.04,BR031,RM_015,Salary
ACC_005654,CUST_05654,Savings,2026-02-16,91413.61,BR046,RM_100,Savings
ACC_005655,CUST_05655,Current,2023-03-22,145631.95,BR035,RM_092,Current
ACC_005656,CUST_05656,Savings,2023-05-07,9629.96,BR014,RM_043,Savings
ACC_005657,CUST_05657,Savings,2024-08-17,1007.67,BR045,RM_011,Savings
ACC_005658,CUST_05658,Savings,2023-09-02,9155.94,BR014,RM_008,Savings
ACC_005659,CUST_05659,Savings,2023-01-09,10398.47,BR005,RM_098,Savings
ACC_005660,CUST_05660,Savings,2026-01-10,68531.94,BR009,RM_085,Savings
ACC_005661,CUST_05661,Salary,2021-07-06,579478.23,BR021,RM_063,Salary
ACC_005662,CUST_05662,Savings,2026-05-11,31019.88,BR048,RM_090,Savings
ACC_005663,CUST_05663,Savings,2025-09-28,20168.83,BR049,RM_084,Savings
ACC_005664,CUST_05664,Savings,2021-01-07,17844.88,BR035,RM_036,Savings
ACC_005665,CUST_05665,Savings,2021-03-05,432988.05,BR035,RM_013,Savings
ACC_005666,CUST_05666,Savings,2022-05-01,148159.06,BR001,RM_087,Savings
ACC_005667,CUST_05667,Savings,2024-09-05,55004.24,BR046,RM_011,Savings
ACC_005668,CUST_05668,Current,2024-11-30,726954.62,BR036,RM_034,Current
ACC_005669,CUST_05669,Savings,2025-09-25,21904.9,BR032,RM_090,Savings
ACC_005670,CUST_05670,Savings,2023-09-17,14316.07,BR049,RM_096,Savings
ACC_005671,CUST_05671,Savings,2026-05-24,30222.86,BR038,RM_027,Savings
ACC_005672,CUST_05672,Savings,2023-02-23,366228.98,BR021,RM_010,Savings
ACC_005673,CUST_05673,Salary,2026-03-19,45460.45,BR003,RM_026,Salary
ACC_005674,CUST_05674,Savings,2022-05-03,21273.58,BR007,RM_044,Savings
ACC_005675,CUST_05675,Savings,2022-12-20,10411.62,BR039,RM_036,Savings
ACC_005676,CUST_05676,Savings,2022-10-20,48903.63,BR020,RM_025,Savings
ACC_005677,CUST_05677,Current,2025-10-21,91067.78,BR008,RM_094,Current
ACC_005678,CUST_05678,Savings,2023-05-19,37039.13,BR001,RM_003,Savings
ACC_005679,CUST_05679,Savings,2025-05-21,15716.56,BR023,RM_059,Savings
ACC_005680,CUST_05680,Savings,2026-06-10,103949.36,BR011,RM_096,Savings
ACC_005681,CUST_05681,Savings,2026-11-25,172177.57,BR015,RM_012,Savings
ACC_005682,CUST_05682,Savings,2025-03-05,7664.85,BR035,RM_077,Savings
ACC_005683,CUST_05683,Salary,2024-08-21,37324.57,BR025,RM_100,Salary
ACC_005684,CUST_05684,Savings,2024-08-23,2679.69,BR021,RM_063,Savings
ACC_005685,CUST_05685,Savings,2023-06-26,12892.48,BR014,RM_099,Savings
ACC_005686,CUST_05686,Savings,2023-11-07,9440.85,BR016,RM_041,Savings
ACC_005687,CUST_05687,Salary,2026-02-10,-2038.91,BR048,RM_057,Salary
ACC_005688,CUST_05688,Savings,2024-12-01,25249.69,BR014,RM_028,Savings
ACC_005689,CUST_05689,Savings,2025-09-25,84699.45,BR039,RM_018,Savings
ACC_005690,CUST_05690,Savings,2024-07-22,643.38,BR041,RM_086,Savings
ACC_005691,CUST_05691,Salary,2025-01-02,897.44,BR039,RM_016,Salary
ACC_005692,CUST_05692,Savings,2024-10-09,1863974.91,BR014,RM_095,Savings
ACC_005693,CUST_05693,Savings,2023-08-08,7291.56,BR045,RM_035,Savings
ACC_005694,CUST_05694,Savings,2022-03-19,64580.09,BR047,RM_065,Savings
ACC_005695,CUST_05695,Savings,2022-03-29,10001.65,BR018,RM_051,Savings
ACC_005696,CUST_05696,Savings,2024-08-24,5595.41,BR047,RM_035,Savings
ACC_005697,CUST_05697,Salary,2021-02-18,65073.42,BR025,RM_030,Salary
ACC_005698,CUST_05698,Salary,2023-05-07,24345.68,BR005,RM_012,Salary
ACC_005699,CUST_05699,Salary,2022-07-25,60561.43,BR044,RM_096,Salary
ACC_005700,CUST_05700,Current,2023-12-22,10322.04,BR030,RM_072,Current
ACC_005701,CUST_05701,Salary,2025-01-18,107102.41,BR020,RM_042,Salary
ACC_005702,CUST_05702,Savings,2022-01-15,28158.48,BR003,RM_052,Savings
ACC_005703,CUST_05703,Savings,2025-06-23,56828.19,BR006,RM_029,Savings
ACC_005704,CUST_05704,Salary,2024-10-17,4715.88,BR012,RM_054,Salary
ACC_005705,CUST_05705,Current,2025-02-07,6095.13,BR012,RM_010,Current
ACC_005706,CUST_05706,Savings,2026-07-24,41954.6,BR016,RM_010,Savings
ACC_005707,CUST_05707,Current,2023-05-02,331201.78,BR021,RM_091,Current
ACC_005708,CUST_05708,Savings,2023-02-16,11705.04,BR037,RM_055,Savings
ACC_005709,CUST_05709,Salary,2025-04-08,34374.98,BR027,RM_046,Salary
ACC_005710,CUST_05710,Salary,2024-12-08,16778.53,BR018,RM_097,Salary
ACC_005711,CUST_05711,Savings,2023-01-16,1203982.42,BR037,RM_067,Savings
ACC_005712,CUST_05712,Savings,2024-09-15,4448.4,BR049,RM_040,Savings
ACC_005713,CUST_05713,Savings,2024-06-17,92089.86,BR007,RM_060,Savings
ACC_005714,CUST_05714,Savings,2025-09-26,5684.13,BR032,RM_096,Savings
ACC_005715,CUST_05715,Savings,2025-04-02,2562731.29,BR036,RM_051,Savings
ACC_005716,CUST_05716,Salary,2026-02-04,23933.99,BR045,RM_007,Salary
ACC_005717,CUST_05717,Savings,2024-10-06,284651.33,BR019,RM_043,Savings
ACC_005718,CUST_05718,Salary,2022-01-20,7679.18,BR021,RM_005,Salary
ACC_005719,CUST_05719,Savings,2022-04-06,107674.5,BR046,RM_002,Savings
ACC_005720,CUST_05720,Savings,2021-12-31,5278.57,BR043,RM_068,Savings
ACC_005721,CUST_05721,Current,2023-05-10,4953.42,BR028,RM_095,Current
ACC_005722,CUST_05722,Salary,2023-06-26,476631.49,BR028,RM_057,Salary
ACC_005723,CUST_05723,Savings,2022-07-13,228502.04,BR029,RM_058,Savings
ACC_005724,CUST_05724,Savings,2021-12-07,8809.95,BR028,RM_073,Savings
ACC_005725,CUST_05725,Savings,2025-01-30,101522.15,BR050,RM_086,Savings
ACC_005726,CUST_05726,Savings,2024-10-30,60407.0,BR034,RM_008,Savings
ACC_005727,CUST_05727,Savings,2021-07-26,10651.51,BR001,RM_045,Savings
ACC_005728,CUST_05728,Savings,2021-01-28,3729.29,BR014,RM_081,Savings
ACC_005729,CUST_05729,Salary,2025-08-29,15173.35,BR007,RM_070,Salary
ACC_005730,CUST_05730,Savings,2026-07-05,77887.99,BR047,RM_013,Savings
ACC_005731,CUST_05731,Current,2026-06-19,102082.83,BR041,RM_039,Current
ACC_005732,CUST_05732,Savings,2023-12-10,48548.36,BR004,RM_062,Savings
ACC_005733,CUST_05733,Savings,2023-11-15,59993.6,BR050,RM_043,Savings
ACC_005734,CUST_05734,Savings,2022-08-06,29351.6,BR019,RM_089,Savings
ACC_005735,CUST_05735,Savings,2022-04-09,57626.3,BR001,RM_048,Savings
ACC_005736,CUST_05736,Savings,2021-07-10,5486.13,BR035,RM_096,Savings
ACC_005737,CUST_05737,Savings,2026-02-08,106604.87,BR021,RM_044,Savings
ACC_005738,CUST_05738,Salary,2023-07-16,26624.04,BR006,RM_048,Salary
ACC_005739,CUST_05739,Savings,2023-12-24,37210.95,BR022,RM_008,Savings
ACC_005740,CUST_05740,Savings,2023-08-10,494298.06,BR036,RM_071,Savings
ACC_005741,CUST_05741,Savings,2024-02-24,29760.29,BR009,RM_039,Savings
ACC_005742,CUST_05742,Savings,2026-03-15,1871.81,BR024,RM_072,Savings
ACC_005743,CUST_05743,Current,2025-09-30,10272.32,BR033,RM_021,Current
ACC_005744,CUST_05744,Savings,2026-07-19,16446.91,BR037,RM_040,Savings
ACC_005745,CUST_05745,Savings,2026-01-20,1523.07,BR028,RM_017,Savings
ACC_005746,CUST_05746,Savings,2026-05-15,140950.87,BR043,RM_041,Savings
ACC_005747,CUST_05747,Savings,2026-04-16,751644.31,BR027,RM_084,Savings
ACC_005748,CUST_05748,Savings,2026-07-18,315683.07,BR002,RM_071,Savings
ACC_005749,CUST_05749,Savings,2021-05-18,463252.14,BR049,RM_001,Savings
ACC_005750,CUST_05750,Savings,2025-11-12,52542.12,BR038,RM_080,Savings
ACC_005751,CUST_05751,Current,2023-09-07,1415995.54,BR040,RM_064,Current
ACC_005752,CUST_05752,Savings,2024-01-29,9531.17,BR038,RM_010,Savings
ACC_005753,CUST_05753,Salary,2021-08-26,7827.48,BR037,RM_092,Salary
ACC_005754,CUST_05754,Savings,2024-06-04,5857.2,BR036,RM_012,Savings
ACC_005755,CUST_05755,Savings,2024-10-19,46015.72,BR008,RM_023,Savings
ACC_005756,CUST_05756,Savings,2025-08-18,7318.8,BR024,RM_100,Savings
ACC_005757,CUST_05757,Savings,2021-03-23,65394.31,BR032,RM_013,Savings
ACC_005758,CUST_05758,Savings,2024-12-30,62574.49,BR020,RM_040,Savings
ACC_005759,CUST_05759,Savings,2023-06-19,14098.59,BR049,RM_045,Savings
ACC_005760,CUST_05760,Salary,2021-10-23,4629.6,BR010,RM_024,Salary
ACC_005761,CUST_05761,Savings,2022-09-14,6253.9,BR032,RM_061,Savings
ACC_005762,CUST_05762,Savings,2021-02-23,18657.03,BR049,RM_018,Savings
ACC_005763,CUST_05763,Salary,2024-03-10,20998075.93,BR038,RM_062,Salary
ACC_005764,CUST_05764,Savings,2021-10-28,22042.66,BR042,RM_042,Savings
ACC_005765,CUST_05765,Savings,2026-03-19,70762.16,BR039,RM_081,Savings
ACC_005766,CUST_05766,Savings,2022-01-12,38256.07,BR014,RM_040,Savings
ACC_005767,CUST_05767,Savings,2024-03-22,151893.08,BR004,RM_062,Savings
ACC_005768,CUST_05768,Savings,2022-07-26,23236.15,BR042,RM_060,Savings
ACC_005769,CUST_05769,Savings,2023-04-04,29158.64,BR012,RM_017,Savings
ACC_005770,CUST_05770,Savings,2022-08-12,1852.13,BR041,RM_047,Savings
ACC_005771,CUST_05771,Savings,2021-12-26,18044.08,BR038,RM_078,Savings
ACC_005772,CUST_05772,Savings,2021-02-11,15684.31,BR022,RM_046,Savings
ACC_005773,CUST_05773,Current,2022-04-28,1772.25,BR025,RM_047,Current
ACC_005774,CUST_05774,Salary,2022-03-22,17434.23,BR043,RM_090,Salary
ACC_005775,CUST_05775,Savings,2021-01-24,14212.14,BR019,RM_064,Savings
ACC_005776,CUST_05776,Salary,2026-03-13,145468.81,BR009,RM_088,Salary
ACC_005777,CUST_05777,Savings,2023-06-03,7472.81,BR046,RM_007,Savings
ACC_005778,CUST_05778,Savings,2021-08-29,11439.42,BR016,RM_038,Savings
ACC_005779,CUST_05779,Savings,2021-01-31,62573.66,BR023,RM_095,Savings
ACC_005780,CUST_05780,Salary,2024-07-10,10661.94,BR038,RM_074,Salary
ACC_005781,CUST_05781,Current,2022-10-04,19399.98,BR047,RM_081,Current
ACC_005782,CUST_05782,Current,2024-09-07,7590.62,BR034,RM_004,Current
ACC_005783,CUST_05783,Salary,2025-02-17,18776.93,BR002,RM_092,Salary
ACC_005784,CUST_05784,Savings,2024-08-27,45039.54,BR034,RM_068,Savings
ACC_005785,CUST_05785,Salary,2024-06-26,47699.81,BR003,RM_050,Salary
ACC_005786,CUST_05786,Savings,2023-08-16,4623.77,BR033,RM_073,Savings
ACC_005787,CUST_05787,Savings,2023-08-09,1763493.52,BR043,RM_036,Savings
ACC_005788,CUST_05788,Savings,2025-10-02,2873.62,BR035,RM_053,Savings
ACC_005789,CUST_05789,Savings,2024-04-29,478.0,BR005,RM_030,Savings
ACC_005790,CUST_05790,Salary,2022-02-21,148991.8,BR026,RM_060,Salary
ACC_005791,CUST_05791,Savings,2021-06-18,2715.56,BR003,RM_022,Savings
ACC_005792,CUST_05792,Savings,2023-10-14,9217.89,BR009,RM_061,Savings
ACC_005793,CUST_05793,Savings,2025-03-20,10014.08,BR032,RM_093,Savings
ACC_005794,CUST_05794,Savings,2021-08-20,45205.74,BR037,RM_001,Savings
ACC_005795,CUST_05795,Savings,2023-07-02,16840.57,BR022,RM_084,Savings
ACC_005796,CUST_05796,Salary,2024-05-28,64786.86,BR023,RM_051,Salary
ACC_005797,CUST_05797,Savings,2025-02-28,19326.49,BR004,RM_096,Savings
ACC_005798,CUST_05798,Savings,2021-03-29,275282.08,BR035,RM_012,Savings
ACC_005799,CUST_05799,Savings,2026-07-17,2469.98,BR010,RM_069,Savings
ACC_005800,CUST_05800,Savings,2021-07-18,38517.71,BR003,RM_015,Savings
ACC_005801,CUST_05801,Savings,2024-06-20,7666.83,BR036,RM_087,Savings
ACC_005802,CUST_05802,Savings,2022-06-24,26552.76,BR014,RM_062,Savings
ACC_005803,CUST_05803,Savings,2023-03-07,23102.73,BR039,RM_056,Savings
ACC_005804,CUST_05804,Current,2025-03-21,36813.3,BR031,RM_019,Current
ACC_005805,CUST_05805,Savings,2025-06-19,2526.44,BR004,RM_049,Savings
ACC_005806,CUST_05806,Savings,2022-08-13,123733.98,BR019,RM_084,Savings
ACC_005807,CUST_05807,Current,2025-07-03,2642.09,BR019,RM_071,Current
ACC_005808,CUST_05808,Salary,2024-08-08,51885.03,BR014,RM_071,Salary
ACC_005809,CUST_05809,Salary,2023-06-30,36510.78,BR036,RM_093,Salary
ACC_005810,CUST_05810,Current,2022-11-10,4332.37,BR022,RM_002,Current
ACC_005811,CUST_05811,Savings,2023-04-08,15995.91,BR038,RM_077,Savings
ACC_005812,CUST_05812,Current,2024-07-21,186848.36,BR030,RM_016,Current
ACC_005813,CUST_05813,Savings,2022-04-06,1210099.27,BR029,RM_045,Savings
ACC_005814,CUST_05814,Current,2023-10-14,13151.55,BR041,RM_047,Current
ACC_005815,CUST_05815,Savings,2025-09-20,75332.3,BR047,RM_096,Savings
ACC_005816,CUST_05816,Savings,2021-07-12,3358.52,BR031,RM_045,Savings
ACC_005817,CUST_05817,Salary,2021-03-04,53237.44,BR025,RM_074,Salary
ACC_005818,CUST_05818,Savings,2026-02-18,114943.14,BR048,RM_075,Savings
ACC_005819,CUST_05819,Current,2026-02-18,117768.35,BR007,RM_099,Current
ACC_005820,CUST_05820,Current,2022-03-22,67724.26,BR008,RM_070,Current
ACC_005821,CUST_05821,Savings,2025-12-18,4334.66,BR023,RM_032,Savings
ACC_005822,CUST_05822,Savings,2025-11-29,1133.88,BR038,RM_100,Savings
ACC_005823,CUST_05823,Current,2021-04-16,5665.83,BR029,RM_009,Current
ACC_005824,CUST_05824,Current,2025-04-20,3951.58,BR029,RM_072,Current
ACC_005825,CUST_05825,Savings,2022-03-04,82208.43,BR004,RM_061,Savings
ACC_005826,CUST_05826,Salary,2024-04-17,5036.47,BR047,RM_063,Salary
ACC_005827,CUST_05827,Current,2026-07-06,6879.99,BR009,RM_009,Current
ACC_005828,CUST_05828,Savings,2021-09-09,89469.5,BR021,RM_024,Savings
ACC_005829,CUST_05829,Savings,2022-07-28,4074.5,BR035,RM_086,Savings
ACC_005830,CUST_05830,Savings,2023-06-02,29114.56,BR036,RM_023,Savings
ACC_005831,CUST_05831,Salary,2022-06-29,2046.1,BR014,RM_084,Salary
ACC_005832,CUST_05832,Savings,2022-03-23,711.33,BR023,RM_093,Savings
ACC_005833,CUST_05833,Salary,2025-07-14,19306.21,BR043,RM_087,Salary
ACC_005834,CUST_05834,Savings,2023-03-11,5802.72,BR025,RM_041,Savings
ACC_005835,CUST_05835,Savings,2025-04-28,1221608.67,BR030,RM_033,Savings
ACC_005836,CUST_05836,Salary,2022-03-28,72112.61,BR033,RM_002,Salary
ACC_005837,CUST_05837,Savings,2025-01-20,9466.39,BR008,RM_077,Savings
ACC_005838,CUST_05838,Current,2023-01-14,39830.98,BR040,RM_060,Current
ACC_005839,CUST_05839,Savings,2025-09-03,4508.42,BR014,RM_059,Savings
ACC_005840,CUST_05840,Savings,2021-05-22,21185.83,BR042,RM_010,Savings
ACC_005841,CUST_05841,Savings,2022-08-29,16567.5,BR010,RM_086,Savings
ACC_005842,CUST_05842,Savings,2022-09-17,9437.32,BR037,RM_079,Savings
ACC_005843,CUST_05843,Savings,2021-01-20,351132.65,BR040,RM_019,Savings
ACC_005844,CUST_05844,Savings,2022-10-11,18371.31,BR014,RM_073,Savings
ACC_005845,CUST_05845,Savings,2022-10-15,124970.87,BR016,RM_097,Savings
ACC_005846,CUST_05846,Savings,2021-06-14,4766.06,BR007,RM_037,Savings
ACC_005847,CUST_05847,Salary,2021-01-05,3443.1,BR011,RM_093,Salary
ACC_005848,CUST_05848,Salary,2024-09-02,86127.36,BR020,RM_076,Salary
ACC_005849,CUST_05849,Savings,2025-08-03,16588.19,BR030,RM_023,Savings
ACC_005850,CUST_05850,Salary,2021-12-26,4069901.67,BR004,RM_050,Salary
ACC_005851,CUST_05851,Savings,2026-05-05,4756.25,BR025,RM_041,Savings
ACC_005852,CUST_05852,Savings,2021-03-18,1052641.72,BR016,RM_050,Savings
ACC_005853,CUST_05853,Savings,2026-03-21,27684.18,BR009,RM_075,Savings
ACC_005854,CUST_05854,Savings,2024-01-28,2129.21,BR002,RM_016,Savings
ACC_005855,CUST_05855,Savings,2023-11-10,14504.27,BR035,RM_020,Savings
ACC_005856,CUST_05856,Savings,2025-07-23,63070.73,BR002,RM_095,Savings
ACC_005857,CUST_05857,Savings,2022-07-11,27222.79,BR021,RM_073,Savings
ACC_005858,CUST_05858,Salary,2024-11-14,16451.27,BR041,RM_061,Salary
ACC_005859,CUST_05859,Savings,2026-04-24,21410.35,BR022,RM_063,Savings
ACC_005860,CUST_05860,Savings,2025-03-12,12092.4,BR011,RM_022,Savings
ACC_005861,CUST_05861,Savings,2023-04-16,146252.89,BR042,RM_074,Savings
ACC_005862,CUST_05862,Current,2024-03-27,15195.39,BR005,RM_060,Current
ACC_005863,CUST_05863,Savings,2024-05-28,3290.87,BR042,RM_063,Savings
ACC_005864,CUST_05864,Salary,2023-04-15,9900.72,BR010,RM_076,Salary
ACC_005865,CUST_05865,Savings,2021-05-14,15211.78,BR027,RM_076,Savings
ACC_005866,CUST_05866,Salary,2023-04-09,12647.51,BR031,RM_059,Salary
ACC_005867,CUST_05867,Salary,2023-09-06,22983.84,BR049,RM_043,Salary
ACC_005868,CUST_05868,Savings,2025-06-18,33307.29,BR041,RM_058,Savings
ACC_005869,CUST_05869,Current,2022-02-01,119534.27,BR043,RM_051,Current
ACC_005870,CUST_05870,Savings,2025-09-13,5179.24,BR043,RM_054,Savings
ACC_005871,CUST_05871,Savings,2025-01-19,11516.96,BR038,RM_094,Savings
ACC_005872,CUST_05872,Savings,2023-03-20,2706.83,BR045,RM_051,Savings
ACC_005873,CUST_05873,Salary,2022-06-15,3056.42,BR033,RM_011,Salary
ACC_005874,CUST_05874,Savings,2024-05-07,164515.41,BR050,RM_015,Savings
ACC_005875,CUST_05875,Savings,2022-06-12,23816.61,BR026,RM_068,Savings
ACC_005876,CUST_05876,Savings,2022-09-01,104832.5,BR041,RM_051,Savings
ACC_005877,CUST_05877,Savings,2021-11-09,263335.67,BR040,RM_010,Savings
ACC_005878,CUST_05878,Salary,2022-07-04,19315.14,BR013,RM_053,Salary
ACC_005879,CUST_05879,Savings,2023-06-26,1554883.43,BR021,RM_098,Savings
ACC_005880,CUST_05880,Savings,2024-04-02,7699.41,BR032,RM_025,Savings
ACC_005881,CUST_05881,Savings,2023-05-17,7674.29,BR001,RM_027,Savings
ACC_005882,CUST_05882,Savings,2022-06-13,18068.6,BR002,RM_041,Savings
ACC_005883,CUST_05883,Savings,2023-04-22,20479.36,BR030,RM_035,Savings
ACC_005884,CUST_05884,Savings,2025-10-24,92274.84,BR040,RM_089,Savings
ACC_005885,CUST_05885,Savings,2022-03-14,66003.38,BR014,RM_083,Savings
ACC_005886,CUST_05886,Savings,2021-07-12,6100.06,BR016,RM_068,Savings
ACC_005887,CUST_05887,Salary,2021-02-07,5964.63,BR008,RM_092,Salary
ACC_005888,CUST_05888,Current,2021-10-05,14725.08,BR046,RM_030,Current
ACC_005889,CUST_05889,Savings,2022-12-04,7529.26,BR023,RM_002,Savings
ACC_005890,CUST_05890,Salary,2025-12-12,278477.09,BR003,RM_045,Salary
ACC_005891,CUST_05891,Savings,2024-04-22,322414.31,BR042,RM_079,Savings
ACC_005892,CUST_05892,Savings,2023-07-22,133091.33,BR024,RM_030,Savings
ACC_005893,CUST_05893,Savings,2024-10-21,29462.22,BR033,RM_040,Savings
ACC_005894,CUST_05894,Savings,2023-04-13,8883.92,BR001,RM_027,Savings
ACC_005895,CUST_05895,Savings,2025-02-26,5397841.2,BR049,RM_066,Savings
ACC_005896,CUST_05896,Savings,2021-09-25,55053.76,BR013,RM_001,Savings
ACC_005897,CUST_05897,Savings,2023-10-08,185569.81,BR017,RM_010,Savings
ACC_005898,CUST_05898,Savings,2022-03-04,9401.81,BR018,RM_013,Savings
ACC_005899,CUST_05899,Salary,2022-05-31,133663.45,BR047,RM_056,Salary
ACC_005900,CUST_05900,Savings,2023-05-08,17344.72,BR012,RM_023,Savings
ACC_005901,CUST_05901,Savings,2021-03-18,2283.42,BR018,RM_032,Savings
ACC_005902,CUST_05902,Savings,2024-01-22,187738.85,BR008,RM_050,Savings
ACC_005903,CUST_05903,Current,2026-04-10,13355.46,BR015,RM_029,Current
ACC_005904,CUST_05904,Current,2024-09-23,26704.18,BR016,RM_061,Current
ACC_005905,CUST_05905,Savings,2023-12-27,30412.25,BR009,RM_033,Savings
ACC_005906,CUST_05906,Savings,2022-10-08,501341.86,BR027,RM_069,Savings
ACC_005907,CUST_05907,Savings,2022-05-23,20674.79,BR006,RM_065,Savings
ACC_005908,CUST_05908,Savings,2025-08-12,83679.08,BR018,RM_032,Savings
ACC_005909,CUST_05909,Savings,2022-07-07,20075.83,BR015,RM_087,Savings
ACC_005910,CUST_05910,Savings,2022-01-26,32022.22,BR008,RM_100,Savings
ACC_005911,CUST_05911,Salary,2021-06-23,3939.75,BR041,RM_079,Salary
ACC_005912,CUST_05912,Savings,2021-06-07,16629.69,BR031,RM_092,Savings
ACC_005913,CUST_05913,Savings,2022-08-13,14779.7,BR048,RM_100,Savings
ACC_005914,CUST_05914,Savings,2024-08-02,62845.06,BR009,RM_062,Savings
ACC_005915,CUST_05915,Current,2022-06-10,211776.52,BR048,RM_073,Current
ACC_005916,CUST_05916,Savings,2024-02-12,14023.24,BR006,RM_073,Savings
ACC_005917,CUST_05917,Savings,2021-04-19,4679.52,BR020,RM_096,Savings
ACC_005918,CUST_05918,Salary,2022-12-20,33259.0,BR036,RM_076,Salary
ACC_005919,CUST_05919,Current,2023-10-28,17335.56,BR050,RM_040,Current
ACC_005920,CUST_05920,Current,2023-12-02,45816.63,BR016,RM_056,Current
ACC_005921,CUST_05921,Savings,2023-11-06,65387.93,BR036,RM_038,Savings
ACC_005922,CUST_05922,Savings,2026-01-21,17970.98,BR003,RM_017,Savings
ACC_005923,CUST_05923,Current,2023-09-05,15549.07,BR018,RM_079,Current
ACC_005924,CUST_05924,Savings,2023-04-21,14154.07,BR010,RM_052,Savings
ACC_005925,CUST_05925,Savings,2022-04-08,5382.02,BR040,RM_027,Savings
ACC_005926,CUST_05926,Savings,2022-04-21,237909.33,BR048,RM_082,Savings
ACC_005927,CUST_05927,Savings,2024-07-31,12311.79,BR011,RM_081,Savings
ACC_005928,CUST_05928,Savings,2021-09-10,11516.38,BR012,RM_023,Savings
ACC_005929,CUST_05929,Savings,2021-04-13,369628.44,BR047,RM_031,Savings
ACC_005930,CUST_05930,Salary,2023-01-13,15930.74,BR006,RM_046,Salary
ACC_005931,CUST_05931,Savings,2022-05-12,5091.65,BR008,RM_033,Savings
ACC_005932,CUST_05932,Savings,2024-11-22,6505.28,BR028,RM_082,Savings
ACC_005933,CUST_05933,Salary,2025-12-19,106973.46,BR045,RM_099,Salary
ACC_005934,CUST_05934,Savings,2022-01-10,218469.1,BR029,RM_052,Savings
ACC_005935,CUST_05935,Savings,2023-11-10,7947.18,BR021,RM_017,Savings
ACC_005936,CUST_05936,Savings,2024-03-19,29814.16,BR032,RM_048,Savings
ACC_005937,CUST_05937,Savings,2021-06-20,19305.13,BR050,RM_045,Savings
ACC_005938,CUST_05938,Salary,2024-08-25,21216.83,BR008,RM_042,Salary
ACC_005939,CUST_05939,Savings,2022-09-15,106584.78,BR042,RM_064,Savings
ACC_005940,CUST_05940,Savings,2022-05-30,298545.69,BR032,RM_081,Savings
ACC_005941,CUST_05941,Savings,2021-10-19,38157.44,BR025,RM_059,Savings
ACC_005942,CUST_05942,Savings,2024-06-03,6036.6,BR028,RM_062,Savings
ACC_005943,CUST_05943,Savings,2024-11-18,8958.07,BR033,RM_055,Savings
ACC_005944,CUST_05944,Savings,2021-02-10,19708.2,BR039,RM_035,Savings
ACC_005945,CUST_05945,Savings,2022-05-09,19541.93,BR027,RM_085,Savings
ACC_005946,CUST_05946,Savings,2025-05-12,19820.18,BR033,RM_089,Savings
ACC_005947,CUST_05947,Salary,2022-12-24,10299.71,BR020,RM_077,Salary
ACC_005948,CUST_05948,Savings,2023-07-29,19448.1,BR009,RM_018,Savings
ACC_005949,CUST_05949,Savings,2021-08-01,16047.43,BR010,RM_002,Savings
ACC_005950,CUST_05950,Savings,2021-03-04,16104.28,BR040,RM_038,Savings
ACC_005951,CUST_05951,Savings,2022-07-11,12169.59,BR038,RM_077,Savings
ACC_005952,CUST_05952,Savings,2024-01-16,79229.95,BR049,RM_080,Savings
ACC_005953,CUST_05953,Savings,2025-05-25,26484.52,BR032,RM_078,Savings
ACC_005954,CUST_05954,Savings,2023-07-15,30116.78,BR039,RM_002,Savings
ACC_005955,CUST_05955,Salary,2024-06-21,1027.88,BR004,RM_087,Salary
ACC_005956,CUST_05956,Salary,2024-12-05,22867.02,BR015,RM_005,Salary
ACC_005957,CUST_05957,Salary,2024-08-19,103475.89,BR029,RM_082,Salary
ACC_005958,CUST_05958,Savings,2021-05-09,77089.58,BR036,RM_096,Savings
ACC_005959,CUST_05959,Savings,2024-04-09,22557.47,BR024,RM_082,Savings
ACC_005960,CUST_05960,Savings,2025-11-14,29802.38,BR009,RM_063,Savings
ACC_005961,CUST_05961,Savings,2026-07-02,4623.13,BR009,RM_081,Savings
ACC_005962,CUST_05962,Savings,2022-10-04,633015.85,BR005,RM_092,Savings
ACC_005963,CUST_05963,Savings,2021-05-01,430936.41,BR023,RM_071,Savings
ACC_005964,CUST_05964,Savings,2025-01-04,22649.4,BR031,RM_071,Savings
ACC_005965,CUST_05965,Savings,2023-10-30,15464.96,BR008,RM_003,Savings
ACC_005966,CUST_05966,Savings,2023-07-03,29174.79,BR033,RM_094,Savings
ACC_005967,CUST_05967,Savings,2024-02-20,120651.72,BR041,RM_047,Savings
ACC_005968,CUST_05968,Savings,2026-02-25,33095.88,BR047,RM_094,Savings
ACC_005969,CUST_05969,Savings,2025-03-23,711.32,BR028,RM_099,Savings
ACC_005970,CUST_05970,Savings,2026-02-27,2562.64,BR002,RM_072,Savings
ACC_005971,CUST_05971,Savings,2024-03-15,878613.17,BR041,RM_097,Savings
ACC_005972,CUST_05972,Savings,2021-10-13,856827.52,BR046,RM_085,Savings
ACC_005973,CUST_05973,Savings,2021-08-22,8604.05,BR049,RM_077,Savings
ACC_005974,CUST_05974,Savings,2022-08-07,34772.39,BR022,RM_013,Savings
ACC_005975,CUST_05975,Current,2025-09-23,69882.68,BR042,RM_061,Current
ACC_005976,CUST_05976,Salary,2021-02-20,57485.72,BR011,RM_055,Salary
ACC_005977,CUST_05977,Savings,2023-01-01,43148.19,BR033,RM_090,Savings
ACC_005978,CUST_05978,Savings,2023-05-22,763.45,BR002,RM_064,Savings
ACC_005979,CUST_05979,Current,2022-11-03,24027.14,BR007,RM_046,Current
ACC_005980,CUST_05980,Savings,2025-02-18,201407.53,BR024,RM_016,Savings
ACC_005981,CUST_05981,Salary,2025-01-10,23747.09,BR046,RM_053,Salary
ACC_005982,CUST_05982,Savings,2022-09-02,316.27,BR044,RM_040,Savings
ACC_005983,CUST_05983,Savings,2025-02-23,44484.45,BR040,RM_015,Savings
ACC_005984,CUST_05984,Current,2024-11-25,82682.71,BR009,RM_062,Current
ACC_005985,CUST_05985,Savings,2021-04-18,5541.66,BR013,RM_034,Savings
ACC_005986,CUST_05986,Savings,2023-01-31,20021.62,BR043,RM_062,Savings
ACC_005987,CUST_05987,Savings,2023-11-20,10846.66,BR034,RM_005,Savings
ACC_005988,CUST_05988,Salary,2021-02-16,2802.08,BR020,RM_024,Salary
ACC_005989,CUST_05989,Current,2023-03-07,4173.84,BR035,RM_083,Current
ACC_005990,CUST_05990,Salary,2022-09-15,889158.71,BR037,RM_017,Salary
ACC_005991,CUST_05991,Savings,2024-05-27,11139.67,BR012,RM_068,Savings
ACC_005992,CUST_05992,Salary,2024-12-01,6582.51,BR032,RM_076,Salary
ACC_005993,CUST_05993,Savings,2021-04-28,31782.89,BR008,RM_007,Savings
ACC_005994,CUST_05994,Current,2024-11-09,95707.5,BR012,RM_023,Current
ACC_005995,CUST_05995,Savings,2022-11-12,223816.17,BR008,RM_057,Savings
ACC_005996,CUST_05996,Current,2022-08-03,19820.95,BR020,RM_008,Current
ACC_005997,CUST_05997,Savings,2023-01-05,437168.77,BR006,RM_077,Savings
ACC_005998,CUST_05998,Current,2026-03-04,28408.41,BR019,RM_021,Current
ACC_005999,CUST_05999,Savings,2026-04-02,14606.94,BR044,RM_055,Savings
ACC_006000,CUST_06000,Salary,2026-05-16,16825.31,BR012,RM_054,Salary
ACC_006001,CUST_06001,Savings,2025-07-01,153931.55,BR003,RM_058,Savings
ACC_006002,CUST_06002,Savings,2024-01-08,86972.87,BR014,RM_048,Savings
ACC_006003,CUST_06003,Savings,2023-08-20,1149.48,BR028,RM_079,Savings
ACC_006004,CUST_06004,Savings,2024-05-05,66229.07,BR040,RM_060,Savings
ACC_006005,CUST_06005,Salary,2024-03-30,2338.03,BR010,RM_040,Salary
ACC_006006,CUST_06006,Savings,2022-03-09,9962.73,BR033,RM_069,Savings
ACC_006007,CUST_06007,Salary,2024-05-28,223385.84,BR008,RM_010,Salary
ACC_006008,CUST_06008,Savings,2022-11-04,8442.44,BR018,RM_024,Savings
ACC_006009,CUST_06009,Salary,2024-01-02,968.24,BR001,RM_019,Salary
ACC_006010,CUST_06010,Savings,2021-03-25,539063.42,BR033,RM_085,Savings
ACC_006011,CUST_06011,Current,2024-05-12,17195.77,BR027,RM_062,Current
ACC_006012,CUST_06012,Salary,2026-07-25,33267.7,BR045,RM_087,Salary
ACC_006013,CUST_06013,Savings,2024-07-28,65527.21,BR034,RM_012,Savings
ACC_006014,CUST_06014,Savings,2023-08-04,8995.04,BR017,RM_059,Savings
ACC_006015,CUST_06015,Current,2021-06-15,403459.29,BR045,RM_073,Current
ACC_006016,CUST_06016,Savings,2024-03-01,43077.59,BR035,RM_083,Savings
ACC_006017,CUST_06017,Salary,2022-08-13,21209.99,BR015,RM_068,Salary
ACC_006018,CUST_06018,Savings,2024-11-01,43490.07,BR007,RM_057,Savings
ACC_006019,CUST_06019,Savings,2024-09-16,7593.67,BR037,RM_098,Savings
ACC_006020,CUST_06020,Current,2022-05-21,9433.51,BR021,RM_066,Current
ACC_006021,CUST_06021,Salary,2024-01-30,19648.85,BR038,RM_074,Salary
ACC_006022,CUST_06022,Savings,2021-04-06,1972.28,BR011,RM_070,Savings
ACC_006023,CUST_06023,Savings,2021-04-26,20211.74,BR044,RM_040,Savings
ACC_006024,CUST_06024,Savings,2023-12-12,21601.11,BR014,RM_003,Savings
ACC_006025,CUST_06025,Savings,2024-04-08,9266.74,BR017,RM_095,Savings
ACC_006026,CUST_06026,Savings,2021-11-09,84447.79,BR019,RM_098,Savings
ACC_006027,CUST_06027,Savings,2024-05-28,177649.35,BR036,RM_006,Savings
ACC_006028,CUST_06028,Savings,2026-02-25,32738.0,BR048,RM_035,Savings
ACC_006029,CUST_06029,Salary,2025-05-28,110408.2,BR031,RM_053,Salary
ACC_006030,CUST_06030,Salary,2023-11-25,17911.94,BR015,RM_014,Salary
ACC_006031,CUST_06031,Savings,2025-07-22,8240.68,BR018,RM_033,Savings
ACC_006032,CUST_06032,Savings,2024-06-25,57578.82,BR011,RM_031,Savings
ACC_006033,CUST_06033,Current,2023-05-08,28418.18,BR028,RM_100,Current
ACC_006034,CUST_06034,Savings,2021-06-06,21598.22,BR004,RM_027,Savings
ACC_006035,CUST_06035,Savings,2024-09-25,6920.53,BR035,RM_080,Savings
ACC_006036,CUST_06036,Current,2026-03-13,47837.91,BR006,RM_028,Current
ACC_006037,CUST_06037,Savings,2024-08-13,34619.99,BR031,RM_004,Savings
ACC_006038,CUST_06038,Savings,2025-07-17,2126.55,BR033,RM_051,Savings
ACC_006039,CUST_06039,Current,2023-04-14,186419.97,BR001,RM_027,Current
ACC_006040,CUST_06040,Salary,2025-03-03,166254.17,BR034,RM_064,Salary
ACC_006041,CUST_06041,Savings,2024-03-19,996396.69,BR003,RM_094,Savings
ACC_006042,CUST_06042,Savings,2024-09-26,2537.5,BR008,RM_055,Savings
ACC_006043,CUST_06043,Savings,2024-09-03,11557.35,BR029,RM_072,Savings
ACC_006044,CUST_06044,Savings,2024-10-14,19934.15,BR022,RM_059,Savings
ACC_006045,CUST_06045,Savings,2024-04-22,1333.81,BR002,RM_005,Savings
ACC_006046,CUST_06046,Savings,2022-10-29,606090.2,BR038,RM_033,Savings
ACC_006047,CUST_06047,Savings,2024-06-16,34860.98,BR010,RM_034,Savings
ACC_006048,CUST_06048,Savings,2025-08-11,124695.98,BR023,RM_021,Savings
ACC_006049,CUST_06049,Savings,2026-07-23,6957.19,BR021,RM_075,Savings
ACC_006050,CUST_06050,Savings,2021-06-18,749021.88,BR038,RM_043,Savings
ACC_006051,CUST_06051,Savings,2021-07-25,80404.3,BR013,RM_056,Savings
ACC_006052,CUST_06052,Current,2024-12-29,1737.86,BR017,RM_058,Current
ACC_006053,CUST_06053,Current,2023-05-10,12556.01,BR035,RM_055,Current
ACC_006054,CUST_06054,Savings,2023-02-20,5671.28,BR005,RM_073,Savings
ACC_006055,CUST_06055,Savings,2025-10-07,64020.0,BR029,RM_056,Savings
ACC_006056,CUST_06056,Savings,2022-05-05,1095.8,BR014,RM_021,Savings
ACC_006057,CUST_06057,Savings,2024-09-29,34173.29,BR013,RM_048,Savings
ACC_006058,CUST_06058,Salary,2025-11-15,12579.33,BR006,RM_022,Salary
ACC_006059,CUST_06059,Savings,2026-03-24,8598.76,BR042,RM_058,Savings
ACC_006060,CUST_06060,Savings,2023-04-23,48835.6,BR042,RM_027,Savings
ACC_006061,CUST_06061,Savings,2024-09-15,89429.08,BR038,RM_069,Savings
ACC_006062,CUST_06062,Savings,2023-04-23,80302.85,BR011,RM_004,Savings
ACC_006063,CUST_06063,Salary,2022-05-28,38443.64,BR039,RM_073,Salary
ACC_006064,CUST_06064,Savings,2021-01-03,197022.73,BR005,RM_034,Savings
ACC_006065,CUST_06065,Salary,2023-12-20,15121.95,BR029,RM_074,Salary
ACC_006066,CUST_06066,Current,2024-06-05,55336.11,BR002,RM_015,Current
ACC_006067,CUST_06067,Current,2022-10-22,20362.89,BR034,RM_080,Current
ACC_006068,CUST_06068,Savings,2022-08-25,842975.57,BR025,RM_025,Savings
ACC_006069,CUST_06069,Savings,2024-04-25,256055.71,BR025,RM_088,Savings
ACC_006070,CUST_06070,Salary,2025-07-21,24703.83,BR013,RM_088,Salary
ACC_006071,CUST_06071,Savings,2022-12-15,6953317.64,BR050,RM_019,Savings
ACC_006072,CUST_06072,Salary,2021-06-15,226780.61,BR038,RM_002,Salary
ACC_006073,CUST_06073,Current,2023-05-20,478399.22,BR014,RM_074,Current
ACC_006074,CUST_06074,Savings,2023-06-28,40938.4,BR003,RM_016,Savings
ACC_006075,CUST_06075,Savings,2023-04-14,5591.07,BR033,RM_012,Savings
ACC_006076,CUST_06076,Current,2022-10-04,12038.67,BR015,RM_018,Current
ACC_006077,CUST_06077,Savings,2024-05-28,11401.4,BR018,RM_003,Savings
ACC_006078,CUST_06078,Savings,2023-05-11,13584.72,BR002,RM_012,Savings
ACC_006079,CUST_06079,Current,2025-04-09,63614.54,BR029,RM_052,Current
ACC_006080,CUST_06080,Current,2026-03-02,23097.9,BR037,RM_064,Current
ACC_006081,CUST_06081,Savings,2026-06-02,32262.14,BR009,RM_061,Savings
ACC_006082,CUST_06082,Savings,2024-02-13,20912.5,BR006,RM_044,Savings
ACC_006083,CUST_06083,Salary,2026-02-21,85529.22,BR027,RM_047,Salary
ACC_006084,CUST_06084,Savings,2024-02-07,133864.68,BR028,RM_031,Savings
ACC_006085,CUST_06085,Savings,2024-12-29,9301.85,BR047,RM_048,Savings
ACC_006086,CUST_06086,Current,2024-09-26,45169.85,BR016,RM_065,Current
ACC_006087,CUST_06087,Savings,2025-10-27,59680.58,BR012,RM_062,Savings
ACC_006088,CUST_06088,Savings,2022-06-17,16147.2,BR029,RM_080,Savings
ACC_006089,CUST_06089,Salary,2022-01-17,58333.66,BR001,RM_078,Salary
ACC_006090,CUST_06090,Salary,2024-03-15,11837.11,BR008,RM_078,Salary
ACC_006091,CUST_06091,Savings,2023-12-05,39438.27,BR005,RM_025,Savings
ACC_006092,CUST_06092,Savings,2021-04-27,32777.64,BR034,RM_060,Savings
ACC_006093,CUST_06093,Salary,2023-08-14,15897.72,BR008,RM_003,Salary
ACC_006094,CUST_06094,Current,2023-03-20,7445.05,BR033,RM_092,Current
ACC_006095,CUST_06095,Salary,2025-09-13,4379.51,BR007,RM_032,Salary
ACC_006096,CUST_06096,Savings,2025-07-27,7095.81,BR047,RM_071,Savings
ACC_006097,CUST_06097,Savings,2021-01-17,16032.28,BR014,RM_023,Savings
ACC_006098,CUST_06098,Savings,2024-01-17,5649.39,BR026,RM_070,Savings
ACC_006099,CUST_06099,Current,2024-11-17,6682.25,BR027,RM_023,Current
ACC_006100,CUST_06100,Current,2021-08-26,14691.15,BR009,RM_016,Current
ACC_006101,CUST_06101,Savings,2024-08-24,6273.3,BR030,RM_075,Savings
ACC_006102,CUST_06102,Savings,2023-09-15,3760.74,BR044,RM_078,Savings
ACC_006103,CUST_06103,Savings,2021-02-05,105858.81,BR009,RM_009,Savings
ACC_006104,CUST_06104,Savings,2022-10-15,5815.05,BR003,RM_049,Savings
ACC_006105,CUST_06105,Savings,2021-05-29,17903.05,BR032,RM_076,Savings
ACC_006106,CUST_06106,Savings,2024-11-08,11657.76,BR024,RM_093,Savings
ACC_006107,CUST_06107,Savings,2024-04-13,147146.97,BR018,RM_024,Savings
ACC_006108,CUST_06108,Savings,2025-11-29,27614.69,BR031,RM_058,Savings
ACC_006109,CUST_06109,Savings,2024-06-03,146285.47,BR030,RM_010,Savings
ACC_006110,CUST_06110,Savings,2024-08-18,18789.86,BR005,RM_094,Savings
ACC_006111,CUST_06111,Salary,2024-09-21,657940.97,BR028,RM_047,Salary
ACC_006112,CUST_06112,Savings,2023-08-13,1360682.88,BR045,RM_006,Savings
ACC_006113,CUST_06113,Savings,2022-06-25,1231.65,BR025,RM_024,Savings
ACC_006114,CUST_06114,Current,2023-03-17,6542.0,BR015,RM_065,Current
ACC_006115,CUST_06115,Savings,2021-12-10,11714.3,BR049,RM_012,Savings
ACC_006116,CUST_06116,Savings,2027-01-15,288223.98,BR009,RM_030,Savings
ACC_006117,CUST_06117,Current,2025-02-19,3460.69,BR006,RM_014,Current
ACC_006118,CUST_06118,Savings,2024-11-24,100534.01,BR034,RM_049,Savings
ACC_006119,CUST_06119,Savings,2024-02-20,17159.64,BR032,RM_020,Savings
ACC_006120,CUST_06120,Salary,2025-01-15,3770.56,BR001,RM_049,Salary
ACC_006121,CUST_06121,Salary,2024-09-09,2897.67,BR050,RM_087,Salary
ACC_006122,CUST_06122,Savings,2025-07-17,17866.45,BR019,RM_015,Savings
ACC_006123,CUST_06123,Savings,2023-05-21,3130.83,BR013,RM_038,Savings
ACC_006124,CUST_06124,Savings,2025-10-08,41744.34,BR042,RM_047,Savings
ACC_006125,CUST_06125,Savings,2026-01-27,4999.81,BR025,RM_015,Savings
ACC_006126,CUST_06126,Salary,2023-03-13,87541.49,BR005,RM_022,Salary
ACC_006127,CUST_06127,Savings,2022-04-12,349139.91,BR010,RM_063,Savings
ACC_006128,CUST_06128,Savings,2021-09-24,37194.26,BR024,RM_070,Savings
ACC_006129,CUST_06129,Current,2023-07-21,1432.37,BR036,RM_072,Current
ACC_006130,CUST_06130,Savings,2024-01-05,-2940.49,BR017,RM_095,Savings
ACC_006131,CUST_06131,Savings,2024-03-27,19780.63,BR004,RM_078,Savings
ACC_006132,CUST_06132,Savings,2023-10-25,4019.3,BR010,RM_041,Savings
ACC_006133,CUST_06133,Savings,2023-06-22,39889.23,BR031,RM_056,Savings
ACC_006134,CUST_06134,Salary,2025-12-09,4879.85,BR027,RM_060,Salary
ACC_006135,CUST_06135,Savings,2024-11-07,129469.8,BR007,RM_012,Savings
ACC_006136,CUST_06136,Savings,2021-06-03,3707.83,BR040,RM_026,Savings
ACC_006137,CUST_06137,Salary,2025-01-18,10444.45,BR038,RM_034,Salary
ACC_006138,CUST_06138,Savings,2022-04-18,7712.86,BR008,RM_031,Savings
ACC_006139,CUST_06139,Savings,2024-09-03,199717.13,BR015,RM_061,Savings
ACC_006140,CUST_06140,Savings,2022-03-12,5402.05,BR013,RM_062,Savings
ACC_006141,CUST_06141,Savings,2025-05-21,53207.71,BR045,RM_019,Savings
ACC_006142,CUST_06142,Current,2027-07-17,4666.79,BR045,RM_003,Current
ACC_006143,CUST_06143,Savings,2021-12-19,13279.94,BR019,RM_086,Savings
ACC_006144,CUST_06144,Savings,2022-05-27,7656.39,BR033,RM_068,Savings
ACC_006145,CUST_06145,Savings,2025-09-05,55184.71,BR006,RM_019,Savings
ACC_006146,CUST_06146,Current,2023-08-29,56755.98,BR016,RM_047,Current
ACC_006147,CUST_06147,Savings,2025-01-05,74684.91,BR012,RM_006,Savings
ACC_006148,CUST_06148,Current,2021-06-16,3329.45,BR047,RM_071,Current
ACC_006149,CUST_06149,Salary,2024-02-17,7400.03,BR041,RM_054,Salary
ACC_006150,CUST_06150,Salary,2025-05-15,12780.6,BR016,RM_016,Salary
ACC_006151,CUST_06151,Savings,2026-03-15,371861.82,BR040,RM_039,Savings
ACC_006152,CUST_06152,Savings,2026-01-19,9790.82,BR044,RM_032,Savings
ACC_006153,CUST_06153,Salary,2022-02-28,9044.1,BR017,RM_062,Salary
ACC_006154,CUST_06154,Savings,2022-11-09,12957.7,BR040,RM_093,Savings
ACC_006155,CUST_06155,Salary,2025-03-26,24038.95,BR049,RM_037,Salary
ACC_006156,CUST_06156,Savings,2023-02-24,54970.45,BR042,RM_078,Savings
ACC_006157,CUST_06157,Savings,2025-08-03,38157.85,BR008,RM_004,Savings
ACC_006158,CUST_06158,Savings,2021-10-24,7576.81,BR004,RM_008,Savings
ACC_006159,CUST_06159,Savings,2022-05-09,26749.85,BR018,RM_095,Savings
ACC_006160,CUST_06160,Savings,2026-03-03,22682.8,BR041,RM_045,Savings
ACC_006161,CUST_06161,Savings,2021-02-01,98427.07,BR006,RM_096,Savings
ACC_006162,CUST_06162,Savings,2025-05-15,174099.18,BR036,RM_010,Savings
ACC_006163,CUST_06163,Salary,2024-01-08,208749.99,BR040,RM_045,Salary
ACC_006164,CUST_06164,Savings,2024-11-04,199334.41,BR002,RM_084,Savings
ACC_006165,CUST_06165,Savings,2022-09-20,1119897.88,BR006,RM_046,Savings
ACC_006166,CUST_06166,Savings,2021-03-06,2882.42,BR020,RM_009,Savings
ACC_006167,CUST_06167,Current,2024-07-06,60138.0,BR026,RM_060,Current
ACC_006168,CUST_06168,Savings,2021-10-12,20978.88,BR037,RM_041,Savings
ACC_006169,CUST_06169,Savings,2023-07-19,33552.82,BR023,RM_067,Savings
ACC_006170,CUST_06170,Savings,2021-05-23,1941.82,BR049,RM_069,Savings
ACC_006171,CUST_06171,Savings,2025-07-16,92392.38,BR011,RM_045,Savings
ACC_006172,CUST_06172,Savings,2024-01-19,31251.09,BR034,RM_097,Savings
ACC_006173,CUST_06173,Savings,2025-09-05,46606.19,BR030,RM_020,Savings
ACC_006174,CUST_06174,Savings,2021-11-10,13498.74,BR022,RM_020,Savings
ACC_006175,CUST_06175,Salary,2024-11-10,46022.09,BR011,RM_051,Salary
ACC_006176,CUST_06176,Savings,2025-08-29,2836.98,BR040,RM_081,Savings
ACC_006177,CUST_06177,Current,2024-08-17,11640.88,BR010,RM_024,Current
ACC_006178,CUST_06178,Savings,2021-12-21,3803.19,BR030,RM_046,Savings
ACC_006179,CUST_06179,Current,2026-01-25,144243.02,BR028,RM_039,Current
ACC_006180,CUST_06180,Savings,2025-12-15,26191.02,BR008,RM_031,Savings
ACC_006181,CUST_06181,Savings,2024-05-20,5744.99,BR010,RM_019,Savings
ACC_006182,CUST_06182,Savings,2024-02-25,12439.07,BR023,RM_100,Savings
ACC_006183,CUST_06183,Savings,2022-09-20,62213.42,BR003,RM_017,Savings
ACC_006184,CUST_06184,Savings,2023-09-28,4879.62,BR007,RM_047,Savings
ACC_006185,CUST_06185,Savings,2024-04-02,1839130.63,BR006,RM_024,Savings
ACC_006186,CUST_06186,Current,2026-05-22,479756.01,BR040,RM_008,Current
ACC_006187,CUST_06187,Savings,2022-09-11,29445.43,BR040,RM_057,Savings
ACC_006188,CUST_06188,Savings,2025-09-29,35097.26,BR046,RM_090,Savings
ACC_006189,CUST_06189,Current,2025-01-29,15360.23,BR042,RM_092,Current
ACC_006190,CUST_06190,Current,2021-05-24,502.09,BR035,RM_078,Current
ACC_006191,CUST_06191,Savings,2021-12-05,66994.21,BR004,RM_067,Savings
ACC_006192,CUST_06192,Savings,2022-09-08,16437.9,BR027,RM_076,Savings
ACC_006193,CUST_06193,Current,2025-07-04,93372.84,BR019,RM_041,Current
ACC_006194,CUST_06194,Savings,2025-09-26,8089.8,BR048,RM_063,Savings
ACC_006195,CUST_06195,Savings,2021-05-25,15080.92,BR033,RM_068,Savings
ACC_006196,CUST_06196,Savings,2026-06-06,-3057.66,BR036,RM_024,Savings
ACC_006197,CUST_06197,Savings,2023-10-05,46128.93,BR046,RM_030,Savings
ACC_006198,CUST_06198,Savings,2026-06-28,44708.41,BR013,RM_009,Savings
ACC_006199,CUST_06199,Savings,2026-02-04,63736.43,BR001,RM_097,Savings
ACC_006200,CUST_06200,Savings,2025-02-13,106690.95,BR011,RM_030,Savings
ACC_006201,CUST_06201,Savings,2022-05-15,55097.68,BR044,RM_009,Savings
ACC_006202,CUST_06202,Savings,2021-10-09,32853.79,BR020,RM_018,Savings
ACC_006203,CUST_06203,Savings,2024-10-07,10317.28,BR001,RM_062,Savings
ACC_006204,CUST_06204,Salary,2025-05-19,1043.74,BR012,RM_086,Salary
ACC_006205,CUST_06205,Savings,2022-03-01,5006.11,BR039,RM_088,Savings
ACC_006206,CUST_06206,Savings,2022-06-07,3701.32,BR022,RM_012,Savings
ACC_006207,CUST_06207,Savings,2024-08-09,36748.64,BR006,RM_046,Savings
ACC_006208,CUST_06208,Current,2023-06-24,11708.71,BR027,RM_088,Current
ACC_006209,CUST_06209,Savings,2021-04-07,3793.79,BR019,RM_051,Savings
ACC_006210,CUST_06210,Savings,2025-03-30,1397.0,BR039,RM_005,Savings
ACC_006211,CUST_06211,Current,2025-01-28,31348.58,BR048,RM_095,Current
ACC_006212,CUST_06212,Savings,2026-03-19,2313.12,BR022,RM_037,Savings
ACC_006213,CUST_06213,Savings,2023-05-14,1177730.77,BR030,RM_022,Savings
ACC_006214,CUST_06214,Savings,2025-10-21,28581.17,BR005,RM_065,Savings
ACC_006215,CUST_06215,Savings,2022-11-18,40566.88,BR019,RM_029,Savings
ACC_006216,CUST_06216,Savings,2024-10-10,7966.99,BR035,RM_009,Savings
ACC_006217,CUST_06217,Current,2024-11-19,459571.14,BR039,RM_063,Current
ACC_006218,CUST_06218,Savings,2024-04-16,111453.38,BR008,RM_096,Savings
ACC_006219,CUST_06219,Salary,2021-09-06,45249.15,BR004,RM_035,Salary
ACC_006220,CUST_06220,Salary,2025-11-25,86143.69,BR030,RM_052,Salary
ACC_006221,CUST_06221,Savings,2023-08-07,3641.94,BR035,RM_052,Savings
ACC_006222,CUST_06222,Salary,2026-03-22,1781.05,BR032,RM_028,Salary
ACC_006223,CUST_06223,Savings,2024-02-13,17305.65,BR001,RM_098,Savings
ACC_006224,CUST_06224,Savings,2022-02-03,6450.96,BR039,RM_046,Savings
ACC_006225,CUST_06225,Savings,2023-08-19,164750.91,BR014,RM_025,Savings
ACC_006226,CUST_06226,Salary,2025-09-09,421295.37,BR035,RM_041,Salary
ACC_006227,CUST_06227,Savings,2026-03-07,11359.07,BR039,RM_039,Savings
ACC_006228,CUST_06228,Current,2025-02-20,12434.0,BR012,RM_060,Current
ACC_006229,CUST_06229,Savings,2022-11-25,12684.33,BR005,RM_009,Savings
ACC_006230,CUST_06230,Savings,2026-08-04,20115.84,BR003,RM_020,Savings
ACC_006231,CUST_06231,Savings,2021-08-07,194716.41,BR047,RM_092,Savings
ACC_006232,CUST_06232,Salary,2026-05-12,74821.22,BR011,RM_043,Salary
ACC_006233,CUST_06233,Savings,2026-07-31,108137.68,BR018,RM_095,Savings
ACC_006234,CUST_06234,Salary,2025-12-11,342001.38,BR034,RM_057,Salary
ACC_006235,CUST_06235,Savings,2021-04-07,23508.23,BR010,RM_089,Savings
ACC_006236,CUST_06236,Savings,2024-07-30,56479.87,BR017,RM_084,Savings
ACC_006237,CUST_06237,Savings,2023-06-07,14936.88,BR030,RM_099,Savings
ACC_006238,CUST_06238,Savings,2025-07-18,6201.34,BR042,RM_019,Savings
ACC_006239,CUST_06239,Savings,2024-10-19,181872.74,BR042,RM_034,Savings
ACC_006240,CUST_06240,Savings,2026-08-02,10679.66,BR023,RM_023,Savings
ACC_006241,CUST_06241,Savings,2023-02-06,11534.02,BR018,RM_004,Savings
ACC_006242,CUST_06242,Savings,2026-05-24,17806.54,BR009,RM_094,Savings
ACC_006243,CUST_06243,Savings,2025-12-16,3293.17,BR039,RM_085,Savings
ACC_006244,CUST_06244,Salary,2025-07-27,30230.57,BR041,RM_009,Salary
ACC_006245,CUST_06245,Savings,2023-11-14,5032.65,BR026,RM_052,Savings
ACC_006246,CUST_06246,Savings,2023-10-13,5589.32,BR035,RM_083,Savings
ACC_006247,CUST_06247,Savings,2025-12-22,9399.75,BR050,RM_059,Savings
ACC_006248,CUST_06248,Savings,2026-07-24,48625.74,BR012,RM_087,Savings
ACC_006249,CUST_06249,Savings,2021-12-21,6931.07,BR050,RM_036,Savings
ACC_006250,CUST_06250,Savings,2023-05-02,11762.46,BR045,RM_096,Savings
ACC_006251,CUST_06251,Salary,2025-02-06,11411.29,BR013,RM_023,Salary
ACC_006252,CUST_06252,Savings,2024-08-27,360602.1,BR032,RM_050,Savings
ACC_006253,CUST_06253,Current,2021-11-23,8873.25,BR015,RM_019,Current
ACC_006254,CUST_06254,Salary,2023-09-10,20694.03,BR049,RM_009,Salary
ACC_006255,CUST_06255,Savings,2025-02-25,7288.65,BR015,RM_063,Savings
ACC_006256,CUST_06256,Salary,2022-11-18,30779.94,BR043,RM_081,Salary
ACC_006257,CUST_06257,Savings,2024-03-10,14302.49,BR040,RM_025,Savings
ACC_006258,CUST_06258,Current,2022-08-09,34808.22,BR001,RM_093,Current
ACC_006259,CUST_06259,Savings,2026-01-16,10200.11,BR047,RM_099,Savings
ACC_006260,CUST_06260,Savings,2025-11-12,23952.05,BR021,RM_031,Savings
ACC_006261,CUST_06261,Savings,2024-07-08,18443.87,BR050,RM_023,Savings
ACC_006262,CUST_06262,Salary,2024-02-08,33795.82,BR034,RM_048,Salary
ACC_006263,CUST_06263,Savings,2025-12-24,1728248.64,BR006,RM_061,Savings
ACC_006264,CUST_06264,Salary,2022-10-21,96469.19,BR040,RM_082,Salary
ACC_006265,CUST_06265,Savings,2025-03-04,213852.44,BR014,RM_040,Savings
ACC_006266,CUST_06266,Savings,2022-01-19,5079.45,BR019,RM_077,Savings
ACC_006267,CUST_06267,Savings,2023-11-13,5918.3,BR038,RM_028,Savings
ACC_006268,CUST_06268,Savings,2022-04-04,14918.5,BR028,RM_047,Savings
ACC_006269,CUST_06269,Savings,2024-08-22,11732.37,BR016,RM_034,Savings
ACC_006270,CUST_06270,Savings,2021-07-16,7376.66,BR001,RM_025,Savings
ACC_006271,CUST_06271,Savings,2024-04-15,3317.69,BR036,RM_064,Savings
ACC_006272,CUST_06272,Current,2023-09-19,9207.84,BR001,RM_097,Current
ACC_006273,CUST_06273,Savings,2026-01-30,370917.23,BR004,RM_003,Savings
ACC_006274,CUST_06274,Savings,2021-08-19,25303.2,BR037,RM_057,Savings
ACC_006275,CUST_06275,Savings,2024-03-10,8883.27,BR011,RM_012,Savings
ACC_006276,CUST_06276,Salary,2025-01-26,15735.44,BR007,RM_051,Salary
ACC_006277,CUST_06277,Savings,2022-03-29,53999.46,BR020,RM_057,Savings
ACC_006278,CUST_06278,Savings,2022-06-27,23358.68,BR046,RM_027,Savings
ACC_006279,CUST_06279,Salary,2022-02-14,3771.9,BR029,RM_063,Salary
ACC_006280,CUST_06280,Current,2021-11-07,9001.13,BR019,RM_032,Current
ACC_006281,CUST_06281,Salary,2026-02-13,95292.19,BR012,RM_057,Salary
ACC_006282,CUST_06282,Savings,2022-10-19,11067.81,BR012,RM_061,Savings
ACC_006283,CUST_06283,Savings,2025-08-31,19450.41,BR026,RM_068,Savings
ACC_006284,CUST_06284,Savings,2025-05-15,887860.85,BR013,RM_025,Savings
ACC_006285,CUST_06285,Savings,2026-05-03,36308.23,BR047,RM_027,Savings
ACC_006286,CUST_06286,Savings,2021-07-01,30853.89,BR043,RM_095,Savings
ACC_006287,CUST_06287,Savings,2023-03-08,46728.69,BR043,RM_088,Savings
ACC_006288,CUST_06288,Savings,2026-01-20,798401.87,BR041,RM_030,Savings
ACC_006289,CUST_06289,Salary,2024-07-19,738.56,BR043,RM_052,Salary
ACC_006290,CUST_06290,Salary,2021-10-15,26016.76,BR021,RM_071,Salary
ACC_006291,CUST_06291,Salary,2025-03-18,5817.23,BR042,RM_091,Salary
ACC_006292,CUST_06292,Savings,2025-01-09,4888.73,BR039,RM_074,Savings
ACC_006293,CUST_06293,Savings,2021-05-25,18686.03,BR038,RM_001,Savings
ACC_006294,CUST_06294,Savings,2021-01-10,11146.42,BR005,RM_046,Savings
ACC_006295,CUST_06295,Savings,2025-09-13,188675.04,BR039,RM_012,Savings
ACC_006296,CUST_06296,Savings,2026-03-14,18541.16,BR037,RM_017,Savings
ACC_006297,CUST_06297,Salary,2022-09-12,50108.81,BR046,RM_083,Salary
ACC_006298,CUST_06298,Savings,2021-09-12,305453.65,BR007,RM_086,Savings
ACC_006299,CUST_06299,Savings,2023-08-23,440295.71,BR012,RM_050,Savings
ACC_006300,CUST_06300,Savings,2022-03-05,64989.85,BR031,RM_063,Savings
ACC_006301,CUST_06301,Salary,2024-04-05,48937.44,BR027,RM_014,Salary
ACC_006302,CUST_06302,Savings,2023-12-15,876.26,BR017,RM_087,Savings
ACC_006303,CUST_06303,Current,2023-03-03,15068.62,BR017,RM_063,Current
ACC_006304,CUST_06304,Savings,2022-06-25,77440.86,BR022,RM_040,Savings
ACC_006305,CUST_06305,Savings,2025-06-11,2073.87,BR032,RM_036,Savings
ACC_006306,CUST_06306,Savings,2024-01-18,37743.5,BR018,RM_010,Savings
ACC_006307,CUST_06307,Savings,2025-09-11,3311.96,BR026,RM_001,Savings
ACC_006308,CUST_06308,Savings,2024-06-15,5007.18,BR041,RM_032,Savings
ACC_006309,CUST_06309,Savings,2022-11-11,6857.28,BR012,RM_006,Savings
ACC_006310,CUST_06310,Savings,2026-03-03,1909653.38,BR036,RM_073,Savings
ACC_006311,CUST_06311,Savings,2021-04-27,403621.76,BR049,RM_052,Savings
ACC_006312,CUST_06312,Savings,2021-05-22,143912.11,BR027,RM_051,Savings
ACC_006313,CUST_06313,Salary,2023-12-25,61957.24,BR014,RM_059,Salary
ACC_006314,CUST_06314,Savings,2023-09-18,6672.86,BR038,RM_079,Savings
ACC_006315,CUST_06315,Savings,2026-05-29,16736.73,BR002,RM_049,Savings
ACC_006316,CUST_06316,Savings,2023-03-16,5970.59,BR038,RM_093,Savings
ACC_006317,CUST_06317,Savings,2026-01-21,12446.08,BR009,RM_016,Savings
ACC_006318,CUST_06318,Current,2024-03-21,15712.36,BR037,RM_026,Current
ACC_006319,CUST_06319,Current,2022-07-29,90008.19,BR041,RM_007,Current
ACC_006320,CUST_06320,Savings,2021-11-13,23059.53,BR023,RM_027,Savings
ACC_006321,CUST_06321,Savings,2022-02-02,86606.31,BR015,RM_084,Savings
ACC_006322,CUST_06322,Salary,2024-07-18,17310.28,BR033,RM_019,Salary
ACC_006323,CUST_06323,Current,2021-04-25,883091.99,BR001,RM_010,Current
ACC_006324,CUST_06324,Savings,2021-10-01,59748.27,BR026,RM_080,Savings
ACC_006325,CUST_06325,Savings,2024-12-19,127867.63,BR028,RM_051,Savings
ACC_006326,CUST_06326,Current,2024-04-09,108320.28,BR024,RM_014,Current
ACC_006327,CUST_06327,Salary,2021-05-22,857.01,BR009,RM_056,Salary
ACC_006328,CUST_06328,Savings,2023-09-08,11931.51,BR039,RM_064,Savings
ACC_006329,CUST_06329,Salary,2021-10-08,7863.95,BR007,RM_061,Salary
ACC_006330,CUST_06330,Savings,2025-06-18,13429.72,BR024,RM_062,Savings
ACC_006331,CUST_06331,Savings,2021-02-23,33906.89,BR010,RM_060,Savings
ACC_006332,CUST_06332,Savings,2022-11-14,1649.64,BR001,RM_082,Savings
ACC_006333,CUST_06333,Savings,2022-08-04,21623.14,BR020,RM_095,Savings
ACC_006334,CUST_06334,Salary,2022-12-27,1598.46,BR035,RM_087,Salary
ACC_006335,CUST_06335,Savings,2023-08-31,41814.04,BR004,RM_020,Savings
ACC_006336,CUST_06336,Salary,2026-02-07,214265.09,BR033,RM_041,Salary
ACC_006337,CUST_06337,Current,2024-02-14,10737.99,BR031,RM_063,Current
ACC_006338,CUST_06338,Savings,2023-04-27,7067.38,BR013,RM_061,Savings
ACC_006339,CUST_06339,Savings,2023-09-16,17204.92,BR029,RM_017,Savings
ACC_006340,CUST_06340,Savings,2025-04-07,21861.44,BR043,RM_097,Savings
ACC_006341,CUST_06341,Savings,2025-10-22,356388.82,BR037,RM_006,Savings
ACC_006342,CUST_06342,Savings,2023-01-15,504740.33,BR006,RM_006,Savings
ACC_006343,CUST_06343,Savings,2025-05-12,5815.96,BR045,RM_094,Savings
ACC_006344,CUST_06344,Current,2022-11-29,18447.71,BR049,RM_023,Current
ACC_006345,CUST_06345,Savings,2024-12-26,7646.73,BR005,RM_056,Savings
ACC_006346,CUST_06346,Current,2022-01-01,5384.38,BR047,RM_036,Current
ACC_006347,CUST_06347,Savings,2022-11-02,6111.6,BR044,RM_038,Savings
ACC_006348,CUST_06348,Savings,2025-06-13,-4923.36,BR001,RM_017,Savings
ACC_006349,CUST_06349,Savings,2024-10-19,4582.98,BR047,RM_031,Savings
ACC_006350,CUST_06350,Savings,2023-10-11,22606.38,BR046,RM_058,Savings
ACC_006351,CUST_06351,Current,2022-09-15,18306.7,BR007,RM_062,Current
ACC_006352,CUST_06352,Salary,2026-08-04,466392.74,BR043,RM_047,Salary
ACC_006353,CUST_06353,Savings,2023-07-04,24712.54,BR028,RM_067,Savings
ACC_006354,CUST_06354,Savings,2026-01-23,3332.99,BR040,RM_059,Savings
ACC_006355,CUST_06355,Savings,2023-01-07,18820.42,BR001,RM_089,Savings
ACC_006356,CUST_06356,Savings,2024-03-18,28991.61,BR043,RM_035,Savings
ACC_006357,CUST_06357,Savings,2024-04-13,358084.43,BR030,RM_011,Savings
ACC_006358,CUST_06358,Current,2023-12-10,7825.32,BR006,RM_066,Current
ACC_006359,CUST_06359,Current,2024-11-15,28382.75,BR014,RM_020,Current
ACC_006360,CUST_06360,Savings,2022-04-21,31625.37,BR047,RM_004,Savings
ACC_006361,CUST_06361,Savings,2026-01-28,5551.57,BR049,RM_003,Savings
ACC_006362,CUST_06362,Savings,2021-01-06,26961.31,BR010,RM_078,Savings
ACC_006363,CUST_06363,Savings,2026-06-01,18101.08,BR014,RM_022,Savings
ACC_006364,CUST_06364,Savings,2023-10-19,430659.27,BR030,RM_057,Savings
ACC_006365,CUST_06365,Savings,2023-11-12,7480.56,BR001,RM_093,Savings
ACC_006366,CUST_06366,Savings,2026-03-12,5203.76,BR032,RM_030,Savings
ACC_006367,CUST_06367,Savings,2025-06-11,123172.81,BR008,RM_090,Savings
ACC_006368,CUST_06368,Current,2022-06-24,5787.68,BR007,RM_006,Current
ACC_006369,CUST_06369,Savings,2025-12-06,23208.16,BR043,RM_081,Savings
ACC_006370,CUST_06370,Savings,2024-05-05,93529.79,BR027,RM_060,Savings
ACC_006371,CUST_06371,Current,2021-09-28,351853.15,BR043,RM_027,Current
ACC_006372,CUST_06372,Savings,2025-04-13,11158.75,BR033,RM_065,Savings
ACC_006373,CUST_06373,Savings,2023-07-31,13887.01,BR006,RM_045,Savings
ACC_006374,CUST_06374,Salary,2024-09-29,27459.29,BR009,RM_066,Salary
ACC_006375,CUST_06375,Current,2021-06-28,5810.92,BR050,RM_008,Current
ACC_006376,CUST_06376,Savings,2024-05-04,11123.23,BR032,RM_047,Savings
ACC_006377,CUST_06377,Savings,2022-05-16,283144.53,BR048,RM_028,Savings
ACC_006378,CUST_06378,Savings,2021-10-30,412308.82,BR003,RM_074,Savings
ACC_006379,CUST_06379,Savings,2021-01-02,21113.45,BR008,RM_004,Savings
ACC_006380,CUST_06380,Savings,2022-08-28,20291.93,BR003,RM_063,Savings
ACC_006381,CUST_06381,Savings,2026-01-11,5114.77,BR009,RM_096,Savings
ACC_006382,CUST_06382,Savings,2023-09-28,26179.62,BR045,RM_043,Savings
ACC_006383,CUST_06383,Salary,2021-02-20,9940.42,BR025,RM_041,Salary
ACC_006384,CUST_06384,Savings,2024-05-20,-2923.39,BR031,RM_019,Savings
ACC_006385,CUST_06385,Current,2023-10-15,17242.36,BR006,RM_036,Current
ACC_006386,CUST_06386,Current,2025-12-12,516200.07,BR010,RM_084,Current
ACC_006387,CUST_06387,Savings,2023-05-04,115504.76,BR043,RM_075,Savings
ACC_006388,CUST_06388,Savings,2024-11-30,16400.84,BR013,RM_037,Savings
ACC_006389,CUST_06389,Salary,2024-06-22,13635.84,BR046,RM_021,Salary
ACC_006390,CUST_06390,Current,2021-04-28,71616.77,BR044,RM_042,Current
ACC_006391,CUST_06391,Savings,2024-05-01,23916.03,BR003,RM_041,Savings
ACC_006392,CUST_06392,Salary,2025-12-29,38475.35,BR048,RM_060,Salary
ACC_006393,CUST_06393,Savings,2024-01-05,40818.79,BR039,RM_024,Savings
ACC_006394,CUST_06394,Salary,2024-10-08,855478.48,BR043,RM_094,Salary
ACC_006395,CUST_06395,Savings,2022-03-04,55460.69,BR030,RM_041,Savings
ACC_006396,CUST_06396,Savings,2024-10-02,7789.67,BR032,RM_012,Savings
ACC_006397,CUST_06397,Current,2025-11-29,160331.67,BR033,RM_074,Current
ACC_006398,CUST_06398,Savings,2022-08-15,3309.34,BR026,RM_004,Savings
ACC_006399,CUST_06399,Savings,2022-09-14,16555.4,BR001,RM_043,Savings
ACC_006400,CUST_06400,Savings,2023-09-11,5028.93,BR031,RM_080,Savings
ACC_006401,CUST_06401,Savings,2021-12-19,49119.91,BR007,RM_090,Savings
ACC_006402,CUST_06402,Salary,2023-11-09,77596.47,BR020,RM_003,Salary
ACC_006403,CUST_06403,Savings,2021-09-13,120287.11,BR023,RM_073,Savings
ACC_006404,CUST_06404,Savings,2021-07-07,139011.1,BR038,RM_006,Savings
ACC_006405,CUST_06405,Current,2021-11-28,5098.63,BR046,RM_001,Current
ACC_006406,CUST_06406,Savings,2025-08-02,59548.88,BR029,RM_080,Savings
ACC_006407,CUST_06407,Savings,2022-11-06,1219487.85,BR027,RM_035,Savings
ACC_006408,CUST_06408,Savings,2025-02-11,2843.8,BR021,RM_023,Savings
ACC_006409,CUST_06409,Current,2026-02-06,12181.66,BR015,RM_011,Current
ACC_006410,CUST_06410,Savings,2021-03-14,177664.45,BR032,RM_099,Savings
ACC_006411,CUST_06411,Salary,2025-04-12,241114.68,BR002,RM_019,Salary
ACC_006412,CUST_06412,Salary,2025-12-12,42668.78,BR022,RM_073,Salary
ACC_006413,CUST_06413,Current,2025-12-26,60859.84,BR033,RM_005,Current
ACC_006414,CUST_06414,Current,2023-04-16,7310.59,BR007,RM_039,Current
ACC_006415,CUST_06415,Current,2023-08-16,14835.15,BR014,RM_012,Current
ACC_006416,CUST_06416,Savings,2025-09-25,236606.1,BR010,RM_029,Savings
ACC_006417,CUST_06417,Savings,2023-11-12,636365.01,BR012,RM_020,Savings
ACC_006418,CUST_06418,Salary,2023-11-01,22326.89,BR026,RM_070,Salary
ACC_006419,CUST_06419,Current,2022-11-30,18958.53,BR040,RM_050,Current
ACC_006420,CUST_06420,Savings,2024-04-03,77854.08,BR028,RM_073,Savings
ACC_006421,CUST_06421,Savings,2021-08-27,21127.15,BR045,RM_085,Savings
ACC_006422,CUST_06422,Savings,2025-05-31,7542.32,BR032,RM_070,Savings
ACC_006423,CUST_06423,Current,2022-06-18,2823.89,BR025,RM_055,Current
ACC_006424,CUST_06424,Savings,2025-07-18,11603.75,BR038,RM_040,Savings
ACC_006425,CUST_06425,Salary,2023-05-26,4618.8,BR021,RM_064,Salary
ACC_006426,CUST_06426,Savings,2025-12-05,33023.46,BR016,RM_032,Savings
ACC_006427,CUST_06427,Salary,2025-04-23,1416.61,BR034,RM_096,Salary
ACC_006428,CUST_06428,Savings,2025-12-30,27882.05,BR037,RM_031,Savings
ACC_006429,CUST_06429,Savings,2021-07-19,2130.31,BR029,RM_061,Savings
ACC_006430,CUST_06430,Savings,2023-12-03,3312.63,BR024,RM_043,Savings
ACC_006431,CUST_06431,Current,2021-10-18,28552.65,BR035,RM_045,Current
ACC_006432,CUST_06432,Savings,2024-03-17,29096.9,BR049,RM_087,Savings
ACC_006433,CUST_06433,Savings,2026-06-23,7624.57,BR017,RM_047,Savings
ACC_006434,CUST_06434,Salary,2023-09-20,39347.16,BR032,RM_059,Salary
ACC_006435,CUST_06435,Savings,2026-06-23,8557.09,BR019,RM_029,Savings
ACC_006436,CUST_06436,Savings,2025-10-22,60599.94,BR013,RM_055,Savings
ACC_006437,CUST_06437,Savings,2025-12-12,67149.33,BR040,RM_012,Savings
ACC_006438,CUST_06438,Salary,2024-09-02,8305.3,BR035,RM_028,Salary
ACC_006439,CUST_06439,Salary,2023-10-28,13612.52,BR032,RM_026,Salary
ACC_006440,CUST_06440,Salary,2025-06-08,-4407.35,BR016,RM_095,Salary
ACC_006441,CUST_06441,Salary,2023-05-01,90456.17,BR017,RM_014,Salary
ACC_006442,CUST_06442,Savings,2023-03-23,28285.86,BR003,RM_048,Savings
ACC_006443,CUST_06443,Salary,2024-05-04,167536.87,BR028,RM_060,Salary
ACC_006444,CUST_06444,Savings,2024-12-26,27574.46,BR039,RM_037,Savings
ACC_006445,CUST_06445,Current,2023-03-12,5596.22,BR017,RM_012,Current
ACC_006446,CUST_06446,Savings,2026-07-19,53795.93,BR050,RM_006,Savings
ACC_006447,CUST_06447,Current,2021-11-06,58883.0,BR037,RM_010,Current
ACC_006448,CUST_06448,Salary,2024-11-02,2027.68,BR006,RM_029,Salary
ACC_006449,CUST_06449,Savings,2021-02-26,11680.13,BR026,RM_040,Savings
ACC_006450,CUST_06450,Salary,2021-09-16,13609.8,BR041,RM_027,Salary
ACC_006451,CUST_06451,Savings,2024-05-14,86056.4,BR017,RM_040,Savings
ACC_006452,CUST_06452,Savings,2021-05-24,9379.84,BR037,RM_022,Savings
ACC_006453,CUST_06453,Savings,2022-12-05,20613.74,BR037,RM_039,Savings
ACC_006454,CUST_06454,Savings,2024-11-24,45288.1,BR047,RM_100,Savings
ACC_006455,CUST_06455,Savings,2025-10-28,66949.0,BR032,RM_016,Savings
ACC_006456,CUST_06456,Savings,2024-03-26,6440.33,BR031,RM_039,Savings
ACC_006457,CUST_06457,Salary,2025-07-02,4759.49,BR044,RM_041,Salary
ACC_006458,CUST_06458,Savings,2021-09-14,275451.73,BR006,RM_068,Savings
ACC_006459,CUST_06459,Salary,2026-01-20,14683.24,BR007,RM_011,Salary
ACC_006460,CUST_06460,Savings,2026-01-21,11403.1,BR033,RM_088,Savings
ACC_006461,CUST_06461,Savings,2023-09-03,20978.21,BR009,RM_028,Savings
ACC_006462,CUST_06462,Savings,2021-05-15,36260.35,BR013,RM_020,Savings
ACC_006463,CUST_06463,Savings,2021-11-24,35185.15,BR024,RM_095,Savings
ACC_006464,CUST_06464,Salary,2022-05-09,72016.56,BR014,RM_091,Salary
ACC_006465,CUST_06465,Current,2025-10-02,7564.57,BR005,RM_053,Current
ACC_006466,CUST_06466,Savings,2025-09-13,59826.84,BR016,RM_079,Savings
ACC_006467,CUST_06467,Savings,2023-05-31,13937.29,BR015,RM_043,Savings
ACC_006468,CUST_06468,Savings,2024-05-26,6929.6,BR022,RM_047,Savings
ACC_006469,CUST_06469,Savings,2024-01-16,55922.87,BR029,RM_027,Savings
ACC_006470,CUST_06470,Current,2023-05-12,149234.66,BR020,RM_077,Current
ACC_006471,CUST_06471,Savings,2021-10-14,8053.45,BR041,RM_059,Savings
ACC_006472,CUST_06472,Savings,2025-12-10,57895.1,BR042,RM_081,Savings
ACC_006473,CUST_06473,Savings,2022-08-02,769.11,BR036,RM_038,Savings
ACC_006474,CUST_06474,Salary,2024-05-21,93757.85,BR038,RM_095,Salary
ACC_006475,CUST_06475,Salary,2023-02-18,15008.48,BR019,RM_100,Salary
ACC_006476,CUST_06476,Savings,2025-07-16,124449.99,BR001,RM_013,Savings
ACC_006477,CUST_06477,Savings,2026-07-30,3378.93,BR015,RM_034,Savings
ACC_006478,CUST_06478,Current,2023-06-04,50738.21,BR048,RM_007,Current
ACC_006479,CUST_06479,Savings,2023-09-28,13264.01,BR008,RM_058,Savings
ACC_006480,CUST_06480,Savings,2024-01-21,10517.41,BR013,RM_070,Savings
ACC_006481,CUST_06481,Savings,2021-01-31,27709.25,BR019,RM_009,Savings
ACC_006482,CUST_06482,Savings,2022-01-22,10339.98,BR049,RM_090,Savings
ACC_006483,CUST_06483,Savings,2024-11-30,36159.7,BR019,RM_041,Savings
ACC_006484,CUST_06484,Savings,2022-08-04,9338.18,BR021,RM_048,Savings
ACC_006485,CUST_06485,Savings,2022-03-15,29942.43,BR010,RM_030,Savings
ACC_006486,CUST_06486,Salary,2022-04-11,9725.89,BR011,RM_075,Salary
ACC_006487,CUST_06487,Current,2024-03-23,197321.69,BR042,RM_088,Current
ACC_006488,CUST_06488,Savings,2021-10-22,1132.65,BR002,RM_015,Savings
ACC_006489,CUST_06489,Savings,2021-09-05,184741.61,BR025,RM_075,Savings
ACC_006490,CUST_06490,Current,2024-05-15,5948.07,BR021,RM_080,Current
ACC_006491,CUST_06491,Salary,2021-05-12,67607.82,BR046,RM_076,Salary
ACC_006492,CUST_06492,Savings,2021-11-14,19669.3,BR004,RM_037,Savings
ACC_006493,CUST_06493,Savings,2021-12-16,50142.01,BR022,RM_027,Savings
ACC_006494,CUST_06494,Current,2022-07-08,226955.58,BR046,RM_022,Current
ACC_006495,CUST_06495,Savings,2025-09-15,21522.35,BR043,RM_045,Savings
ACC_006496,CUST_06496,Current,2023-07-01,46555.33,BR012,RM_057,Current
ACC_006497,CUST_06497,Savings,2021-01-26,75695.98,BR045,RM_059,Savings
ACC_006498,CUST_06498,Savings,2021-09-04,5673.23,BR016,RM_009,Savings
ACC_006499,CUST_06499,Savings,2021-01-27,224135.15,BR036,RM_065,Savings
ACC_006500,CUST_06500,Savings,2021-06-09,53059.96,BR019,RM_030,Savings
ACC_006501,CUST_06501,Savings,2021-11-30,86088.57,BR001,RM_088,Savings
ACC_006502,CUST_06502,Savings,2021-05-28,1102455.39,BR050,RM_010,Savings
ACC_006503,CUST_06503,Savings,2024-01-16,131502.35,BR044,RM_015,Savings
ACC_006504,CUST_06504,Salary,2022-04-08,8829.72,BR049,RM_017,Salary
ACC_006505,CUST_06505,Savings,2026-07-08,198573.24,BR034,RM_041,Savings
ACC_006506,CUST_06506,Salary,2022-09-29,23497.35,BR001,RM_037,Salary
ACC_006507,CUST_06507,Savings,2023-02-12,1712.64,BR040,RM_086,Savings
ACC_006508,CUST_06508,Current,2022-06-15,7289.51,BR044,RM_065,Current
ACC_006509,CUST_06509,Savings,2023-10-07,523117.68,BR030,RM_039,Savings
ACC_006510,CUST_06510,Savings,2021-03-07,9791.62,BR036,RM_075,Savings
ACC_006511,CUST_06511,Savings,2022-08-21,106577.41,BR005,RM_012,Savings
ACC_006512,CUST_06512,Salary,2023-11-18,7465.6,BR005,RM_073,Salary
ACC_006513,CUST_06513,Savings,2026-03-24,140482.22,BR047,RM_023,Savings
ACC_006514,CUST_06514,Savings,2022-06-04,49879.79,BR024,RM_047,Savings
ACC_006515,CUST_06515,Savings,2021-01-18,7662.85,BR011,RM_098,Savings
ACC_006516,CUST_06516,Savings,2021-06-05,18634.91,BR016,RM_056,Savings
ACC_006517,CUST_06517,Savings,2024-04-29,9666.04,BR048,RM_080,Savings
ACC_006518,CUST_06518,Savings,2026-06-16,11438.96,BR008,RM_079,Savings
ACC_006519,CUST_06519,Salary,2023-10-11,17014.67,BR039,RM_095,Salary
ACC_006520,CUST_06520,Current,2022-05-07,739.97,BR020,RM_021,Current
ACC_006521,CUST_06521,Savings,2024-03-28,23736.25,BR027,RM_021,Savings
ACC_006522,CUST_06522,Savings,2023-12-06,1647951.16,BR017,RM_038,Savings
ACC_006523,CUST_06523,Savings,2021-09-07,307892.31,BR020,RM_067,Savings
ACC_006524,CUST_06524,Savings,2021-03-02,72393.08,BR031,RM_013,Savings
ACC_006525,CUST_06525,Salary,2023-09-29,88904.42,BR003,RM_080,Salary
ACC_006526,CUST_06526,Savings,2023-03-03,52915.89,BR032,RM_024,Savings
ACC_006527,CUST_06527,Savings,2024-08-21,5159.8,BR010,RM_059,Savings
ACC_006528,CUST_06528,Savings,2025-12-07,6915.26,BR007,RM_060,Savings
ACC_006529,CUST_06529,Savings,2023-06-28,6462.08,BR045,RM_045,Savings
ACC_006530,CUST_06530,Current,2021-04-22,13721.83,BR033,RM_045,Current
ACC_006531,CUST_06531,Current,2023-01-23,99069.18,BR011,RM_092,Current
ACC_006532,CUST_06532,Savings,2021-03-09,110640.97,BR021,RM_067,Savings
ACC_006533,CUST_06533,Savings,2022-07-22,19338.22,BR036,RM_056,Savings
ACC_006534,CUST_06534,Savings,2023-07-26,12885.63,BR036,RM_040,Savings
ACC_006535,CUST_06535,Savings,2024-05-20,3742.74,BR014,RM_058,Savings
ACC_006536,CUST_06536,Current,2024-08-06,724795.05,BR003,RM_040,Current
ACC_006537,CUST_06537,Savings,2025-09-09,1203.7,BR042,RM_061,Savings
ACC_006538,CUST_06538,Current,2023-03-13,15412.91,BR050,RM_011,Current
ACC_006539,CUST_06539,Savings,2021-10-01,46726.88,BR009,RM_061,Savings
ACC_006540,CUST_06540,Savings,2025-09-17,3510.65,BR044,RM_064,Savings
ACC_006541,CUST_06541,Savings,2022-11-23,12438.1,BR014,RM_087,Savings
ACC_006542,CUST_06542,Savings,2021-11-22,72846.6,BR021,RM_057,Savings
ACC_006543,CUST_06543,Salary,2022-10-10,11076.37,BR008,RM_057,Salary
ACC_006544,CUST_06544,Savings,2025-04-22,177097.85,BR041,RM_085,Savings
ACC_006545,CUST_06545,Current,2022-10-25,12033.65,BR003,RM_060,Current
ACC_006546,CUST_06546,Current,2023-09-09,5673.33,BR040,RM_039,Current
ACC_006547,CUST_06547,Savings,2026-01-09,4030.15,BR001,RM_063,Savings
ACC_006548,CUST_06548,Savings,2026-01-31,38319.8,BR049,RM_088,Savings
ACC_006549,CUST_06549,Savings,2023-06-16,8548.65,BR015,RM_061,Savings
ACC_006550,CUST_06550,Savings,2022-02-09,48913.85,BR013,RM_061,Savings
ACC_006551,CUST_06551,Salary,2024-01-20,66598.27,BR012,RM_058,Salary
ACC_006552,CUST_06552,Savings,2026-04-20,10225.28,BR036,RM_070,Savings
ACC_006553,CUST_06553,Savings,2021-12-12,54057.38,BR014,RM_071,Savings
ACC_006554,CUST_06554,Current,2022-03-06,9192.5,BR025,RM_099,Current
ACC_006555,CUST_06555,Savings,2022-12-24,55065.56,BR017,RM_005,Savings
ACC_006556,CUST_06556,Savings,2024-11-11,28687.19,BR027,RM_010,Savings
ACC_006557,CUST_06557,Savings,2025-03-01,86069.38,BR047,RM_078,Savings
ACC_006558,CUST_06558,Savings,2022-01-26,8094.9,BR004,RM_022,Savings
ACC_006559,CUST_06559,Savings,2023-04-25,21293.57,BR009,RM_065,Savings
ACC_006560,CUST_06560,Salary,2025-08-12,107304.43,BR007,RM_024,Salary
ACC_006561,CUST_06561,Savings,2024-08-02,2343.89,BR040,RM_052,Savings
ACC_006562,CUST_06562,Salary,2024-11-09,11456.27,BR027,RM_002,Salary
ACC_006563,CUST_06563,Savings,2025-12-16,22496.0,BR018,RM_023,Savings
ACC_006564,CUST_06564,Current,2025-01-29,43014.54,BR006,RM_086,Current
ACC_006565,CUST_06565,Savings,2024-06-22,7744.94,BR014,RM_030,Savings
ACC_006566,CUST_06566,Savings,2024-04-12,567484.78,BR005,RM_093,Savings
ACC_006567,CUST_06567,Current,2022-04-23,3150.71,BR042,RM_007,Current
ACC_006568,CUST_06568,Salary,2021-04-12,128702.15,BR048,RM_063,Salary
ACC_006569,CUST_06569,Savings,2021-08-04,1190.07,BR001,RM_009,Savings
ACC_006570,CUST_06570,Savings,2024-06-25,47320.42,BR009,RM_100,Savings
ACC_006571,CUST_06571,Savings,2025-06-04,38155.35,BR040,RM_080,Savings
ACC_006572,CUST_06572,Salary,2023-08-10,31125.5,BR025,RM_006,Salary
ACC_006573,CUST_06573,Salary,2023-07-09,19234.43,BR044,RM_041,Salary
ACC_006574,CUST_06574,Savings,2022-06-01,49412.76,BR021,RM_012,Savings
ACC_006575,CUST_06575,Savings,2024-08-10,6838.64,BR002,RM_014,Savings
ACC_006576,CUST_06576,Salary,2023-02-15,24890.5,BR042,RM_100,Salary
ACC_006577,CUST_06577,Current,2021-01-01,3106.25,BR012,RM_001,Current
ACC_006578,CUST_06578,Savings,2024-05-22,72476.23,BR025,RM_043,Savings
ACC_006579,CUST_06579,Savings,2023-04-16,36414.27,BR049,RM_016,Savings
ACC_006580,CUST_06580,Current,2025-01-06,113269.4,BR047,RM_022,Current
ACC_006581,CUST_06581,Savings,2021-04-15,1852.34,BR039,RM_001,Savings
ACC_006582,CUST_06582,Savings,2023-11-30,608581.83,BR022,RM_089,Savings
ACC_006583,CUST_06583,Savings,2022-04-25,46826.37,BR050,RM_021,Savings
ACC_006584,CUST_06584,Savings,2021-11-10,63693.12,BR012,RM_053,Savings
ACC_006585,CUST_06585,Savings,2026-03-13,10103.04,BR039,RM_086,Savings
ACC_006586,CUST_06586,Current,2024-04-21,30908.52,BR008,RM_076,Current
ACC_006587,CUST_06587,Savings,2022-12-01,-1208.8,BR042,RM_056,Savings
ACC_006588,CUST_06588,Current,2021-04-22,92106.39,BR033,RM_080,Current
ACC_006589,CUST_06589,Salary,2024-01-29,170200.16,BR036,RM_086,Salary
ACC_006590,CUST_06590,Savings,2024-05-19,26111.66,BR050,RM_080,Savings
ACC_006591,CUST_06591,Savings,2023-02-10,213253.39,BR036,RM_033,Savings
ACC_006592,CUST_06592,Savings,2026-02-05,42662.06,BR027,RM_075,Savings
ACC_006593,CUST_06593,Savings,2024-02-06,274056.33,BR034,RM_022,Savings
ACC_006594,CUST_06594,Savings,2023-06-17,22532.83,BR001,RM_044,Savings
ACC_006595,CUST_06595,Savings,2022-10-26,27782.99,BR002,RM_060,Savings
ACC_006596,CUST_06596,Savings,2023-03-19,29515.2,BR037,RM_010,Savings
ACC_006597,CUST_06597,Savings,2026-03-18,48755.27,BR011,RM_091,Savings
ACC_006598,CUST_06598,Salary,2022-10-11,96537.87,BR025,RM_049,Salary
ACC_006599,CUST_06599,Savings,2025-03-25,10290.68,BR022,RM_039,Savings
ACC_006600,CUST_06600,Savings,2024-05-21,6065.21,BR036,RM_094,Savings
ACC_006601,CUST_06601,Savings,2022-09-22,7866.25,BR035,RM_002,Savings
ACC_006602,CUST_06602,Savings,2021-01-01,15016.95,BR043,RM_045,Savings
ACC_006603,CUST_06603,Savings,2022-03-15,25866.18,BR048,RM_037,Savings
ACC_006604,CUST_06604,Salary,2026-01-25,20093.43,BR007,RM_048,Salary
ACC_006605,CUST_06605,Savings,2023-08-18,31666.16,BR044,RM_057,Savings
ACC_006606,CUST_06606,Salary,2024-08-10,263.07,BR008,RM_049,Salary
ACC_006607,CUST_06607,Savings,2021-07-04,32821.84,BR050,RM_021,Savings
ACC_006608,CUST_06608,Savings,2022-06-28,9200.92,BR020,RM_005,Savings
ACC_006609,CUST_06609,Current,2022-08-19,44277.7,BR037,RM_098,Current
ACC_006610,CUST_06610,Salary,2026-05-22,24953.59,BR035,RM_038,Salary
ACC_006611,CUST_06611,Savings,2024-08-14,181525.64,BR037,RM_079,Savings
ACC_006612,CUST_06612,Savings,2022-06-24,57858.97,BR011,RM_070,Savings
ACC_006613,CUST_06613,Savings,2023-11-14,16346.25,BR027,RM_013,Savings
ACC_006614,CUST_06614,Savings,2023-11-30,11527.2,BR016,RM_005,Savings
ACC_006615,CUST_06615,Savings,2023-12-20,77368.96,BR006,RM_097,Savings
ACC_006616,CUST_06616,Salary,2024-12-17,12196.99,BR015,RM_032,Salary
ACC_006617,CUST_06617,Savings,2026-05-05,74782.2,BR004,RM_020,Savings
ACC_006618,CUST_06618,Salary,2026-08-17,101296.33,BR009,RM_065,Salary
ACC_006619,CUST_06619,Savings,2023-01-31,4266.28,BR039,RM_031,Savings
ACC_006620,CUST_06620,Savings,2022-11-21,209227.25,BR010,RM_036,Savings
ACC_006621,CUST_06621,Savings,2022-10-31,2390.01,BR031,RM_075,Savings
ACC_006622,CUST_06622,Current,2025-08-09,19920.43,BR050,RM_041,Current
ACC_006623,CUST_06623,Savings,2025-11-16,1279.58,BR027,RM_057,Savings
ACC_006624,CUST_06624,Savings,2021-02-28,17184.91,BR025,RM_035,Savings
ACC_006625,CUST_06625,Salary,2021-07-01,1914229.31,BR024,RM_046,Salary
ACC_006626,CUST_06626,Current,2021-01-25,30652.69,BR032,RM_089,Current
ACC_006627,CUST_06627,Savings,2026-05-19,10706.73,BR036,RM_066,Savings
ACC_006628,CUST_06628,Current,2021-12-28,74023.17,BR041,RM_053,Current
ACC_006629,CUST_06629,Savings,2022-05-26,4983.2,BR033,RM_055,Savings
ACC_006630,CUST_06630,Current,2022-11-04,116673.11,BR024,RM_001,Current
ACC_006631,CUST_06631,Savings,2023-04-03,12871.84,BR038,RM_002,Savings
ACC_006632,CUST_06632,Savings,2026-03-06,10109.88,BR008,RM_023,Savings
ACC_006633,CUST_06633,Savings,2024-05-14,1962.0,BR024,RM_054,Savings
ACC_006634,CUST_06634,Savings,2026-11-27,4564.98,BR047,RM_046,Savings
ACC_006635,CUST_06635,Current,2021-06-07,12790.47,BR050,RM_011,Current
ACC_006636,CUST_06636,Current,2022-11-20,264.64,BR015,RM_023,Current
ACC_006637,CUST_06637,Savings,2023-07-24,2781.69,BR049,RM_045,Savings
ACC_006638,CUST_06638,Savings,2025-08-23,8839.24,BR028,RM_011,Savings
ACC_006639,CUST_06639,Savings,2026-04-22,7893.62,BR002,RM_043,Savings
ACC_006640,CUST_06640,Savings,2026-01-18,15703.72,BR047,RM_060,Savings
ACC_006641,CUST_06641,Salary,2022-05-03,78470.9,BR001,RM_014,Salary
ACC_006642,CUST_06642,Savings,2022-02-04,1019.7,BR015,RM_064,Savings
ACC_006643,CUST_06643,Savings,2024-03-10,43492.63,BR036,RM_090,Savings
ACC_006644,CUST_06644,Salary,2021-08-01,29154.06,BR021,RM_005,Salary
ACC_006645,CUST_06645,Savings,2024-10-15,336532.73,BR010,RM_068,Savings
ACC_006646,CUST_06646,Salary,2023-09-14,359765.88,BR039,RM_049,Salary
ACC_006647,CUST_06647,Salary,2024-11-22,35724.22,BR009,RM_060,Salary
ACC_006648,CUST_06648,Savings,2026-07-02,60280.24,BR033,RM_018,Savings
ACC_006649,CUST_06649,Savings,2025-10-13,11956.93,BR012,RM_065,Savings
ACC_006650,CUST_06650,Salary,2022-12-07,103746.32,BR001,RM_046,Salary
ACC_006651,CUST_06651,Savings,2024-11-23,50475.65,BR008,RM_009,Savings
ACC_006652,CUST_06652,Savings,2025-02-16,39922.6,BR039,RM_013,Savings
ACC_006653,CUST_06653,Salary,2023-08-06,186290.7,BR011,RM_053,Salary
ACC_006654,CUST_06654,Savings,2023-11-12,65576.18,BR041,RM_059,Savings
ACC_006655,CUST_06655,Savings,2027-04-30,9664.11,BR030,RM_038,Savings
ACC_006656,CUST_06656,Savings,2024-02-01,48170.44,BR025,RM_063,Savings
ACC_006657,CUST_06657,Salary,2023-04-28,10194.55,BR038,RM_006,Salary
ACC_006658,CUST_06658,Savings,2025-04-24,95665.11,BR011,RM_025,Savings
ACC_006659,CUST_06659,Savings,2026-06-02,97540.55,BR037,RM_045,Savings
ACC_006660,CUST_06660,Savings,2025-08-17,40453.12,BR049,RM_068,Savings
ACC_006661,CUST_06661,Savings,2024-12-23,473056.49,BR025,RM_098,Savings
ACC_006662,CUST_06662,Savings,2025-08-29,41373.8,BR023,RM_032,Savings
ACC_006663,CUST_06663,Savings,2021-07-04,196416.15,BR009,RM_025,Savings
ACC_006664,CUST_06664,Savings,2023-02-07,40931.17,BR031,RM_073,Savings
ACC_006665,CUST_06665,Savings,2026-06-01,19621.05,BR005,RM_059,Savings
ACC_006666,CUST_06666,Savings,2026-08-01,5231.85,BR023,RM_041,Savings
ACC_006667,CUST_06667,Savings,2023-11-22,225631.29,BR045,RM_046,Savings
ACC_006668,CUST_06668,Savings,2022-08-19,2832.26,BR045,RM_027,Savings
ACC_006669,CUST_06669,Current,2025-11-06,15086.48,BR040,RM_035,Current
ACC_006670,CUST_06670,Savings,2023-05-06,61354.76,BR009,RM_086,Savings
ACC_006671,CUST_06671,Savings,2023-03-31,433848.22,BR001,RM_061,Savings
ACC_006672,CUST_06672,Savings,2024-03-21,-3672.95,BR043,RM_053,Savings
ACC_006673,CUST_06673,Savings,2025-03-27,169409.57,BR009,RM_069,Savings
ACC_006674,CUST_06674,Savings,2024-04-01,2474.04,BR044,RM_093,Savings
ACC_006675,CUST_06675,Savings,2025-12-03,1744.77,BR033,RM_031,Savings
ACC_006676,CUST_06676,Savings,2023-04-19,9736.12,BR037,RM_004,Savings
ACC_006677,CUST_06677,Savings,2024-02-03,49025.62,BR040,RM_065,Savings
ACC_006678,CUST_06678,Savings,2023-04-30,6463.82,BR038,RM_083,Savings
ACC_006679,CUST_06679,Savings,2021-07-07,17083.01,BR014,RM_059,Savings
ACC_006680,CUST_06680,Savings,2021-04-23,10317.33,BR020,RM_001,Savings
ACC_006681,CUST_06681,Savings,2025-11-02,122682.03,BR020,RM_076,Savings
ACC_006682,CUST_06682,Savings,2024-11-15,22094.91,BR026,RM_080,Savings
ACC_006683,CUST_06683,Savings,2025-08-12,27455.15,BR028,RM_094,Savings
ACC_006684,CUST_06684,Savings,2025-05-29,156500.71,BR013,RM_066,Savings
ACC_006685,CUST_06685,Savings,2024-03-13,1420.9,BR037,RM_054,Savings
ACC_006686,CUST_06686,Savings,2022-09-14,7408.61,BR007,RM_017,Savings
ACC_006687,CUST_06687,Savings,2027-03-30,30101.12,BR038,RM_062,Savings
ACC_006688,CUST_06688,Current,2027-01-14,8337.16,BR010,RM_031,Current
ACC_006689,CUST_06689,Current,2023-01-15,26561.67,BR020,RM_045,Current
ACC_006690,CUST_06690,Savings,2025-02-05,62449.85,BR002,RM_008,Savings
ACC_006691,CUST_06691,Salary,2025-08-24,23339.61,BR029,RM_023,Salary
ACC_006692,CUST_06692,Current,2024-03-04,5101.51,BR042,RM_053,Current
ACC_006693,CUST_06693,Savings,2025-01-13,15815.89,BR007,RM_006,Savings
ACC_006694,CUST_06694,Savings,2026-01-06,259798.05,BR022,RM_045,Savings
ACC_006695,CUST_06695,Savings,2026-01-28,30955.33,BR048,RM_060,Savings
ACC_006696,CUST_06696,Savings,2026-06-17,16035.22,BR007,RM_097,Savings
ACC_006697,CUST_06697,Savings,2022-06-22,8111.23,BR048,RM_079,Savings
ACC_006698,CUST_06698,Savings,2023-09-01,17915.83,BR050,RM_073,Savings
ACC_006699,CUST_06699,Savings,2024-07-29,2871.29,BR018,RM_044,Savings
ACC_006700,CUST_06700,Savings,2026-02-24,40927.46,BR040,RM_021,Savings
ACC_006701,CUST_06701,Salary,2025-11-14,1345.71,BR028,RM_057,Salary
ACC_006702,CUST_06702,Savings,2025-07-18,25285.07,BR013,RM_055,Savings
ACC_006703,CUST_06703,Savings,2021-03-25,28030.97,BR022,RM_072,Savings
ACC_006704,CUST_06704,Savings,2022-01-28,52555.53,BR005,RM_051,Savings
ACC_006705,CUST_06705,Savings,2022-08-22,139473.97,BR037,RM_027,Savings
ACC_006706,CUST_06706,Current,2023-09-11,932.38,BR038,RM_012,Current
ACC_006707,CUST_06707,Current,2024-07-30,160921.62,BR008,RM_054,Current
ACC_006708,CUST_06708,Savings,2021-10-10,52801.74,BR036,RM_041,Savings
ACC_006709,CUST_06709,Savings,2021-08-08,4880.84,BR040,RM_088,Savings
ACC_006710,CUST_06710,Current,2024-11-25,17155.59,BR028,RM_076,Current
ACC_006711,CUST_06711,Savings,2021-12-05,70056.19,BR045,RM_088,Savings
ACC_006712,CUST_06712,Savings,2026-04-22,-2205.81,BR020,RM_047,Savings
ACC_006713,CUST_06713,Salary,2023-10-28,81837.6,BR013,RM_035,Salary
ACC_006714,CUST_06714,Current,2022-08-11,425488.58,BR008,RM_003,Current
ACC_006715,CUST_06715,Savings,2025-02-22,12165.59,BR010,RM_098,Savings
ACC_006716,CUST_06716,Savings,2024-01-29,11858.98,BR021,RM_020,Savings
ACC_006717,CUST_06717,Salary,2021-09-05,141556.97,BR015,RM_077,Salary
ACC_006718,CUST_06718,Current,2026-06-01,83554.66,BR031,RM_013,Current
ACC_006719,CUST_06719,Savings,2026-05-21,-3714.78,BR003,RM_055,Savings
ACC_006720,CUST_06720,Savings,2023-07-06,4423.04,BR013,RM_039,Savings
ACC_006721,CUST_06721,Savings,2021-01-25,15579.81,BR019,RM_099,Savings
ACC_006722,CUST_06722,Salary,2025-09-09,61146.13,BR014,RM_097,Salary
ACC_006723,CUST_06723,Savings,2023-06-15,109640.79,BR012,RM_072,Savings
ACC_006724,CUST_06724,Salary,2021-03-01,1541.33,BR025,RM_030,Salary
ACC_006725,CUST_06725,Savings,2021-09-13,7498.82,BR009,RM_083,Savings
ACC_006726,CUST_06726,Savings,2021-05-08,13650.65,BR015,RM_092,Savings
ACC_006727,CUST_06727,Savings,2021-10-04,13446.9,BR050,RM_100,Savings
ACC_006728,CUST_06728,Salary,2024-11-30,4103.91,BR010,RM_034,Salary
ACC_006729,CUST_06729,Savings,2022-01-08,79876.9,BR035,RM_072,Savings
ACC_006730,CUST_06730,Savings,2021-07-10,2946.24,BR044,RM_008,Savings
ACC_006731,CUST_06731,Savings,2022-08-19,82033.33,BR017,RM_074,Savings
ACC_006732,CUST_06732,Savings,2022-09-08,9565.75,BR002,RM_082,Savings
ACC_006733,CUST_06733,Savings,2025-11-20,110696.38,BR030,RM_006,Savings
ACC_006734,CUST_06734,Current,2021-07-07,7586.96,BR016,RM_001,Current
ACC_006735,CUST_06735,Savings,2024-04-15,143544.95,BR018,RM_007,Savings
ACC_006736,CUST_06736,Salary,2021-10-08,40045.89,BR031,RM_005,Salary
ACC_006737,CUST_06737,Savings,2024-09-27,17863.97,BR036,RM_085,Savings
ACC_006738,CUST_06738,Savings,2025-11-29,3848.27,BR042,RM_015,Savings
ACC_006739,CUST_06739,Salary,2021-05-12,123505.71,BR002,RM_018,Salary
ACC_006740,CUST_06740,Savings,2023-08-14,60973.53,BR007,RM_098,Savings
ACC_006741,CUST_06741,Savings,2024-11-07,88004.31,BR043,RM_034,Savings
ACC_006742,CUST_06742,Savings,2026-03-04,8133.88,BR025,RM_072,Savings
ACC_006743,CUST_06743,Savings,2021-04-06,64020.72,BR006,RM_048,Savings
ACC_006744,CUST_06744,Current,2023-11-08,81133.98,BR036,RM_031,Current
ACC_006745,CUST_06745,Savings,2023-06-17,41026.95,BR001,RM_068,Savings
ACC_006746,CUST_06746,Current,2023-10-21,249486.87,BR037,RM_058,Current
ACC_006747,CUST_06747,Savings,2026-04-22,5758.56,BR045,RM_089,Savings
ACC_006748,CUST_06748,Current,2026-11-01,29773.19,BR046,RM_045,Current
ACC_006749,CUST_06749,Savings,2022-02-04,28696.04,BR050,RM_056,Savings
ACC_006750,CUST_06750,Current,2025-06-11,3396.73,BR022,RM_091,Current
ACC_006751,CUST_06751,Savings,2022-02-18,893505.28,BR033,RM_011,Savings
ACC_006752,CUST_06752,Savings,2026-02-27,14655.43,BR045,RM_014,Savings
ACC_006753,CUST_06753,Savings,2026-01-22,5251.67,BR033,RM_092,Savings
ACC_006754,CUST_06754,Current,2021-04-08,94217.03,BR031,RM_100,Current
ACC_006755,CUST_06755,Savings,2024-03-02,9528.85,BR013,RM_049,Savings
ACC_006756,CUST_06756,Current,2023-01-05,139005.96,BR035,RM_016,Current
ACC_006757,CUST_06757,Savings,2023-04-04,4087.84,BR047,RM_066,Savings
ACC_006758,CUST_06758,Savings,2025-04-16,1246.63,BR019,RM_057,Savings
ACC_006759,CUST_06759,Savings,2021-06-20,73345.91,BR048,RM_047,Savings
ACC_006760,CUST_06760,Savings,2023-08-29,2885.36,BR020,RM_017,Savings
ACC_006761,CUST_06761,Savings,2023-09-08,41944.66,BR032,RM_075,Savings
ACC_006762,CUST_06762,Salary,2022-05-14,14189.79,BR025,RM_059,Salary
ACC_006763,CUST_06763,Salary,2021-02-03,28922.63,BR048,RM_034,Salary
ACC_006764,CUST_06764,Savings,2021-03-26,171288.7,BR028,RM_080,Savings
ACC_006765,CUST_06765,Savings,2021-07-26,6524.4,BR002,RM_018,Savings
ACC_006766,CUST_06766,Savings,2022-12-20,162016.5,BR003,RM_049,Savings
ACC_006767,CUST_06767,Salary,2023-03-20,6290.48,BR026,RM_034,Salary
ACC_006768,CUST_06768,Savings,2023-07-27,7657.92,BR025,RM_017,Savings
ACC_006769,CUST_06769,Savings,2024-09-02,96691.17,BR047,RM_075,Savings
ACC_006770,CUST_06770,Savings,2021-06-29,7088.74,BR025,RM_031,Savings
ACC_006771,CUST_06771,Savings,2022-01-09,67002.48,BR017,RM_088,Savings
ACC_006772,CUST_06772,Current,2022-12-19,3120.31,BR001,RM_078,Current
ACC_006773,CUST_06773,Savings,2021-01-11,31860.43,BR042,RM_045,Savings
ACC_006774,CUST_06774,Savings,2021-10-15,17467.05,BR015,RM_004,Savings
ACC_006775,CUST_06775,Savings,2023-06-02,85772.85,BR023,RM_039,Savings
ACC_006776,CUST_06776,Savings,2023-11-15,11250.85,BR026,RM_030,Savings
ACC_006777,CUST_06777,Savings,2025-07-31,14466.55,BR033,RM_079,Savings
ACC_006778,CUST_06778,Savings,2022-12-30,8603.14,BR014,RM_011,Savings
ACC_006779,CUST_06779,Savings,2025-06-08,6776.13,BR012,RM_011,Savings
ACC_006780,CUST_06780,Savings,2025-12-01,29005.26,BR050,RM_014,Savings
ACC_006781,CUST_06781,Savings,2024-12-08,206530.33,BR022,RM_008,Savings
ACC_006782,CUST_06782,Savings,2022-07-22,332304.63,BR037,RM_017,Savings
ACC_006783,CUST_06783,Savings,2025-12-14,9344.98,BR004,RM_100,Savings
ACC_006784,CUST_06784,Savings,2025-12-20,16164.39,BR034,RM_098,Savings
ACC_006785,CUST_06785,Salary,2021-01-20,81418.75,BR034,RM_027,Salary
ACC_006786,CUST_06786,Savings,2023-09-10,6144.27,BR048,RM_006,Savings
ACC_006787,CUST_06787,Salary,2025-11-20,246585.25,BR050,RM_014,Salary
ACC_006788,CUST_06788,Savings,2021-02-10,94790.87,BR028,RM_082,Savings
ACC_006789,CUST_06789,Salary,2024-09-18,8806.81,BR043,RM_077,Salary
ACC_006790,CUST_06790,Savings,2021-11-05,7746.53,BR016,RM_090,Savings
ACC_006791,CUST_06791,Savings,2022-12-15,4035367.65,BR022,RM_021,Savings
ACC_006792,CUST_06792,Salary,2023-09-19,4199.76,BR007,RM_058,Salary
ACC_006793,CUST_06793,Savings,2026-07-22,3547.8,BR027,RM_013,Savings
ACC_006794,CUST_06794,Savings,2025-04-05,2241.11,BR011,RM_076,Savings
ACC_006795,CUST_06795,Salary,2025-11-12,14085.68,BR013,RM_014,Salary
ACC_006796,CUST_06796,Savings,2024-05-01,-634.59,BR042,RM_099,Savings
ACC_006797,CUST_06797,Salary,2024-08-18,16578.43,BR042,RM_064,Salary
ACC_006798,CUST_06798,Salary,2022-05-11,10930.82,BR028,RM_077,Salary
ACC_006799,CUST_06799,Current,2022-08-19,2320.21,BR032,RM_100,Current
ACC_006800,CUST_06800,Savings,2022-10-07,3507.45,BR047,RM_082,Savings
ACC_006801,CUST_06801,Salary,2023-01-31,22960.76,BR024,RM_065,Salary
ACC_006802,CUST_06802,Savings,2025-04-14,197050.07,BR031,RM_070,Savings
ACC_006803,CUST_06803,Savings,2024-04-30,9566.47,BR026,RM_058,Savings
ACC_006804,CUST_06804,Salary,2024-10-11,92212.1,BR029,RM_014,Salary
ACC_006805,CUST_06805,Current,2025-03-11,5113.19,BR034,RM_072,Current
ACC_006806,CUST_06806,Savings,2023-09-27,9878.97,BR014,RM_003,Savings
ACC_006807,CUST_06807,Savings,2022-01-30,59521.13,BR029,RM_038,Savings
ACC_006808,CUST_06808,Savings,2024-06-09,-826.62,BR040,RM_005,Savings
ACC_006809,CUST_06809,Current,2024-02-19,149494.69,BR032,RM_097,Current
ACC_006810,CUST_06810,Current,2025-06-05,1229.38,BR043,RM_090,Current
ACC_006811,CUST_06811,Savings,2024-08-16,18991.98,BR013,RM_010,Savings
ACC_006812,CUST_06812,Savings,2025-09-07,29677.38,BR041,RM_070,Savings
ACC_006813,CUST_06813,Savings,2022-05-27,12475.64,BR047,RM_025,Savings
ACC_006814,CUST_06814,Savings,2026-06-09,78933.23,BR020,RM_098,Savings
ACC_006815,CUST_06815,Current,2023-07-18,103724.81,BR017,RM_035,Current
ACC_006816,CUST_06816,Savings,2025-06-03,1770544.12,BR048,RM_007,Savings
ACC_006817,CUST_06817,Savings,2026-02-19,12482.53,BR030,RM_051,Savings
ACC_006818,CUST_06818,Salary,2026-04-12,6331.37,BR036,RM_089,Salary
ACC_006819,CUST_06819,Savings,2025-07-07,13472.42,BR041,RM_095,Savings
ACC_006820,CUST_06820,Savings,2022-12-02,10146.66,BR004,RM_051,Savings
ACC_006821,CUST_06821,Savings,2025-10-24,1610.17,BR011,RM_084,Savings
ACC_006822,CUST_06822,Savings,2022-06-05,8302.64,BR049,RM_087,Savings
ACC_006823,CUST_06823,Current,2023-12-14,30480.31,BR048,RM_056,Current
ACC_006824,CUST_06824,Savings,2023-03-23,147662.36,BR041,RM_007,Savings
ACC_006825,CUST_06825,Salary,2021-08-26,86862.43,BR034,RM_052,Salary
ACC_006826,CUST_06826,Salary,2023-05-23,268180.97,BR019,RM_010,Salary
ACC_006827,CUST_06827,Savings,2025-10-11,-371.75,BR022,RM_051,Savings
ACC_006828,CUST_06828,Current,2022-10-17,33579.42,BR036,RM_065,Current
ACC_006829,CUST_06829,Current,2021-01-14,5856.74,BR027,RM_053,Current
ACC_006830,CUST_06830,Current,2021-04-08,44503.65,BR004,RM_058,Current
ACC_006831,CUST_06831,Savings,2023-01-10,44695.88,BR011,RM_095,Savings
ACC_006832,CUST_06832,Salary,2025-10-30,8185.6,BR003,RM_091,Salary
ACC_006833,CUST_06833,Savings,2022-10-26,13187.46,BR035,RM_100,Savings
ACC_006834,CUST_06834,Salary,2025-11-21,17802.62,BR034,RM_057,Salary
ACC_006835,CUST_06835,Savings,2024-10-20,114713.08,BR006,RM_020,Savings
ACC_006836,CUST_06836,Savings,2021-04-26,86896.86,BR009,RM_079,Savings
ACC_006837,CUST_06837,Savings,2023-09-04,15313.33,BR048,RM_077,Savings
ACC_006838,CUST_06838,Savings,2025-02-27,-449.85,BR016,RM_092,Savings
ACC_006839,CUST_06839,Salary,2025-01-25,85602.06,BR043,RM_093,Salary
ACC_006840,CUST_06840,Current,2024-09-03,5244.59,BR004,RM_018,Current
ACC_006841,CUST_06841,Current,2024-03-08,56145.41,BR043,RM_005,Current
ACC_006842,CUST_06842,Salary,2025-02-12,380835.5,BR010,RM_058,Salary
ACC_006843,CUST_06843,Salary,2023-06-16,107504.01,BR007,RM_052,Salary
ACC_006844,CUST_06844,Savings,2021-09-10,10495.62,BR038,RM_032,Savings
ACC_006845,CUST_06845,Savings,2021-10-15,1864.86,BR042,RM_038,Savings
ACC_006846,CUST_06846,Savings,2021-05-05,46178.45,BR004,RM_004,Savings
ACC_006847,CUST_06847,Savings,2024-09-12,116626.89,BR013,RM_079,Savings
ACC_006848,CUST_06848,Savings,2025-05-17,13036.53,BR006,RM_027,Savings
ACC_006849,CUST_06849,Salary,2023-12-26,42855.11,BR015,RM_034,Salary
ACC_006850,CUST_06850,Savings,2022-06-04,18115.52,BR016,RM_089,Savings
ACC_006851,CUST_06851,Savings,2021-03-25,44136.62,BR035,RM_011,Savings
ACC_006852,CUST_06852,Savings,2023-07-12,6214.2,BR001,RM_041,Savings
ACC_006853,CUST_06853,Savings,2025-01-13,71966.14,BR014,RM_063,Savings
ACC_006854,CUST_06854,Savings,2023-03-31,56090.02,BR029,RM_017,Savings
ACC_006855,CUST_06855,Savings,2024-09-27,20215.72,BR050,RM_071,Savings
ACC_006856,CUST_06856,Salary,2022-11-04,18775.52,BR048,RM_055,Salary
ACC_006857,CUST_06857,Savings,2025-01-16,33273.35,BR019,RM_093,Savings
ACC_006858,CUST_06858,Current,2022-10-14,84088.81,BR028,RM_090,Current
ACC_006859,CUST_06859,Savings,2024-04-23,20787.55,BR001,RM_073,Savings
ACC_006860,CUST_06860,Savings,2024-05-15,350363.78,BR014,RM_100,Savings
ACC_006861,CUST_06861,Savings,2023-09-10,48222.27,BR044,RM_096,Savings
ACC_006862,CUST_06862,Current,2022-05-06,22661.53,BR043,RM_044,Current
ACC_006863,CUST_06863,Savings,2025-04-01,54647.91,BR039,RM_006,Savings
ACC_006864,CUST_06864,Current,2025-08-25,1260134.28,BR027,RM_012,Current
ACC_006865,CUST_06865,Savings,2025-05-09,45348.58,BR023,RM_016,Savings
ACC_006866,CUST_06866,Salary,2021-12-29,903102.47,BR019,RM_097,Salary
ACC_006867,CUST_06867,Savings,2026-04-26,20874.18,BR031,RM_044,Savings
ACC_006868,CUST_06868,Salary,2023-04-03,427686.32,BR019,RM_098,Salary
ACC_006869,CUST_06869,Salary,2024-08-11,155160.86,BR036,RM_084,Salary
ACC_006870,CUST_06870,Savings,2022-03-18,200310.24,BR049,RM_082,Savings
ACC_006871,CUST_06871,Savings,2022-07-04,31501.18,BR044,RM_049,Savings
ACC_006872,CUST_06872,Current,2023-06-30,3595.72,BR032,RM_070,Current
ACC_006873,CUST_06873,Savings,2025-06-25,231712.07,BR046,RM_024,Savings
ACC_006874,CUST_06874,Savings,2025-06-30,38739.05,BR037,RM_044,Savings
ACC_006875,CUST_06875,Savings,2022-01-24,12550.88,BR039,RM_012,Savings
ACC_006876,CUST_06876,Savings,2023-01-21,2810.94,BR040,RM_053,Savings
ACC_006877,CUST_06877,Current,2023-02-24,3505.3,BR012,RM_085,Current
ACC_006878,CUST_06878,Salary,2021-04-02,48939.06,BR007,RM_025,Salary
ACC_006879,CUST_06879,Savings,2024-12-20,5551.25,BR038,RM_008,Savings
ACC_006880,CUST_06880,Savings,2022-10-04,9294.96,BR040,RM_088,Savings
ACC_006881,CUST_06881,Current,2024-05-20,8622.54,BR021,RM_046,Current
ACC_006882,CUST_06882,Current,2025-01-26,25186.54,BR005,RM_029,Current
ACC_006883,CUST_06883,Savings,2021-12-14,17899.9,BR026,RM_041,Savings
ACC_006884,CUST_06884,Savings,2024-01-24,305404.94,BR014,RM_039,Savings
ACC_006885,CUST_06885,Savings,2025-04-10,2429.74,BR011,RM_025,Savings
ACC_006886,CUST_06886,Savings,2021-10-27,128327.13,BR008,RM_035,Savings
ACC_006887,CUST_06887,Savings,2024-09-22,2254.91,BR017,RM_043,Savings
ACC_006888,CUST_06888,Salary,2023-04-29,14093.55,BR021,RM_014,Salary
ACC_006889,CUST_06889,Savings,2021-08-01,20466.73,BR033,RM_044,Savings
ACC_006890,CUST_06890,Savings,2023-01-14,11005.71,BR010,RM_099,Savings
ACC_006891,CUST_06891,Savings,2024-08-07,1586.14,BR039,RM_048,Savings
ACC_006892,CUST_06892,Savings,2026-01-09,12574.61,BR049,RM_048,Savings
ACC_006893,CUST_06893,Savings,2023-11-04,4649.47,BR047,RM_048,Savings
ACC_006894,CUST_06894,Savings,2022-08-08,114156.41,BR031,RM_014,Savings
ACC_006895,CUST_06895,Savings,2026-03-13,938.1,BR039,RM_038,Savings
ACC_006896,CUST_06896,Savings,2023-11-26,1459.86,BR006,RM_096,Savings
ACC_006897,CUST_06897,Savings,2022-03-11,111985.37,BR006,RM_043,Savings
ACC_006898,CUST_06898,Savings,2022-03-23,23880.45,BR024,RM_065,Savings
ACC_006899,CUST_06899,Salary,2021-07-05,12838.48,BR031,RM_084,Salary
ACC_006900,CUST_06900,Savings,2023-08-28,152369.81,BR042,RM_079,Savings
ACC_006901,CUST_06901,Savings,2021-04-04,5307.43,BR029,RM_050,Savings
ACC_006902,CUST_06902,Savings,2024-03-15,17354.37,BR020,RM_055,Savings
ACC_006903,CUST_06903,Salary,2026-04-06,11067.77,BR043,RM_027,Salary
ACC_006904,CUST_06904,Salary,2021-06-27,4045.23,BR026,RM_084,Salary
ACC_006905,CUST_06905,Savings,2021-10-30,17444.47,BR035,RM_013,Savings
ACC_006906,CUST_06906,Savings,2026-01-07,6281.19,BR010,RM_093,Savings
ACC_006907,CUST_06907,Savings,2022-02-23,21532.8,BR001,RM_020,Savings
ACC_006908,CUST_06908,Savings,2023-09-14,51010.95,BR016,RM_034,Savings
ACC_006909,CUST_06909,Savings,2026-02-14,8573.18,BR037,RM_012,Savings
ACC_006910,CUST_06910,Savings,2021-01-11,57366.14,BR039,RM_056,Savings
ACC_006911,CUST_06911,Savings,2023-02-13,10912.47,BR034,RM_009,Savings
ACC_006912,CUST_06912,Savings,2021-06-01,7307.69,BR002,RM_082,Savings
ACC_006913,CUST_06913,Salary,2025-01-21,3066.16,BR015,RM_035,Salary
ACC_006914,CUST_06914,Savings,2023-01-01,14124.18,BR036,RM_017,Savings
ACC_006915,CUST_06915,Salary,2022-08-30,38978.85,BR020,RM_006,Salary
ACC_006916,CUST_06916,Savings,2021-05-15,15342.41,BR047,RM_096,Savings
ACC_006917,CUST_06917,Salary,2023-05-17,975691.2,BR039,RM_066,Salary
ACC_006918,CUST_06918,Current,2024-05-01,6117.7,BR048,RM_041,Current
ACC_006919,CUST_06919,Savings,2023-02-14,13149.13,BR011,RM_007,Savings
ACC_006920,CUST_06920,Savings,2026-05-11,32397.03,BR044,RM_045,Savings
ACC_006921,CUST_06921,Savings,2024-11-07,49511.36,BR008,RM_079,Savings
ACC_006922,CUST_06922,Salary,2021-01-16,15777.84,BR015,RM_064,Salary
ACC_006923,CUST_06923,Savings,2025-06-07,205776.94,BR041,RM_085,Savings
ACC_006924,CUST_06924,Savings,2023-02-25,35963.77,BR047,RM_050,Savings
ACC_006925,CUST_06925,Savings,2024-05-12,18456.47,BR020,RM_062,Savings
ACC_006926,CUST_06926,Current,2021-12-25,50356.97,BR026,RM_049,Current
ACC_006927,CUST_06927,Savings,2026-03-01,51983.44,BR026,RM_097,Savings
ACC_006928,CUST_06928,Salary,2021-05-30,305.16,BR033,RM_021,Salary
ACC_006929,CUST_06929,Savings,2026-06-06,76313.43,BR045,RM_076,Savings
ACC_006930,CUST_06930,Savings,2021-01-03,25877.18,BR040,RM_035,Savings
ACC_006931,CUST_06931,Savings,2024-09-30,181966.68,BR028,RM_056,Savings
ACC_006932,CUST_06932,Savings,2023-09-18,61011.49,BR019,RM_016,Savings
ACC_006933,CUST_06933,Savings,2026-01-12,415271.72,BR049,RM_066,Savings
ACC_006934,CUST_06934,Savings,2021-02-07,14929.05,BR025,RM_029,Savings
ACC_006935,CUST_06935,Savings,2024-07-22,4732.21,BR005,RM_088,Savings
ACC_006936,CUST_06936,Savings,2023-11-20,8675.34,BR030,RM_031,Savings
ACC_006937,CUST_06937,Savings,2023-09-25,27392.2,BR001,RM_026,Savings
ACC_006938,CUST_06938,Savings,2025-03-18,51453.34,BR040,RM_006,Savings
ACC_006939,CUST_06939,Savings,2023-08-20,3070.03,BR012,RM_025,Savings
ACC_006940,CUST_06940,Savings,2023-05-09,25087.31,BR032,RM_084,Savings
ACC_006941,CUST_06941,Savings,2026-05-03,4883.94,BR010,RM_076,Savings
ACC_006942,CUST_06942,Savings,2023-12-22,2424.36,BR048,RM_032,Savings
ACC_006943,CUST_06943,Savings,2022-06-10,1446.73,BR036,RM_039,Savings
ACC_006944,CUST_06944,Savings,2022-09-09,101876.34,BR031,RM_060,Savings
ACC_006945,CUST_06945,Current,2025-05-17,28889.92,BR046,RM_047,Current
ACC_006946,CUST_06946,Savings,2021-12-16,82835.99,BR024,RM_097,Savings
ACC_006947,CUST_06947,Savings,2022-09-15,20662.73,BR006,RM_032,Savings
ACC_006948,CUST_06948,Savings,2023-11-23,29717.91,BR030,RM_008,Savings
ACC_006949,CUST_06949,Savings,2023-08-10,31513.86,BR015,RM_042,Savings
ACC_006950,CUST_06950,Current,2024-05-22,33847.56,BR005,RM_053,Current
ACC_006951,CUST_06951,Savings,2025-04-11,420607.82,BR031,RM_024,Savings
ACC_006952,CUST_06952,Current,2022-08-10,25061.15,BR019,RM_054,Current
ACC_006953,CUST_06953,Savings,2024-10-01,30600.94,BR014,RM_059,Savings
ACC_006954,CUST_06954,Savings,2023-03-22,38612.17,BR013,RM_023,Savings
ACC_006955,CUST_06955,Savings,2025-07-26,1930.5,BR049,RM_004,Savings
ACC_006956,CUST_06956,Savings,2023-03-07,16526.02,BR004,RM_013,Savings
ACC_006957,CUST_06957,Savings,2021-07-21,10769.43,BR046,RM_074,Savings
ACC_006958,CUST_06958,Salary,2021-05-17,51026.85,BR039,RM_071,Salary
ACC_006959,CUST_06959,Savings,2025-10-18,66210.04,BR010,RM_093,Savings
ACC_006960,CUST_06960,Savings,2023-12-21,2950.52,BR038,RM_009,Savings
ACC_006961,CUST_06961,Current,2022-06-09,62136.76,BR004,RM_005,Current
ACC_006962,CUST_06962,Savings,2023-08-21,90423.49,BR005,RM_045,Savings
ACC_006963,CUST_06963,Savings,2023-06-15,23671.36,BR032,RM_032,Savings
ACC_006964,CUST_06964,Savings,2021-01-09,58902.93,BR050,RM_100,Savings
ACC_006965,CUST_06965,Salary,2024-04-30,2057.71,BR020,RM_031,Salary
ACC_006966,CUST_06966,Current,2021-12-18,155177.36,BR001,RM_030,Current
ACC_006967,CUST_06967,Savings,2021-07-21,86546.84,BR048,RM_081,Savings
ACC_006968,CUST_06968,Savings,2022-03-17,144301.03,BR046,RM_059,Savings
ACC_006969,CUST_06969,Savings,2026-05-13,2229.56,BR012,RM_042,Savings
ACC_006970,CUST_06970,Savings,2024-07-03,6603.07,BR023,RM_001,Savings
ACC_006971,CUST_06971,Savings,2022-07-23,4753.52,BR032,RM_007,Savings
ACC_006972,CUST_06972,Current,2024-05-04,8012.2,BR015,RM_025,Current
ACC_006973,CUST_06973,Savings,2022-02-08,5613.71,BR034,RM_007,Savings
ACC_006974,CUST_06974,Current,2022-12-09,15368.35,BR034,RM_010,Current
ACC_006975,CUST_06975,Savings,2022-02-04,29750.17,BR018,RM_005,Savings
ACC_006976,CUST_06976,Salary,2021-10-15,3136.37,BR035,RM_082,Salary
ACC_006977,CUST_06977,Current,2024-04-06,13185.92,BR013,RM_057,Current
ACC_006978,CUST_06978,Current,2024-07-21,28726.46,BR043,RM_040,Current
ACC_006979,CUST_06979,Savings,2026-07-03,59002.05,BR041,RM_037,Savings
ACC_006980,CUST_06980,Salary,2026-04-25,114.26,BR027,RM_076,Salary
ACC_006981,CUST_06981,Current,2024-08-15,1327.05,BR003,RM_026,Current
ACC_006982,CUST_06982,Savings,2024-09-16,11351.36,BR038,RM_003,Savings
ACC_006983,CUST_06983,Savings,2023-02-19,7460.76,BR049,RM_015,Savings
ACC_006984,CUST_06984,Current,2025-02-05,8021.69,BR010,RM_098,Current
ACC_006985,CUST_06985,Savings,2024-04-22,8721.28,BR015,RM_080,Savings
ACC_006986,CUST_06986,Salary,2025-05-10,30241.19,BR034,RM_042,Salary
ACC_006987,CUST_06987,Savings,2023-04-19,30357.37,BR020,RM_076,Savings
ACC_006988,CUST_06988,Savings,2024-02-23,18270.39,BR040,RM_038,Savings
ACC_006989,CUST_06989,Savings,2022-07-12,52345.18,BR013,RM_041,Savings
ACC_006990,CUST_06990,Current,2022-12-03,446260.93,BR024,RM_039,Current
ACC_006991,CUST_06991,Salary,2025-02-06,26565.06,BR011,RM_029,Salary
ACC_006992,CUST_06992,Current,2023-07-07,87114.6,BR002,RM_049,Current
ACC_006993,CUST_06993,Savings,2023-01-14,88798.17,BR003,RM_039,Savings
ACC_006994,CUST_06994,Savings,2021-05-06,209330.05,BR029,RM_002,Savings
ACC_006995,CUST_06995,Current,2023-09-10,910227.56,BR012,RM_021,Current
ACC_006996,CUST_06996,Savings,2025-05-03,11883.55,BR037,RM_078,Savings
ACC_006997,CUST_06997,Salary,2025-05-22,12079.75,BR029,RM_033,Salary
ACC_006998,CUST_06998,Savings,2021-08-17,73991.73,BR038,RM_074,Savings
ACC_006999,CUST_06999,Savings,2023-05-08,65380.31,BR012,RM_064,Savings
ACC_007000,CUST_07000,Savings,2023-07-23,10375.13,BR001,RM_019,Savings
ACC_007001,CUST_07001,Savings,2025-09-29,89524.14,BR011,RM_083,Savings
ACC_007002,CUST_07002,Savings,2021-08-24,5187.33,BR008,RM_061,Savings
ACC_007003,CUST_07003,Salary,2022-02-04,8537.08,BR032,RM_040,Salary
ACC_007004,CUST_07004,Savings,2024-02-19,7408.09,BR047,RM_048,Savings
ACC_007005,CUST_07005,Savings,2023-09-11,60493.38,BR010,RM_035,Savings
ACC_007006,CUST_07006,Salary,2021-09-07,73324.66,BR035,RM_015,Salary
ACC_007007,CUST_07007,Savings,2025-11-21,12531.55,BR031,RM_081,Savings
ACC_007008,CUST_07008,Savings,2026-06-09,11489.26,BR008,RM_096,Savings
ACC_007009,CUST_07009,Savings,2022-02-17,129744.2,BR028,RM_057,Savings
ACC_007010,CUST_07010,Savings,2026-03-13,92685.21,BR009,RM_021,Savings
ACC_007011,CUST_07011,Savings,2025-12-03,291024.84,BR003,RM_015,Savings
ACC_007012,CUST_07012,Salary,2025-09-15,5335.8,BR013,RM_007,Salary
ACC_007013,CUST_07013,Savings,2025-05-11,48603.5,BR048,RM_065,Savings
ACC_007014,CUST_07014,Savings,2022-01-23,179625.52,BR012,RM_045,Savings
ACC_007015,CUST_07015,Salary,2024-01-24,6733.7,BR020,RM_001,Salary
ACC_007016,CUST_07016,Savings,2025-10-09,92925.97,BR005,RM_027,Savings
ACC_007017,CUST_07017,Savings,2022-04-07,8583.28,BR046,RM_080,Savings
ACC_007018,CUST_07018,Current,2022-11-20,540.03,BR008,RM_076,Current
ACC_007019,CUST_07019,Savings,2023-02-23,6203.1,BR039,RM_051,Savings
ACC_007020,CUST_07020,Savings,2026-01-13,48216.1,BR018,RM_093,Savings
ACC_007021,CUST_07021,Savings,2026-02-24,16685.46,BR017,RM_096,Savings
ACC_007022,CUST_07022,Savings,2025-08-05,60310.81,BR044,RM_016,Savings
ACC_007023,CUST_07023,Savings,2024-04-03,130257.27,BR030,RM_070,Savings
ACC_007024,CUST_07024,Salary,2024-03-14,193156.24,BR027,RM_094,Salary
ACC_007025,CUST_07025,Savings,2021-12-20,134276.85,BR022,RM_001,Savings
ACC_007026,CUST_07026,Savings,2022-11-14,336.87,BR023,RM_013,Savings
ACC_007027,CUST_07027,Savings,2025-10-20,653784.04,BR005,RM_071,Savings
ACC_007028,CUST_07028,Savings,2021-11-05,24397.16,BR004,RM_072,Savings
ACC_007029,CUST_07029,Savings,2023-04-30,156295.57,BR032,RM_084,Savings
ACC_007030,CUST_07030,Savings,2026-01-12,90434.51,BR004,RM_018,Savings
ACC_007031,CUST_07031,Salary,2021-08-17,40546.87,BR042,RM_010,Salary
ACC_007032,CUST_07032,Savings,2021-07-31,16228.21,BR030,RM_065,Savings
ACC_007033,CUST_07033,Savings,2025-10-08,687.43,BR030,RM_094,Savings
ACC_007034,CUST_07034,Savings,2025-02-16,22791.92,BR009,RM_062,Savings
ACC_007035,CUST_07035,Savings,2026-02-18,17212.24,BR023,RM_026,Savings
ACC_007036,CUST_07036,Savings,2025-09-01,4923.3,BR015,RM_053,Savings
ACC_007037,CUST_07037,Savings,2022-02-23,5333.3,BR047,RM_020,Savings
ACC_007038,CUST_07038,Savings,2025-12-01,13218.87,BR019,RM_083,Savings
ACC_007039,CUST_07039,Savings,2024-09-29,159657.72,BR008,RM_098,Savings
ACC_007040,CUST_07040,Salary,2026-08-18,130616.5,BR001,RM_077,Salary
ACC_007041,CUST_07041,Savings,2022-04-03,190.33,BR011,RM_065,Savings
ACC_007042,CUST_07042,Savings,2021-05-20,-589.74,BR045,RM_033,Savings
ACC_007043,CUST_07043,Current,2026-05-18,32634.99,BR049,RM_070,Current
ACC_007044,CUST_07044,Savings,2024-10-28,24225.29,BR026,RM_050,Savings
ACC_007045,CUST_07045,Salary,2023-07-29,10008.55,BR020,RM_056,Salary
ACC_007046,CUST_07046,Current,2021-02-16,11391.11,BR002,RM_030,Current
ACC_007047,CUST_07047,Savings,2024-12-15,101849.92,BR012,RM_068,Savings
ACC_007048,CUST_07048,Savings,2021-05-02,68246.86,BR025,RM_096,Savings
ACC_007049,CUST_07049,Current,2023-06-03,69614.8,BR043,RM_093,Current
ACC_007050,CUST_07050,Salary,2023-12-15,134642.54,BR002,RM_051,Salary
ACC_007051,CUST_07051,Current,2026-04-21,122105.46,BR036,RM_002,Current
ACC_007052,CUST_07052,Savings,2025-05-17,68497.62,BR006,RM_085,Savings
ACC_007053,CUST_07053,Current,2021-09-07,32168.45,BR027,RM_086,Current
ACC_007054,CUST_07054,Salary,2024-06-01,12428.09,BR029,RM_032,Salary
ACC_007055,CUST_07055,Salary,2023-04-18,86346.03,BR015,RM_077,Salary
ACC_007056,CUST_07056,Savings,2023-09-27,24254.51,BR015,RM_059,Savings
ACC_007057,CUST_07057,Savings,2021-11-28,20073.29,BR015,RM_033,Savings
ACC_007058,CUST_07058,Savings,2023-09-12,13935.58,BR029,RM_040,Savings
ACC_007059,CUST_07059,Current,2023-06-08,26996.11,BR038,RM_017,Current
ACC_007060,CUST_07060,Savings,2026-02-10,58767.4,BR033,RM_042,Savings
ACC_007061,CUST_07061,Savings,2024-03-23,9129.11,BR046,RM_017,Savings
ACC_007062,CUST_07062,Savings,2026-05-19,7927.21,BR022,RM_076,Savings
ACC_007063,CUST_07063,Savings,2024-11-27,13128.03,BR007,RM_099,Savings
ACC_007064,CUST_07064,Savings,2022-04-19,226753.38,BR018,RM_053,Savings
ACC_007065,CUST_07065,Salary,2024-02-05,12057.44,BR043,RM_051,Salary
ACC_007066,CUST_07066,Savings,2021-02-28,46670.42,BR043,RM_054,Savings
ACC_007067,CUST_07067,Current,2021-07-07,768920.85,BR050,RM_093,Current
ACC_007068,CUST_07068,Savings,2022-12-26,59105.19,BR010,RM_029,Savings
ACC_007069,CUST_07069,Savings,2021-04-20,84192.59,BR024,RM_001,Savings
ACC_007070,CUST_07070,Salary,2024-04-03,62670.78,BR017,RM_056,Salary
ACC_007071,CUST_07071,Savings,2023-11-13,11744.17,BR023,RM_070,Savings
ACC_007072,CUST_07072,Savings,2025-10-27,34767.35,BR045,RM_011,Savings
ACC_007073,CUST_07073,Savings,2023-02-02,2978.74,BR033,RM_047,Savings
ACC_007074,CUST_07074,Savings,2021-11-29,13008.99,BR046,RM_095,Savings
ACC_007075,CUST_07075,Savings,2022-12-25,5807.31,BR034,RM_044,Savings
ACC_007076,CUST_07076,Savings,2025-07-12,4043.82,BR002,RM_051,Savings
ACC_007077,CUST_07077,Salary,2025-11-23,129972.91,BR042,RM_037,Salary
ACC_007078,CUST_07078,Savings,2027-08-03,3115.31,BR009,RM_044,Savings
ACC_007079,CUST_07079,Savings,2025-05-11,1652.7,BR034,RM_015,Savings
ACC_007080,CUST_07080,Current,2025-02-12,6300.7,BR020,RM_040,Current
ACC_007081,CUST_07081,Savings,2022-07-14,17407.09,BR024,RM_028,Savings
ACC_007082,CUST_07082,Savings,2026-07-12,4302.55,BR026,RM_001,Savings
ACC_007083,CUST_07083,Current,2022-05-26,11460.42,BR045,RM_073,Current
ACC_007084,CUST_07084,Savings,2022-01-04,629010.75,BR018,RM_052,Savings
ACC_007085,CUST_07085,Current,2021-06-01,19689.98,BR040,RM_074,Current
ACC_007086,CUST_07086,Savings,2022-06-24,121687.43,BR014,RM_032,Savings
ACC_007087,CUST_07087,Savings,2024-11-17,37830.1,BR035,RM_033,Savings
ACC_007088,CUST_07088,Savings,2023-08-19,39850.72,BR004,RM_075,Savings
ACC_007089,CUST_07089,Savings,2023-06-14,211132.89,BR003,RM_028,Savings
ACC_007090,CUST_07090,Savings,2023-05-27,3165.38,BR045,RM_023,Savings
ACC_007091,CUST_07091,Salary,2023-10-06,11485.9,BR020,RM_077,Salary
ACC_007092,CUST_07092,Savings,2022-06-20,-4003.16,BR038,RM_075,Savings
ACC_007093,CUST_07093,Current,2025-12-23,32654.29,BR016,RM_051,Current
ACC_007094,CUST_07094,Savings,2023-11-21,4772.32,BR046,RM_097,Savings
ACC_007095,CUST_07095,Current,2024-11-27,189175.48,BR008,RM_002,Current
ACC_007096,CUST_07096,Current,2021-01-06,10534.53,BR004,RM_098,Current
ACC_007097,CUST_07097,Savings,2026-01-19,661716.41,BR014,RM_004,Savings
ACC_007098,CUST_07098,Savings,2023-09-16,27649.72,BR016,RM_047,Savings
ACC_007099,CUST_07099,Savings,2024-03-05,18296.59,BR014,RM_002,Savings
ACC_007100,CUST_07100,Current,2024-09-18,4512.83,BR015,RM_022,Current
ACC_007101,CUST_07101,Savings,2026-02-14,2460.12,BR011,RM_086,Savings
ACC_007102,CUST_07102,Savings,2023-09-06,16340.65,BR012,RM_002,Savings
ACC_007103,CUST_07103,Salary,2023-08-06,92037.12,BR030,RM_041,Salary
ACC_007104,CUST_07104,Savings,2021-07-07,84556.48,BR022,RM_067,Savings
ACC_007105,CUST_07105,Savings,2021-07-12,30838.88,BR028,RM_097,Savings
ACC_007106,CUST_07106,Savings,2022-10-11,34133.41,BR007,RM_038,Savings
ACC_007107,CUST_07107,Savings,2022-04-05,5329.39,BR012,RM_052,Savings
ACC_007108,CUST_07108,Salary,2021-08-13,104307.75,BR023,RM_033,Salary
ACC_007109,CUST_07109,Salary,2023-06-22,206120.25,BR041,RM_078,Salary
ACC_007110,CUST_07110,Savings,2024-11-04,41458.69,BR020,RM_084,Savings
ACC_007111,CUST_07111,Savings,2023-01-30,24075.42,BR039,RM_096,Savings
ACC_007112,CUST_07112,Savings,2022-01-19,2233.92,BR012,RM_090,Savings
ACC_007113,CUST_07113,Savings,2023-12-29,105460.45,BR040,RM_022,Savings
ACC_007114,CUST_07114,Savings,2021-01-28,22659.46,BR014,RM_095,Savings
ACC_007115,CUST_07115,Current,2025-09-17,44465.19,BR019,RM_044,Current
ACC_007116,CUST_07116,Savings,2026-01-20,3912.03,BR049,RM_090,Savings
ACC_007117,CUST_07117,Salary,2026-06-23,10417.26,BR002,RM_091,Salary
ACC_007118,CUST_07118,Savings,2025-02-21,238131.91,BR006,RM_095,Savings
ACC_007119,CUST_07119,Savings,2024-07-05,204802.52,BR032,RM_034,Savings
ACC_007120,CUST_07120,Savings,2025-07-09,11753.91,BR030,RM_039,Savings
ACC_007121,CUST_07121,Savings,2024-09-12,2029.6,BR037,RM_022,Savings
ACC_007122,CUST_07122,Savings,2024-12-18,205123.62,BR037,RM_092,Savings
ACC_007123,CUST_07123,Savings,2024-05-29,8438.6,BR049,RM_024,Savings
ACC_007124,CUST_07124,Savings,2024-03-16,103920.12,BR046,RM_067,Savings
ACC_007125,CUST_07125,Savings,2024-06-16,8905.78,BR047,RM_028,Savings
ACC_007126,CUST_07126,Savings,2023-12-28,4592.65,BR035,RM_014,Savings
ACC_007127,CUST_07127,Savings,2026-05-11,55924.83,BR033,RM_060,Savings
ACC_007128,CUST_07128,Savings,2024-12-11,33800.54,BR046,RM_087,Savings
ACC_007129,CUST_07129,Salary,2022-03-13,33056.77,BR009,RM_100,Salary
ACC_007130,CUST_07130,Current,2021-05-12,181009.69,BR002,RM_083,Current
ACC_007131,CUST_07131,Savings,2022-12-08,85295.99,BR011,RM_032,Savings
ACC_007132,CUST_07132,Savings,2024-02-03,96010.62,BR009,RM_069,Savings
ACC_007133,CUST_07133,Savings,2022-07-22,16083.04,BR003,RM_045,Savings
ACC_007134,CUST_07134,Salary,2024-12-21,21719.44,BR009,RM_037,Salary
ACC_007135,CUST_07135,Savings,2023-09-15,34924.13,BR010,RM_026,Savings
ACC_007136,CUST_07136,Salary,2023-12-10,83594.98,BR042,RM_082,Salary
ACC_007137,CUST_07137,Savings,2024-10-13,736.12,BR004,RM_006,Savings
ACC_007138,CUST_07138,Savings,2025-11-01,52756.27,BR034,RM_091,Savings
ACC_007139,CUST_07139,Savings,2025-12-27,10714.15,BR005,RM_081,Savings
ACC_007140,CUST_07140,Savings,2023-05-14,15727.57,BR004,RM_006,Savings
ACC_007141,CUST_07141,Savings,2024-08-14,67043.62,BR005,RM_098,Savings
ACC_007142,CUST_07142,Savings,2025-06-21,22388.85,BR020,RM_082,Savings
ACC_007143,CUST_07143,Salary,2021-05-21,103606.62,BR014,RM_016,Salary
ACC_007144,CUST_07144,Savings,2021-02-17,8032.61,BR034,RM_054,Savings
ACC_007145,CUST_07145,Savings,2022-11-25,45217.0,BR040,RM_074,Savings
ACC_007146,CUST_07146,Savings,2021-06-29,8902.36,BR015,RM_062,Savings
ACC_007147,CUST_07147,Savings,2021-11-14,3833.86,BR013,RM_085,Savings
ACC_007148,CUST_07148,Savings,2025-09-28,19834.5,BR032,RM_098,Savings
ACC_007149,CUST_07149,Savings,2023-07-20,12866.94,BR025,RM_024,Savings
ACC_007150,CUST_07150,Savings,2023-03-30,64604.86,BR047,RM_061,Savings
ACC_007151,CUST_07151,Savings,2022-12-21,20372.14,BR011,RM_009,Savings
ACC_007152,CUST_07152,Salary,2024-02-28,9492.43,BR013,RM_043,Salary
ACC_007153,CUST_07153,Savings,2021-07-12,249619.64,BR031,RM_045,Savings
ACC_007154,CUST_07154,Savings,2021-04-21,3895.61,BR011,RM_043,Savings
ACC_007155,CUST_07155,Savings,2024-09-17,3627.38,BR042,RM_016,Savings
ACC_007156,CUST_07156,Salary,2024-04-11,12124.33,BR026,RM_018,Salary
ACC_007157,CUST_07157,Savings,2021-05-18,26747.06,BR009,RM_051,Savings
ACC_007158,CUST_07158,Savings,2022-07-21,16656.84,BR002,RM_080,Savings
ACC_007159,CUST_07159,Salary,2025-11-22,354776.84,BR028,RM_038,Salary
ACC_007160,CUST_07160,Current,2023-03-24,5156.04,BR026,RM_009,Current
ACC_007161,CUST_07161,Savings,2023-07-03,12371.01,BR024,RM_046,Savings
ACC_007162,CUST_07162,Savings,2026-05-20,20936.96,BR047,RM_060,Savings
ACC_007163,CUST_07163,Salary,2023-03-05,2328.2,BR040,RM_060,Salary
ACC_007164,CUST_07164,Salary,2021-11-25,1071372.15,BR018,RM_025,Salary
ACC_007165,CUST_07165,Savings,2023-06-04,792841.3,BR014,RM_018,Savings
ACC_007166,CUST_07166,Savings,2026-04-01,123061.35,BR050,RM_017,Savings
ACC_007167,CUST_07167,Savings,2022-05-28,6268.08,BR044,RM_041,Savings
ACC_007168,CUST_07168,Savings,2026-02-20,78962.49,BR026,RM_044,Savings
ACC_007169,CUST_07169,Savings,2024-04-07,80472.62,BR031,RM_042,Savings
ACC_007170,CUST_07170,Savings,2025-09-15,31294.99,BR020,RM_085,Savings
ACC_007171,CUST_07171,Current,2024-03-22,4864.66,BR050,RM_037,Current
ACC_007172,CUST_07172,Savings,2021-08-09,90619.37,BR017,RM_095,Savings
ACC_007173,CUST_07173,Savings,2022-08-27,8346.89,BR015,RM_092,Savings
ACC_007174,CUST_07174,Savings,2025-10-15,2600.48,BR023,RM_029,Savings
ACC_007175,CUST_07175,Savings,2024-02-04,739.05,BR047,RM_045,Savings
ACC_007176,CUST_07176,Current,2021-01-30,19358.69,BR039,RM_087,Current
ACC_007177,CUST_07177,Savings,2025-09-09,184775.42,BR046,RM_048,Savings
ACC_007178,CUST_07178,Salary,2025-10-24,10300.31,BR017,RM_100,Salary
ACC_007179,CUST_07179,Current,2025-08-08,9241.37,BR016,RM_044,Current
ACC_007180,CUST_07180,Current,2023-05-08,1530376.1,BR011,RM_060,Current
ACC_007181,CUST_07181,Savings,2022-09-28,2080.31,BR050,RM_075,Savings
ACC_007182,CUST_07182,Savings,2025-04-10,3777.93,BR043,RM_091,Savings
ACC_007183,CUST_07183,Savings,2021-08-15,53177.57,BR046,RM_064,Savings
ACC_007184,CUST_07184,Savings,2023-04-29,10548.83,BR001,RM_090,Savings
ACC_007185,CUST_07185,Savings,2026-06-17,2755.2,BR001,RM_009,Savings
ACC_007186,CUST_07186,Savings,2026-07-17,729.05,BR028,RM_034,Savings
ACC_007187,CUST_07187,Savings,2026-02-25,71295.09,BR030,RM_057,Savings
ACC_007188,CUST_07188,Savings,2021-10-10,25087.96,BR010,RM_036,Savings
ACC_007189,CUST_07189,Savings,2021-03-25,40176.92,BR034,RM_028,Savings
ACC_007190,CUST_07190,Salary,2024-04-16,168229.94,BR027,RM_092,Salary
ACC_007191,CUST_07191,Savings,2025-02-07,115331.74,BR033,RM_021,Savings
ACC_007192,CUST_07192,Salary,2024-08-09,33471.22,BR002,RM_034,Salary
ACC_007193,CUST_07193,Savings,2023-08-14,19768.79,BR027,RM_012,Savings
ACC_007194,CUST_07194,Savings,2024-04-18,8315.06,BR003,RM_038,Savings
ACC_007195,CUST_07195,Savings,2023-09-18,37265.2,BR020,RM_100,Savings
ACC_007196,CUST_07196,Savings,2022-07-07,32403.77,BR005,RM_059,Savings
ACC_007197,CUST_07197,Savings,2023-09-02,19015.44,BR039,RM_077,Savings
ACC_007198,CUST_07198,Savings,2025-03-21,213523.32,BR017,RM_097,Savings
ACC_007199,CUST_07199,Salary,2021-03-03,210551.35,BR050,RM_037,Salary
ACC_007200,CUST_07200,Salary,2022-09-12,697885.47,BR008,RM_091,Salary
ACC_007201,CUST_07201,Savings,2025-01-31,159883.25,BR032,RM_050,Savings
ACC_007202,CUST_07202,Savings,2025-03-05,12835.68,BR038,RM_021,Savings
ACC_007203,CUST_07203,Savings,2022-08-06,60506.81,BR019,RM_053,Savings
ACC_007204,CUST_07204,Salary,2026-04-06,5070.39,BR042,RM_077,Salary
ACC_007205,CUST_07205,Salary,2022-06-10,32339.98,BR004,RM_076,Salary
ACC_007206,CUST_07206,Salary,2022-08-29,56470.61,BR036,RM_021,Salary
ACC_007207,CUST_07207,Current,2024-11-25,5046.28,BR037,RM_088,Current
ACC_007208,CUST_07208,Current,2026-05-12,219.81,BR017,RM_069,Current
ACC_007209,CUST_07209,Salary,2025-11-23,46179.53,BR046,RM_082,Salary
ACC_007210,CUST_07210,Savings,2023-05-25,65750.78,BR014,RM_043,Savings
ACC_007211,CUST_07211,Savings,2022-06-26,20188.07,BR043,RM_055,Savings
ACC_007212,CUST_07212,Savings,2023-07-06,7209.19,BR037,RM_027,Savings
ACC_007213,CUST_07213,Salary,2023-12-30,15504.46,BR041,RM_095,Salary
ACC_007214,CUST_07214,Savings,2024-01-30,2783.7,BR038,RM_077,Savings
ACC_007215,CUST_07215,Savings,2022-07-16,21620.87,BR029,RM_064,Savings
ACC_007216,CUST_07216,Savings,2022-08-30,17847.36,BR008,RM_002,Savings
ACC_007217,CUST_07217,Savings,2021-07-03,36690.01,BR016,RM_015,Savings
ACC_007218,CUST_07218,Savings,2023-08-26,17019.5,BR020,RM_053,Savings
ACC_007219,CUST_07219,Savings,2022-02-18,18245.75,BR017,RM_064,Savings
ACC_007220,CUST_07220,Current,2024-07-08,32573.21,BR012,RM_003,Current
ACC_007221,CUST_07221,Savings,2023-01-30,571.65,BR008,RM_018,Savings
ACC_007222,CUST_07222,Salary,2021-06-25,25689.58,BR031,RM_047,Salary
ACC_007223,CUST_07223,Savings,2023-02-18,12832.31,BR014,RM_040,Savings
ACC_007224,CUST_07224,Savings,2024-12-28,131723.5,BR039,RM_036,Savings
ACC_007225,CUST_07225,Savings,2026-01-13,12295.9,BR036,RM_038,Savings
ACC_007226,CUST_07226,Savings,2024-04-13,9770.58,BR025,RM_054,Savings
ACC_007227,CUST_07227,Savings,2023-02-10,2962.95,BR002,RM_083,Savings
ACC_007228,CUST_07228,Salary,2025-01-21,62218.2,BR035,RM_044,Salary
ACC_007229,CUST_07229,Savings,2022-10-21,18768.44,BR048,RM_033,Savings
ACC_007230,CUST_07230,Savings,2025-02-28,2492.8,BR010,RM_080,Savings
ACC_007231,CUST_07231,Savings,2024-09-03,8620.78,BR044,RM_002,Savings
ACC_007232,CUST_07232,Salary,2021-05-28,430988.6,BR007,RM_064,Salary
ACC_007233,CUST_07233,Salary,2025-03-05,73660.01,BR043,RM_083,Salary
ACC_007234,CUST_07234,Savings,2024-10-22,31730.1,BR032,RM_066,Savings
ACC_007235,CUST_07235,Savings,2024-01-20,32269.08,BR001,RM_042,Savings
ACC_007236,CUST_07236,Salary,2022-11-17,30630.96,BR016,RM_016,Salary
ACC_007237,CUST_07237,Salary,2023-08-25,9971.58,BR007,RM_028,Salary
ACC_007238,CUST_07238,Savings,2021-05-11,16817.0,BR012,RM_015,Savings
ACC_007239,CUST_07239,Salary,2021-07-24,560765.01,BR046,RM_044,Salary
ACC_007240,CUST_07240,Current,2022-04-30,83595.01,BR023,RM_095,Current
ACC_007241,CUST_07241,Savings,2025-02-10,30339.43,BR029,RM_036,Savings
ACC_007242,CUST_07242,Current,2022-05-20,14296.77,BR045,RM_058,Current
ACC_007243,CUST_07243,Savings,2025-10-25,30736.58,BR036,RM_014,Savings
ACC_007244,CUST_07244,Savings,2021-07-09,2154406.89,BR042,RM_004,Savings
ACC_007245,CUST_07245,Savings,2022-10-04,22040.73,BR006,RM_014,Savings
ACC_007246,CUST_07246,Savings,2025-05-01,20782.0,BR023,RM_047,Savings
ACC_007247,CUST_07247,Savings,2024-10-05,68716.15,BR006,RM_099,Savings
ACC_007248,CUST_07248,Salary,2024-07-10,3421.19,BR011,RM_003,Salary
ACC_007249,CUST_07249,Savings,2021-05-22,27021.23,BR004,RM_018,Savings
ACC_007250,CUST_07250,Savings,2024-10-26,29120.79,BR017,RM_067,Savings
ACC_007251,CUST_07251,Savings,2025-02-07,35326.6,BR042,RM_031,Savings
ACC_007252,CUST_07252,Salary,2023-03-04,22871.35,BR001,RM_080,Salary
ACC_007253,CUST_07253,Salary,2025-03-11,6254.34,BR032,RM_087,Salary
ACC_007254,CUST_07254,Savings,2024-11-14,10629.0,BR019,RM_087,Savings
ACC_007255,CUST_07255,Salary,2026-07-30,2260.96,BR046,RM_093,Salary
ACC_007256,CUST_07256,Current,2025-01-17,5402.09,BR003,RM_072,Current
ACC_007257,CUST_07257,Savings,2021-07-13,11901.31,BR009,RM_001,Savings
ACC_007258,CUST_07258,Savings,2025-09-01,2396.87,BR014,RM_039,Savings
ACC_007259,CUST_07259,Salary,2025-04-13,8172.61,BR018,RM_016,Salary
ACC_007260,CUST_07260,Savings,2022-11-05,8949.47,BR049,RM_095,Savings
ACC_007261,CUST_07261,Savings,2023-10-15,70393.5,BR037,RM_038,Savings
ACC_007262,CUST_07262,Savings,2024-07-12,508897.99,BR049,RM_036,Savings
ACC_007263,CUST_07263,Salary,2021-04-24,6374.56,BR021,RM_091,Salary
ACC_007264,CUST_07264,Savings,2022-05-28,29791.38,BR015,RM_060,Savings
ACC_007265,CUST_07265,Salary,2025-02-05,1060502.3,BR001,RM_059,Salary
ACC_007266,CUST_07266,Savings,2022-12-28,4666.74,BR013,RM_043,Savings
ACC_007267,CUST_07267,Savings,2021-12-15,26644.49,BR011,RM_049,Savings
ACC_007268,CUST_07268,Salary,2026-06-21,7992.37,BR045,RM_063,Salary
ACC_007269,CUST_07269,Savings,2022-01-22,3484.46,BR030,RM_021,Savings
ACC_007270,CUST_07270,Current,2024-02-16,202001.78,BR008,RM_062,Current
ACC_007271,CUST_07271,Savings,2022-08-10,4568.04,BR008,RM_095,Savings
ACC_007272,CUST_07272,Salary,2024-01-10,24549.43,BR010,RM_093,Salary
ACC_007273,CUST_07273,Savings,2021-07-29,69643.96,BR043,RM_082,Savings
ACC_007274,CUST_07274,Savings,2021-07-30,39109.8,BR012,RM_007,Savings
ACC_007275,CUST_07275,Savings,2021-02-16,9651.37,BR042,RM_018,Savings
ACC_007276,CUST_07276,Current,2023-08-09,4357.55,BR033,RM_070,Current
ACC_007277,CUST_07277,Salary,2025-09-11,208616.8,BR018,RM_079,Salary
ACC_007278,CUST_07278,Savings,2022-12-09,6174.62,BR047,RM_049,Savings
ACC_007279,CUST_07279,Salary,2022-09-30,28042.57,BR017,RM_081,Salary
ACC_007280,CUST_07280,Savings,2022-03-04,13634.63,BR014,RM_021,Savings
ACC_007281,CUST_07281,Savings,2021-10-29,115467.54,BR029,RM_057,Savings
ACC_007282,CUST_07282,Savings,2025-03-10,12471.2,BR008,RM_090,Savings
ACC_007283,CUST_07283,Savings,2022-01-30,59388.36,BR031,RM_020,Savings
ACC_007284,CUST_07284,Savings,2025-04-30,41390.08,BR010,RM_023,Savings
ACC_007285,CUST_07285,Savings,2022-08-08,56030.18,BR035,RM_026,Savings
ACC_007286,CUST_07286,Savings,2025-10-08,12011.65,BR035,RM_031,Savings
ACC_007287,CUST_07287,Savings,2025-02-18,71211.33,BR005,RM_036,Savings
ACC_007288,CUST_07288,Savings,2022-10-18,1441.11,BR009,RM_093,Savings
ACC_007289,CUST_07289,Salary,2021-10-10,10367.06,BR002,RM_031,Salary
ACC_007290,CUST_07290,Savings,2021-06-20,3676.31,BR020,RM_054,Savings
ACC_007291,CUST_07291,Savings,2024-10-30,1066.15,BR027,RM_083,Savings
ACC_007292,CUST_07292,Savings,2024-12-31,940321.46,BR009,RM_051,Savings
ACC_007293,CUST_07293,Savings,2023-11-17,10337.92,BR026,RM_084,Savings
ACC_007294,CUST_07294,Savings,2022-06-19,6541.14,BR028,RM_056,Savings
ACC_007295,CUST_07295,Savings,2025-10-03,34131.6,BR035,RM_015,Savings
ACC_007296,CUST_07296,Savings,2021-07-10,1760.88,BR045,RM_075,Savings
ACC_007297,CUST_07297,Savings,2021-09-28,12612.93,BR020,RM_002,Savings
ACC_007298,CUST_07298,Salary,2022-10-19,11694.86,BR036,RM_060,Salary
ACC_007299,CUST_07299,Current,2023-09-19,285143.67,BR018,RM_060,Current
ACC_007300,CUST_07300,Current,2023-06-01,28689.76,BR018,RM_091,Current
ACC_007301,CUST_07301,Current,2025-12-31,4123.43,BR022,RM_050,Current
ACC_007302,CUST_07302,Salary,2027-03-31,92616.55,BR016,RM_026,Salary
ACC_007303,CUST_07303,Savings,2022-02-06,29085.74,BR010,RM_082,Savings
ACC_007304,CUST_07304,Current,2023-10-12,25508.53,BR008,RM_017,Current
ACC_007305,CUST_07305,Savings,2021-05-27,5377.78,BR040,RM_028,Savings
ACC_007306,CUST_07306,Savings,2025-10-17,3150.57,BR021,RM_090,Savings
ACC_007307,CUST_07307,Current,2024-05-22,11378.67,BR026,RM_078,Current
ACC_007308,CUST_07308,Salary,2021-12-09,13897.12,BR012,RM_054,Salary
ACC_007309,CUST_07309,Savings,2023-09-01,35873.73,BR021,RM_016,Savings
ACC_007310,CUST_07310,Current,2026-04-06,216089.29,BR049,RM_070,Current
ACC_007311,CUST_07311,Savings,2026-03-13,159908.03,BR029,RM_072,Savings
ACC_007312,CUST_07312,Salary,2021-03-21,14725.0,BR024,RM_088,Salary
ACC_007313,CUST_07313,Current,2024-01-01,99303.16,BR050,RM_074,Current
ACC_007314,CUST_07314,Savings,2023-02-27,821532.98,BR016,RM_038,Savings
ACC_007315,CUST_07315,Savings,2025-09-06,178324.05,BR033,RM_010,Savings
ACC_007316,CUST_07316,Salary,2024-03-07,9498.36,BR028,RM_012,Salary
ACC_007317,CUST_07317,Savings,2022-04-03,4549.87,BR033,RM_035,Savings
ACC_007318,CUST_07318,Salary,2024-02-14,75037.8,BR027,RM_061,Salary
ACC_007319,CUST_07319,Savings,2025-10-07,4792.38,BR042,RM_049,Savings
ACC_007320,CUST_07320,Current,2021-11-30,61849.49,BR013,RM_087,Current
ACC_007321,CUST_07321,Savings,2023-06-14,39146.82,BR020,RM_087,Savings
ACC_007322,CUST_07322,Salary,2025-03-07,33591.1,BR031,RM_084,Salary
ACC_007323,CUST_07323,Salary,2025-12-14,11614.36,BR047,RM_077,Salary
ACC_007324,CUST_07324,Savings,2021-06-18,33389.72,BR029,RM_071,Savings
ACC_007325,CUST_07325,Savings,2021-04-20,21732.82,BR034,RM_068,Savings
ACC_007326,CUST_07326,Current,2025-07-31,14656.05,BR024,RM_068,Current
ACC_007327,CUST_07327,Current,2023-12-04,24572.04,BR008,RM_003,Current
ACC_007328,CUST_07328,Savings,2025-09-06,10652.61,BR002,RM_038,Savings
ACC_007329,CUST_07329,Savings,2021-03-19,85200.34,BR014,RM_026,Savings
ACC_007330,CUST_07330,Savings,2021-06-24,28358.71,BR036,RM_001,Savings
ACC_007331,CUST_07331,Savings,2025-08-15,33619.76,BR027,RM_098,Savings
ACC_007332,CUST_07332,Savings,2021-09-14,97084.77,BR030,RM_095,Savings
ACC_007333,CUST_07333,Savings,2025-03-01,40148.02,BR043,RM_018,Savings
ACC_007334,CUST_07334,Savings,2025-04-15,40982.3,BR025,RM_051,Savings
ACC_007335,CUST_07335,Savings,2025-11-14,11259.94,BR020,RM_043,Savings
ACC_007336,CUST_07336,Savings,2021-01-09,34900.29,BR025,RM_040,Savings
ACC_007337,CUST_07337,Current,2021-07-23,4411.85,BR034,RM_045,Current
ACC_007338,CUST_07338,Salary,2022-09-11,20033.19,BR038,RM_080,Salary
ACC_007339,CUST_07339,Savings,2022-01-07,134074.79,BR030,RM_060,Savings
ACC_007340,CUST_07340,Salary,2021-03-29,824.97,BR049,RM_058,Salary
ACC_007341,CUST_07341,Savings,2026-03-25,8411.5,BR002,RM_027,Savings
ACC_007342,CUST_07342,Savings,2021-12-01,9111.35,BR041,RM_070,Savings
ACC_007343,CUST_07343,Savings,2026-02-23,7466.54,BR045,RM_061,Savings
ACC_007344,CUST_07344,Savings,2024-12-31,40053.84,BR036,RM_008,Savings
ACC_007345,CUST_07345,Savings,2021-09-09,5526.13,BR013,RM_040,Savings
ACC_007346,CUST_07346,Savings,2025-06-27,37447.72,BR016,RM_057,Savings
ACC_007347,CUST_07347,Savings,2026-03-29,-3501.35,BR022,RM_011,Savings
ACC_007348,CUST_07348,Savings,2024-04-17,278971.73,BR029,RM_056,Savings
ACC_007349,CUST_07349,Savings,2024-09-13,4168.38,BR017,RM_082,Savings
ACC_007350,CUST_07350,Salary,2024-08-31,470446.78,BR002,RM_056,Salary
ACC_007351,CUST_07351,Salary,2024-04-28,13692.31,BR024,RM_015,Salary
ACC_007352,CUST_07352,Savings,2025-08-08,2990.42,BR035,RM_038,Savings
ACC_007353,CUST_07353,Current,2023-06-26,214011.84,BR030,RM_040,Current
ACC_007354,CUST_07354,Savings,2025-09-20,2783.12,BR038,RM_002,Savings
ACC_007355,CUST_07355,Savings,2021-04-25,42729.04,BR018,RM_060,Savings
ACC_007356,CUST_07356,Savings,2025-03-27,42003.36,BR013,RM_085,Savings
ACC_007357,CUST_07357,Salary,2025-05-31,6257.89,BR027,RM_078,Salary
ACC_007358,CUST_07358,Savings,2021-07-26,559.88,BR006,RM_001,Savings
ACC_007359,CUST_07359,Savings,2023-03-08,58697.66,BR020,RM_029,Savings
ACC_007360,CUST_07360,Savings,2022-03-30,143269.71,BR021,RM_002,Savings
ACC_007361,CUST_07361,Salary,2021-01-02,12336.76,BR031,RM_022,Salary
ACC_007362,CUST_07362,Savings,2023-03-28,922.0,BR003,RM_008,Savings
ACC_007363,CUST_07363,Savings,2024-02-14,84166.77,BR034,RM_020,Savings
ACC_007364,CUST_07364,Salary,2023-04-23,3337.22,BR049,RM_023,Salary
ACC_007365,CUST_07365,Savings,2024-03-27,9238.09,BR046,RM_079,Savings
ACC_007366,CUST_07366,Savings,2022-11-19,5740.35,BR040,RM_020,Savings
ACC_007367,CUST_07367,Salary,2024-06-09,14512.88,BR003,RM_049,Salary
ACC_007368,CUST_07368,Salary,2022-11-29,165284.21,BR031,RM_075,Salary
ACC_007369,CUST_07369,Savings,2021-04-15,5772.92,BR041,RM_086,Savings
ACC_007370,CUST_07370,Savings,2024-03-03,95738.61,BR031,RM_085,Savings
ACC_007371,CUST_07371,Savings,2024-03-07,78735.26,BR018,RM_001,Savings
ACC_007372,CUST_07372,Savings,2022-12-14,204529.37,BR026,RM_061,Savings
ACC_007373,CUST_07373,Savings,2025-04-25,48583.98,BR004,RM_018,Savings
ACC_007374,CUST_07374,Savings,2025-12-23,65440.52,BR010,RM_079,Savings
ACC_007375,CUST_07375,Current,2026-02-14,33369.91,BR016,RM_093,Current
ACC_007376,CUST_07376,Salary,2021-03-11,2391.0,BR028,RM_043,Salary
ACC_007377,CUST_07377,Current,2021-05-20,87120.3,BR012,RM_060,Current
ACC_007378,CUST_07378,Savings,2026-02-07,47312.14,BR008,RM_029,Savings
ACC_007379,CUST_07379,Salary,2022-10-13,41601.63,BR041,RM_095,Salary
ACC_007380,CUST_07380,Savings,2021-06-11,18379.01,BR007,RM_061,Savings
ACC_007381,CUST_07381,Current,2023-09-16,5351.42,BR041,RM_084,Current
ACC_007382,CUST_07382,Savings,2024-03-21,72126.69,BR033,RM_085,Savings
ACC_007383,CUST_07383,Savings,2025-02-27,40065.06,BR044,RM_021,Savings
ACC_007384,CUST_07384,Savings,2024-08-03,4196.03,BR042,RM_064,Savings
ACC_007385,CUST_07385,Savings,2023-06-09,25582.0,BR014,RM_040,Savings
ACC_007386,CUST_07386,Salary,2024-10-07,12752.51,BR015,RM_020,Salary
ACC_007387,CUST_07387,Savings,2021-01-14,1055.79,BR043,RM_005,Savings
ACC_007388,CUST_07388,Current,2021-02-27,25121.97,BR042,RM_086,Current
ACC_007389,CUST_07389,Savings,2025-06-26,56884.69,BR002,RM_013,Savings
ACC_007390,CUST_07390,Current,2021-07-19,17803.52,BR041,RM_031,Current
ACC_007391,CUST_07391,Salary,2022-12-17,12509.79,BR049,RM_095,Salary
ACC_007392,CUST_07392,Savings,2022-10-19,303765.58,BR001,RM_038,Savings
ACC_007393,CUST_07393,Savings,2024-03-24,9489.81,BR028,RM_060,Savings
ACC_007394,CUST_07394,Savings,2022-09-25,1662.71,BR012,RM_057,Savings
ACC_007395,CUST_07395,Savings,2021-04-03,25768.16,BR035,RM_076,Savings
ACC_007396,CUST_07396,Savings,2022-12-20,1951.29,BR045,RM_094,Savings
ACC_007397,CUST_07397,Current,2022-04-01,225060.19,BR046,RM_066,Current
ACC_007398,CUST_07398,Current,2022-04-16,43319.2,BR048,RM_015,Current
ACC_007399,CUST_07399,Savings,2026-06-25,-3631.42,BR014,RM_032,Savings
ACC_007400,CUST_07400,Current,2023-09-13,5907.71,BR030,RM_014,Current
ACC_007401,CUST_07401,Salary,2025-01-22,12816.8,BR002,RM_088,Salary
ACC_007402,CUST_07402,Salary,2024-07-13,275941.18,BR016,RM_099,Salary
ACC_007403,CUST_07403,Savings,2025-01-12,40983.33,BR049,RM_064,Savings
ACC_007404,CUST_07404,Current,2023-11-17,2197.16,BR013,RM_060,Current
ACC_007405,CUST_07405,Salary,2026-07-25,22482.36,BR037,RM_054,Salary
ACC_007406,CUST_07406,Current,2021-05-06,1727.13,BR036,RM_052,Current
ACC_007407,CUST_07407,Savings,2022-08-07,350811.81,BR011,RM_092,Savings
ACC_007408,CUST_07408,Savings,2025-08-17,55557.69,BR021,RM_058,Savings
ACC_007409,CUST_07409,Savings,2021-04-03,1975.63,BR029,RM_027,Savings
ACC_007410,CUST_07410,Savings,2026-04-27,61683.03,BR037,RM_028,Savings
ACC_007411,CUST_07411,Salary,2024-04-10,386670.02,BR043,RM_098,Salary
ACC_007412,CUST_07412,Savings,2025-01-09,16708.19,BR048,RM_040,Savings
ACC_007413,CUST_07413,Savings,2024-11-01,171030.55,BR010,RM_070,Savings
ACC_007414,CUST_07414,Savings,2024-12-06,3714.86,BR045,RM_083,Savings
ACC_007415,CUST_07415,Savings,2023-02-27,97951.01,BR038,RM_057,Savings
ACC_007416,CUST_07416,Savings,2021-04-27,7624.84,BR020,RM_045,Savings
ACC_007417,CUST_07417,Salary,2023-04-30,17747.81,BR036,RM_100,Salary
ACC_007418,CUST_07418,Savings,2022-01-31,61310.12,BR016,RM_048,Savings
ACC_007419,CUST_07419,Savings,2022-11-22,87202.72,BR037,RM_097,Savings
ACC_007420,CUST_07420,Savings,2023-10-08,3328.5,BR009,RM_057,Savings
ACC_007421,CUST_07421,Savings,2021-05-04,11030.32,BR046,RM_034,Savings
ACC_007422,CUST_07422,Savings,2022-11-23,42481.73,BR047,RM_043,Savings
ACC_007423,CUST_07423,Savings,2025-08-30,34139.73,BR010,RM_090,Savings
ACC_007424,CUST_07424,Salary,2025-06-30,35160.46,BR031,RM_049,Salary
ACC_007425,CUST_07425,Savings,2021-10-07,47000.14,BR046,RM_015,Savings
ACC_007426,CUST_07426,Savings,2025-04-18,12379.92,BR025,RM_007,Savings
ACC_007427,CUST_07427,Salary,2025-09-07,881629.14,BR012,RM_020,Salary
ACC_007428,CUST_07428,Current,2026-06-08,31578.38,BR033,RM_008,Current
ACC_007429,CUST_07429,Savings,2026-02-24,20439.76,BR036,RM_012,Savings
ACC_007430,CUST_07430,Savings,2021-06-14,45831.3,BR033,RM_098,Savings
ACC_007431,CUST_07431,Savings,2026-06-05,7735.85,BR041,RM_047,Savings
ACC_007432,CUST_07432,Salary,2022-11-20,5240.47,BR022,RM_054,Salary
ACC_007433,CUST_07433,Salary,2026-07-19,28484.72,BR012,RM_020,Salary
ACC_007434,CUST_07434,Current,2023-02-26,142546.25,BR002,RM_027,Current
ACC_007435,CUST_07435,Savings,2023-12-02,4549.32,BR001,RM_042,Savings
ACC_007436,CUST_07436,Savings,2024-07-20,25032.65,BR005,RM_062,Savings
ACC_007437,CUST_07437,Salary,2025-11-01,20329.2,BR047,RM_008,Salary
ACC_007438,CUST_07438,Salary,2024-08-22,13639.77,BR050,RM_071,Salary
ACC_007439,CUST_07439,Salary,2026-06-27,21651.66,BR010,RM_041,Salary
ACC_007440,CUST_07440,Savings,2021-07-27,105239.6,BR004,RM_029,Savings
ACC_007441,CUST_07441,Salary,2024-03-25,2909.95,BR035,RM_073,Salary
ACC_007442,CUST_07442,Savings,2026-01-02,4682.02,BR004,RM_038,Savings
ACC_007443,CUST_07443,Savings,2023-10-29,48652.39,BR025,RM_098,Savings
ACC_007444,CUST_07444,Current,2022-12-19,756697.14,BR021,RM_041,Current
ACC_007445,CUST_07445,Savings,2025-06-09,25010.55,BR043,RM_050,Savings
ACC_007446,CUST_07446,Savings,2024-07-26,2732.62,BR036,RM_089,Savings
ACC_007447,CUST_07447,Salary,2023-09-18,4725.98,BR011,RM_075,Salary
ACC_007448,CUST_07448,Savings,2025-03-03,51489.06,BR044,RM_082,Savings
ACC_007449,CUST_07449,Current,2021-05-19,57261.17,BR033,RM_013,Current
ACC_007450,CUST_07450,Salary,2023-12-19,20697.4,BR026,RM_080,Salary
ACC_007451,CUST_07451,Savings,2026-01-20,15555.78,BR012,RM_080,Savings
ACC_007452,CUST_07452,Savings,2024-06-20,12498.47,BR031,RM_011,Savings
ACC_007453,CUST_07453,Savings,2025-06-14,27867.05,BR037,RM_016,Savings
ACC_007454,CUST_07454,Savings,2021-12-14,50608.0,BR041,RM_061,Savings
ACC_007455,CUST_07455,Current,2022-03-22,6457.17,BR011,RM_097,Current
ACC_007456,CUST_07456,Savings,2026-05-08,34378.22,BR008,RM_100,Savings
ACC_007457,CUST_07457,Current,2021-12-01,14396.23,BR044,RM_098,Current
ACC_007458,CUST_07458,Salary,2022-01-29,21920.14,BR049,RM_022,Salary
ACC_007459,CUST_07459,Savings,2024-10-13,21067.5,BR034,RM_008,Savings
ACC_007460,CUST_07460,Savings,2025-11-21,297525.45,BR043,RM_048,Savings
ACC_007461,CUST_07461,Savings,2025-06-21,26355.08,BR050,RM_050,Savings
ACC_007462,CUST_07462,Current,2025-06-25,137000.73,BR006,RM_028,Current
ACC_007463,CUST_07463,Salary,2022-03-27,37820.56,BR002,RM_053,Salary
ACC_007464,CUST_07464,Current,2022-02-04,766712.41,BR026,RM_046,Current
ACC_007465,CUST_07465,Salary,2023-08-20,16967.1,BR029,RM_093,Salary
ACC_007466,CUST_07466,Current,2026-06-12,514046.55,BR031,RM_020,Current
ACC_007467,CUST_07467,Salary,2024-01-03,85786.46,BR020,RM_073,Salary
ACC_007468,CUST_07468,Current,2025-07-18,567071.97,BR008,RM_042,Current
ACC_007469,CUST_07469,Savings,2026-03-28,164370.93,BR028,RM_012,Savings
ACC_007470,CUST_07470,Salary,2022-06-23,28199.72,BR001,RM_014,Salary
ACC_007471,CUST_07471,Savings,2021-03-05,23524.87,BR026,RM_007,Savings
ACC_007472,CUST_07472,Salary,2022-06-08,2582.06,BR025,RM_078,Salary
ACC_007473,CUST_07473,Savings,2024-02-10,3207.81,BR030,RM_052,Savings
ACC_007474,CUST_07474,Salary,2026-06-11,312287.24,BR032,RM_018,Salary
ACC_007475,CUST_07475,Savings,2022-09-14,3543.88,BR026,RM_029,Savings
ACC_007476,CUST_07476,Savings,2021-11-14,29195.8,BR042,RM_012,Savings
ACC_007477,CUST_07477,Savings,2026-06-07,5131.73,BR032,RM_100,Savings
ACC_007478,CUST_07478,Savings,2022-08-06,32143.68,BR038,RM_006,Savings
ACC_007479,CUST_07479,Current,2024-06-05,22105.99,BR010,RM_037,Current
ACC_007480,CUST_07480,Savings,2024-10-15,9898.16,BR038,RM_086,Savings
ACC_007481,CUST_07481,Savings,2022-01-04,212149.85,BR005,RM_028,Savings
ACC_007482,CUST_07482,Current,2023-02-26,4498.14,BR031,RM_100,Current
ACC_007483,CUST_07483,Savings,2025-11-29,5124.27,BR020,RM_046,Savings
ACC_007484,CUST_07484,Savings,2021-06-02,82408.35,BR028,RM_063,Savings
ACC_007485,CUST_07485,Savings,2023-01-14,2816.6,BR024,RM_066,Savings
ACC_007486,CUST_07486,Salary,2021-03-26,2654.6,BR004,RM_068,Salary
ACC_007487,CUST_07487,Savings,2022-01-27,464938.26,BR043,RM_014,Savings
ACC_007488,CUST_07488,Savings,2025-07-30,30458.96,BR025,RM_069,Savings
ACC_007489,CUST_07489,Savings,2025-04-11,1042303.98,BR003,RM_058,Savings
ACC_007490,CUST_07490,Savings,2024-05-19,9019.06,BR049,RM_067,Savings
ACC_007491,CUST_07491,Savings,2021-08-20,1878.01,BR037,RM_095,Savings
ACC_007492,CUST_07492,Savings,2025-10-09,156070.07,BR032,RM_079,Savings
ACC_007493,CUST_07493,Current,2021-12-02,2803.27,BR004,RM_014,Current
ACC_007494,CUST_07494,Savings,2022-06-16,16519.72,BR004,RM_025,Savings
ACC_007495,CUST_07495,Savings,2021-03-04,9232.6,BR004,RM_043,Savings
ACC_007496,CUST_07496,Savings,2025-02-17,71055.5,BR048,RM_086,Savings
ACC_007497,CUST_07497,Salary,2023-07-11,13713.15,BR012,RM_094,Salary
ACC_007498,CUST_07498,Salary,2023-08-06,119836.78,BR041,RM_039,Salary
ACC_007499,CUST_07499,Savings,2021-09-11,94405.12,BR036,RM_009,Savings
ACC_007500,CUST_07500,Savings,2022-12-01,141345.46,BR044,RM_008,Savings
ACC_007501,CUST_07501,Savings,2022-05-21,62873.92,BR030,RM_077,Savings
ACC_007502,CUST_07502,Savings,2022-08-05,3247.05,BR007,RM_004,Savings
ACC_007503,CUST_07503,Savings,2022-02-14,44016.12,BR017,RM_025,Savings
ACC_007504,CUST_07504,Salary,2024-07-30,20855.9,BR012,RM_036,Salary
ACC_007505,CUST_07505,Current,2021-08-10,7285.65,BR014,RM_052,Current
ACC_007506,CUST_07506,Salary,2026-07-21,5716.78,BR046,RM_044,Salary
ACC_007507,CUST_07507,Current,2023-06-05,599.27,BR003,RM_011,Current
ACC_007508,CUST_07508,Savings,2026-06-27,1063517.08,BR038,RM_022,Savings
ACC_007509,CUST_07509,Savings,2025-01-18,170422.9,BR018,RM_094,Savings
ACC_007510,CUST_07510,Savings,2023-05-03,19441.14,BR030,RM_018,Savings
ACC_007511,CUST_07511,Savings,2021-12-27,308749.19,BR035,RM_019,Savings
ACC_007512,CUST_07512,Salary,2026-01-22,2856.6,BR033,RM_092,Salary
ACC_007513,CUST_07513,Salary,2024-04-22,15423.97,BR035,RM_093,Salary
ACC_007514,CUST_07514,Savings,2025-11-18,118078.96,BR041,RM_087,Savings
ACC_007515,CUST_07515,Savings,2022-06-28,7590.72,BR002,RM_058,Savings
ACC_007516,CUST_07516,Current,2023-04-06,10946.59,BR027,RM_028,Current
ACC_007517,CUST_07517,Savings,2026-03-24,28698.98,BR038,RM_078,Savings
ACC_007518,CUST_07518,Savings,2025-02-01,70664.07,BR017,RM_014,Savings
ACC_007519,CUST_07519,Savings,2022-05-20,43923.47,BR020,RM_070,Savings
ACC_007520,CUST_07520,Salary,2021-01-09,60585.22,BR005,RM_053,Salary
ACC_007521,CUST_07521,Current,2025-07-09,676316.8,BR044,RM_015,Current
ACC_007522,CUST_07522,Savings,2021-12-06,69292.71,BR013,RM_054,Savings
ACC_007523,CUST_07523,Savings,2026-04-16,21122.95,BR044,RM_008,Savings
ACC_007524,CUST_07524,Savings,2021-01-21,2252449.26,BR004,RM_091,Savings
ACC_007525,CUST_07525,Savings,2024-10-29,46795.64,BR037,RM_072,Savings
ACC_007526,CUST_07526,Savings,2021-05-11,200568.79,BR038,RM_093,Savings
ACC_007527,CUST_07527,Savings,2024-02-01,92701.43,BR016,RM_015,Savings
ACC_007528,CUST_07528,Salary,2025-10-06,27516.12,BR043,RM_051,Salary
ACC_007529,CUST_07529,Savings,2022-02-06,23596.63,BR037,RM_090,Savings
ACC_007530,CUST_07530,Salary,2026-05-09,13476.97,BR037,RM_019,Salary
ACC_007531,CUST_07531,Salary,2025-05-11,17702.72,BR015,RM_096,Salary
ACC_007532,CUST_07532,Current,2022-08-29,7080.03,BR001,RM_068,Current
ACC_007533,CUST_07533,Savings,2024-09-18,13805.05,BR031,RM_064,Savings
ACC_007534,CUST_07534,Savings,2024-06-03,131987.76,BR026,RM_081,Savings
ACC_007535,CUST_07535,Savings,2023-09-08,368391.43,BR045,RM_033,Savings
ACC_007536,CUST_07536,Savings,2021-02-13,20775.75,BR018,RM_042,Savings
ACC_007537,CUST_07537,Current,2022-12-31,3323.2,BR020,RM_051,Current
ACC_007538,CUST_07538,Savings,2024-04-22,1487.05,BR019,RM_021,Savings
ACC_007539,CUST_07539,Savings,2021-10-26,10950.17,BR026,RM_038,Savings
ACC_007540,CUST_07540,Savings,2023-12-21,44934.51,BR010,RM_038,Savings
ACC_007541,CUST_07541,Current,2025-09-04,213572.17,BR004,RM_081,Current
ACC_007542,CUST_07542,Savings,2023-02-05,191395.84,BR040,RM_004,Savings
ACC_007543,CUST_07543,Savings,2025-09-18,6555.72,BR003,RM_046,Savings
ACC_007544,CUST_07544,Savings,2021-03-18,32149.05,BR012,RM_031,Savings
ACC_007545,CUST_07545,Savings,2021-11-21,10457.6,BR030,RM_046,Savings
ACC_007546,CUST_07546,Salary,2026-07-19,34887.85,BR033,RM_055,Salary
ACC_007547,CUST_07547,Savings,2026-03-12,96281.96,BR042,RM_059,Savings
ACC_007548,CUST_07548,Current,2023-02-13,68728.65,BR047,RM_021,Current
ACC_007549,CUST_07549,Savings,2024-12-17,26219.65,BR045,RM_021,Savings
ACC_007550,CUST_07550,Salary,2025-11-12,41428.74,BR042,RM_036,Salary
ACC_007551,CUST_07551,Salary,2024-05-21,139381.58,BR002,RM_042,Salary
ACC_007552,CUST_07552,Current,2021-08-09,522556.23,BR034,RM_029,Current
ACC_007553,CUST_07553,Salary,2026-04-12,3927.66,BR026,RM_094,Salary
ACC_007554,CUST_07554,Salary,2021-11-20,90239.82,BR019,RM_068,Salary
ACC_007555,CUST_07555,Savings,2022-08-19,143398.39,BR017,RM_008,Savings
ACC_007556,CUST_07556,Savings,2024-08-03,114119.46,BR013,RM_022,Savings
ACC_007557,CUST_07557,Savings,2021-06-12,248749.58,BR001,RM_024,Savings
ACC_007558,CUST_07558,Savings,2023-02-27,24600.67,BR037,RM_060,Savings
ACC_007559,CUST_07559,Savings,2023-01-22,112257.69,BR038,RM_055,Savings
ACC_007560,CUST_07560,Current,2024-08-28,124670.07,BR032,RM_032,Current
ACC_007561,CUST_07561,Savings,2025-12-26,28776.9,BR010,RM_051,Savings
ACC_007562,CUST_07562,Savings,2024-07-28,6719.24,BR031,RM_100,Savings
ACC_007563,CUST_07563,Salary,2021-08-24,5824.25,BR025,RM_042,Salary
ACC_007564,CUST_07564,Savings,2026-07-26,44824.74,BR018,RM_065,Savings
ACC_007565,CUST_07565,Savings,2023-02-18,30676.46,BR038,RM_025,Savings
ACC_007566,CUST_07566,Salary,2022-10-28,12360.15,BR004,RM_016,Salary
ACC_007567,CUST_07567,Salary,2025-04-18,161710.74,BR011,RM_095,Salary
ACC_007568,CUST_07568,Salary,2026-03-04,472912.78,BR039,RM_041,Salary
ACC_007569,CUST_07569,Current,2024-03-24,36067.79,BR002,RM_030,Current
ACC_007570,CUST_07570,Savings,2021-02-21,1336.4,BR005,RM_001,Savings
ACC_007571,CUST_07571,Savings,2023-04-11,71765.36,BR029,RM_007,Savings
ACC_007572,CUST_07572,Savings,2024-10-20,29637.25,BR043,RM_050,Savings
ACC_007573,CUST_07573,Savings,2026-04-17,25813.72,BR032,RM_051,Savings
ACC_007574,CUST_07574,Savings,2022-05-29,118964.55,BR015,RM_043,Savings
ACC_007575,CUST_07575,Current,2021-09-28,116935.99,BR023,RM_035,Current
ACC_007576,CUST_07576,Savings,2024-06-27,-1208.09,BR012,RM_065,Savings
ACC_007577,CUST_07577,Savings,2022-11-27,61987.76,BR029,RM_016,Savings
ACC_007578,CUST_07578,Salary,2022-05-13,526230.65,BR036,RM_098,Salary
ACC_007579,CUST_07579,Savings,2026-01-26,8940.98,BR012,RM_040,Savings
ACC_007580,CUST_07580,Current,2022-03-13,18960.56,BR018,RM_067,Current
ACC_007581,CUST_07581,Salary,2025-02-13,16610.73,BR038,RM_029,Salary
ACC_007582,CUST_07582,Savings,2025-05-08,12596.03,BR018,RM_014,Savings
ACC_007583,CUST_07583,Savings,2023-05-30,54497.0,BR050,RM_054,Savings
ACC_007584,CUST_07584,Savings,2022-11-01,27464.12,BR041,RM_083,Savings
ACC_007585,CUST_07585,Savings,2021-08-29,844333.99,BR003,RM_062,Savings
ACC_007586,CUST_07586,Current,2023-10-19,4582.71,BR017,RM_089,Current
ACC_007587,CUST_07587,Salary,2022-05-12,2089.25,BR016,RM_033,Salary
ACC_007588,CUST_07588,Savings,2025-12-05,458312.46,BR020,RM_096,Savings
ACC_007589,CUST_07589,Savings,2022-08-09,39023.1,BR024,RM_039,Savings
ACC_007590,CUST_07590,Savings,2022-04-12,970101.69,BR023,RM_084,Savings
ACC_007591,CUST_07591,Salary,2025-07-13,7491.76,BR013,RM_014,Salary
ACC_007592,CUST_07592,Salary,2023-01-02,35339.03,BR031,RM_075,Salary
ACC_007593,CUST_07593,Savings,2023-10-06,99152.63,BR014,RM_065,Savings
ACC_007594,CUST_07594,Savings,2022-03-31,6793.7,BR043,RM_043,Savings
ACC_007595,CUST_07595,Savings,2021-04-02,235.59,BR035,RM_072,Savings
ACC_007596,CUST_07596,Savings,2023-05-12,10960.29,BR007,RM_089,Savings
ACC_007597,CUST_07597,Savings,2023-05-04,37535.24,BR007,RM_099,Savings
ACC_007598,CUST_07598,Savings,2023-07-22,10236.26,BR012,RM_033,Savings
ACC_007599,CUST_07599,Savings,2022-04-09,8231.95,BR017,RM_055,Savings
ACC_007600,CUST_07600,Salary,2023-05-16,15720.76,BR040,RM_050,Salary
ACC_007601,CUST_07601,Current,2024-12-07,7512.46,BR009,RM_093,Current
ACC_007602,CUST_07602,Salary,2026-07-07,6792.32,BR017,RM_016,Salary
ACC_007603,CUST_07603,Savings,2023-12-15,3190.1,BR009,RM_029,Savings
ACC_007604,CUST_07604,Savings,2023-11-07,1319.86,BR022,RM_092,Savings
ACC_007605,CUST_07605,Salary,2024-12-07,122094.77,BR044,RM_023,Salary
ACC_007606,CUST_07606,Salary,2025-10-26,12720.75,BR021,RM_087,Salary
ACC_007607,CUST_07607,Savings,2026-03-03,40992.66,BR032,RM_047,Savings
ACC_007608,CUST_07608,Salary,2025-09-28,5463.97,BR008,RM_028,Salary
ACC_007609,CUST_07609,Salary,2021-12-03,26368.31,BR049,RM_041,Salary
ACC_007610,CUST_07610,Savings,2023-03-24,120436.07,BR048,RM_060,Savings
ACC_007611,CUST_07611,Salary,2022-10-23,158255.97,BR027,RM_006,Salary
ACC_007612,CUST_07612,Current,2023-11-06,80862.11,BR005,RM_037,Current
ACC_007613,CUST_07613,Savings,2023-12-12,2332993.11,BR013,RM_077,Savings
ACC_007614,CUST_07614,Savings,2025-01-20,4260.42,BR035,RM_070,Savings
ACC_007615,CUST_07615,Current,2024-08-08,1965.59,BR015,RM_084,Current
ACC_007616,CUST_07616,Savings,2025-05-29,1849.93,BR008,RM_053,Savings
ACC_007617,CUST_07617,Current,2026-01-26,130816.15,BR002,RM_094,Current
ACC_007618,CUST_07618,Current,2026-04-06,3167.99,BR030,RM_001,Current
ACC_007619,CUST_07619,Savings,2025-01-18,8080.2,BR018,RM_043,Savings
ACC_007620,CUST_07620,Savings,2025-05-22,16031.54,BR005,RM_075,Savings
ACC_007621,CUST_07621,Savings,2021-09-12,1701.79,BR005,RM_093,Savings
ACC_007622,CUST_07622,Savings,2022-08-29,62298.36,BR007,RM_030,Savings
ACC_007623,CUST_07623,Salary,2021-11-16,28936.44,BR032,RM_071,Salary
ACC_007624,CUST_07624,Salary,2024-04-21,1241754.92,BR029,RM_033,Salary
ACC_007625,CUST_07625,Savings,2023-10-30,726905.35,BR017,RM_018,Savings
ACC_007626,CUST_07626,Savings,2022-01-02,15518.07,BR044,RM_092,Savings
ACC_007627,CUST_07627,Current,2021-05-10,11996.12,BR036,RM_016,Current
ACC_007628,CUST_07628,Current,2025-11-11,6338.23,BR028,RM_075,Current
ACC_007629,CUST_07629,Current,2021-01-15,4365.65,BR026,RM_084,Current
ACC_007630,CUST_07630,Savings,2024-07-26,12175.43,BR005,RM_041,Savings
ACC_007631,CUST_07631,Savings,2021-05-17,254176.2,BR019,RM_084,Savings
ACC_007632,CUST_07632,Savings,2022-11-03,24802.39,BR021,RM_053,Savings
ACC_007633,CUST_07633,Savings,2026-06-20,157350.45,BR027,RM_018,Savings
ACC_007634,CUST_07634,Savings,2026-01-15,8559.22,BR027,RM_090,Savings
ACC_007635,CUST_07635,Savings,2026-05-31,2872.05,BR015,RM_025,Savings
ACC_007636,CUST_07636,Savings,2026-04-04,2794.84,BR047,RM_076,Savings
ACC_007637,CUST_07637,Savings,2021-08-05,8056.8,BR036,RM_100,Savings
ACC_007638,CUST_07638,Savings,2026-06-10,6856.85,BR022,RM_041,Savings
ACC_007639,CUST_07639,Savings,2022-06-03,41757.43,BR016,RM_051,Savings
ACC_007640,CUST_07640,Savings,2024-04-15,22622.73,BR034,RM_019,Savings
ACC_007641,CUST_07641,Savings,2024-04-29,455039.92,BR048,RM_054,Savings
ACC_007642,CUST_07642,Savings,2023-05-19,1737.41,BR027,RM_015,Savings
ACC_007643,CUST_07643,Savings,2024-04-09,309339.64,BR034,RM_029,Savings
ACC_007644,CUST_07644,Salary,2024-04-05,8709.29,BR041,RM_053,Salary
ACC_007645,CUST_07645,Savings,2023-11-26,35990.51,BR002,RM_034,Savings
ACC_007646,CUST_07646,Savings,2025-07-08,3197.77,BR007,RM_059,Savings
ACC_007647,CUST_07647,Savings,2024-05-19,125766.95,BR039,RM_019,Savings
ACC_007648,CUST_07648,Savings,2021-04-05,1128421.3,BR012,RM_030,Savings
ACC_007649,CUST_07649,Savings,2025-03-05,348183.65,BR023,RM_025,Savings
ACC_007650,CUST_07650,Savings,2026-03-12,6079.01,BR018,RM_018,Savings
ACC_007651,CUST_07651,Savings,2025-03-24,41173.88,BR050,RM_014,Savings
ACC_007652,CUST_07652,Savings,2025-11-20,1520.92,BR050,RM_017,Savings
ACC_007653,CUST_07653,Savings,2024-07-31,16983.23,BR022,RM_037,Savings
ACC_007654,CUST_07654,Salary,2022-10-13,7906.58,BR010,RM_072,Salary
ACC_007655,CUST_07655,Savings,2024-07-29,6926.78,BR003,RM_071,Savings
ACC_007656,CUST_07656,Savings,2021-06-06,11479.24,BR011,RM_088,Savings
ACC_007657,CUST_07657,Savings,2023-08-19,958.35,BR043,RM_011,Savings
ACC_007658,CUST_07658,Savings,2024-04-14,14856.32,BR007,RM_063,Savings
ACC_007659,CUST_07659,Savings,2024-09-03,11988.36,BR021,RM_066,Savings
ACC_007660,CUST_07660,Savings,2024-12-20,3266.68,BR038,RM_007,Savings
ACC_007661,CUST_07661,Salary,2023-06-07,8529.67,BR035,RM_012,Salary
ACC_007662,CUST_07662,Salary,2023-01-11,2418.32,BR042,RM_063,Salary
ACC_007663,CUST_07663,Savings,2024-09-19,2273.32,BR044,RM_025,Savings
ACC_007664,CUST_07664,Savings,2025-12-25,3467.01,BR001,RM_030,Savings
ACC_007665,CUST_07665,Savings,2021-01-02,7664.72,BR039,RM_091,Savings
ACC_007666,CUST_07666,Salary,2025-12-28,30003.26,BR034,RM_096,Salary
ACC_007667,CUST_07667,Savings,2021-09-21,469108.08,BR021,RM_037,Savings
ACC_007668,CUST_07668,Savings,2025-08-29,10298.41,BR045,RM_007,Savings
ACC_007669,CUST_07669,Salary,2022-01-16,7590.29,BR046,RM_014,Salary
ACC_007670,CUST_07670,Salary,2021-12-27,217524.53,BR011,RM_059,Salary
ACC_007671,CUST_07671,Savings,2025-04-08,3379.21,BR036,RM_073,Savings
ACC_007672,CUST_07672,Savings,2021-05-30,2834377.04,BR012,RM_099,Savings
ACC_007673,CUST_07673,Savings,2021-11-06,4975.91,BR045,RM_074,Savings
ACC_007674,CUST_07674,Savings,2021-07-12,13545.99,BR019,RM_052,Savings
ACC_007675,CUST_07675,Salary,2022-04-26,65240.34,BR009,RM_045,Salary
ACC_007676,CUST_07676,Savings,2022-06-10,813.18,BR010,RM_037,Savings
ACC_007677,CUST_07677,Savings,2021-09-29,57593.74,BR017,RM_055,Savings
ACC_007678,CUST_07678,Salary,2023-10-18,3085.78,BR008,RM_055,Salary
ACC_007679,CUST_07679,Salary,2024-04-24,11989.51,BR022,RM_096,Salary
ACC_007680,CUST_07680,Salary,2024-01-13,28295.6,BR004,RM_052,Salary
ACC_007681,CUST_07681,Savings,2025-01-21,12135.33,BR041,RM_006,Savings
ACC_007682,CUST_07682,Current,2025-07-08,1042.32,BR040,RM_096,Current
ACC_007683,CUST_07683,Savings,2023-03-09,120963.7,BR016,RM_013,Savings
ACC_007684,CUST_07684,Savings,2025-03-30,288821.49,BR033,RM_002,Savings
ACC_007685,CUST_07685,Savings,2021-11-28,2891.7,BR050,RM_014,Savings
ACC_007686,CUST_07686,Savings,2022-11-05,2051.29,BR011,RM_075,Savings
ACC_007687,CUST_07687,Savings,2022-06-26,113310.69,BR043,RM_099,Savings
ACC_007688,CUST_07688,Savings,2021-01-20,5567.77,BR014,RM_059,Savings
ACC_007689,CUST_07689,Savings,2026-02-03,14735.49,BR012,RM_039,Savings
ACC_007690,CUST_07690,Savings,2025-04-24,254688.16,BR021,RM_084,Savings
ACC_007691,CUST_07691,Savings,2021-03-02,5202.33,BR017,RM_062,Savings
ACC_007692,CUST_07692,Salary,2023-03-11,4792.02,BR028,RM_066,Salary
ACC_007693,CUST_07693,Current,2026-04-27,192776.77,BR039,RM_069,Current
ACC_007694,CUST_07694,Savings,2026-02-09,318443.4,BR023,RM_065,Savings
ACC_007695,CUST_07695,Savings,2023-12-26,7715.83,BR029,RM_055,Savings
ACC_007696,CUST_07696,Savings,2022-11-15,72711.71,BR012,RM_013,Savings
ACC_007697,CUST_07697,Current,2024-08-30,14574.71,BR007,RM_021,Current
ACC_007698,CUST_07698,Salary,2025-06-05,97433.91,BR017,RM_061,Salary
ACC_007699,CUST_07699,Savings,2022-11-21,44202.26,BR045,RM_008,Savings
ACC_007700,CUST_07700,Salary,2025-04-28,296362.05,BR049,RM_081,Salary
ACC_007701,CUST_07701,Savings,2024-07-18,30779.12,BR029,RM_018,Savings
ACC_007702,CUST_07702,Savings,2024-12-31,88314.56,BR024,RM_080,Savings
ACC_007703,CUST_07703,Savings,2024-09-17,137570.39,BR030,RM_091,Savings
ACC_007704,CUST_07704,Savings,2025-03-04,9941.51,BR006,RM_013,Savings
ACC_007705,CUST_07705,Savings,2024-01-07,879.18,BR012,RM_015,Savings
ACC_007706,CUST_07706,Savings,2023-04-21,9316.37,BR024,RM_034,Savings
ACC_007707,CUST_07707,Salary,2021-10-23,17901.59,BR046,RM_070,Salary
ACC_007708,CUST_07708,Savings,2023-02-10,23182.05,BR014,RM_055,Savings
ACC_007709,CUST_07709,Savings,2026-01-25,32768.52,BR013,RM_098,Savings
ACC_007710,CUST_07710,Current,2023-09-24,4341.19,BR031,RM_091,Current
ACC_007711,CUST_07711,Savings,2022-03-14,1668.54,BR045,RM_008,Savings
ACC_007712,CUST_07712,Current,2023-10-04,5484.87,BR034,RM_063,Current
ACC_007713,CUST_07713,Salary,2022-04-18,16400.2,BR048,RM_019,Salary
ACC_007714,CUST_07714,Current,2021-01-21,29112.5,BR047,RM_072,Current
ACC_007715,CUST_07715,Savings,2023-01-17,11502.38,BR026,RM_060,Savings
ACC_007716,CUST_07716,Savings,2023-01-01,6428.1,BR021,RM_023,Savings
ACC_007717,CUST_07717,Current,2026-02-11,20166.39,BR009,RM_083,Current
ACC_007718,CUST_07718,Savings,2023-08-04,22961.47,BR041,RM_032,Savings
ACC_007719,CUST_07719,Salary,2022-10-17,20595.1,BR014,RM_022,Salary
ACC_007720,CUST_07720,Current,2025-08-07,12861.11,BR028,RM_013,Current
ACC_007721,CUST_07721,Savings,2025-06-22,10450.2,BR002,RM_069,Savings
ACC_007722,CUST_07722,Savings,2023-08-27,27437.19,BR008,RM_013,Savings
ACC_007723,CUST_07723,Savings,2026-06-17,38859.51,BR014,RM_022,Savings
ACC_007724,CUST_07724,Current,2021-06-04,3784.17,BR035,RM_047,Current
ACC_007725,CUST_07725,Current,2024-04-21,6594.19,BR001,RM_052,Current
ACC_007726,CUST_07726,Savings,2026-02-02,464766.79,BR011,RM_076,Savings
ACC_007727,CUST_07727,Savings,2023-10-11,155212.04,BR029,RM_040,Savings
ACC_007728,CUST_07728,Savings,2024-03-20,35163.09,BR015,RM_091,Savings
ACC_007729,CUST_07729,Savings,2025-01-21,1939.55,BR027,RM_079,Savings
ACC_007730,CUST_07730,Current,2025-08-23,5657.81,BR017,RM_048,Current
ACC_007731,CUST_07731,Salary,2021-07-20,163894.88,BR026,RM_042,Salary
ACC_007732,CUST_07732,Savings,2024-07-31,3633.41,BR026,RM_077,Savings
ACC_007733,CUST_07733,Savings,2024-05-27,81591.05,BR029,RM_087,Savings
ACC_007734,CUST_07734,Savings,2021-03-15,20665.5,BR001,RM_050,Savings
ACC_007735,CUST_07735,Savings,2025-05-24,8911.03,BR046,RM_035,Savings
ACC_007736,CUST_07736,Savings,2024-11-21,33786.53,BR012,RM_078,Savings
ACC_007737,CUST_07737,Salary,2021-06-11,105669.3,BR010,RM_037,Salary
ACC_007738,CUST_07738,Savings,2023-02-20,14456.74,BR003,RM_028,Savings
ACC_007739,CUST_07739,Savings,2025-03-27,323211.42,BR027,RM_085,Savings
ACC_007740,CUST_07740,Savings,2021-01-21,14946.9,BR004,RM_059,Savings
ACC_007741,CUST_07741,Savings,2025-08-18,5744.04,BR011,RM_078,Savings
ACC_007742,CUST_07742,Savings,2026-05-14,21360.9,BR036,RM_088,Savings
ACC_007743,CUST_07743,Savings,2026-05-05,52485.5,BR038,RM_075,Savings
ACC_007744,CUST_07744,Savings,2026-02-11,13991.27,BR032,RM_056,Savings
ACC_007745,CUST_07745,Savings,2025-01-22,249350.71,BR040,RM_068,Savings
ACC_007746,CUST_07746,Savings,2023-12-30,10729.52,BR035,RM_046,Savings
ACC_007747,CUST_07747,Savings,2025-01-30,50029.46,BR031,RM_064,Savings
ACC_007748,CUST_07748,Savings,2026-05-07,111746.96,BR009,RM_080,Savings
ACC_007749,CUST_07749,Current,2023-12-12,6467257.57,BR044,RM_027,Current
ACC_007750,CUST_07750,Savings,2023-01-24,5892.02,BR013,RM_091,Savings
ACC_007751,CUST_07751,Savings,2025-02-13,7623.19,BR042,RM_055,Savings
ACC_007752,CUST_07752,Current,2024-04-01,10540.97,BR046,RM_068,Current
ACC_007753,CUST_07753,Savings,2024-10-29,297657.38,BR038,RM_093,Savings
ACC_007754,CUST_07754,Savings,2026-02-27,9531.25,BR005,RM_081,Savings
ACC_007755,CUST_07755,Savings,2026-04-24,13331.39,BR049,RM_090,Savings
ACC_007756,CUST_07756,Savings,2025-03-04,34046.08,BR017,RM_049,Savings
ACC_007757,CUST_07757,Savings,2024-12-31,41241.61,BR036,RM_035,Savings
ACC_007758,CUST_07758,Current,2025-09-20,154161.85,BR047,RM_060,Current
ACC_007759,CUST_07759,Savings,2023-09-14,15148.32,BR045,RM_018,Savings
ACC_007760,CUST_07760,Savings,2023-07-19,166469.19,BR027,RM_023,Savings
ACC_007761,CUST_07761,Savings,2022-08-03,35863.39,BR004,RM_006,Savings
ACC_007762,CUST_07762,Savings,2026-03-13,46919.26,BR028,RM_041,Savings
ACC_007763,CUST_07763,Savings,2024-12-25,10350.09,BR046,RM_002,Savings
ACC_007764,CUST_07764,Savings,2022-10-30,105004.41,BR041,RM_071,Savings
ACC_007765,CUST_07765,Salary,2022-12-15,6602.98,BR014,RM_063,Salary
ACC_007766,CUST_07766,Salary,2024-12-13,4766.93,BR027,RM_043,Salary
ACC_007767,CUST_07767,Salary,2021-10-29,5827.48,BR032,RM_071,Salary
ACC_007768,CUST_07768,Savings,2024-10-06,207164.72,BR040,RM_001,Savings
ACC_007769,CUST_07769,Savings,2021-11-22,1669.3,BR038,RM_039,Savings
ACC_007770,CUST_07770,Current,2023-06-27,24615.22,BR028,RM_047,Current
ACC_007771,CUST_07771,Savings,2023-11-21,6917.11,BR030,RM_076,Savings
ACC_007772,CUST_07772,Savings,2026-06-01,87283.71,BR017,RM_003,Savings
ACC_007773,CUST_07773,Current,2024-08-18,7820.56,BR022,RM_016,Current
ACC_007774,CUST_07774,Savings,2023-03-25,40882.45,BR020,RM_028,Savings
ACC_007775,CUST_07775,Savings,2024-03-21,7224.12,BR025,RM_080,Savings
ACC_007776,CUST_07776,Salary,2025-08-06,17110.66,BR036,RM_061,Salary
ACC_007777,CUST_07777,Savings,2021-05-28,19180.2,BR030,RM_037,Savings
ACC_007778,CUST_07778,Savings,2023-09-15,177197.09,BR014,RM_046,Savings
ACC_007779,CUST_07779,Current,2021-01-03,8072.54,BR048,RM_071,Current
ACC_007780,CUST_07780,Salary,2025-08-14,57023.28,BR023,RM_025,Salary
ACC_007781,CUST_07781,Savings,2021-02-25,27430.71,BR031,RM_073,Savings
ACC_007782,CUST_07782,Savings,2023-07-01,40886.86,BR007,RM_091,Savings
ACC_007783,CUST_07783,Savings,2023-11-24,11207.93,BR029,RM_015,Savings
ACC_007784,CUST_07784,Savings,2025-05-12,54447.21,BR026,RM_009,Savings
ACC_007785,CUST_07785,Savings,2025-10-09,50263.39,BR034,RM_026,Savings
ACC_007786,CUST_07786,Savings,2026-05-01,3551.78,BR026,RM_071,Savings
ACC_007787,CUST_07787,Savings,2023-05-31,10438.53,BR014,RM_093,Savings
ACC_007788,CUST_07788,Savings,2025-11-24,4510.01,BR027,RM_045,Savings
ACC_007789,CUST_07789,Savings,2026-02-23,47736.11,BR011,RM_008,Savings
ACC_007790,CUST_07790,Current,2023-06-03,42498.88,BR036,RM_099,Current
ACC_007791,CUST_07791,Savings,2023-05-06,20855.49,BR024,RM_010,Savings
ACC_007792,CUST_07792,Current,2025-12-20,25648.09,BR037,RM_036,Current
ACC_007793,CUST_07793,Savings,2023-01-27,222691.12,BR046,RM_086,Savings
ACC_007794,CUST_07794,Savings,2022-07-29,31604.56,BR022,RM_095,Savings
ACC_007795,CUST_07795,Savings,2024-03-23,22435.77,BR029,RM_013,Savings
ACC_007796,CUST_07796,Savings,2026-07-23,1814.8,BR043,RM_084,Savings
ACC_007797,CUST_07797,Savings,2022-09-08,34977.87,BR003,RM_010,Savings
ACC_007798,CUST_07798,Current,2023-07-08,757765.91,BR037,RM_048,Current
ACC_007799,CUST_07799,Salary,2026-04-04,2355.26,BR037,RM_051,Salary
ACC_007800,CUST_07800,Savings,2025-11-16,42344.81,BR035,RM_015,Savings
ACC_007801,CUST_07801,Salary,2021-04-04,113054.76,BR022,RM_046,Salary
ACC_007802,CUST_07802,Salary,2025-08-22,48967.2,BR039,RM_088,Salary
ACC_007803,CUST_07803,Salary,2026-02-22,16334.96,BR044,RM_076,Salary
ACC_007804,CUST_07804,Savings,2023-08-12,2917.18,BR031,RM_033,Savings
ACC_007805,CUST_07805,Salary,2024-04-15,134986.13,BR022,RM_025,Salary
ACC_007806,CUST_07806,Savings,2026-05-20,1085954.41,BR049,RM_069,Savings
ACC_007807,CUST_07807,Savings,2025-02-05,208706.7,BR019,RM_034,Savings
ACC_007808,CUST_07808,Savings,2021-04-25,42223.91,BR016,RM_065,Savings
ACC_007809,CUST_07809,Savings,2024-11-07,21470.17,BR043,RM_045,Savings
ACC_007810,CUST_07810,Savings,2024-08-13,23331.29,BR011,RM_049,Savings
ACC_007811,CUST_07811,Savings,2023-11-11,621783.32,BR003,RM_049,Savings
ACC_007812,CUST_07812,Savings,2021-01-10,17224.28,BR025,RM_045,Savings
ACC_007813,CUST_07813,Savings,2021-03-07,2125408.66,BR030,RM_083,Savings
ACC_007814,CUST_07814,Savings,2023-04-23,40158.9,BR010,RM_079,Savings
ACC_007815,CUST_07815,Savings,2023-08-07,4335.67,BR006,RM_092,Savings
ACC_007816,CUST_07816,Savings,2022-01-19,9144.16,BR032,RM_080,Savings
ACC_007817,CUST_07817,Savings,2025-08-21,56402.52,BR041,RM_040,Savings
ACC_007818,CUST_07818,Savings,2022-05-19,6025.1,BR027,RM_025,Savings
ACC_007819,CUST_07819,Savings,2023-07-23,94803.75,BR019,RM_051,Savings
ACC_007820,CUST_07820,Savings,2024-10-30,9209.21,BR004,RM_028,Savings
ACC_007821,CUST_07821,Savings,2024-09-25,7813.86,BR046,RM_040,Savings
ACC_007822,CUST_07822,Savings,2026-04-17,45047.54,BR017,RM_098,Savings
ACC_007823,CUST_07823,Current,2022-12-19,10772.14,BR013,RM_016,Current
ACC_007824,CUST_07824,Savings,2026-01-20,2582.37,BR029,RM_004,Savings
ACC_007825,CUST_07825,Current,2023-12-31,56383.65,BR015,RM_083,Current
ACC_007826,CUST_07826,Savings,2021-06-05,27924.94,BR017,RM_019,Savings
ACC_007827,CUST_07827,Savings,2021-10-18,166639.09,BR007,RM_004,Savings
ACC_007828,CUST_07828,Salary,2021-12-19,43469.73,BR025,RM_013,Salary
ACC_007829,CUST_07829,Savings,2023-11-08,3818.78,BR027,RM_024,Savings
ACC_007830,CUST_07830,Savings,2024-01-07,1073231.27,BR004,RM_093,Savings
ACC_007831,CUST_07831,Salary,2024-10-17,19887.77,BR022,RM_075,Salary
ACC_007832,CUST_07832,Savings,2023-08-09,3339.49,BR001,RM_086,Savings
ACC_007833,CUST_07833,Savings,2022-07-27,81937.49,BR045,RM_068,Savings
ACC_007834,CUST_07834,Savings,2025-11-17,19239.76,BR025,RM_096,Savings
ACC_007835,CUST_07835,Savings,2022-04-11,-1723.18,BR030,RM_020,Savings
ACC_007836,CUST_07836,Savings,2025-04-10,213909.29,BR049,RM_067,Savings
ACC_007837,CUST_07837,Current,2024-11-23,16703.57,BR009,RM_038,Current
ACC_007838,CUST_07838,Savings,2026-06-21,1819.5,BR007,RM_052,Savings
ACC_007839,CUST_07839,Current,2025-10-16,12828.89,BR033,RM_002,Current
ACC_007840,CUST_07840,Savings,2025-07-30,55395.03,BR007,RM_023,Savings
ACC_007841,CUST_07841,Current,2021-05-02,1650.14,BR016,RM_022,Current
ACC_007842,CUST_07842,Savings,2021-03-31,49641.01,BR043,RM_070,Savings
ACC_007843,CUST_07843,Savings,2023-01-25,318328.07,BR039,RM_009,Savings
ACC_007844,CUST_07844,Savings,2021-03-06,67535.48,BR006,RM_017,Savings
ACC_007845,CUST_07845,Savings,2024-02-21,250323.06,BR005,RM_084,Savings
ACC_007846,CUST_07846,Savings,2023-06-15,39694.42,BR041,RM_036,Savings
ACC_007847,CUST_07847,Savings,2025-03-23,13825.88,BR027,RM_017,Savings
ACC_007848,CUST_07848,Salary,2021-08-04,10664.38,BR038,RM_017,Salary
ACC_007849,CUST_07849,Current,2023-04-26,57594.37,BR030,RM_038,Current
ACC_007850,CUST_07850,Salary,2023-01-19,2301.51,BR013,RM_008,Salary
ACC_007851,CUST_07851,Savings,2024-11-23,12882.97,BR035,RM_015,Savings
ACC_007852,CUST_07852,Savings,2026-03-25,46681.88,BR019,RM_060,Savings
ACC_007853,CUST_07853,Savings,2026-07-01,109909.06,BR015,RM_035,Savings
ACC_007854,CUST_07854,Savings,2025-01-11,5261.03,BR022,RM_100,Savings
ACC_007855,CUST_07855,Savings,2021-07-08,6044.47,BR032,RM_088,Savings
ACC_007856,CUST_07856,Savings,2023-05-16,10104.39,BR035,RM_027,Savings
ACC_007857,CUST_07857,Salary,2023-08-21,37517.38,BR011,RM_097,Salary
ACC_007858,CUST_07858,Savings,2023-09-16,5904.46,BR014,RM_013,Savings
ACC_007859,CUST_07859,Current,2021-07-13,13932.24,BR028,RM_035,Current
ACC_007860,CUST_07860,Savings,2021-11-26,7073.28,BR035,RM_030,Savings
ACC_007861,CUST_07861,Current,2022-02-12,42823.5,BR011,RM_038,Current
ACC_007862,CUST_07862,Savings,2024-09-07,18723.88,BR013,RM_087,Savings
ACC_007863,CUST_07863,Savings,2022-10-29,151544.74,BR015,RM_087,Savings
ACC_007864,CUST_07864,Savings,2024-04-27,65423.62,BR015,RM_033,Savings
ACC_007865,CUST_07865,Salary,2021-07-05,12949.6,BR047,RM_084,Salary
ACC_007866,CUST_07866,Savings,2023-12-02,16519.63,BR047,RM_093,Savings
ACC_007867,CUST_07867,Salary,2021-01-06,50004.15,BR014,RM_087,Salary
ACC_007868,CUST_07868,Savings,2021-01-09,57887.9,BR004,RM_060,Savings
ACC_007869,CUST_07869,Salary,2022-01-26,3725.8,BR047,RM_051,Salary
ACC_007870,CUST_07870,Savings,2022-01-11,4437.26,BR026,RM_043,Savings
ACC_007871,CUST_07871,Savings,2023-05-19,20502.45,BR042,RM_035,Savings
ACC_007872,CUST_07872,Salary,2024-11-07,7148.28,BR003,RM_099,Salary
ACC_007873,CUST_07873,Savings,2022-05-23,54108.76,BR042,RM_006,Savings
ACC_007874,CUST_07874,Savings,2023-11-05,30020.7,BR033,RM_005,Savings
ACC_007875,CUST_07875,Savings,2021-11-09,10643.93,BR034,RM_006,Savings
ACC_007876,CUST_07876,Savings,2025-08-29,810530.99,BR044,RM_073,Savings
ACC_007877,CUST_07877,Savings,2024-10-06,9148.68,BR011,RM_051,Savings
ACC_007878,CUST_07878,Savings,2025-01-23,83610.75,BR043,RM_098,Savings
ACC_007879,CUST_07879,Savings,2025-08-08,407.51,BR042,RM_008,Savings
ACC_007880,CUST_07880,Savings,2025-08-22,22717.32,BR038,RM_018,Savings
ACC_007881,CUST_07881,Savings,2021-06-30,21739.54,BR017,RM_044,Savings
ACC_007882,CUST_07882,Savings,2024-07-31,-1820.35,BR008,RM_021,Savings
ACC_007883,CUST_07883,Savings,2022-10-06,42494.34,BR002,RM_008,Savings
ACC_007884,CUST_07884,Savings,2023-02-02,83797.84,BR033,RM_067,Savings
ACC_007885,CUST_07885,Current,2024-12-03,18688.44,BR012,RM_098,Current
ACC_007886,CUST_07886,Current,2023-11-22,9034.05,BR016,RM_098,Current
ACC_007887,CUST_07887,Savings,2021-04-21,47899.52,BR010,RM_099,Savings
ACC_007888,CUST_07888,Savings,2021-10-23,17533.56,BR025,RM_058,Savings
ACC_007889,CUST_07889,Savings,2022-07-01,5267.22,BR044,RM_051,Savings
ACC_007890,CUST_07890,Savings,2023-05-19,5179.0,BR005,RM_010,Savings
ACC_007891,CUST_07891,Savings,2022-12-23,170270.59,BR049,RM_025,Savings
ACC_007892,CUST_07892,Current,2021-11-03,39176.85,BR030,RM_074,Current
ACC_007893,CUST_07893,Savings,2025-01-30,104074.69,BR016,RM_059,Savings
ACC_007894,CUST_07894,Current,2021-07-12,86815.15,BR001,RM_082,Current
ACC_007895,CUST_07895,Savings,2022-08-31,71063.16,BR035,RM_033,Savings
ACC_007896,CUST_07896,Savings,2026-03-29,30499.75,BR044,RM_060,Savings
ACC_007897,CUST_07897,Salary,2021-11-13,27388.05,BR027,RM_062,Salary
ACC_007898,CUST_07898,Savings,2021-09-21,9179.72,BR020,RM_025,Savings
ACC_007899,CUST_07899,Savings,2023-03-12,1266.87,BR003,RM_025,Savings
ACC_007900,CUST_07900,Savings,2026-04-16,3225.45,BR029,RM_100,Savings
ACC_007901,CUST_07901,Savings,2023-01-02,106843.31,BR022,RM_014,Savings
ACC_007902,CUST_07902,Savings,2021-08-07,3612.5,BR004,RM_049,Savings
ACC_007903,CUST_07903,Savings,2022-05-31,13258.28,BR002,RM_017,Savings
ACC_007904,CUST_07904,Savings,2023-03-16,87978.52,BR047,RM_028,Savings
ACC_007905,CUST_07905,Current,2022-01-21,1343.41,BR023,RM_027,Current
ACC_007906,CUST_07906,Savings,2025-05-23,13874.94,BR034,RM_070,Savings
ACC_007907,CUST_07907,Savings,2026-07-29,11327.83,BR033,RM_074,Savings
ACC_007908,CUST_07908,Savings,2021-02-03,5822.2,BR048,RM_019,Savings
ACC_007909,CUST_07909,Savings,2023-11-18,6488.53,BR001,RM_063,Savings
ACC_007910,CUST_07910,Salary,2025-01-18,12493.79,BR019,RM_047,Salary
ACC_007911,CUST_07911,Savings,2022-10-27,4734.16,BR012,RM_089,Savings
ACC_007912,CUST_07912,Savings,2021-11-22,6448.26,BR041,RM_091,Savings
ACC_007913,CUST_07913,Savings,2021-07-15,110086.26,BR022,RM_091,Savings
ACC_007914,CUST_07914,Current,2025-12-27,13858.44,BR045,RM_074,Current
ACC_007915,CUST_07915,Savings,2021-08-09,1187.84,BR019,RM_033,Savings
ACC_007916,CUST_07916,Savings,2021-08-24,10569.09,BR021,RM_074,Savings
ACC_007917,CUST_07917,Salary,2026-01-23,6264.36,BR025,RM_065,Salary
ACC_007918,CUST_07918,Savings,2025-02-22,31849.46,BR044,RM_017,Savings
ACC_007919,CUST_07919,Savings,2025-12-01,39409.36,BR034,RM_078,Savings
ACC_007920,CUST_07920,Savings,2026-06-15,16617.13,BR006,RM_040,Savings
ACC_007921,CUST_07921,Savings,2022-06-23,5280.89,BR013,RM_089,Savings
ACC_007922,CUST_07922,Savings,2024-03-04,2196.68,BR047,RM_029,Savings
ACC_007923,CUST_07923,Current,2021-01-30,15677.08,BR002,RM_075,Current
ACC_007924,CUST_07924,Savings,2025-10-23,12768.66,BR043,RM_063,Savings
ACC_007925,CUST_07925,Savings,2026-03-11,41514.77,BR015,RM_039,Savings
ACC_007926,CUST_07926,Savings,2024-12-31,10710.46,BR024,RM_081,Savings
ACC_007927,CUST_07927,Savings,2022-09-16,10556.35,BR037,RM_059,Savings
ACC_007928,CUST_07928,Current,2023-08-01,76155.41,BR018,RM_092,Current
ACC_007929,CUST_07929,Savings,2024-11-09,95209.28,BR033,RM_083,Savings
ACC_007930,CUST_07930,Savings,2022-06-03,3069.21,BR044,RM_051,Savings
ACC_007931,CUST_07931,Savings,2026-05-08,5568.22,BR007,RM_087,Savings
ACC_007932,CUST_07932,Savings,2025-11-03,18813.1,BR005,RM_090,Savings
ACC_007933,CUST_07933,Current,2021-07-20,216890.72,BR030,RM_002,Current
ACC_007934,CUST_07934,Salary,2023-04-11,4280.17,BR028,RM_094,Salary
ACC_007935,CUST_07935,Salary,2026-01-15,17253.41,BR017,RM_076,Salary
ACC_007936,CUST_07936,Savings,2022-06-23,103885.59,BR035,RM_025,Savings
ACC_007937,CUST_07937,Salary,2024-03-02,148632.76,BR010,RM_051,Salary
ACC_007938,CUST_07938,Savings,2024-07-17,6524.06,BR001,RM_046,Savings
ACC_007939,CUST_07939,Salary,2025-11-10,21674.04,BR012,RM_055,Salary
ACC_007940,CUST_07940,Savings,2024-05-17,28719.51,BR026,RM_074,Savings
ACC_007941,CUST_07941,Savings,2022-05-31,22872.29,BR026,RM_062,Savings
ACC_007942,CUST_07942,Savings,2024-01-13,5154.02,BR006,RM_036,Savings
ACC_007943,CUST_07943,Savings,2021-02-22,1467.09,BR036,RM_051,Savings
ACC_007944,CUST_07944,Savings,2025-04-22,6173.96,BR043,RM_046,Savings
ACC_007945,CUST_07945,Savings,2024-11-25,3116.65,BR048,RM_002,Savings
ACC_007946,CUST_07946,Salary,2025-01-11,22127.05,BR016,RM_055,Salary
ACC_007947,CUST_07947,Savings,2026-07-16,15085.98,BR044,RM_075,Savings
ACC_007948,CUST_07948,Savings,2022-05-18,5624.64,BR010,RM_006,Savings
ACC_007949,CUST_07949,Savings,2023-10-28,-881.06,BR017,RM_009,Savings
ACC_007950,CUST_07950,Savings,2021-09-25,58687.01,BR048,RM_045,Savings
ACC_007951,CUST_07951,Salary,2025-11-25,38265.1,BR025,RM_096,Salary
ACC_007952,CUST_07952,Savings,2024-03-13,18688.81,BR014,RM_034,Savings
ACC_007953,CUST_07953,Savings,2025-05-13,587262.94,BR046,RM_050,Savings
ACC_007954,CUST_07954,Savings,2025-10-24,24902.61,BR004,RM_057,Savings
ACC_007955,CUST_07955,Salary,2023-10-05,22205.99,BR045,RM_071,Salary
ACC_007956,CUST_07956,Salary,2025-05-28,24514.88,BR017,RM_059,Salary
ACC_007957,CUST_07957,Savings,2021-05-16,4367.25,BR017,RM_046,Savings
ACC_007958,CUST_07958,Savings,2022-07-20,8102.97,BR006,RM_091,Savings
ACC_007959,CUST_07959,Savings,2023-09-07,50196.55,BR045,RM_055,Savings
ACC_007960,CUST_07960,Savings,2021-04-13,21497.26,BR032,RM_011,Savings
ACC_007961,CUST_07961,Current,2026-05-23,5688.44,BR038,RM_094,Current
ACC_007962,CUST_07962,Savings,2023-03-22,10286.44,BR035,RM_047,Savings
ACC_007963,CUST_07963,Savings,2024-12-30,615093.52,BR025,RM_068,Savings
ACC_007964,CUST_07964,Savings,2023-08-25,13170.71,BR018,RM_048,Savings
ACC_007965,CUST_07965,Savings,2022-11-17,123931.61,BR045,RM_033,Savings
ACC_007966,CUST_07966,Savings,2023-10-29,8631.13,BR025,RM_046,Savings
ACC_007967,CUST_07967,Savings,2023-07-08,159449.5,BR015,RM_041,Savings
ACC_007968,CUST_07968,Salary,2023-10-20,87028.22,BR043,RM_023,Salary
ACC_007969,CUST_07969,Savings,2023-05-24,1052142.3,BR031,RM_010,Savings
ACC_007970,CUST_07970,Savings,2022-03-14,23740.87,BR003,RM_065,Savings
ACC_007971,CUST_07971,Savings,2024-12-03,788997.88,BR010,RM_049,Savings
ACC_007972,CUST_07972,Salary,2021-07-23,4643.63,BR018,RM_035,Salary
ACC_007973,CUST_07973,Savings,2023-10-14,222346.87,BR014,RM_023,Savings
ACC_007974,CUST_07974,Savings,2021-09-29,34681.91,BR011,RM_017,Savings
ACC_007975,CUST_07975,Savings,2022-02-21,6816.47,BR027,RM_071,Savings
ACC_007976,CUST_07976,Savings,2024-07-13,10007.99,BR033,RM_083,Savings
ACC_007977,CUST_07977,Savings,2023-06-13,27055.81,BR026,RM_008,Savings
ACC_007978,CUST_07978,Savings,2025-07-17,22599.05,BR030,RM_031,Savings
ACC_007979,CUST_07979,Savings,2022-07-27,5408.13,BR010,RM_039,Savings
ACC_007980,CUST_07980,Savings,2021-10-11,3738.43,BR027,RM_055,Savings
ACC_007981,CUST_07981,Savings,2024-11-24,440593.67,BR043,RM_064,Savings
ACC_007982,CUST_07982,Savings,2025-03-16,3594.4,BR031,RM_019,Savings
ACC_007983,CUST_07983,Savings,2024-09-30,4915.22,BR012,RM_039,Savings
ACC_007984,CUST_07984,Savings,2022-07-18,16230.64,BR038,RM_090,Savings
ACC_007985,CUST_07985,Salary,2022-06-01,41852.64,BR018,RM_023,Salary
ACC_007986,CUST_07986,Savings,2025-11-27,51458.77,BR041,RM_007,Savings
ACC_007987,CUST_07987,Savings,2025-03-08,19375.41,BR023,RM_024,Savings
ACC_007988,CUST_07988,Savings,2024-08-23,93897.49,BR050,RM_088,Savings
ACC_007989,CUST_07989,Savings,2026-01-02,6605.32,BR009,RM_032,Savings
ACC_007990,CUST_07990,Savings,2024-12-27,8604.03,BR004,RM_002,Savings
ACC_007991,CUST_07991,Savings,2021-11-07,1053181.15,BR033,RM_026,Savings
ACC_007992,CUST_07992,Savings,2023-03-05,3438.47,BR048,RM_021,Savings
ACC_007993,CUST_07993,Savings,2026-01-01,21041.11,BR021,RM_071,Savings
ACC_007994,CUST_07994,Savings,2022-03-04,45357.52,BR004,RM_003,Savings
ACC_007995,CUST_07995,Current,2022-03-17,6850.0,BR019,RM_040,Current
ACC_007996,CUST_07996,Savings,2022-06-20,2652.36,BR007,RM_068,Savings
ACC_007997,CUST_07997,Savings,2025-03-23,3611.48,BR021,RM_051,Savings
ACC_007998,CUST_07998,Savings,2025-03-19,169235.13,BR021,RM_009,Savings
ACC_007999,CUST_07999,Current,2025-10-03,31423.74,BR011,RM_056,Current
ACC_008000,CUST_08000,Salary,2025-01-01,262592.58,BR033,RM_095,Salary
ACC_008001,CUST_08001,Savings,2025-01-28,12861.85,BR004,RM_074,Savings
ACC_008002,CUST_08002,Savings,2025-05-02,132289.7,BR009,RM_049,Savings
ACC_008003,CUST_08003,Current,2021-05-01,17382.14,BR003,RM_050,Current
ACC_008004,CUST_08004,Savings,2022-12-02,3822.48,BR029,RM_042,Savings
ACC_008005,CUST_08005,Savings,2021-12-06,139696.97,BR006,RM_001,Savings
ACC_008006,CUST_08006,Salary,2022-12-03,21704.25,BR044,RM_055,Salary
ACC_008007,CUST_08007,Savings,2021-08-18,6435.17,BR037,RM_025,Savings
ACC_008008,CUST_08008,Current,2024-07-02,6813.51,BR024,RM_013,Current
ACC_008009,CUST_08009,Current,2024-11-22,8941.37,BR048,RM_002,Current
ACC_008010,CUST_08010,Savings,2024-06-16,-3213.22,BR034,RM_052,Savings
ACC_008011,CUST_08011,Current,2024-11-26,53309.76,BR010,RM_053,Current
ACC_008012,CUST_08012,Savings,2021-08-12,4157.37,BR015,RM_038,Savings
ACC_008013,CUST_08013,Savings,2024-05-11,33815.85,BR038,RM_013,Savings
ACC_008014,CUST_08014,Salary,2025-01-08,33017.0,BR001,RM_053,Salary
ACC_008015,CUST_08015,Savings,2022-02-27,20260.18,BR006,RM_009,Savings
ACC_008016,CUST_08016,Savings,2022-10-24,23187.37,BR016,RM_069,Savings
ACC_008017,CUST_08017,Savings,2026-06-12,20895.62,BR041,RM_085,Savings
ACC_008018,CUST_08018,Savings,2021-03-05,3942.66,BR050,RM_032,Savings
ACC_008019,CUST_08019,Savings,2023-05-29,16936.73,BR029,RM_002,Savings
ACC_008020,CUST_08020,Savings,2022-12-26,2324.92,BR045,RM_045,Savings
ACC_008021,CUST_08021,Savings,2023-02-06,81446.61,BR039,RM_042,Savings
ACC_008022,CUST_08022,Salary,2025-02-03,4708.99,BR027,RM_100,Salary
ACC_008023,CUST_08023,Savings,2022-03-05,16738.5,BR047,RM_037,Savings
ACC_008024,CUST_08024,Salary,2023-11-13,3156.18,BR045,RM_015,Salary
ACC_008025,CUST_08025,Savings,2022-07-01,34716.95,BR026,RM_004,Savings
ACC_008026,CUST_08026,Savings,2022-01-03,5277.87,BR012,RM_048,Savings
ACC_008027,CUST_08027,Savings,2022-01-20,189890.06,BR025,RM_023,Savings
ACC_008028,CUST_08028,Savings,2023-11-10,13081.09,BR015,RM_011,Savings
ACC_008029,CUST_08029,Salary,2025-08-21,4573.69,BR018,RM_052,Salary
ACC_008030,CUST_08030,Salary,2021-12-11,13988.49,BR025,RM_054,Salary
ACC_008031,CUST_08031,Savings,2021-11-18,68034.76,BR002,RM_050,Savings
ACC_008032,CUST_08032,Savings,2024-09-01,28027.83,BR002,RM_025,Savings
ACC_008033,CUST_08033,Savings,2026-07-15,7006.79,BR017,RM_073,Savings
ACC_008034,CUST_08034,Savings,2025-11-23,33495.28,BR020,RM_097,Savings
ACC_008035,CUST_08035,Savings,2025-03-03,10652.52,BR012,RM_015,Savings
ACC_008036,CUST_08036,Savings,2023-06-20,40074.66,BR048,RM_037,Savings
ACC_008037,CUST_08037,Savings,2025-11-09,22466.95,BR034,RM_065,Savings
ACC_008038,CUST_08038,Savings,2026-10-24,1815.7,BR015,RM_013,Savings
ACC_008039,CUST_08039,Salary,2024-12-30,10755.99,BR027,RM_024,Salary
ACC_008040,CUST_08040,Savings,2021-10-13,-3615.9,BR009,RM_028,Savings
ACC_008041,CUST_08041,Salary,2022-06-15,186726.74,BR046,RM_097,Salary
ACC_008042,CUST_08042,Salary,2025-12-01,8002.58,BR022,RM_018,Salary
ACC_008043,CUST_08043,Savings,2024-09-28,30093.9,BR004,RM_092,Savings
ACC_008044,CUST_08044,Current,2024-04-19,4131.58,BR021,RM_041,Current
ACC_008045,CUST_08045,Savings,2025-09-29,4472.3,BR019,RM_025,Savings
ACC_008046,CUST_08046,Savings,2023-07-12,7755.97,BR009,RM_075,Savings
ACC_008047,CUST_08047,Current,2022-10-29,1090074.95,BR013,RM_013,Current
ACC_008048,CUST_08048,Savings,2023-10-27,63549.06,BR047,RM_028,Savings
ACC_008049,CUST_08049,Savings,2023-09-18,111327.45,BR042,RM_066,Savings
ACC_008050,CUST_08050,Salary,2024-12-12,625443.29,BR050,RM_005,Salary
ACC_008051,CUST_08051,Savings,2024-03-16,204368.63,BR007,RM_050,Savings
ACC_008052,CUST_08052,Current,2025-01-26,18467.65,BR046,RM_017,Current
ACC_008053,CUST_08053,Savings,2021-06-04,14218.34,BR016,RM_037,Savings
ACC_008054,CUST_08054,Savings,2023-10-26,867981.64,BR021,RM_060,Savings
ACC_008055,CUST_08055,Savings,2025-09-29,6243.32,BR037,RM_075,Savings
ACC_008056,CUST_08056,Savings,2022-02-23,1378.54,BR026,RM_033,Savings
ACC_008057,CUST_08057,Savings,2026-07-02,15995.58,BR015,RM_072,Savings
ACC_008058,CUST_08058,Savings,2024-02-15,8248.14,BR047,RM_053,Savings
ACC_008059,CUST_08059,Savings,2024-02-15,18336.39,BR023,RM_059,Savings
ACC_008060,CUST_08060,Savings,2023-04-04,6539.21,BR038,RM_009,Savings
ACC_008061,CUST_08061,Savings,2023-07-17,9408.22,BR014,RM_047,Savings
ACC_008062,CUST_08062,Savings,2021-12-29,7248.72,BR003,RM_013,Savings
ACC_008063,CUST_08063,Savings,2024-05-31,24330.31,BR014,RM_042,Savings
ACC_008064,CUST_08064,Savings,2022-12-13,2357574.0,BR011,RM_052,Savings
ACC_008065,CUST_08065,Savings,2024-09-13,27542.75,BR039,RM_009,Savings
ACC_008066,CUST_08066,Salary,2024-12-19,395813.05,BR032,RM_044,Salary
ACC_008067,CUST_08067,Salary,2025-07-11,5835.34,BR007,RM_056,Salary
ACC_008068,CUST_08068,Savings,2023-10-25,127554.84,BR007,RM_098,Savings
ACC_008069,CUST_08069,Savings,2021-12-18,47035.57,BR024,RM_088,Savings
ACC_008070,CUST_08070,Savings,2023-06-12,1000586.56,BR044,RM_084,Savings
ACC_008071,CUST_08071,Savings,2021-06-04,198275.42,BR004,RM_017,Savings
ACC_008072,CUST_08072,Savings,2022-09-11,8221.05,BR015,RM_073,Savings
ACC_008073,CUST_08073,Savings,2025-08-22,8151.71,BR005,RM_027,Savings
ACC_008074,CUST_08074,Savings,2023-05-23,30025.16,BR049,RM_067,Savings
ACC_008075,CUST_08075,Savings,2022-05-29,10854.39,BR019,RM_072,Savings
ACC_008076,CUST_08076,Savings,2024-02-12,5396.2,BR018,RM_004,Savings
ACC_008077,CUST_08077,Savings,2024-06-09,14331.84,BR022,RM_095,Savings
ACC_008078,CUST_08078,Savings,2022-09-22,22222.03,BR048,RM_063,Savings
ACC_008079,CUST_08079,Salary,2025-12-17,3846.01,BR040,RM_060,Salary
ACC_008080,CUST_08080,Savings,2025-12-02,16114.6,BR043,RM_014,Savings
ACC_008081,CUST_08081,Savings,2022-08-31,4013.98,BR038,RM_045,Savings
ACC_008082,CUST_08082,Savings,2025-05-07,31779.1,BR007,RM_077,Savings
ACC_008083,CUST_08083,Savings,2022-09-23,11974.68,BR017,RM_088,Savings
ACC_008084,CUST_08084,Savings,2024-06-13,613.96,BR003,RM_086,Savings
ACC_008085,CUST_08085,Salary,2024-04-08,8335.71,BR016,RM_072,Salary
ACC_008086,CUST_08086,Current,2023-07-30,48449.49,BR033,RM_073,Current
ACC_008087,CUST_08087,Savings,2022-02-25,6515.73,BR032,RM_033,Savings
ACC_008088,CUST_08088,Current,2023-05-24,4699.21,BR043,RM_002,Current
ACC_008089,CUST_08089,Savings,2021-05-15,-1055.92,BR001,RM_091,Savings
ACC_008090,CUST_08090,Current,2025-03-09,32016.87,BR049,RM_006,Current
ACC_008091,CUST_08091,Savings,2023-01-01,27912.06,BR009,RM_073,Savings
ACC_008092,CUST_08092,Savings,2023-10-11,69084.29,BR017,RM_041,Savings
ACC_008093,CUST_08093,Savings,2026-03-21,19987.75,BR036,RM_003,Savings
ACC_008094,CUST_08094,Savings,2022-04-08,2568.06,BR005,RM_073,Savings
ACC_008095,CUST_08095,Savings,2025-03-03,44734.65,BR045,RM_051,Savings
ACC_008096,CUST_08096,Savings,2023-10-22,9674.3,BR024,RM_026,Savings
ACC_008097,CUST_08097,Savings,2026-11-23,10641.57,BR019,RM_013,Savings
ACC_008098,CUST_08098,Salary,2022-06-05,4337.45,BR033,RM_070,Salary
ACC_008099,CUST_08099,Savings,2025-03-14,584.14,BR006,RM_020,Savings
ACC_008100,CUST_08100,Savings,2021-04-10,43135.87,BR049,RM_052,Savings
ACC_008101,CUST_08101,Savings,2022-06-22,36568.71,BR029,RM_099,Savings
ACC_008102,CUST_08102,Salary,2026-08-19,21017.38,BR028,RM_026,Salary
ACC_008103,CUST_08103,Savings,2023-01-03,35398.45,BR023,RM_055,Savings
ACC_008104,CUST_08104,Savings,2026-06-13,5145.72,BR038,RM_100,Savings
ACC_008105,CUST_08105,Current,2026-03-06,16983.56,BR040,RM_073,Current
ACC_008106,CUST_08106,Salary,2027-06-29,4422.83,BR006,RM_013,Salary
ACC_008107,CUST_08107,Savings,2021-06-03,4927.07,BR031,RM_087,Savings
ACC_008108,CUST_08108,Savings,2022-02-03,11327.09,BR023,RM_084,Savings
ACC_008109,CUST_08109,Savings,2025-08-29,137674.38,BR034,RM_018,Savings
ACC_008110,CUST_08110,Salary,2025-01-03,29258.81,BR009,RM_025,Salary
ACC_008111,CUST_08111,Savings,2025-07-11,16849.54,BR005,RM_076,Savings
ACC_008112,CUST_08112,Savings,2024-01-21,12810.52,BR012,RM_034,Savings
ACC_008113,CUST_08113,Savings,2024-08-21,887.3,BR027,RM_069,Savings
ACC_008114,CUST_08114,Savings,2021-02-26,25689.85,BR039,RM_043,Savings
ACC_008115,CUST_08115,Savings,2023-03-03,1928.56,BR013,RM_005,Savings
ACC_008116,CUST_08116,Savings,2022-12-16,10794.55,BR010,RM_043,Savings
ACC_008117,CUST_08117,Current,2025-04-09,155668.46,BR021,RM_022,Current
ACC_008118,CUST_08118,Savings,2026-04-20,6344.96,BR026,RM_092,Savings
ACC_008119,CUST_08119,Savings,2021-04-07,22493.87,BR001,RM_090,Savings
ACC_008120,CUST_08120,Savings,2024-10-05,4622.71,BR037,RM_028,Savings
ACC_008121,CUST_08121,Savings,2026-04-02,110754.32,BR023,RM_047,Savings
ACC_008122,CUST_08122,Savings,2024-03-12,23875.94,BR036,RM_001,Savings
ACC_008123,CUST_08123,Savings,2024-04-23,893113.32,BR047,RM_073,Savings
ACC_008124,CUST_08124,Savings,2022-03-04,66647.25,BR016,RM_051,Savings
ACC_008125,CUST_08125,Savings,2023-05-31,127614.93,BR034,RM_098,Savings
ACC_008126,CUST_08126,Current,2023-05-04,7627.75,BR017,RM_066,Current
ACC_008127,CUST_08127,Savings,2023-01-19,14329.26,BR002,RM_081,Savings
ACC_008128,CUST_08128,Savings,2024-06-10,8320.41,BR005,RM_051,Savings
ACC_008129,CUST_08129,Savings,2026-05-08,1862.25,BR048,RM_051,Savings
ACC_008130,CUST_08130,Savings,2024-12-11,24937.24,BR021,RM_003,Savings
ACC_008131,CUST_08131,Salary,2024-09-13,45815.95,BR047,RM_053,Salary
ACC_008132,CUST_08132,Savings,2022-05-03,22391.23,BR008,RM_065,Savings
ACC_008133,CUST_08133,Savings,2022-02-10,6723.41,BR042,RM_096,Savings
ACC_008134,CUST_08134,Savings,2023-05-10,1351.31,BR045,RM_078,Savings
ACC_008135,CUST_08135,Savings,2022-05-27,11859.42,BR029,RM_070,Savings
ACC_008136,CUST_08136,Savings,2025-01-29,19982.48,BR044,RM_005,Savings
ACC_008137,CUST_08137,Savings,2026-03-28,28092.35,BR029,RM_087,Savings
ACC_008138,CUST_08138,Savings,2023-11-16,3305.58,BR001,RM_071,Savings
ACC_008139,CUST_08139,Savings,2025-06-02,115120.3,BR040,RM_069,Savings
ACC_008140,CUST_08140,Savings,2021-05-12,1902.72,BR010,RM_027,Savings
ACC_008141,CUST_08141,Current,2026-02-24,4590.07,BR015,RM_068,Current
ACC_008142,CUST_08142,Salary,2022-01-20,1717.72,BR007,RM_030,Salary
ACC_008143,CUST_08143,Savings,2024-03-29,16201.17,BR008,RM_052,Savings
ACC_008144,CUST_08144,Savings,2024-02-07,6012.07,BR002,RM_049,Savings
ACC_008145,CUST_08145,Current,2021-01-09,148509.06,BR021,RM_036,Current
ACC_008146,CUST_08146,Savings,2022-04-27,21188.39,BR024,RM_021,Savings
ACC_008147,CUST_08147,Savings,2022-11-29,6910.38,BR004,RM_042,Savings
ACC_008148,CUST_08148,Savings,2022-09-02,1118.32,BR027,RM_038,Savings
ACC_008149,CUST_08149,Savings,2024-07-31,8842.23,BR019,RM_077,Savings
ACC_008150,CUST_08150,Savings,2023-05-19,3010.45,BR028,RM_043,Savings
ACC_008151,CUST_08151,Savings,2023-06-12,16786.59,BR006,RM_086,Savings
ACC_008152,CUST_08152,Savings,2023-01-22,107023.95,BR006,RM_022,Savings
ACC_008153,CUST_08153,Savings,2021-08-04,18416.68,BR015,RM_098,Savings
ACC_008154,CUST_08154,Savings,2024-07-22,4176.9,BR011,RM_028,Savings
ACC_008155,CUST_08155,Current,2023-02-10,191947.17,BR042,RM_050,Current
ACC_008156,CUST_08156,Savings,2025-08-02,6190.39,BR037,RM_039,Savings
ACC_008157,CUST_08157,Salary,2021-11-02,633743.11,BR002,RM_029,Salary
ACC_008158,CUST_08158,Savings,2025-05-12,48334.08,BR020,RM_075,Savings
ACC_008159,CUST_08159,Savings,2024-04-05,13489.99,BR033,RM_058,Savings
ACC_008160,CUST_08160,Salary,2023-01-28,27509.38,BR002,RM_057,Salary
ACC_008161,CUST_08161,Savings,2026-04-03,44462.17,BR013,RM_051,Savings
ACC_008162,CUST_08162,Current,2024-04-14,20928.69,BR034,RM_022,Current
ACC_008163,CUST_08163,Salary,2024-03-14,1300.12,BR035,RM_095,Salary
ACC_008164,CUST_08164,Salary,2025-05-20,18406.28,BR010,RM_056,Salary
ACC_008165,CUST_08165,Current,2025-01-12,13706.61,BR006,RM_070,Current
ACC_008166,CUST_08166,Current,2023-09-20,14709.16,BR002,RM_032,Current
ACC_008167,CUST_08167,Savings,2021-08-10,60389.33,BR046,RM_055,Savings
ACC_008168,CUST_08168,Current,2023-08-28,6296.97,BR011,RM_068,Current
ACC_008169,CUST_08169,Current,2023-04-01,14810.75,BR046,RM_003,Current
ACC_008170,CUST_08170,Savings,2026-04-08,18046.79,BR006,RM_027,Savings
ACC_008171,CUST_08171,Savings,2025-10-27,26515.3,BR016,RM_053,Savings
ACC_008172,CUST_08172,Savings,2026-06-22,65750.25,BR009,RM_082,Savings
ACC_008173,CUST_08173,Current,2021-01-05,73402.02,BR044,RM_072,Current
ACC_008174,CUST_08174,Current,2021-08-18,12695.03,BR040,RM_099,Current
ACC_008175,CUST_08175,Savings,2021-12-30,83503.3,BR020,RM_088,Savings
ACC_008176,CUST_08176,Savings,2024-01-12,3451.82,BR013,RM_087,Savings
ACC_008177,CUST_08177,Savings,2025-09-13,16889.24,BR017,RM_086,Savings
ACC_008178,CUST_08178,Savings,2025-12-01,5291.17,BR048,RM_067,Savings
ACC_008179,CUST_08179,Current,2024-05-10,118049.97,BR040,RM_081,Current
ACC_008180,CUST_08180,Savings,2024-02-05,393819.82,BR020,RM_004,Savings
ACC_008181,CUST_08181,Savings,2025-09-26,280152.2,BR012,RM_044,Savings
ACC_008182,CUST_08182,Savings,2021-04-20,30851.2,BR022,RM_046,Savings
ACC_008183,CUST_08183,Savings,2023-06-12,7532.73,BR009,RM_026,Savings
ACC_008184,CUST_08184,Salary,2022-04-14,9948.68,BR006,RM_020,Salary
ACC_008185,CUST_08185,Salary,2023-05-05,81867.52,BR046,RM_068,Salary
ACC_008186,CUST_08186,Savings,2022-02-18,28338.59,BR048,RM_060,Savings
ACC_008187,CUST_08187,Savings,2026-07-05,12958.96,BR032,RM_007,Savings
ACC_008188,CUST_08188,Current,2022-02-08,38161.16,BR029,RM_064,Current
ACC_008189,CUST_08189,Salary,2021-07-26,1862.41,BR031,RM_078,Salary
ACC_008190,CUST_08190,Savings,2024-11-21,1052041.49,BR050,RM_064,Savings
ACC_008191,CUST_08191,Current,2021-06-30,10067.6,BR043,RM_042,Current
ACC_008192,CUST_08192,Savings,2021-10-10,63985.32,BR038,RM_032,Savings
ACC_008193,CUST_08193,Savings,2025-04-11,19581.78,BR003,RM_073,Savings
ACC_008194,CUST_08194,Savings,2025-02-25,-1707.48,BR037,RM_045,Savings
ACC_008195,CUST_08195,Savings,2021-05-19,524334.42,BR038,RM_063,Savings
ACC_008196,CUST_08196,Savings,2025-07-15,2439.73,BR010,RM_024,Savings
ACC_008197,CUST_08197,Savings,2025-03-26,8395.31,BR024,RM_085,Savings
ACC_008198,CUST_08198,Savings,2025-11-15,3647.01,BR044,RM_078,Savings
ACC_008199,CUST_08199,Savings,2025-09-20,3490.62,BR002,RM_010,Savings
ACC_008200,CUST_08200,Savings,2022-01-13,12647.8,BR024,RM_095,Savings
ACC_008201,CUST_08201,Savings,2024-10-06,16731.26,BR047,RM_001,Savings
ACC_008202,CUST_08202,Savings,2024-02-06,8280.4,BR041,RM_024,Savings
ACC_008203,CUST_08203,Savings,2025-04-23,4412.85,BR002,RM_083,Savings
ACC_008204,CUST_08204,Savings,2025-10-22,16110.85,BR012,RM_004,Savings
ACC_008205,CUST_08205,Savings,2022-03-26,12331.65,BR025,RM_050,Savings
ACC_008206,CUST_08206,Savings,2022-05-10,9900.99,BR008,RM_085,Savings
ACC_008207,CUST_08207,Savings,2021-10-24,3286.89,BR048,RM_087,Savings
ACC_008208,CUST_08208,Savings,2022-01-12,4252.67,BR035,RM_035,Savings
ACC_008209,CUST_08209,Savings,2025-05-27,2889.91,BR005,RM_025,Savings
ACC_008210,CUST_08210,Savings,2024-05-19,28815.64,BR005,RM_096,Savings
ACC_008211,CUST_08211,Savings,2021-10-17,7132.81,BR018,RM_043,Savings
ACC_008212,CUST_08212,Current,2021-05-02,1505.71,BR032,RM_079,Current
ACC_008213,CUST_08213,Savings,2025-04-22,51657.18,BR022,RM_090,Savings
ACC_008214,CUST_08214,Salary,2024-08-21,2112.14,BR021,RM_044,Salary
ACC_008215,CUST_08215,Savings,2025-04-21,9222.38,BR026,RM_061,Savings
ACC_008216,CUST_08216,Savings,2025-07-02,17720.58,BR008,RM_021,Savings
ACC_008217,CUST_08217,Savings,2023-07-11,7959.13,BR027,RM_037,Savings
ACC_008218,CUST_08218,Savings,2025-01-29,8985.47,BR016,RM_002,Savings
ACC_008219,CUST_08219,Savings,2021-07-25,7715.19,BR022,RM_081,Savings
ACC_008220,CUST_08220,Savings,2022-12-24,7637.76,BR024,RM_085,Savings
ACC_008221,CUST_08221,Savings,2026-04-15,3992.11,BR034,RM_056,Savings
ACC_008222,CUST_08222,Savings,2024-06-28,48614.78,BR022,RM_100,Savings
ACC_008223,CUST_08223,Savings,2021-05-26,279136.46,BR032,RM_003,Savings
ACC_008224,CUST_08224,Savings,2025-09-07,41469.15,BR024,RM_003,Savings
ACC_008225,CUST_08225,Savings,2024-01-20,16960.65,BR035,RM_099,Savings
ACC_008226,CUST_08226,Savings,2025-04-15,46544.01,BR037,RM_021,Savings
ACC_008227,CUST_08227,Salary,2026-01-22,229068.46,BR050,RM_030,Salary
ACC_008228,CUST_08228,Savings,2025-09-22,18182.27,BR047,RM_086,Savings
ACC_008229,CUST_08229,Salary,2021-04-04,27762.06,BR015,RM_072,Salary
ACC_008230,CUST_08230,Savings,2025-07-01,2679.35,BR006,RM_085,Savings
ACC_008231,CUST_08231,Savings,2024-04-04,6177.08,BR025,RM_029,Savings
ACC_008232,CUST_08232,Savings,2023-11-07,33343.48,BR046,RM_082,Savings
ACC_008233,CUST_08233,Savings,2021-11-29,13983.72,BR036,RM_100,Savings
ACC_008234,CUST_08234,Savings,2022-10-24,15980.74,BR020,RM_063,Savings
ACC_008235,CUST_08235,Savings,2021-02-15,27438.78,BR039,RM_087,Savings
ACC_008236,CUST_08236,Savings,2024-02-03,22463.55,BR035,RM_017,Savings
ACC_008237,CUST_08237,Savings,2022-01-27,2272.24,BR005,RM_037,Savings
ACC_008238,CUST_08238,Savings,2024-10-23,14166.56,BR001,RM_077,Savings
ACC_008239,CUST_08239,Savings,2022-05-27,-118.9,BR039,RM_014,Savings
ACC_008240,CUST_08240,Current,2021-04-01,65473.83,BR031,RM_036,Current
ACC_008241,CUST_08241,Savings,2023-05-22,10103.5,BR032,RM_081,Savings
ACC_008242,CUST_08242,Savings,2025-12-15,114247.41,BR027,RM_046,Savings
ACC_008243,CUST_08243,Savings,2026-01-22,15438.29,BR030,RM_038,Savings
ACC_008244,CUST_08244,Salary,2024-06-06,145683.53,BR044,RM_089,Salary
ACC_008245,CUST_08245,Savings,2023-11-10,8570.85,BR037,RM_098,Savings
ACC_008246,CUST_08246,Salary,2024-11-16,19216.51,BR002,RM_056,Salary
ACC_008247,CUST_08247,Savings,2025-12-10,19303.86,BR010,RM_096,Savings
ACC_008248,CUST_08248,Savings,2021-11-16,4056.84,BR013,RM_062,Savings
ACC_008249,CUST_08249,Salary,2022-11-20,349687.0,BR010,RM_064,Salary
ACC_008250,CUST_08250,Savings,2022-02-02,76045.83,BR032,RM_012,Savings
ACC_008251,CUST_08251,Savings,2022-09-17,13329.19,BR030,RM_069,Savings
ACC_008252,CUST_08252,Current,2023-06-01,13309.17,BR045,RM_061,Current
ACC_008253,CUST_08253,Savings,2022-10-24,35758.75,BR043,RM_053,Savings
ACC_008254,CUST_08254,Salary,2021-01-31,316633.33,BR025,RM_086,Salary
ACC_008255,CUST_08255,Current,2026-03-09,951461.79,BR038,RM_015,Current
ACC_008256,CUST_08256,Savings,2021-02-24,6560.89,BR046,RM_046,Savings
ACC_008257,CUST_08257,Savings,2021-12-04,24924.43,BR009,RM_079,Savings
ACC_008258,CUST_08258,Savings,2026-02-05,17440.31,BR012,RM_019,Savings
ACC_008259,CUST_08259,Savings,2023-12-18,1161.8,BR013,RM_081,Savings
ACC_008260,CUST_08260,Savings,2022-07-29,593.16,BR034,RM_084,Savings
ACC_008261,CUST_08261,Savings,2025-02-02,55790.24,BR001,RM_023,Savings
ACC_008262,CUST_08262,Savings,2024-11-27,109088.59,BR012,RM_045,Savings
ACC_008263,CUST_08263,Savings,2025-11-20,38573.84,BR037,RM_090,Savings
ACC_008264,CUST_08264,Salary,2025-09-30,7639.67,BR031,RM_030,Salary
ACC_008265,CUST_08265,Current,2022-04-28,15662.88,BR028,RM_074,Current
ACC_008266,CUST_08266,Savings,2024-12-17,21916.9,BR001,RM_063,Savings
ACC_008267,CUST_08267,Savings,2024-03-18,23745.02,BR006,RM_025,Savings
ACC_008268,CUST_08268,Savings,2026-01-29,181623.77,BR009,RM_082,Savings
ACC_008269,CUST_08269,Savings,2025-11-23,23028.19,BR001,RM_015,Savings
ACC_008270,CUST_08270,Savings,2023-12-16,132044.32,BR041,RM_074,Savings
ACC_008271,CUST_08271,Savings,2026-05-01,894933.58,BR036,RM_008,Savings
ACC_008272,CUST_08272,Savings,2025-12-13,5869.82,BR011,RM_061,Savings
ACC_008273,CUST_08273,Savings,2022-07-30,100308.82,BR035,RM_008,Savings
ACC_008274,CUST_08274,Savings,2022-05-29,231003.81,BR024,RM_096,Savings
ACC_008275,CUST_08275,Savings,2023-09-27,12598.22,BR008,RM_034,Savings
ACC_008276,CUST_08276,Savings,2024-11-20,47073.73,BR006,RM_026,Savings
ACC_008277,CUST_08277,Savings,2021-06-22,546.65,BR041,RM_024,Savings
ACC_008278,CUST_08278,Current,2024-11-10,4500.62,BR049,RM_022,Current
ACC_008279,CUST_08279,Savings,2025-02-08,1285.96,BR044,RM_076,Savings
ACC_008280,CUST_08280,Savings,2021-09-03,62208.64,BR007,RM_025,Savings
ACC_008281,CUST_08281,Salary,2024-05-21,21367.01,BR006,RM_086,Salary
ACC_008282,CUST_08282,Savings,2025-08-29,7953.33,BR046,RM_053,Savings
ACC_008283,CUST_08283,Savings,2024-01-04,514062.48,BR039,RM_067,Savings
ACC_008284,CUST_08284,Savings,2021-05-20,27568.71,BR001,RM_003,Savings
ACC_008285,CUST_08285,Current,2021-02-07,29063.58,BR034,RM_057,Current
ACC_008286,CUST_08286,Savings,2021-09-09,5234.42,BR002,RM_099,Savings
ACC_008287,CUST_08287,Savings,2021-04-23,15871.27,BR001,RM_038,Savings
ACC_008288,CUST_08288,Current,2026-04-03,26878.65,BR010,RM_032,Current
ACC_008289,CUST_08289,Savings,2021-01-26,35889.08,BR027,RM_067,Savings
ACC_008290,CUST_08290,Savings,2025-02-20,11034.98,BR020,RM_036,Savings
ACC_008291,CUST_08291,Savings,2024-06-30,112044.78,BR035,RM_074,Savings
ACC_008292,CUST_08292,Savings,2022-11-25,63824.74,BR020,RM_007,Savings
ACC_008293,CUST_08293,Current,2025-01-21,22806.99,BR045,RM_026,Current
ACC_008294,CUST_08294,Savings,2022-10-31,192284.87,BR010,RM_065,Savings
ACC_008295,CUST_08295,Savings,2023-03-07,9365.38,BR041,RM_073,Savings
ACC_008296,CUST_08296,Current,2023-07-13,11032.1,BR042,RM_002,Current
ACC_008297,CUST_08297,Savings,2022-02-24,95181.77,BR027,RM_089,Savings
ACC_008298,CUST_08298,Savings,2022-03-16,1564.1,BR011,RM_066,Savings
ACC_008299,CUST_08299,Savings,2024-07-09,5332.14,BR001,RM_094,Savings
ACC_008300,CUST_08300,Salary,2022-11-14,6005.12,BR022,RM_092,Salary
ACC_008301,CUST_08301,Savings,2023-08-24,3956.3,BR035,RM_093,Savings
ACC_008302,CUST_08302,Savings,2021-07-09,3763.78,BR004,RM_002,Savings
ACC_008303,CUST_08303,Savings,2025-06-11,60220.13,BR011,RM_021,Savings
ACC_008304,CUST_08304,Savings,2022-05-18,107869.31,BR028,RM_027,Savings
ACC_008305,CUST_08305,Salary,2024-05-01,43079.37,BR048,RM_066,Salary
ACC_008306,CUST_08306,Salary,2025-01-02,103269.15,BR011,RM_044,Salary
ACC_008307,CUST_08307,Current,2023-07-08,30130.47,BR009,RM_073,Current
ACC_008308,CUST_08308,Savings,2022-06-05,126638.71,BR014,RM_090,Savings
ACC_008309,CUST_08309,Savings,2021-05-22,85946.91,BR034,RM_038,Savings
ACC_008310,CUST_08310,Savings,2026-07-13,6657.12,BR021,RM_037,Savings
ACC_008311,CUST_08311,Savings,2026-02-18,6007.62,BR025,RM_024,Savings
ACC_008312,CUST_08312,Savings,2021-02-23,15336.47,BR002,RM_080,Savings
ACC_008313,CUST_08313,Savings,2026-09-09,4261.58,BR014,RM_040,Savings
ACC_008314,CUST_08314,Savings,2024-04-11,32114.15,BR030,RM_060,Savings
ACC_008315,CUST_08315,Salary,2021-05-15,5849.8,BR002,RM_053,Salary
ACC_008316,CUST_08316,Savings,2026-03-07,-1733.79,BR039,RM_010,Savings
ACC_008317,CUST_08317,Salary,2021-01-02,28220.7,BR022,RM_087,Salary
ACC_008318,CUST_08318,Savings,2023-06-02,495248.7,BR040,RM_060,Savings
ACC_008319,CUST_08319,Savings,2026-07-19,208366.41,BR005,RM_033,Savings
ACC_008320,CUST_08320,Savings,2021-11-10,20173.99,BR005,RM_088,Savings
ACC_008321,CUST_08321,Current,2022-03-16,56106.53,BR020,RM_074,Current
ACC_008322,CUST_08322,Savings,2022-03-11,7801.15,BR031,RM_008,Savings
ACC_008323,CUST_08323,Savings,2024-12-31,37233.23,BR041,RM_022,Savings
ACC_008324,CUST_08324,Current,2025-04-12,152049.8,BR011,RM_014,Current
ACC_008325,CUST_08325,Current,2026-05-14,15876.36,BR013,RM_007,Current
ACC_008326,CUST_08326,Savings,2023-02-08,11284.77,BR016,RM_033,Savings
ACC_008327,CUST_08327,Savings,2022-05-27,26284.22,BR003,RM_076,Savings
ACC_008328,CUST_08328,Salary,2025-10-09,272375.16,BR027,RM_026,Salary
ACC_008329,CUST_08329,Savings,2026-02-27,29782.75,BR046,RM_083,Savings
ACC_008330,CUST_08330,Savings,2026-07-31,46037.41,BR027,RM_023,Savings
ACC_008331,CUST_08331,Salary,2022-01-24,18109.92,BR034,RM_006,Salary
ACC_008332,CUST_08332,Savings,2022-06-14,-2855.29,BR049,RM_075,Savings
ACC_008333,CUST_08333,Salary,2025-11-21,4108.17,BR022,RM_052,Salary
ACC_008334,CUST_08334,Savings,2026-04-14,11707.35,BR017,RM_064,Savings
ACC_008335,CUST_08335,Savings,2021-11-03,3901.53,BR032,RM_090,Savings
ACC_008336,CUST_08336,Current,2022-02-27,16137.09,BR016,RM_096,Current
ACC_008337,CUST_08337,Savings,2025-04-15,48002.27,BR017,RM_053,Savings
ACC_008338,CUST_08338,Savings,2026-01-05,15579.53,BR029,RM_024,Savings
ACC_008339,CUST_08339,Savings,2021-08-02,111819.21,BR014,RM_021,Savings
ACC_008340,CUST_08340,Savings,2023-11-22,429744.45,BR023,RM_023,Savings
ACC_008341,CUST_08341,Savings,2021-08-04,3827.57,BR001,RM_024,Savings
ACC_008342,CUST_08342,Savings,2027-03-03,9899.53,BR014,RM_075,Savings
ACC_008343,CUST_08343,Savings,2026-02-14,2347.53,BR032,RM_099,Savings
ACC_008344,CUST_08344,Current,2021-10-03,100073.57,BR009,RM_048,Current
ACC_008345,CUST_08345,Savings,2024-10-11,8318.06,BR041,RM_070,Savings
ACC_008346,CUST_08346,Current,2024-03-02,1942.3,BR028,RM_042,Current
ACC_008347,CUST_08347,Savings,2022-11-23,557511.33,BR050,RM_075,Savings
ACC_008348,CUST_08348,Current,2026-05-18,26091.27,BR019,RM_088,Current
ACC_008349,CUST_08349,Savings,2025-01-14,125635.39,BR020,RM_016,Savings
ACC_008350,CUST_08350,Current,2025-07-31,2123.18,BR024,RM_093,Current
ACC_008351,CUST_08351,Current,2024-04-05,1743.05,BR049,RM_024,Current
ACC_008352,CUST_08352,Savings,2026-05-30,14341.13,BR004,RM_047,Savings
ACC_008353,CUST_08353,Current,2026-05-28,13405.42,BR040,RM_002,Current
ACC_008354,CUST_08354,Savings,2023-11-13,451388.09,BR021,RM_002,Savings
ACC_008355,CUST_08355,Salary,2022-09-24,5591.49,BR019,RM_024,Salary
ACC_008356,CUST_08356,Current,2025-01-31,57512.82,BR038,RM_033,Current
ACC_008357,CUST_08357,Savings,2023-07-19,5061.36,BR046,RM_023,Savings
ACC_008358,CUST_08358,Savings,2025-10-12,47704.02,BR018,RM_078,Savings
ACC_008359,CUST_08359,Savings,2021-06-12,99653.41,BR015,RM_091,Savings
ACC_008360,CUST_08360,Current,2024-09-27,14789.67,BR032,RM_024,Current
ACC_008361,CUST_08361,Savings,2022-04-14,3988.14,BR025,RM_086,Savings
ACC_008362,CUST_08362,Salary,2025-06-07,5600.21,BR016,RM_086,Salary
ACC_008363,CUST_08363,Salary,2023-03-27,128432.16,BR030,RM_018,Salary
ACC_008364,CUST_08364,Salary,2023-03-07,3001.22,BR029,RM_079,Salary
ACC_008365,CUST_08365,Savings,2022-04-24,15527.29,BR022,RM_067,Savings
ACC_008366,CUST_08366,Current,2021-06-21,160741.45,BR013,RM_044,Current
ACC_008367,CUST_08367,Salary,2023-01-29,5580.29,BR032,RM_085,Salary
ACC_008368,CUST_08368,Savings,2026-03-04,91333.73,BR022,RM_072,Savings
ACC_008369,CUST_08369,Savings,2024-07-09,6108.07,BR043,RM_090,Savings
ACC_008370,CUST_08370,Savings,2025-07-27,158533.03,BR011,RM_037,Savings
ACC_008371,CUST_08371,Savings,2026-06-08,27234.18,BR031,RM_001,Savings
ACC_008372,CUST_08372,Savings,2026-06-19,102248.36,BR006,RM_015,Savings
ACC_008373,CUST_08373,Savings,2026-02-03,25406.76,BR009,RM_076,Savings
ACC_008374,CUST_08374,Savings,2024-02-19,47750.67,BR010,RM_015,Savings
ACC_008375,CUST_08375,Savings,2024-07-30,40658.14,BR043,RM_088,Savings
ACC_008376,CUST_08376,Savings,2021-03-31,20706.31,BR010,RM_072,Savings
ACC_008377,CUST_08377,Savings,2025-07-12,146942.65,BR036,RM_019,Savings
ACC_008378,CUST_08378,Current,2021-06-20,8420.86,BR014,RM_020,Current
ACC_008379,CUST_08379,Savings,2025-06-02,12976.39,BR002,RM_024,Savings
ACC_008380,CUST_08380,Savings,2023-02-26,199352.88,BR048,RM_009,Savings
ACC_008381,CUST_08381,Savings,2025-02-07,1234.58,BR034,RM_084,Savings
ACC_008382,CUST_08382,Savings,2023-04-12,-4624.33,BR019,RM_029,Savings
ACC_008383,CUST_08383,Savings,2023-04-16,70939.63,BR046,RM_063,Savings
ACC_008384,CUST_08384,Salary,2025-08-17,12353.95,BR007,RM_077,Salary
ACC_008385,CUST_08385,Salary,2022-06-09,8696.07,BR037,RM_095,Salary
ACC_008386,CUST_08386,Savings,2021-09-30,82945.12,BR010,RM_051,Savings
ACC_008387,CUST_08387,Savings,2023-03-07,20984.15,BR022,RM_093,Savings
ACC_008388,CUST_08388,Salary,2023-09-12,9177.74,BR049,RM_082,Salary
ACC_008389,CUST_08389,Savings,2023-07-08,98086.86,BR047,RM_052,Savings
ACC_008390,CUST_08390,Savings,2023-09-01,41912.16,BR024,RM_073,Savings
ACC_008391,CUST_08391,Savings,2025-09-17,-820.17,BR016,RM_052,Savings
ACC_008392,CUST_08392,Salary,2021-09-27,11579.67,BR012,RM_086,Salary
ACC_008393,CUST_08393,Current,2021-04-13,35021.42,BR009,RM_036,Current
ACC_008394,CUST_08394,Savings,2022-12-20,7095.51,BR018,RM_036,Savings
ACC_008395,CUST_08395,Savings,2021-08-30,18928.12,BR025,RM_090,Savings
ACC_008396,CUST_08396,Salary,2025-03-12,2365.44,BR039,RM_002,Salary
ACC_008397,CUST_08397,Savings,2024-05-11,19731.48,BR009,RM_043,Savings
ACC_008398,CUST_08398,Savings,2021-11-25,25331.65,BR015,RM_091,Savings
ACC_008399,CUST_08399,Savings,2022-08-25,49810.94,BR010,RM_093,Savings
ACC_008400,CUST_08400,Savings,2023-08-24,22922.57,BR013,RM_029,Savings
ACC_008401,CUST_08401,Salary,2027-07-14,46985.29,BR014,RM_090,Salary
ACC_008402,CUST_08402,Savings,2024-10-11,16161.59,BR047,RM_056,Savings
ACC_008403,CUST_08403,Savings,2022-12-27,150358.82,BR034,RM_076,Savings
ACC_008404,CUST_08404,Savings,2026-04-07,5939.61,BR027,RM_064,Savings
ACC_008405,CUST_08405,Current,2026-03-24,17103.14,BR034,RM_019,Current
ACC_008406,CUST_08406,Current,2023-01-18,163567.31,BR009,RM_024,Current
ACC_008407,CUST_08407,Savings,2022-09-07,106843.54,BR043,RM_050,Savings
ACC_008408,CUST_08408,Savings,2025-11-28,5717.19,BR049,RM_082,Savings
ACC_008409,CUST_08409,Savings,2025-04-06,1789.91,BR049,RM_041,Savings
ACC_008410,CUST_08410,Savings,2021-05-30,2005.98,BR027,RM_089,Savings
ACC_008411,CUST_08411,Savings,2024-08-03,19252.68,BR041,RM_050,Savings
ACC_008412,CUST_08412,Salary,2024-12-23,75053.14,BR020,RM_100,Salary
ACC_008413,CUST_08413,Savings,2023-05-11,2319637.6,BR002,RM_058,Savings
ACC_008414,CUST_08414,Savings,2022-02-08,11684.47,BR024,RM_088,Savings
ACC_008415,CUST_08415,Current,2022-05-03,170315.23,BR019,RM_081,Current
ACC_008416,CUST_08416,Savings,2025-06-12,14908.71,BR003,RM_023,Savings
ACC_008417,CUST_08417,Savings,2023-02-27,170533.78,BR032,RM_015,Savings
ACC_008418,CUST_08418,Savings,2025-02-16,866651.9,BR009,RM_043,Savings
ACC_008419,CUST_08419,Savings,2023-05-23,134227.83,BR027,RM_020,Savings
ACC_008420,CUST_08420,Salary,2024-08-27,3536.43,BR045,RM_034,Salary
ACC_008421,CUST_08421,Savings,2025-09-08,323755.64,BR009,RM_028,Savings
ACC_008422,CUST_08422,Savings,2026-06-24,21840.52,BR038,RM_049,Savings
ACC_008423,CUST_08423,Current,2024-02-14,813250.6,BR020,RM_017,Current
ACC_008424,CUST_08424,Savings,2025-12-13,7258.68,BR027,RM_075,Savings
ACC_008425,CUST_08425,Current,2021-11-12,2872.12,BR037,RM_059,Current
ACC_008426,CUST_08426,Current,2026-05-16,125849.87,BR010,RM_069,Current
ACC_008427,CUST_08427,Savings,2022-02-08,2963.08,BR050,RM_096,Savings
ACC_008428,CUST_08428,Savings,2025-01-18,34462.52,BR045,RM_094,Savings
ACC_008429,CUST_08429,Salary,2025-07-19,16530.29,BR022,RM_100,Salary
ACC_008430,CUST_08430,Savings,2024-02-26,278039.01,BR005,RM_040,Savings
ACC_008431,CUST_08431,Salary,2022-02-24,32325.02,BR006,RM_075,Salary
ACC_008432,CUST_08432,Savings,2024-12-02,19109.1,BR009,RM_032,Savings
ACC_008433,CUST_08433,Salary,2023-09-22,31408.8,BR006,RM_036,Salary
ACC_008434,CUST_08434,Savings,2021-01-01,48652.9,BR009,RM_096,Savings
ACC_008435,CUST_08435,Salary,2021-04-30,105857.39,BR038,RM_049,Salary
ACC_008436,CUST_08436,Savings,2024-06-07,1391664.39,BR027,RM_022,Savings
ACC_008437,CUST_08437,Salary,2021-09-26,14194.44,BR041,RM_043,Salary
ACC_008438,CUST_08438,Savings,2023-06-03,20823.96,BR037,RM_023,Savings
ACC_008439,CUST_08439,Savings,2024-07-28,1830316.62,BR045,RM_020,Savings
ACC_008440,CUST_08440,Savings,2022-01-09,7430.07,BR041,RM_054,Savings
ACC_008441,CUST_08441,Savings,2023-07-19,26018.45,BR004,RM_003,Savings
ACC_008442,CUST_08442,Savings,2023-06-05,11746.4,BR021,RM_014,Savings
ACC_008443,CUST_08443,Current,2021-09-30,18698.72,BR017,RM_082,Current
ACC_008444,CUST_08444,Salary,2025-01-15,6778.24,BR005,RM_069,Salary
ACC_008445,CUST_08445,Current,2026-02-19,6461.72,BR025,RM_089,Current
ACC_008446,CUST_08446,Salary,2023-01-22,3388.64,BR015,RM_036,Salary
ACC_008447,CUST_08447,Salary,2024-07-02,28141.4,BR023,RM_039,Salary
ACC_008448,CUST_08448,Savings,2026-07-07,31322.87,BR036,RM_077,Savings
ACC_008449,CUST_08449,Savings,2021-02-14,4506.07,BR037,RM_009,Savings
ACC_008450,CUST_08450,Savings,2021-12-19,12823.37,BR045,RM_042,Savings
ACC_008451,CUST_08451,Savings,2022-11-08,64027.31,BR039,RM_016,Savings
ACC_008452,CUST_08452,Savings,2021-07-09,1673.74,BR026,RM_094,Savings
ACC_008453,CUST_08453,Salary,2024-05-02,2164.35,BR009,RM_012,Salary
ACC_008454,CUST_08454,Current,2024-02-12,2584.6,BR009,RM_075,Current
ACC_008455,CUST_08455,Current,2023-06-22,16158.71,BR028,RM_027,Current
ACC_008456,CUST_08456,Savings,2022-05-27,-4324.52,BR045,RM_096,Savings
ACC_008457,CUST_08457,Savings,2023-10-30,13846.36,BR014,RM_018,Savings
ACC_008458,CUST_08458,Savings,2022-12-05,95377.39,BR014,RM_049,Savings
ACC_008459,CUST_08459,Current,2024-08-15,49598.17,BR044,RM_070,Current
ACC_008460,CUST_08460,Savings,2023-03-10,249068.16,BR016,RM_012,Savings
ACC_008461,CUST_08461,Savings,2026-04-18,1867.31,BR025,RM_027,Savings
ACC_008462,CUST_08462,Savings,2026-08-01,13598.18,BR001,RM_072,Savings
ACC_008463,CUST_08463,Savings,2025-06-19,1988.06,BR026,RM_070,Savings
ACC_008464,CUST_08464,Savings,2025-07-01,30552.84,BR039,RM_044,Savings
ACC_008465,CUST_08465,Savings,2025-03-13,56358.05,BR032,RM_019,Savings
ACC_008466,CUST_08466,Savings,2022-10-21,12586.41,BR024,RM_038,Savings
ACC_008467,CUST_08467,Current,2025-11-14,31265.68,BR016,RM_036,Current
ACC_008468,CUST_08468,Savings,2025-01-01,14686.68,BR018,RM_006,Savings
ACC_008469,CUST_08469,Savings,2025-07-07,40231.6,BR015,RM_050,Savings
ACC_008470,CUST_08470,Savings,2023-12-20,9164.6,BR047,RM_085,Savings
ACC_008471,CUST_08471,Savings,2024-11-24,14137.01,BR003,RM_041,Savings
ACC_008472,CUST_08472,Savings,2026-05-20,13388.0,BR014,RM_040,Savings
ACC_008473,CUST_08473,Savings,2025-09-01,10556.19,BR020,RM_067,Savings
ACC_008474,CUST_08474,Savings,2025-12-05,20500.41,BR049,RM_037,Savings
ACC_008475,CUST_08475,Savings,2021-10-13,15609.21,BR030,RM_057,Savings
ACC_008476,CUST_08476,Current,2021-05-21,15934.56,BR015,RM_096,Current
ACC_008477,CUST_08477,Salary,2024-11-27,27311.43,BR027,RM_057,Salary
ACC_008478,CUST_08478,Current,2024-12-11,9846.93,BR021,RM_007,Current
ACC_008479,CUST_08479,Savings,2021-02-02,18478.94,BR023,RM_044,Savings
ACC_008480,CUST_08480,Current,2023-05-08,25183.95,BR028,RM_093,Current
ACC_008481,CUST_08481,Savings,2024-01-09,24586.03,BR026,RM_065,Savings
ACC_008482,CUST_08482,Savings,2025-11-13,11867.11,BR043,RM_034,Savings
ACC_008483,CUST_08483,Savings,2025-02-06,3918.34,BR032,RM_054,Savings
ACC_008484,CUST_08484,Savings,2021-08-09,3718.58,BR027,RM_065,Savings
ACC_008485,CUST_08485,Savings,2024-06-16,28102.14,BR018,RM_079,Savings
ACC_008486,CUST_08486,Savings,2021-10-15,4773.17,BR007,RM_074,Savings
ACC_008487,CUST_08487,Salary,2022-08-11,14627.02,BR036,RM_040,Salary
ACC_008488,CUST_08488,Savings,2024-07-20,20017.09,BR016,RM_011,Savings
ACC_008489,CUST_08489,Salary,2024-06-23,909.95,BR049,RM_016,Salary
ACC_008490,CUST_08490,Savings,2022-05-25,73850.65,BR032,RM_013,Savings
ACC_008491,CUST_08491,Savings,2025-01-19,18062.77,BR026,RM_018,Savings
ACC_008492,CUST_08492,Savings,2023-01-26,9047.22,BR045,RM_077,Savings
ACC_008493,CUST_08493,Salary,2023-09-05,12004.07,BR028,RM_089,Salary
ACC_008494,CUST_08494,Savings,2022-10-19,4627.72,BR021,RM_016,Savings
ACC_008495,CUST_08495,Salary,2025-09-22,5698.18,BR044,RM_053,Salary
ACC_008496,CUST_08496,Salary,2026-07-16,123372.58,BR006,RM_093,Salary
ACC_008497,CUST_08497,Savings,2025-06-19,21398.73,BR007,RM_044,Savings
ACC_008498,CUST_08498,Savings,2022-08-13,85289.27,BR003,RM_054,Savings
ACC_008499,CUST_08499,Savings,2025-03-05,14982.42,BR001,RM_012,Savings
ACC_008500,CUST_08500,Salary,2024-04-18,29411.45,BR006,RM_087,Salary
ACC_008501,CUST_08501,Salary,2026-02-17,35915.84,BR017,RM_042,Salary
ACC_008502,CUST_08502,Savings,2023-06-07,33572.95,BR044,RM_064,Savings
ACC_008503,CUST_08503,Savings,2021-09-08,22343.27,BR022,RM_035,Savings
ACC_008504,CUST_08504,Salary,2025-05-02,127973.84,BR010,RM_038,Salary
ACC_008505,CUST_08505,Savings,2022-04-11,-629.82,BR023,RM_040,Savings
ACC_008506,CUST_08506,Savings,2025-03-04,33105.05,BR019,RM_044,Savings
ACC_008507,CUST_08507,Savings,2022-04-01,151662.35,BR003,RM_018,Savings
ACC_008508,CUST_08508,Current,2026-04-29,44819.56,BR032,RM_036,Current
ACC_008509,CUST_08509,Savings,2022-07-30,-1441.55,BR044,RM_037,Savings
ACC_008510,CUST_08510,Savings,2023-01-25,31985.68,BR029,RM_044,Savings
ACC_008511,CUST_08511,Savings,2021-07-26,21890.1,BR047,RM_068,Savings
ACC_008512,CUST_08512,Savings,2023-02-22,2630.69,BR046,RM_060,Savings
ACC_008513,CUST_08513,Current,2023-09-20,4136.5,BR023,RM_041,Current
ACC_008514,CUST_08514,Savings,2023-05-03,9848.33,BR040,RM_093,Savings
ACC_008515,CUST_08515,Salary,2023-05-04,28242.32,BR046,RM_054,Salary
ACC_008516,CUST_08516,Salary,2024-11-14,69059.06,BR036,RM_100,Salary
ACC_008517,CUST_08517,Savings,2023-01-03,5673.0,BR041,RM_054,Savings
ACC_008518,CUST_08518,Current,2021-11-16,7935.89,BR041,RM_066,Current
ACC_008519,CUST_08519,Savings,2027-06-06,82521.06,BR042,RM_098,Savings
ACC_008520,CUST_08520,Savings,2021-01-29,316675.33,BR003,RM_046,Savings
ACC_008521,CUST_08521,Savings,2021-03-16,435387.79,BR027,RM_053,Savings
ACC_008522,CUST_08522,Savings,2024-08-14,2964.01,BR024,RM_044,Savings
ACC_008523,CUST_08523,Savings,2023-05-24,127259.6,BR001,RM_015,Savings
ACC_008524,CUST_08524,Savings,2025-05-02,36804.06,BR039,RM_003,Savings
ACC_008525,CUST_08525,Savings,2024-10-01,8070.42,BR050,RM_035,Savings
ACC_008526,CUST_08526,Salary,2026-01-10,56385.6,BR016,RM_014,Salary
ACC_008527,CUST_08527,Savings,2022-10-10,95576.36,BR012,RM_042,Savings
ACC_008528,CUST_08528,Salary,2022-02-04,206860.89,BR048,RM_074,Salary
ACC_008529,CUST_08529,Savings,2023-08-18,24121.86,BR018,RM_034,Savings
ACC_008530,CUST_08530,Salary,2022-03-21,9621.49,BR035,RM_045,Salary
ACC_008531,CUST_08531,Salary,2023-01-19,28791.12,BR019,RM_085,Salary
ACC_008532,CUST_08532,Savings,2025-12-29,67205.28,BR050,RM_019,Savings
ACC_008533,CUST_08533,Salary,2023-05-17,182525.46,BR003,RM_059,Salary
ACC_008534,CUST_08534,Savings,2023-06-21,2592.67,BR020,RM_086,Savings
ACC_008535,CUST_08535,Savings,2024-01-28,2411.3,BR031,RM_079,Savings
ACC_008536,CUST_08536,Savings,2024-06-10,4248.61,BR042,RM_001,Savings
ACC_008537,CUST_08537,Savings,2024-01-19,15330.52,BR025,RM_035,Savings
ACC_008538,CUST_08538,Savings,2025-06-01,205764.03,BR021,RM_048,Savings
ACC_008539,CUST_08539,Savings,2025-07-12,433765.14,BR047,RM_052,Savings
ACC_008540,CUST_08540,Savings,2024-03-05,24213.94,BR027,RM_034,Savings
ACC_008541,CUST_08541,Current,2025-06-10,462206.54,BR014,RM_064,Current
ACC_008542,CUST_08542,Savings,2026-07-29,390336.31,BR043,RM_007,Savings
ACC_008543,CUST_08543,Savings,2024-07-21,33861.81,BR020,RM_096,Savings
ACC_008544,CUST_08544,Current,2026-04-22,4592.63,BR040,RM_051,Current
ACC_008545,CUST_08545,Savings,2022-07-08,8030.89,BR006,RM_038,Savings
ACC_008546,CUST_08546,Savings,2025-06-29,8405.13,BR003,RM_035,Savings
ACC_008547,CUST_08547,Savings,2021-05-09,8434.4,BR024,RM_080,Savings
ACC_008548,CUST_08548,Salary,2021-04-06,11848.01,BR010,RM_021,Salary
ACC_008549,CUST_08549,Savings,2025-06-07,1345952.12,BR027,RM_090,Savings
ACC_008550,CUST_08550,Savings,2024-01-08,7598.7,BR048,RM_022,Savings
ACC_008551,CUST_08551,Savings,2026-06-30,36828.95,BR003,RM_068,Savings
ACC_008552,CUST_08552,Savings,2025-09-28,83204.01,BR049,RM_012,Savings
ACC_008553,CUST_08553,Savings,2021-12-11,522229.05,BR033,RM_079,Savings
ACC_008554,CUST_08554,Savings,2025-02-23,8387.03,BR021,RM_035,Savings
ACC_008555,CUST_08555,Savings,2024-10-15,45191.7,BR042,RM_063,Savings
ACC_008556,CUST_08556,Savings,2024-09-29,114125.66,BR016,RM_094,Savings
ACC_008557,CUST_08557,Salary,2025-05-20,8083.17,BR018,RM_098,Salary
ACC_008558,CUST_08558,Savings,2023-03-24,56129.44,BR015,RM_060,Savings
ACC_008559,CUST_08559,Salary,2023-03-16,10712.45,BR003,RM_002,Salary
ACC_008560,CUST_08560,Savings,2023-04-23,19921.32,BR048,RM_085,Savings
ACC_008561,CUST_08561,Savings,2024-09-01,505282.19,BR006,RM_056,Savings
ACC_008562,CUST_08562,Savings,2022-11-17,6771.52,BR020,RM_019,Savings
ACC_008563,CUST_08563,Salary,2026-04-15,28728.27,BR023,RM_082,Salary
ACC_008564,CUST_08564,Salary,2021-08-12,121277.54,BR039,RM_028,Salary
ACC_008565,CUST_08565,Current,2023-01-27,5636.89,BR010,RM_019,Current
ACC_008566,CUST_08566,Savings,2023-06-25,9610.67,BR006,RM_027,Savings
ACC_008567,CUST_08567,Current,2021-06-17,40744.48,BR025,RM_008,Current
ACC_008568,CUST_08568,Savings,2024-09-20,383896.4,BR030,RM_059,Savings
ACC_008569,CUST_08569,Current,2024-04-21,23523.77,BR049,RM_099,Current
ACC_008570,CUST_08570,Savings,2022-11-02,46838.09,BR007,RM_049,Savings
ACC_008571,CUST_08571,Savings,2023-09-17,46083.4,BR034,RM_079,Savings
ACC_008572,CUST_08572,Savings,2026-05-28,1102129.13,BR002,RM_054,Savings
ACC_008573,CUST_08573,Salary,2025-07-04,68840.53,BR044,RM_082,Salary
ACC_008574,CUST_08574,Savings,2021-03-22,84012.55,BR026,RM_065,Savings
ACC_008575,CUST_08575,Salary,2023-09-17,21434.64,BR003,RM_083,Salary
ACC_008576,CUST_08576,Salary,2024-02-23,16048.43,BR030,RM_041,Salary
ACC_008577,CUST_08577,Savings,2022-05-19,-1371.79,BR007,RM_030,Savings
ACC_008578,CUST_08578,Savings,2022-10-08,3625.78,BR012,RM_020,Savings
ACC_008579,CUST_08579,Current,2026-05-14,2624.42,BR020,RM_092,Current
ACC_008580,CUST_08580,Savings,2026-03-20,3530.24,BR033,RM_028,Savings
ACC_008581,CUST_08581,Savings,2021-07-16,183095.98,BR017,RM_020,Savings
ACC_008582,CUST_08582,Savings,2024-12-22,7981.94,BR006,RM_047,Savings
ACC_008583,CUST_08583,Savings,2021-04-19,34041.13,BR012,RM_091,Savings
ACC_008584,CUST_08584,Savings,2025-03-23,73989.61,BR003,RM_049,Savings
ACC_008585,CUST_08585,Savings,2025-05-08,26318.88,BR012,RM_056,Savings
ACC_008586,CUST_08586,Savings,2025-08-20,82204.2,BR043,RM_001,Savings
ACC_008587,CUST_08587,Savings,2025-08-29,34634.0,BR007,RM_024,Savings
ACC_008588,CUST_08588,Savings,2024-06-29,143151.56,BR031,RM_036,Savings
ACC_008589,CUST_08589,Current,2026-02-06,10566.75,BR024,RM_003,Current
ACC_008590,CUST_08590,Salary,2026-05-20,7389.51,BR011,RM_024,Salary
ACC_008591,CUST_08591,Salary,2022-03-30,6842.95,BR040,RM_054,Salary
ACC_008592,CUST_08592,Savings,2021-11-25,3652.84,BR022,RM_001,Savings
ACC_008593,CUST_08593,Savings,2025-03-18,13333.36,BR008,RM_013,Savings
ACC_008594,CUST_08594,Current,2022-04-18,19297.45,BR034,RM_024,Current
ACC_008595,CUST_08595,Savings,2021-01-18,3734.95,BR028,RM_041,Savings
ACC_008596,CUST_08596,Salary,2024-12-27,71588.12,BR010,RM_051,Salary
ACC_008597,CUST_08597,Salary,2022-10-09,36108.13,BR050,RM_056,Salary
ACC_008598,CUST_08598,Salary,2021-09-17,8972.36,BR026,RM_089,Salary
ACC_008599,CUST_08599,Savings,2022-07-02,67144.7,BR002,RM_058,Savings
ACC_008600,CUST_08600,Salary,2024-08-07,8188.49,BR034,RM_049,Salary
ACC_008601,CUST_08601,Savings,2024-07-17,21298.96,BR021,RM_017,Savings
ACC_008602,CUST_08602,Current,2021-12-24,264612.86,BR011,RM_031,Current
ACC_008603,CUST_08603,Savings,2023-06-11,2793.68,BR009,RM_001,Savings
ACC_008604,CUST_08604,Savings,2022-08-10,21236.73,BR015,RM_004,Savings
ACC_008605,CUST_08605,Savings,2021-05-16,7407.1,BR001,RM_062,Savings
ACC_008606,CUST_08606,Savings,2025-12-02,57813.43,BR019,RM_031,Savings
ACC_008607,CUST_08607,Savings,2024-04-14,4864.71,BR010,RM_034,Savings
ACC_008608,CUST_08608,Savings,2021-05-03,27491.18,BR003,RM_021,Savings
ACC_008609,CUST_08609,Savings,2024-11-26,332287.61,BR005,RM_006,Savings
ACC_008610,CUST_08610,Savings,2022-09-21,25636.39,BR049,RM_005,Savings
ACC_008611,CUST_08611,Savings,2023-06-27,4672.65,BR025,RM_056,Savings
ACC_008612,CUST_08612,Current,2025-05-07,19820.42,BR006,RM_017,Current
ACC_008613,CUST_08613,Savings,2023-03-04,33829.68,BR038,RM_017,Savings
ACC_008614,CUST_08614,Savings,2025-05-05,188389.13,BR011,RM_023,Savings
ACC_008615,CUST_08615,Current,2021-08-14,34942.08,BR030,RM_011,Current
ACC_008616,CUST_08616,Salary,2027-04-18,6645.85,BR032,RM_018,Salary
ACC_008617,CUST_08617,Savings,2023-02-18,15038.01,BR026,RM_064,Savings
ACC_008618,CUST_08618,Savings,2022-07-11,46852.54,BR038,RM_012,Savings
ACC_008619,CUST_08619,Savings,2024-04-15,1278403.54,BR050,RM_004,Savings
ACC_008620,CUST_08620,Savings,2024-11-10,9087.62,BR032,RM_068,Savings
ACC_008621,CUST_08621,Savings,2025-08-27,226175.74,BR047,RM_009,Savings
ACC_008622,CUST_08622,Current,2022-11-03,7003.45,BR007,RM_035,Current
ACC_008623,CUST_08623,Savings,2025-11-10,27211.97,BR019,RM_013,Savings
ACC_008624,CUST_08624,Savings,2023-06-21,32978.57,BR028,RM_022,Savings
ACC_008625,CUST_08625,Savings,2021-09-14,38027.74,BR010,RM_036,Savings
ACC_008626,CUST_08626,Savings,2023-07-27,2226.93,BR032,RM_073,Savings
ACC_008627,CUST_08627,Savings,2024-02-21,5202.63,BR047,RM_021,Savings
ACC_008628,CUST_08628,Current,2025-07-04,63104.35,BR044,RM_024,Current
ACC_008629,CUST_08629,Savings,2024-12-15,4694.1,BR022,RM_051,Savings
ACC_008630,CUST_08630,Savings,2024-09-08,118015.18,BR045,RM_037,Savings
ACC_008631,CUST_08631,Savings,2024-04-10,1101.64,BR023,RM_068,Savings
ACC_008632,CUST_08632,Current,2022-04-06,19471.23,BR024,RM_047,Current
ACC_008633,CUST_08633,Salary,2021-04-08,13875.83,BR039,RM_005,Salary
ACC_008634,CUST_08634,Savings,2026-07-16,-2831.23,BR014,RM_022,Savings
ACC_008635,CUST_08635,Savings,2022-02-22,63015.53,BR040,RM_034,Savings
ACC_008636,CUST_08636,Savings,2024-06-07,16734.43,BR039,RM_016,Savings
ACC_008637,CUST_08637,Savings,2023-12-26,41494.96,BR001,RM_021,Savings
ACC_008638,CUST_08638,Current,2024-07-25,147089.98,BR042,RM_099,Current
ACC_008639,CUST_08639,Savings,2021-04-25,39216.85,BR034,RM_072,Savings
ACC_008640,CUST_08640,Savings,2024-10-16,25655.9,BR002,RM_066,Savings
ACC_008641,CUST_08641,Savings,2026-06-05,5916.37,BR045,RM_027,Savings
ACC_008642,CUST_08642,Salary,2021-08-09,34740.38,BR048,RM_095,Salary
ACC_008643,CUST_08643,Salary,2025-08-07,9564.14,BR006,RM_049,Salary
ACC_008644,CUST_08644,Savings,2023-12-01,7650.59,BR022,RM_023,Savings
ACC_008645,CUST_08645,Savings,2024-07-15,5424.74,BR030,RM_010,Savings
ACC_008646,CUST_08646,Salary,2021-02-04,91046.19,BR019,RM_014,Salary
ACC_008647,CUST_08647,Savings,2021-08-14,109228.03,BR026,RM_052,Savings
ACC_008648,CUST_08648,Savings,2021-07-28,11643.01,BR028,RM_082,Savings
ACC_008649,CUST_08649,Savings,2024-05-24,5438.62,BR010,RM_014,Savings
ACC_008650,CUST_08650,Salary,2025-03-28,10145.31,BR006,RM_032,Salary
ACC_008651,CUST_08651,Savings,2026-07-16,599005.8,BR033,RM_076,Savings
ACC_008652,CUST_08652,Savings,2023-12-23,281658.63,BR037,RM_047,Savings
ACC_008653,CUST_08653,Savings,2022-02-22,6674.78,BR039,RM_040,Savings
ACC_008654,CUST_08654,Savings,2021-04-12,186376.6,BR029,RM_038,Savings
ACC_008655,CUST_08655,Current,2025-09-15,93530.46,BR015,RM_056,Current
ACC_008656,CUST_08656,Savings,2024-05-26,11753.42,BR001,RM_044,Savings
ACC_008657,CUST_08657,Current,2022-10-04,6276.67,BR039,RM_009,Current
ACC_008658,CUST_08658,Savings,2023-11-16,21609.92,BR002,RM_057,Savings
ACC_008659,CUST_08659,Salary,2021-07-19,64052.77,BR002,RM_012,Salary
ACC_008660,CUST_08660,Current,2024-12-06,78009.32,BR028,RM_056,Current
ACC_008661,CUST_08661,Savings,2022-06-22,6502.72,BR014,RM_078,Savings
ACC_008662,CUST_08662,Savings,2021-10-28,184256.83,BR015,RM_063,Savings
ACC_008663,CUST_08663,Salary,2022-09-22,4501.9,BR030,RM_067,Salary
ACC_008664,CUST_08664,Salary,2025-01-01,29598.38,BR043,RM_041,Salary
ACC_008665,CUST_08665,Salary,2024-05-26,116356.62,BR034,RM_098,Salary
ACC_008666,CUST_08666,Savings,2025-09-12,13149.84,BR026,RM_049,Savings
ACC_008667,CUST_08667,Salary,2023-10-13,6245.95,BR026,RM_061,Salary
ACC_008668,CUST_08668,Salary,2025-04-15,6514.77,BR041,RM_076,Salary
ACC_008669,CUST_08669,Current,2021-03-30,16342.65,BR028,RM_039,Current
ACC_008670,CUST_08670,Savings,2023-03-07,24312.97,BR001,RM_041,Savings
ACC_008671,CUST_08671,Savings,2023-02-12,12734.83,BR022,RM_092,Savings
ACC_008672,CUST_08672,Current,2024-01-19,946.86,BR042,RM_076,Current
ACC_008673,CUST_08673,Savings,2021-08-17,3342.73,BR028,RM_100,Savings
ACC_008674,CUST_08674,Current,2022-11-01,161461.0,BR034,RM_040,Current
ACC_008675,CUST_08675,Current,2022-03-15,50194.54,BR032,RM_097,Current
ACC_008676,CUST_08676,Savings,2023-06-01,20782.97,BR022,RM_018,Savings
ACC_008677,CUST_08677,Savings,2026-06-26,8397.0,BR013,RM_065,Savings
ACC_008678,CUST_08678,Savings,2024-09-18,10391.43,BR006,RM_021,Savings
ACC_008679,CUST_08679,Savings,2025-10-05,5589.85,BR032,RM_084,Savings
ACC_008680,CUST_08680,Savings,2026-04-20,133018.03,BR017,RM_011,Savings
ACC_008681,CUST_08681,Savings,2024-12-14,57624.81,BR018,RM_095,Savings
ACC_008682,CUST_08682,Savings,2023-09-19,3286.49,BR022,RM_026,Savings
ACC_008683,CUST_08683,Savings,2022-05-17,54206.84,BR023,RM_068,Savings
ACC_008684,CUST_08684,Current,2024-03-26,9172.73,BR037,RM_089,Current
ACC_008685,CUST_08685,Savings,2026-06-04,41653.51,BR044,RM_080,Savings
ACC_008686,CUST_08686,Savings,2026-02-24,11812.93,BR013,RM_020,Savings
ACC_008687,CUST_08687,Savings,2024-06-12,50545.02,BR034,RM_080,Savings
ACC_008688,CUST_08688,Savings,2023-08-19,99775.07,BR022,RM_098,Savings
ACC_008689,CUST_08689,Savings,2026-01-15,8880.76,BR003,RM_040,Savings
ACC_008690,CUST_08690,Savings,2024-05-11,5784.45,BR003,RM_047,Savings
ACC_008691,CUST_08691,Savings,2026-07-03,-1665.23,BR004,RM_017,Savings
ACC_008692,CUST_08692,Salary,2021-11-23,57357.34,BR035,RM_066,Salary
ACC_008693,CUST_08693,Salary,2022-11-19,100112.88,BR046,RM_036,Salary
ACC_008694,CUST_08694,Current,2024-10-14,17790.8,BR035,RM_042,Current
ACC_008695,CUST_08695,Savings,2024-12-19,15052.28,BR018,RM_094,Savings
ACC_008696,CUST_08696,Savings,2023-08-25,59380.98,BR040,RM_047,Savings
ACC_008697,CUST_08697,Savings,2021-09-12,25591.39,BR036,RM_077,Savings
ACC_008698,CUST_08698,Current,2024-11-27,55900.45,BR043,RM_067,Current
ACC_008699,CUST_08699,Savings,2024-04-07,21562.98,BR047,RM_022,Savings
ACC_008700,CUST_08700,Savings,2021-06-30,44348.71,BR035,RM_038,Savings
ACC_008701,CUST_08701,Salary,2024-08-21,14782.04,BR029,RM_065,Salary
ACC_008702,CUST_08702,Savings,2021-11-27,106194.83,BR044,RM_053,Savings
ACC_008703,CUST_08703,Savings,2021-06-26,-298.37,BR001,RM_026,Savings
ACC_008704,CUST_08704,Savings,2021-04-01,56031.22,BR038,RM_030,Savings
ACC_008705,CUST_08705,Savings,2024-08-28,33862.39,BR014,RM_021,Savings
ACC_008706,CUST_08706,Savings,2023-08-24,223470.95,BR031,RM_097,Savings
ACC_008707,CUST_08707,Current,2022-05-12,132548.1,BR016,RM_002,Current
ACC_008708,CUST_08708,Savings,2021-03-27,2848680.02,BR029,RM_054,Savings
ACC_008709,CUST_08709,Savings,2023-07-28,75822.27,BR007,RM_096,Savings
ACC_008710,CUST_08710,Savings,2021-11-17,5048.64,BR014,RM_089,Savings
ACC_008711,CUST_08711,Savings,2024-05-05,7669.27,BR015,RM_020,Savings
ACC_008712,CUST_08712,Savings,2026-01-23,60345.43,BR029,RM_012,Savings
ACC_008713,CUST_08713,Savings,2021-01-27,248805.3,BR025,RM_055,Savings
ACC_008714,CUST_08714,Savings,2021-07-29,123246.38,BR006,RM_074,Savings
ACC_008715,CUST_08715,Savings,2025-04-08,175192.1,BR031,RM_076,Savings
ACC_008716,CUST_08716,Savings,2021-01-21,33654.17,BR040,RM_049,Savings
ACC_008717,CUST_08717,Savings,2024-12-20,25493.2,BR030,RM_005,Savings
ACC_008718,CUST_08718,Savings,2021-10-21,119833.43,BR021,RM_089,Savings
ACC_008719,CUST_08719,Savings,2025-12-30,90860.62,BR018,RM_056,Savings
ACC_008720,CUST_08720,Savings,2026-07-21,15143.68,BR005,RM_082,Savings
ACC_008721,CUST_08721,Savings,2024-03-29,5140.07,BR033,RM_087,Savings
ACC_008722,CUST_08722,Savings,2022-06-13,41771.97,BR025,RM_064,Savings
ACC_008723,CUST_08723,Savings,2023-10-03,65222.69,BR036,RM_089,Savings
ACC_008724,CUST_08724,Savings,2025-02-16,12869.6,BR011,RM_040,Savings
ACC_008725,CUST_08725,Savings,2021-02-17,29503.87,BR006,RM_073,Savings
ACC_008726,CUST_08726,Savings,2025-06-26,22348.55,BR019,RM_094,Savings
ACC_008727,CUST_08727,Savings,2025-04-18,4300.89,BR003,RM_054,Savings
ACC_008728,CUST_08728,Savings,2026-04-15,1109.98,BR006,RM_011,Savings
ACC_008729,CUST_08729,Savings,2023-09-11,159364.44,BR049,RM_033,Savings
ACC_008730,CUST_08730,Savings,2025-04-22,68560.11,BR030,RM_023,Savings
ACC_008731,CUST_08731,Savings,2024-01-12,58299.7,BR021,RM_025,Savings
ACC_008732,CUST_08732,Savings,2024-01-29,19831.69,BR034,RM_017,Savings
ACC_008733,CUST_08733,Savings,2023-06-01,12812.2,BR001,RM_029,Savings
ACC_008734,CUST_08734,Current,2024-08-16,9152.43,BR001,RM_054,Current
ACC_008735,CUST_08735,Salary,2023-03-15,45133.81,BR032,RM_088,Salary
ACC_008736,CUST_08736,Savings,2022-06-04,90929.68,BR050,RM_100,Savings
ACC_008737,CUST_08737,Savings,2023-05-19,35251.79,BR015,RM_055,Savings
ACC_008738,CUST_08738,Current,2024-07-31,41003.8,BR036,RM_091,Current
ACC_008739,CUST_08739,Salary,2026-01-31,4535.06,BR016,RM_034,Salary
ACC_008740,CUST_08740,Savings,2023-03-05,20835.09,BR005,RM_062,Savings
ACC_008741,CUST_08741,Savings,2025-03-01,4523.28,BR025,RM_081,Savings
ACC_008742,CUST_08742,Savings,2024-01-13,51487.11,BR031,RM_063,Savings
ACC_008743,CUST_08743,Savings,2024-07-04,47259.37,BR012,RM_024,Savings
ACC_008744,CUST_08744,Salary,2021-02-09,5499.03,BR012,RM_021,Salary
ACC_008745,CUST_08745,Savings,2021-11-06,6801.31,BR029,RM_003,Savings
ACC_008746,CUST_08746,Salary,2022-08-25,2219.98,BR013,RM_053,Salary
ACC_008747,CUST_08747,Salary,2024-01-17,518685.76,BR008,RM_026,Salary
ACC_008748,CUST_08748,Current,2022-08-02,6843.35,BR024,RM_005,Current
ACC_008749,CUST_08749,Salary,2026-07-10,371007.3,BR013,RM_059,Salary
ACC_008750,CUST_08750,Savings,2022-11-21,9934.52,BR047,RM_009,Savings
ACC_008751,CUST_08751,Savings,2024-04-03,37872.27,BR036,RM_021,Savings
ACC_008752,CUST_08752,Savings,2021-06-02,51248.26,BR005,RM_087,Savings
ACC_008753,CUST_08753,Savings,2026-05-22,71837.05,BR009,RM_045,Savings
ACC_008754,CUST_08754,Savings,2021-05-25,8584.49,BR029,RM_011,Savings
ACC_008755,CUST_08755,Salary,2023-12-14,3887.41,BR038,RM_014,Salary
ACC_008756,CUST_08756,Savings,2023-02-09,225959.06,BR043,RM_059,Savings
ACC_008757,CUST_08757,Current,2026-03-27,2212.49,BR028,RM_037,Current
ACC_008758,CUST_08758,Savings,2024-04-28,83112.71,BR043,RM_022,Savings
ACC_008759,CUST_08759,Savings,2022-02-27,1463424.48,BR050,RM_092,Savings
ACC_008760,CUST_08760,Savings,2022-08-21,88786.5,BR046,RM_021,Savings
ACC_008761,CUST_08761,Savings,2023-12-14,14737.04,BR001,RM_078,Savings
ACC_008762,CUST_08762,Savings,2021-03-28,16005.21,BR024,RM_042,Savings
ACC_008763,CUST_08763,Savings,2026-04-06,13173.1,BR043,RM_057,Savings
ACC_008764,CUST_08764,Savings,2025-11-09,8723.76,BR015,RM_046,Savings
ACC_008765,CUST_08765,Savings,2022-12-21,49771.32,BR021,RM_089,Savings
ACC_008766,CUST_08766,Salary,2024-01-16,59903.94,BR031,RM_002,Salary
ACC_008767,CUST_08767,Savings,2021-05-03,21683.7,BR022,RM_072,Savings
ACC_008768,CUST_08768,Savings,2026-07-12,266846.46,BR044,RM_066,Savings
ACC_008769,CUST_08769,Current,2021-01-07,39971.69,BR016,RM_020,Current
ACC_008770,CUST_08770,Savings,2024-01-17,324725.17,BR039,RM_021,Savings
ACC_008771,CUST_08771,Savings,2022-04-05,349809.71,BR014,RM_043,Savings
ACC_008772,CUST_08772,Salary,2023-09-21,34399.27,BR022,RM_100,Salary
ACC_008773,CUST_08773,Savings,2023-05-17,752912.39,BR031,RM_070,Savings
ACC_008774,CUST_08774,Savings,2021-04-30,460285.44,BR038,RM_087,Savings
ACC_008775,CUST_08775,Savings,2023-12-15,37075.19,BR008,RM_029,Savings
ACC_008776,CUST_08776,Savings,2023-03-04,960812.13,BR031,RM_065,Savings
ACC_008777,CUST_08777,Current,2024-12-04,101301.93,BR031,RM_082,Current
ACC_008778,CUST_08778,Savings,2025-01-13,7707.76,BR042,RM_035,Savings
ACC_008779,CUST_08779,Savings,2023-03-13,12237.74,BR007,RM_078,Savings
ACC_008780,CUST_08780,Current,2022-12-09,19379.38,BR034,RM_012,Current
ACC_008781,CUST_08781,Savings,2022-08-31,118216.67,BR016,RM_054,Savings
ACC_008782,CUST_08782,Savings,2021-05-03,15153.13,BR034,RM_034,Savings
ACC_008783,CUST_08783,Savings,2025-08-17,7022.02,BR033,RM_045,Savings
ACC_008784,CUST_08784,Savings,2025-03-25,143492.45,BR004,RM_013,Savings
ACC_008785,CUST_08785,Salary,2023-03-06,242718.83,BR003,RM_030,Salary
ACC_008786,CUST_08786,Savings,2024-10-10,116831.08,BR008,RM_091,Savings
ACC_008787,CUST_08787,Savings,2023-09-11,281243.48,BR018,RM_047,Savings
ACC_008788,CUST_08788,Savings,2021-06-21,13530.55,BR038,RM_054,Savings
ACC_008789,CUST_08789,Savings,2024-12-10,45034.49,BR034,RM_076,Savings
ACC_008790,CUST_08790,Salary,2022-09-16,23662.4,BR049,RM_041,Salary
ACC_008791,CUST_08791,Savings,2021-01-04,17780.94,BR016,RM_031,Savings
ACC_008792,CUST_08792,Savings,2021-07-30,42783.52,BR044,RM_063,Savings
ACC_008793,CUST_08793,Current,2021-04-15,11321.37,BR022,RM_020,Current
ACC_008794,CUST_08794,Savings,2023-12-31,478194.07,BR011,RM_054,Savings
ACC_008795,CUST_08795,Savings,2021-12-14,895422.1,BR004,RM_053,Savings
ACC_008796,CUST_08796,Savings,2025-05-17,1763.89,BR027,RM_033,Savings
ACC_008797,CUST_08797,Savings,2025-02-13,-2366.36,BR038,RM_065,Savings
ACC_008798,CUST_08798,Savings,2026-01-07,-3357.16,BR045,RM_048,Savings
ACC_008799,CUST_08799,Salary,2021-06-05,11070.99,BR049,RM_080,Salary
ACC_008800,CUST_08800,Savings,2022-07-25,30367.73,BR030,RM_059,Savings
ACC_008801,CUST_08801,Salary,2023-01-13,6545.18,BR010,RM_097,Salary
ACC_008802,CUST_08802,Savings,2021-06-21,11227.47,BR026,RM_017,Savings
ACC_008803,CUST_08803,Savings,2026-05-31,19265.08,BR037,RM_004,Savings
ACC_008804,CUST_08804,Savings,2024-07-16,8518.95,BR049,RM_010,Savings
ACC_008805,CUST_08805,Savings,2022-01-23,24064.99,BR025,RM_028,Savings
ACC_008806,CUST_08806,Current,2023-12-05,10374.13,BR039,RM_017,Current
ACC_008807,CUST_08807,Savings,2026-01-27,47881.05,BR031,RM_086,Savings
ACC_008808,CUST_08808,Salary,2023-02-27,8858.7,BR039,RM_093,Salary
ACC_008809,CUST_08809,Savings,2023-06-21,13168.69,BR016,RM_002,Savings
ACC_008810,CUST_08810,Savings,2022-12-13,7039.34,BR028,RM_098,Savings
ACC_008811,CUST_08811,Savings,2022-01-27,4179.69,BR008,RM_095,Savings
ACC_008812,CUST_08812,Savings,2026-02-19,8035.01,BR022,RM_043,Savings
ACC_008813,CUST_08813,Savings,2022-06-26,346068.47,BR026,RM_028,Savings
ACC_008814,CUST_08814,Savings,2023-03-20,19124.12,BR001,RM_049,Savings
ACC_008815,CUST_08815,Savings,2026-05-25,10197.24,BR042,RM_090,Savings
ACC_008816,CUST_08816,Savings,2024-09-18,58145.88,BR047,RM_083,Savings
ACC_008817,CUST_08817,Salary,2024-07-06,136491.98,BR050,RM_046,Salary
ACC_008818,CUST_08818,Savings,2022-11-06,2332.1,BR012,RM_085,Savings
ACC_008819,CUST_08819,Current,2022-08-25,24611.54,BR014,RM_049,Current
ACC_008820,CUST_08820,Savings,2024-11-25,8460.9,BR028,RM_030,Savings
ACC_008821,CUST_08821,Savings,2022-11-05,2671.49,BR043,RM_003,Savings
ACC_008822,CUST_08822,Savings,2022-08-04,3441019.05,BR004,RM_031,Savings
ACC_008823,CUST_08823,Savings,2026-07-29,7462.47,BR050,RM_051,Savings
ACC_008824,CUST_08824,Salary,2024-08-22,84422.18,BR015,RM_050,Salary
ACC_008825,CUST_08825,Savings,2023-04-03,137802.49,BR022,RM_006,Savings
ACC_008826,CUST_08826,Savings,2026-02-12,14196.28,BR011,RM_006,Savings
ACC_008827,CUST_08827,Savings,2025-12-29,33556.93,BR007,RM_044,Savings
ACC_008828,CUST_08828,Savings,2022-01-03,21166.23,BR005,RM_027,Savings
ACC_008829,CUST_08829,Savings,2023-09-06,6756.71,BR004,RM_075,Savings
ACC_008830,CUST_08830,Savings,2023-04-03,60475.72,BR050,RM_048,Savings
ACC_008831,CUST_08831,Savings,2025-07-10,7622.11,BR006,RM_010,Savings
ACC_008832,CUST_08832,Savings,2021-04-28,40453.15,BR004,RM_063,Savings
ACC_008833,CUST_08833,Current,2026-05-11,33998.99,BR020,RM_094,Current
ACC_008834,CUST_08834,Salary,2025-10-07,8244.53,BR044,RM_049,Salary
ACC_008835,CUST_08835,Savings,2024-11-08,13034.65,BR005,RM_015,Savings
ACC_008836,CUST_08836,Salary,2026-07-31,9085.04,BR033,RM_024,Salary
ACC_008837,CUST_08837,Savings,2024-07-22,908.3,BR040,RM_023,Savings
ACC_008838,CUST_08838,Salary,2023-06-03,18601.54,BR012,RM_020,Salary
ACC_008839,CUST_08839,Savings,2024-01-27,63597.32,BR047,RM_095,Savings
ACC_008840,CUST_08840,Savings,2024-01-11,3500.61,BR005,RM_032,Savings
ACC_008841,CUST_08841,Savings,2025-10-27,72402.55,BR032,RM_010,Savings
ACC_008842,CUST_08842,Savings,2022-04-12,64008.8,BR047,RM_071,Savings
ACC_008843,CUST_08843,Salary,2021-05-22,44221.16,BR036,RM_049,Salary
ACC_008844,CUST_08844,Salary,2026-03-27,64089.36,BR028,RM_043,Salary
ACC_008845,CUST_08845,Savings,2024-04-03,-3277.27,BR042,RM_042,Savings
ACC_008846,CUST_08846,Savings,2022-02-07,26815.39,BR003,RM_074,Savings
ACC_008847,CUST_08847,Current,2025-01-24,695095.84,BR025,RM_041,Current
ACC_008848,CUST_08848,Current,2024-01-23,28501.9,BR021,RM_006,Current
ACC_008849,CUST_08849,Savings,2024-08-28,6723.54,BR013,RM_064,Savings
ACC_008850,CUST_08850,Savings,2022-09-17,11907.01,BR034,RM_019,Savings
ACC_008851,CUST_08851,Savings,2023-01-04,18612.84,BR029,RM_060,Savings
ACC_008852,CUST_08852,Savings,2021-04-16,12206.28,BR040,RM_003,Savings
ACC_008853,CUST_08853,Savings,2024-08-17,18040.28,BR010,RM_046,Savings
ACC_008854,CUST_08854,Current,2024-12-16,5601.59,BR033,RM_070,Current
ACC_008855,CUST_08855,Savings,2023-04-11,11254.45,BR039,RM_038,Savings
ACC_008856,CUST_08856,Savings,2021-03-05,23046.77,BR032,RM_037,Savings
ACC_008857,CUST_08857,Savings,2022-06-01,9705.88,BR035,RM_048,Savings
ACC_008858,CUST_08858,Savings,2021-06-15,47509.81,BR040,RM_037,Savings
ACC_008859,CUST_08859,Savings,2023-08-31,8098.62,BR040,RM_096,Savings
ACC_008860,CUST_08860,Savings,2025-10-19,46274.37,BR027,RM_099,Savings
ACC_008861,CUST_08861,Current,2025-03-05,17958.82,BR010,RM_077,Current
ACC_008862,CUST_08862,Savings,2024-01-21,-1323.57,BR047,RM_072,Savings
ACC_008863,CUST_08863,Savings,2022-10-11,11413.16,BR046,RM_074,Savings
ACC_008864,CUST_08864,Salary,2021-06-14,206876.8,BR042,RM_012,Salary
ACC_008865,CUST_08865,Savings,2021-01-12,5877.45,BR011,RM_054,Savings
ACC_008866,CUST_08866,Savings,2023-02-04,2693.81,BR028,RM_029,Savings
ACC_008867,CUST_08867,Savings,2021-12-07,2755.14,BR028,RM_069,Savings
ACC_008868,CUST_08868,Savings,2025-04-07,30298.14,BR041,RM_042,Savings
ACC_008869,CUST_08869,Salary,2022-05-04,34512.92,BR045,RM_032,Salary
ACC_008870,CUST_08870,Savings,2023-05-20,2366.98,BR006,RM_078,Savings
ACC_008871,CUST_08871,Salary,2025-02-08,9421.24,BR034,RM_005,Salary
ACC_008872,CUST_08872,Savings,2021-09-04,4198.1,BR021,RM_052,Savings
ACC_008873,CUST_08873,Salary,2025-09-04,1175.53,BR023,RM_018,Salary
ACC_008874,CUST_08874,Savings,2024-10-12,3770.5,BR003,RM_027,Savings
ACC_008875,CUST_08875,Savings,2026-05-10,8306.29,BR044,RM_074,Savings
ACC_008876,CUST_08876,Savings,2025-11-24,19092.65,BR013,RM_001,Savings
ACC_008877,CUST_08877,Savings,2023-07-05,8966.43,BR048,RM_031,Savings
ACC_008878,CUST_08878,Savings,2023-09-29,-4683.23,BR010,RM_025,Savings
ACC_008879,CUST_08879,Savings,2024-04-11,153669.0,BR008,RM_049,Savings
ACC_008880,CUST_08880,Current,2021-06-24,18556.47,BR008,RM_038,Current
ACC_008881,CUST_08881,Current,2023-03-30,14332.35,BR029,RM_011,Current
ACC_008882,CUST_08882,Savings,2026-06-20,2030.1,BR045,RM_001,Savings
ACC_008883,CUST_08883,Savings,2023-12-31,-1417.06,BR009,RM_084,Savings
ACC_008884,CUST_08884,Savings,2022-11-11,41980.75,BR005,RM_012,Savings
ACC_008885,CUST_08885,Savings,2025-04-04,749772.51,BR022,RM_015,Savings
ACC_008886,CUST_08886,Current,2024-08-09,17641.94,BR049,RM_084,Current
ACC_008887,CUST_08887,Savings,2021-12-21,9278.84,BR030,RM_045,Savings
ACC_008888,CUST_08888,Savings,2021-12-21,109217.23,BR038,RM_083,Savings
ACC_008889,CUST_08889,Savings,2021-10-31,40836.31,BR044,RM_029,Savings
ACC_008890,CUST_08890,Savings,2022-03-23,55192.2,BR010,RM_024,Savings
ACC_008891,CUST_08891,Savings,2021-09-26,10736.8,BR046,RM_064,Savings
ACC_008892,CUST_08892,Savings,2025-07-15,34528.76,BR019,RM_025,Savings
ACC_008893,CUST_08893,Savings,2026-04-02,19378.92,BR048,RM_027,Savings
ACC_008894,CUST_08894,Current,2025-03-18,761.1,BR038,RM_099,Current
ACC_008895,CUST_08895,Savings,2021-04-22,30442.79,BR018,RM_074,Savings
ACC_008896,CUST_08896,Savings,2021-07-18,12765.56,BR046,RM_035,Savings
ACC_008897,CUST_08897,Salary,2021-01-26,4171.88,BR048,RM_035,Salary
ACC_008898,CUST_08898,Savings,2026-03-08,28881.11,BR039,RM_038,Savings
ACC_008899,CUST_08899,Savings,2024-11-26,34149.48,BR040,RM_036,Savings
ACC_008900,CUST_08900,Savings,2026-07-11,5425.27,BR022,RM_100,Savings
ACC_008901,CUST_08901,Current,2024-03-21,15765.49,BR014,RM_095,Current
ACC_008902,CUST_08902,Savings,2021-11-04,5412.02,BR030,RM_091,Savings
ACC_008903,CUST_08903,Savings,2027-01-20,3356.83,BR027,RM_083,Savings
ACC_008904,CUST_08904,Current,2022-05-06,99257.99,BR047,RM_003,Current
ACC_008905,CUST_08905,Salary,2024-07-10,1261793.08,BR008,RM_027,Salary
ACC_008906,CUST_08906,Salary,2023-09-10,33373.56,BR001,RM_060,Salary
ACC_008907,CUST_08907,Savings,2023-02-17,10558.48,BR007,RM_056,Savings
ACC_008908,CUST_08908,Salary,2022-10-09,8478.77,BR049,RM_072,Salary
ACC_008909,CUST_08909,Savings,2024-11-16,3396.9,BR030,RM_062,Savings
ACC_008910,CUST_08910,Salary,2021-08-27,5286.6,BR050,RM_003,Salary
ACC_008911,CUST_08911,Savings,2024-12-13,23303.71,BR027,RM_058,Savings
ACC_008912,CUST_08912,Savings,2021-11-27,12072.82,BR035,RM_080,Savings
ACC_008913,CUST_08913,Savings,2022-08-24,1186.15,BR007,RM_078,Savings
ACC_008914,CUST_08914,Savings,2021-05-24,5580.98,BR040,RM_047,Savings
ACC_008915,CUST_08915,Savings,2026-03-21,658.67,BR018,RM_016,Savings
ACC_008916,CUST_08916,Savings,2022-04-27,9878.27,BR046,RM_003,Savings
ACC_008917,CUST_08917,Savings,2025-07-01,13499.96,BR016,RM_037,Savings
ACC_008918,CUST_08918,Savings,2025-07-20,4741.7,BR025,RM_094,Savings
ACC_008919,CUST_08919,Current,2021-06-14,7161.58,BR047,RM_035,Current
ACC_008920,CUST_08920,Savings,2022-10-27,51861.74,BR024,RM_030,Savings
ACC_008921,CUST_08921,Savings,2024-10-02,189983.19,BR025,RM_035,Savings
ACC_008922,CUST_08922,Savings,2022-04-15,207033.04,BR039,RM_073,Savings
ACC_008923,CUST_08923,Savings,2026-05-23,525975.41,BR001,RM_061,Savings
ACC_008924,CUST_08924,Savings,2023-05-13,-4533.22,BR010,RM_042,Savings
ACC_008925,CUST_08925,Salary,2021-10-08,27476.28,BR010,RM_071,Salary
ACC_008926,CUST_08926,Savings,2021-03-06,283085.55,BR033,RM_075,Savings
ACC_008927,CUST_08927,Savings,2022-09-01,8004.05,BR044,RM_054,Savings
ACC_008928,CUST_08928,Current,2022-10-13,32838.37,BR012,RM_095,Current
ACC_008929,CUST_08929,Savings,2024-08-20,6802.58,BR019,RM_067,Savings
ACC_008930,CUST_08930,Current,2023-09-23,34083.81,BR006,RM_030,Current
ACC_008931,CUST_08931,Savings,2021-09-16,44930.73,BR044,RM_053,Savings
ACC_008932,CUST_08932,Salary,2024-07-08,57536.12,BR010,RM_024,Salary
ACC_008933,CUST_08933,Current,2025-05-27,2992.14,BR022,RM_026,Current
ACC_008934,CUST_08934,Savings,2022-04-10,5919.58,BR031,RM_060,Savings
ACC_008935,CUST_08935,Current,2022-05-16,6618.49,BR023,RM_091,Current
ACC_008936,CUST_08936,Current,2025-06-16,1730.87,BR020,RM_078,Current
ACC_008937,CUST_08937,Savings,2024-12-21,13380.23,BR005,RM_066,Savings
ACC_008938,CUST_08938,Salary,2026-04-25,98059.98,BR044,RM_075,Salary
ACC_008939,CUST_08939,Savings,2023-11-07,159942.43,BR029,RM_087,Savings
ACC_008940,CUST_08940,Savings,2022-10-23,1534.8,BR016,RM_024,Savings
ACC_008941,CUST_08941,Savings,2026-07-15,17105.8,BR003,RM_064,Savings
ACC_008942,CUST_08942,Savings,2021-12-14,2013.47,BR021,RM_085,Savings
ACC_008943,CUST_08943,Savings,2023-07-25,25909.7,BR015,RM_016,Savings
ACC_008944,CUST_08944,Savings,2024-12-28,62406.99,BR034,RM_068,Savings
ACC_008945,CUST_08945,Savings,2023-06-18,120034.15,BR035,RM_100,Savings
ACC_008946,CUST_08946,Savings,2022-03-01,22506.75,BR015,RM_082,Savings
ACC_008947,CUST_08947,Current,2023-10-04,100049.45,BR034,RM_077,Current
ACC_008948,CUST_08948,Savings,2023-05-01,53575.35,BR041,RM_010,Savings
ACC_008949,CUST_08949,Current,2023-10-07,3363.69,BR003,RM_033,Current
ACC_008950,CUST_08950,Savings,2024-09-23,26820.55,BR047,RM_079,Savings
ACC_008951,CUST_08951,Savings,2023-02-15,53719.0,BR049,RM_018,Savings
ACC_008952,CUST_08952,Salary,2022-07-21,325857.38,BR037,RM_053,Salary
ACC_008953,CUST_08953,Savings,2025-03-28,2265.56,BR044,RM_018,Savings
ACC_008954,CUST_08954,Salary,2022-12-04,28440.7,BR049,RM_043,Salary
ACC_008955,CUST_08955,Savings,2025-09-24,119597.97,BR044,RM_087,Savings
ACC_008956,CUST_08956,Savings,2021-04-16,13664.1,BR030,RM_070,Savings
ACC_008957,CUST_08957,Savings,2022-02-03,-2258.96,BR044,RM_099,Savings
ACC_008958,CUST_08958,Savings,2021-12-14,5510.83,BR017,RM_086,Savings
ACC_008959,CUST_08959,Savings,2021-01-31,157800.86,BR047,RM_052,Savings
ACC_008960,CUST_08960,Savings,2021-05-30,2252985.63,BR003,RM_046,Savings
ACC_008961,CUST_08961,Savings,2023-06-17,7904.26,BR021,RM_004,Savings
ACC_008962,CUST_08962,Current,2022-10-18,1707.18,BR013,RM_065,Current
ACC_008963,CUST_08963,Salary,2022-10-13,7348.33,BR010,RM_013,Salary
ACC_008964,CUST_08964,Savings,2021-05-24,5666.94,BR004,RM_077,Savings
ACC_008965,CUST_08965,Salary,2023-08-16,4808.52,BR012,RM_023,Salary
ACC_008966,CUST_08966,Current,2023-05-23,11811.19,BR050,RM_010,Current
ACC_008967,CUST_08967,Savings,2024-02-02,2018.59,BR017,RM_087,Savings
ACC_008968,CUST_08968,Savings,2025-11-15,23809.43,BR028,RM_079,Savings
ACC_008969,CUST_08969,Savings,2024-02-13,66343.67,BR040,RM_088,Savings
ACC_008970,CUST_08970,Savings,2021-07-02,55229.85,BR016,RM_017,Savings
ACC_008971,CUST_08971,Salary,2025-08-14,33939.28,BR019,RM_037,Salary
ACC_008972,CUST_08972,Savings,2021-11-18,149079.99,BR022,RM_002,Savings
ACC_008973,CUST_08973,Savings,2026-03-06,44131.88,BR042,RM_066,Savings
ACC_008974,CUST_08974,Salary,2025-06-15,330.43,BR003,RM_091,Salary
ACC_008975,CUST_08975,Savings,2021-02-17,39094.49,BR050,RM_032,Savings
ACC_008976,CUST_08976,Savings,2021-07-01,118055.88,BR049,RM_025,Savings
ACC_008977,CUST_08977,Current,2025-04-01,5366.71,BR025,RM_018,Current
ACC_008978,CUST_08978,Savings,2021-06-20,2978.01,BR050,RM_079,Savings
ACC_008979,CUST_08979,Current,2022-04-30,12930.8,BR031,RM_005,Current
ACC_008980,CUST_08980,Current,2026-03-28,175857.15,BR020,RM_034,Current
ACC_008981,CUST_08981,Savings,2022-05-21,55638.42,BR045,RM_022,Savings
ACC_008982,CUST_08982,Savings,2024-09-03,2134.35,BR025,RM_028,Savings
ACC_008983,CUST_08983,Savings,2023-07-20,12821.08,BR016,RM_015,Savings
ACC_008984,CUST_08984,Savings,2025-04-14,4511.5,BR046,RM_018,Savings
ACC_008985,CUST_08985,Savings,2021-09-02,2382.55,BR035,RM_036,Savings
ACC_008986,CUST_08986,Savings,2023-05-11,71484.84,BR007,RM_048,Savings
ACC_008987,CUST_08987,Savings,2023-04-03,37512.68,BR048,RM_100,Savings
ACC_008988,CUST_08988,Salary,2024-01-04,21950.43,BR014,RM_026,Salary
ACC_008989,CUST_08989,Savings,2023-08-30,15532.45,BR007,RM_021,Savings
ACC_008990,CUST_08990,Savings,2026-03-05,12855.55,BR018,RM_065,Savings
ACC_008991,CUST_08991,Savings,2023-12-06,4064.47,BR025,RM_030,Savings
ACC_008992,CUST_08992,Savings,2021-10-23,8466.73,BR009,RM_095,Savings
ACC_008993,CUST_08993,Savings,2025-10-02,23993.78,BR039,RM_005,Savings
ACC_008994,CUST_08994,Current,2023-10-02,6506.64,BR027,RM_023,Current
ACC_008995,CUST_08995,Salary,2021-09-22,4612.61,BR007,RM_051,Salary
ACC_008996,CUST_08996,Savings,2023-04-11,14085.53,BR008,RM_041,Savings
ACC_008997,CUST_08997,Savings,2026-03-16,75640.54,BR037,RM_073,Savings
ACC_008998,CUST_08998,Current,2024-07-12,680644.88,BR006,RM_006,Current
ACC_008999,CUST_08999,Savings,2022-04-26,10934.53,BR001,RM_031,Savings
ACC_009000,CUST_09000,Salary,2025-01-10,676820.76,BR036,RM_092,Salary
ACC_009001,CUST_09001,Current,2023-05-06,6741.45,BR044,RM_042,Current
ACC_009002,CUST_09002,Savings,2022-02-20,6111.09,BR013,RM_058,Savings
ACC_009003,CUST_09003,Salary,2021-06-05,200027.26,BR043,RM_053,Salary
ACC_009004,CUST_09004,Savings,2024-06-26,7610.16,BR043,RM_050,Savings
ACC_009005,CUST_09005,Salary,2024-10-17,48253.94,BR014,RM_080,Salary
ACC_009006,CUST_09006,Savings,2026-02-04,132655.27,BR005,RM_064,Savings
ACC_009007,CUST_09007,Savings,2023-12-08,42924.31,BR015,RM_073,Savings
ACC_009008,CUST_09008,Savings,2021-08-15,35562.68,BR007,RM_096,Savings
ACC_009009,CUST_09009,Savings,2022-06-21,1018.23,BR028,RM_064,Savings
ACC_009010,CUST_09010,Salary,2025-04-19,2622467.22,BR012,RM_009,Salary
ACC_009011,CUST_09011,Savings,2024-02-16,32017.05,BR015,RM_094,Savings
ACC_009012,CUST_09012,Salary,2023-12-22,46325.32,BR028,RM_031,Salary
ACC_009013,CUST_09013,Savings,2025-05-25,2699.76,BR001,RM_096,Savings
ACC_009014,CUST_09014,Savings,2026-06-08,30835.95,BR007,RM_018,Savings
ACC_009015,CUST_09015,Savings,2024-12-14,3865.82,BR012,RM_062,Savings
ACC_009016,CUST_09016,Savings,2026-04-19,20037.46,BR023,RM_030,Savings
ACC_009017,CUST_09017,Salary,2022-09-26,56197.48,BR040,RM_044,Salary
ACC_009018,CUST_09018,Savings,2026-04-13,35108.29,BR043,RM_029,Savings
ACC_009019,CUST_09019,Savings,2022-10-26,31664.31,BR015,RM_063,Savings
ACC_009020,CUST_09020,Savings,2024-11-09,5461.12,BR043,RM_026,Savings
ACC_009021,CUST_09021,Savings,2024-12-16,4177.76,BR022,RM_098,Savings
ACC_009022,CUST_09022,Savings,2025-10-23,36676.85,BR049,RM_056,Savings
ACC_009023,CUST_09023,Savings,2027-06-26,26684.96,BR046,RM_021,Savings
ACC_009024,CUST_09024,Savings,2025-07-19,29472.84,BR018,RM_028,Savings
ACC_009025,CUST_09025,Savings,2023-05-10,7812.98,BR009,RM_015,Savings
ACC_009026,CUST_09026,Savings,2024-05-07,22805.7,BR021,RM_009,Savings
ACC_009027,CUST_09027,Savings,2022-07-27,9880.9,BR029,RM_060,Savings
ACC_009028,CUST_09028,Current,2023-01-27,14144.24,BR026,RM_045,Current
ACC_009029,CUST_09029,Savings,2021-12-04,11535.81,BR029,RM_063,Savings
ACC_009030,CUST_09030,Savings,2025-12-28,47752.2,BR031,RM_088,Savings
ACC_009031,CUST_09031,Savings,2022-04-03,72886.49,BR012,RM_085,Savings
ACC_009032,CUST_09032,Savings,2022-03-21,1531976.24,BR015,RM_066,Savings
ACC_009033,CUST_09033,Savings,2026-03-26,9313.28,BR001,RM_003,Savings
ACC_009034,CUST_09034,Current,2021-07-12,25715.89,BR005,RM_064,Current
ACC_009035,CUST_09035,Current,2021-04-29,59679.35,BR019,RM_034,Current
ACC_009036,CUST_09036,Savings,2025-01-02,-4257.46,BR050,RM_008,Savings
ACC_009037,CUST_09037,Current,2021-04-22,27959.01,BR008,RM_025,Current
ACC_009038,CUST_09038,Salary,2023-07-15,5555.11,BR022,RM_089,Salary
ACC_009039,CUST_09039,Current,2026-02-15,14634.81,BR035,RM_011,Current
ACC_009040,CUST_09040,Savings,2025-02-02,5980.97,BR012,RM_078,Savings
ACC_009041,CUST_09041,Savings,2026-05-28,12293.75,BR033,RM_036,Savings
ACC_009042,CUST_09042,Current,2022-05-21,12984.47,BR034,RM_049,Current
ACC_009043,CUST_09043,Salary,2024-02-13,33608.48,BR039,RM_028,Salary
ACC_009044,CUST_09044,Savings,2024-08-01,9992.25,BR033,RM_020,Savings
ACC_009045,CUST_09045,Savings,2023-10-02,10745.08,BR002,RM_024,Savings
ACC_009046,CUST_09046,Savings,2023-06-21,16724.82,BR023,RM_008,Savings
ACC_009047,CUST_09047,Current,2025-01-01,11516.92,BR011,RM_049,Current
ACC_009048,CUST_09048,Salary,2026-07-17,4957.32,BR001,RM_018,Salary
ACC_009049,CUST_09049,Savings,2024-06-10,88160.15,BR014,RM_036,Savings
ACC_009050,CUST_09050,Current,2025-02-20,41517.34,BR047,RM_005,Current
ACC_009051,CUST_09051,Salary,2022-02-07,7299.53,BR023,RM_004,Salary
ACC_009052,CUST_09052,Savings,2025-08-26,6340.35,BR020,RM_014,Savings
ACC_009053,CUST_09053,Savings,2024-05-17,21889.87,BR019,RM_026,Savings
ACC_009054,CUST_09054,Savings,2023-04-05,12999.46,BR022,RM_004,Savings
ACC_009055,CUST_09055,Salary,2026-04-26,92202.04,BR041,RM_046,Salary
ACC_009056,CUST_09056,Savings,2025-03-08,18753.31,BR006,RM_006,Savings
ACC_009057,CUST_09057,Savings,2022-08-26,28100.1,BR017,RM_038,Savings
ACC_009058,CUST_09058,Savings,2022-06-27,21076.91,BR035,RM_078,Savings
ACC_009059,CUST_09059,Savings,2025-07-07,212019.91,BR032,RM_063,Savings
ACC_009060,CUST_09060,Savings,2024-01-29,84350.97,BR021,RM_099,Savings
ACC_009061,CUST_09061,Savings,2026-07-26,9548.21,BR035,RM_035,Savings
ACC_009062,CUST_09062,Current,2021-08-02,237913.09,BR017,RM_073,Current
ACC_009063,CUST_09063,Current,2021-11-22,329512.3,BR012,RM_064,Current
ACC_009064,CUST_09064,Savings,2026-07-24,17947.32,BR035,RM_094,Savings
ACC_009065,CUST_09065,Savings,2023-07-02,6276.38,BR031,RM_037,Savings
ACC_009066,CUST_09066,Savings,2021-12-29,3401.33,BR028,RM_079,Savings
ACC_009067,CUST_09067,Savings,2024-08-19,150213.2,BR017,RM_040,Savings
ACC_009068,CUST_09068,Salary,2025-10-03,136532.78,BR014,RM_005,Salary
ACC_009069,CUST_09069,Savings,2024-03-11,7795.08,BR004,RM_046,Savings
ACC_009070,CUST_09070,Savings,2024-09-15,15905.72,BR009,RM_033,Savings
ACC_009071,CUST_09071,Savings,2026-07-19,296800.53,BR008,RM_053,Savings
ACC_009072,CUST_09072,Salary,2026-07-24,589077.17,BR021,RM_055,Salary
ACC_009073,CUST_09073,Savings,2021-12-28,5943.73,BR036,RM_032,Savings
ACC_009074,CUST_09074,Savings,2024-08-12,29637.82,BR005,RM_027,Savings
ACC_009075,CUST_09075,Savings,2025-10-24,79764.29,BR025,RM_017,Savings
ACC_009076,CUST_09076,Savings,2025-09-06,170822.09,BR042,RM_085,Savings
ACC_009077,CUST_09077,Salary,2024-11-26,137105.87,BR006,RM_071,Salary
ACC_009078,CUST_09078,Savings,2024-03-09,1532.19,BR019,RM_012,Savings
ACC_009079,CUST_09079,Current,2023-12-27,545102.11,BR026,RM_079,Current
ACC_009080,CUST_09080,Current,2025-03-31,12752.79,BR042,RM_060,Current
ACC_009081,CUST_09081,Savings,2021-02-18,7951.11,BR020,RM_060,Savings
ACC_009082,CUST_09082,Savings,2024-10-03,529476.47,BR021,RM_014,Savings
ACC_009083,CUST_09083,Salary,2024-12-05,16216.45,BR004,RM_095,Salary
ACC_009084,CUST_09084,Savings,2026-06-07,119710.07,BR042,RM_038,Savings
ACC_009085,CUST_09085,Savings,2022-07-02,6575.9,BR013,RM_024,Savings
ACC_009086,CUST_09086,Current,2024-02-13,140691.99,BR036,RM_087,Current
ACC_009087,CUST_09087,Salary,2024-12-24,33816.03,BR002,RM_072,Salary
ACC_009088,CUST_09088,Salary,2022-01-14,3848.83,BR035,RM_016,Salary
ACC_009089,CUST_09089,Savings,2022-03-07,399744.57,BR039,RM_100,Savings
ACC_009090,CUST_09090,Salary,2024-10-14,14459.86,BR049,RM_049,Salary
ACC_009091,CUST_09091,Savings,2026-03-12,40685.78,BR025,RM_034,Savings
ACC_009092,CUST_09092,Salary,2021-09-11,44110.67,BR010,RM_073,Salary
ACC_009093,CUST_09093,Salary,2021-11-29,3021.07,BR006,RM_067,Salary
ACC_009094,CUST_09094,Savings,2024-01-26,8050.48,BR031,RM_046,Savings
ACC_009095,CUST_09095,Savings,2025-04-27,39664.22,BR044,RM_042,Savings
ACC_009096,CUST_09096,Current,2021-12-29,192439.49,BR007,RM_053,Current
ACC_009097,CUST_09097,Savings,2024-02-09,52116.96,BR008,RM_027,Savings
ACC_009098,CUST_09098,Salary,2021-06-05,93391.22,BR028,RM_096,Salary
ACC_009099,CUST_09099,Savings,2021-09-25,61847.09,BR038,RM_016,Savings
ACC_009100,CUST_09100,Savings,2025-10-29,59835.9,BR007,RM_077,Savings
ACC_009101,CUST_09101,Savings,2021-12-23,5539.23,BR001,RM_080,Savings
ACC_009102,CUST_09102,Savings,2021-06-18,37140.67,BR045,RM_027,Savings
ACC_009103,CUST_09103,Salary,2022-08-28,150622.81,BR050,RM_021,Salary
ACC_009104,CUST_09104,Savings,2023-03-13,1944397.2,BR024,RM_041,Savings
ACC_009105,CUST_09105,Current,2026-01-17,5752.63,BR006,RM_024,Current
ACC_009106,CUST_09106,Savings,2021-01-20,163822.59,BR041,RM_011,Savings
ACC_009107,CUST_09107,Savings,2022-09-22,1495.27,BR035,RM_075,Savings
ACC_009108,CUST_09108,Savings,2022-05-22,1646752.0,BR041,RM_029,Savings
ACC_009109,CUST_09109,Savings,2023-12-06,1915.31,BR028,RM_080,Savings
ACC_009110,CUST_09110,Current,2025-06-21,4689.59,BR016,RM_008,Current
ACC_009111,CUST_09111,Current,2022-06-23,100203.03,BR011,RM_091,Current
ACC_009112,CUST_09112,Salary,2025-11-28,218080.82,BR002,RM_094,Salary
ACC_009113,CUST_09113,Savings,2021-06-17,4906.43,BR020,RM_072,Savings
ACC_009114,CUST_09114,Savings,2024-06-23,38543.46,BR003,RM_043,Savings
ACC_009115,CUST_09115,Savings,2023-03-20,35520.23,BR015,RM_035,Savings
ACC_009116,CUST_09116,Savings,2025-08-04,66223.29,BR013,RM_080,Savings
ACC_009117,CUST_09117,Savings,2026-06-05,27864.07,BR033,RM_051,Savings
ACC_009118,CUST_09118,Savings,2025-08-06,8420.07,BR023,RM_100,Savings
ACC_009119,CUST_09119,Savings,2023-07-23,53963.57,BR008,RM_010,Savings
ACC_009120,CUST_09120,Savings,2022-07-11,375406.1,BR035,RM_008,Savings
ACC_009121,CUST_09121,Savings,2026-05-06,22832.37,BR044,RM_099,Savings
ACC_009122,CUST_09122,Savings,2025-03-12,56272.2,BR033,RM_080,Savings
ACC_009123,CUST_09123,Current,2024-10-01,66860.83,BR049,RM_021,Current
ACC_009124,CUST_09124,Savings,2026-01-11,14170.57,BR036,RM_087,Savings
ACC_009125,CUST_09125,Savings,2024-07-14,4549.03,BR008,RM_040,Savings
ACC_009126,CUST_09126,Savings,2021-11-01,15700.6,BR016,RM_056,Savings
ACC_009127,CUST_09127,Savings,2022-07-19,34777.44,BR002,RM_088,Savings
ACC_009128,CUST_09128,Current,2023-10-30,9671.87,BR034,RM_007,Current
ACC_009129,CUST_09129,Current,2021-07-14,1325.48,BR005,RM_038,Current
ACC_009130,CUST_09130,Savings,2026-05-11,30988.74,BR026,RM_072,Savings
ACC_009131,CUST_09131,Savings,2023-09-08,19582.27,BR042,RM_016,Savings
ACC_009132,CUST_09132,Savings,2021-02-07,430346.81,BR023,RM_022,Savings
ACC_009133,CUST_09133,Savings,2021-05-11,203010.4,BR030,RM_031,Savings
ACC_009134,CUST_09134,Savings,2024-11-05,36927.43,BR010,RM_072,Savings
ACC_009135,CUST_09135,Current,2025-11-15,87949.31,BR009,RM_012,Current
ACC_009136,CUST_09136,Savings,2026-05-10,233569.78,BR006,RM_075,Savings
ACC_009137,CUST_09137,Current,2024-02-21,25608.88,BR036,RM_026,Current
ACC_009138,CUST_09138,Current,2022-05-29,3511.81,BR044,RM_052,Current
ACC_009139,CUST_09139,Savings,2025-12-09,4766.69,BR027,RM_071,Savings
ACC_009140,CUST_09140,Salary,2021-07-19,10127.68,BR007,RM_093,Salary
ACC_009141,CUST_09141,Salary,2025-07-09,2108878.36,BR012,RM_004,Salary
ACC_009142,CUST_09142,Savings,2022-08-31,39481.18,BR040,RM_020,Savings
ACC_009143,CUST_09143,Current,2022-03-18,2847.93,BR038,RM_043,Current
ACC_009144,CUST_09144,Current,2023-06-13,2666219.08,BR008,RM_008,Current
ACC_009145,CUST_09145,Savings,2025-09-06,21403.4,BR016,RM_064,Savings
ACC_009146,CUST_09146,Savings,2025-08-26,52184.43,BR034,RM_049,Savings
ACC_009147,CUST_09147,Savings,2022-07-15,18043.73,BR028,RM_002,Savings
ACC_009148,CUST_09148,Savings,2024-09-16,118156.74,BR017,RM_038,Savings
ACC_009149,CUST_09149,Savings,2025-12-22,51467.86,BR012,RM_039,Savings
ACC_009150,CUST_09150,Savings,2026-04-17,37535.08,BR004,RM_024,Savings
ACC_009151,CUST_09151,Savings,2022-11-05,1926.01,BR050,RM_079,Savings
ACC_009152,CUST_09152,Salary,2025-11-19,7282.49,BR030,RM_077,Salary
ACC_009153,CUST_09153,Savings,2024-10-26,243.3,BR036,RM_031,Savings
ACC_009154,CUST_09154,Salary,2021-11-21,9768.53,BR050,RM_051,Salary
ACC_009155,CUST_09155,Salary,2021-02-09,27327.5,BR046,RM_033,Salary
ACC_009156,CUST_09156,Savings,2025-09-19,38871.1,BR018,RM_071,Savings
ACC_009157,CUST_09157,Current,2025-07-30,2755.13,BR016,RM_099,Current
ACC_009158,CUST_09158,Savings,2022-08-12,6148.19,BR034,RM_023,Savings
ACC_009159,CUST_09159,Savings,2024-08-18,7827.04,BR027,RM_021,Savings
ACC_009160,CUST_09160,Salary,2025-05-30,226900.65,BR010,RM_027,Salary
ACC_009161,CUST_09161,Current,2024-02-24,25378.64,BR022,RM_005,Current
ACC_009162,CUST_09162,Savings,2025-03-07,57947.58,BR044,RM_060,Savings
ACC_009163,CUST_09163,Savings,2026-06-29,1147685.68,BR050,RM_044,Savings
ACC_009164,CUST_09164,Savings,2021-08-20,34065.43,BR045,RM_046,Savings
ACC_009165,CUST_09165,Savings,2024-02-26,6334.01,BR045,RM_042,Savings
ACC_009166,CUST_09166,Savings,2024-07-02,29677.81,BR031,RM_045,Savings
ACC_009167,CUST_09167,Savings,2024-05-24,103084.01,BR045,RM_084,Savings
ACC_009168,CUST_09168,Savings,2024-10-28,24796.71,BR050,RM_049,Savings
ACC_009169,CUST_09169,Savings,2021-07-06,11304.75,BR020,RM_014,Savings
ACC_009170,CUST_09170,Savings,2025-06-22,268468.82,BR029,RM_094,Savings
ACC_009171,CUST_09171,Current,2025-10-15,21126.44,BR031,RM_084,Current
ACC_009172,CUST_09172,Salary,2021-09-06,2432.1,BR010,RM_086,Salary
ACC_009173,CUST_09173,Savings,2021-03-08,424240.51,BR026,RM_097,Savings
ACC_009174,CUST_09174,Savings,2021-03-11,7695.74,BR033,RM_004,Savings
ACC_009175,CUST_09175,Savings,2021-05-23,90759.57,BR038,RM_026,Savings
ACC_009176,CUST_09176,Savings,2022-01-21,41998.75,BR001,RM_007,Savings
ACC_009177,CUST_09177,Salary,2025-12-30,10454.29,BR011,RM_021,Salary
ACC_009178,CUST_09178,Current,2025-12-17,41619.71,BR044,RM_077,Current
ACC_009179,CUST_09179,Savings,2022-08-09,40106.4,BR040,RM_055,Savings
ACC_009180,CUST_09180,Savings,2023-10-22,20130.05,BR037,RM_065,Savings
ACC_009181,CUST_09181,Savings,2023-08-23,18489.0,BR033,RM_023,Savings
ACC_009182,CUST_09182,Savings,2021-06-30,6896.62,BR003,RM_051,Savings
ACC_009183,CUST_09183,Current,2024-12-28,62489.4,BR028,RM_040,Current
ACC_009184,CUST_09184,Savings,2025-05-11,188008.38,BR003,RM_061,Savings
ACC_009185,CUST_09185,Savings,2024-02-03,3740.94,BR032,RM_062,Savings
ACC_009186,CUST_09186,Savings,2022-08-20,11827.21,BR034,RM_079,Savings
ACC_009187,CUST_09187,Savings,2021-04-27,11209.85,BR039,RM_045,Savings
ACC_009188,CUST_09188,Savings,2022-02-12,11249.18,BR012,RM_044,Savings
ACC_009189,CUST_09189,Salary,2026-04-16,50143.7,BR030,RM_099,Salary
ACC_009190,CUST_09190,Salary,2025-05-23,74246.3,BR010,RM_054,Salary
ACC_009191,CUST_09191,Savings,2024-08-22,96447.25,BR034,RM_043,Savings
ACC_009192,CUST_09192,Savings,2021-08-24,56793.27,BR013,RM_043,Savings
ACC_009193,CUST_09193,Savings,2023-10-28,9427.29,BR035,RM_038,Savings
ACC_009194,CUST_09194,Savings,2022-11-04,30598.82,BR024,RM_043,Savings
ACC_009195,CUST_09195,Savings,2023-01-17,1734.85,BR042,RM_050,Savings
ACC_009196,CUST_09196,Savings,2025-04-05,80336.15,BR001,RM_070,Savings
ACC_009197,CUST_09197,Current,2022-07-01,113022.8,BR005,RM_077,Current
ACC_009198,CUST_09198,Savings,2021-02-09,25657.0,BR048,RM_068,Savings
ACC_009199,CUST_09199,Salary,2023-12-03,7823.71,BR045,RM_073,Salary
ACC_009200,CUST_09200,Savings,2025-05-07,95911.29,BR026,RM_006,Savings
ACC_009201,CUST_09201,Current,2022-06-02,42.21,BR006,RM_010,Current
ACC_009202,CUST_09202,Savings,2026-04-23,198808.53,BR046,RM_024,Savings
ACC_009203,CUST_09203,Savings,2023-08-23,8406.04,BR039,RM_045,Savings
ACC_009204,CUST_09204,Savings,2024-01-17,478162.32,BR039,RM_077,Savings
ACC_009205,CUST_09205,Savings,2024-10-08,171229.46,BR018,RM_002,Savings
ACC_009206,CUST_09206,Savings,2023-08-08,172627.63,BR040,RM_081,Savings
ACC_009207,CUST_09207,Savings,2023-12-07,10436.08,BR037,RM_055,Savings
ACC_009208,CUST_09208,Savings,2025-11-02,5204.55,BR014,RM_063,Savings
ACC_009209,CUST_09209,Salary,2022-11-26,7639.33,BR031,RM_072,Salary
ACC_009210,CUST_09210,Savings,2026-02-08,2190.11,BR003,RM_076,Savings
ACC_009211,CUST_09211,Savings,2021-09-22,267371.53,BR034,RM_005,Savings
ACC_009212,CUST_09212,Current,2023-04-24,16429.43,BR044,RM_015,Current
ACC_009213,CUST_09213,Savings,2022-11-21,101405.7,BR003,RM_013,Savings
ACC_009214,CUST_09214,Current,2021-11-21,18985.25,BR011,RM_008,Current
ACC_009215,CUST_09215,Savings,2025-07-01,267823.5,BR004,RM_055,Savings
ACC_009216,CUST_09216,Salary,2025-09-29,1488.72,BR027,RM_003,Salary
ACC_009217,CUST_09217,Savings,2023-12-26,201797.86,BR039,RM_054,Savings
ACC_009218,CUST_09218,Salary,2025-01-12,1771.52,BR007,RM_035,Salary
ACC_009219,CUST_09219,Savings,2025-02-09,212777.56,BR001,RM_012,Savings
ACC_009220,CUST_09220,Savings,2023-05-12,4065.08,BR041,RM_050,Savings
ACC_009221,CUST_09221,Savings,2025-07-03,1208.96,BR002,RM_079,Savings
ACC_009222,CUST_09222,Current,2022-05-15,143512.21,BR025,RM_094,Current
ACC_009223,CUST_09223,Savings,2023-11-24,68282.11,BR040,RM_061,Savings
ACC_009224,CUST_09224,Salary,2024-06-25,18613.68,BR031,RM_013,Salary
ACC_009225,CUST_09225,Savings,2021-08-31,27942.0,BR045,RM_012,Savings
ACC_009226,CUST_09226,Savings,2023-05-27,39905.33,BR019,RM_082,Savings
ACC_009227,CUST_09227,Savings,2022-01-05,6725.21,BR016,RM_084,Savings
ACC_009228,CUST_09228,Savings,2025-06-10,-4971.58,BR008,RM_035,Savings
ACC_009229,CUST_09229,Savings,2023-01-09,11970.91,BR037,RM_049,Savings
ACC_009230,CUST_09230,Salary,2025-09-09,21446.54,BR028,RM_058,Salary
ACC_009231,CUST_09231,Savings,2021-01-08,3515.42,BR026,RM_087,Savings
ACC_009232,CUST_09232,Savings,2024-09-20,23141.82,BR025,RM_043,Savings
ACC_009233,CUST_09233,Savings,2023-09-17,6077.8,BR046,RM_069,Savings
ACC_009234,CUST_09234,Current,2023-08-03,1235818.54,BR005,RM_048,Current
ACC_009235,CUST_09235,Current,2023-10-30,5090.63,BR045,RM_067,Current
ACC_009236,CUST_09236,Savings,2024-09-08,17371.31,BR002,RM_086,Savings
ACC_009237,CUST_09237,Savings,2021-09-06,26511.93,BR007,RM_013,Savings
ACC_009238,CUST_09238,Savings,2023-10-22,55992.58,BR007,RM_012,Savings
ACC_009239,CUST_09239,Savings,2023-11-14,29656.93,BR005,RM_039,Savings
ACC_009240,CUST_09240,Savings,2023-06-03,18871.04,BR029,RM_090,Savings
ACC_009241,CUST_09241,Savings,2021-10-18,52036.43,BR005,RM_036,Savings
ACC_009242,CUST_09242,Salary,2021-02-15,3841.17,BR042,RM_098,Salary
ACC_009243,CUST_09243,Savings,2022-09-04,7327.59,BR017,RM_087,Savings
ACC_009244,CUST_09244,Savings,2023-04-27,22325.81,BR002,RM_080,Savings
ACC_009245,CUST_09245,Savings,2025-10-29,-1816.57,BR034,RM_067,Savings
ACC_009246,CUST_09246,Savings,2024-08-13,36302.62,BR017,RM_029,Savings
ACC_009247,CUST_09247,Savings,2025-02-18,42134.54,BR003,RM_050,Savings
ACC_009248,CUST_09248,Savings,2023-08-16,7327.0,BR043,RM_086,Savings
ACC_009249,CUST_09249,Savings,2021-02-03,71186.33,BR014,RM_056,Savings
ACC_009250,CUST_09250,Savings,2026-04-28,3258.99,BR018,RM_027,Savings
ACC_009251,CUST_09251,Savings,2022-12-02,333508.31,BR044,RM_009,Savings
ACC_009252,CUST_09252,Savings,2025-03-31,10697.61,BR022,RM_071,Savings
ACC_009253,CUST_09253,Salary,2023-11-20,1488.13,BR049,RM_085,Salary
ACC_009254,CUST_09254,Savings,2021-03-04,18921.3,BR038,RM_047,Savings
ACC_009255,CUST_09255,Savings,2025-01-24,28139.39,BR020,RM_069,Savings
ACC_009256,CUST_09256,Current,2021-10-08,3781.02,BR032,RM_018,Current
ACC_009257,CUST_09257,Savings,2021-06-25,67230.05,BR003,RM_057,Savings
ACC_009258,CUST_09258,Current,2023-07-22,9968.12,BR040,RM_066,Current
ACC_009259,CUST_09259,Savings,2024-08-05,71850.05,BR044,RM_003,Savings
ACC_009260,CUST_09260,Savings,2022-04-15,4067.22,BR042,RM_016,Savings
ACC_009261,CUST_09261,Savings,2022-12-31,22501.22,BR048,RM_046,Savings
ACC_009262,CUST_09262,Savings,2022-12-12,8156.81,BR041,RM_072,Savings
ACC_009263,CUST_09263,Savings,2021-09-28,583498.75,BR037,RM_067,Savings
ACC_009264,CUST_09264,Savings,2025-12-22,1292050.79,BR009,RM_040,Savings
ACC_009265,CUST_09265,Savings,2024-10-01,7254.91,BR048,RM_076,Savings
ACC_009266,CUST_09266,Salary,2024-03-29,87625.21,BR013,RM_086,Salary
ACC_009267,CUST_09267,Savings,2025-08-14,55047.14,BR043,RM_005,Savings
ACC_009268,CUST_09268,Savings,2021-03-09,5991.55,BR035,RM_041,Savings
ACC_009269,CUST_09269,Savings,2025-12-04,11444.57,BR038,RM_021,Savings
ACC_009270,CUST_09270,Salary,2024-04-01,8517.9,BR001,RM_062,Salary
ACC_009271,CUST_09271,Savings,2022-01-28,2567.74,BR030,RM_034,Savings
ACC_009272,CUST_09272,Savings,2025-09-28,10061.38,BR021,RM_051,Savings
ACC_009273,CUST_09273,Savings,2021-10-03,254534.67,BR018,RM_008,Savings
ACC_009274,CUST_09274,Salary,2022-05-18,26371.34,BR009,RM_070,Salary
ACC_009275,CUST_09275,Savings,2024-02-28,88253.2,BR035,RM_050,Savings
ACC_009276,CUST_09276,Savings,2022-04-16,133530.11,BR041,RM_019,Savings
ACC_009277,CUST_09277,Savings,2025-12-14,9724.65,BR006,RM_031,Savings
ACC_009278,CUST_09278,Current,2025-05-24,7720.86,BR019,RM_091,Current
ACC_009279,CUST_09279,Salary,2024-05-16,7814.51,BR020,RM_020,Salary
ACC_009280,CUST_09280,Savings,2022-02-25,4890.75,BR012,RM_021,Savings
ACC_009281,CUST_09281,Savings,2025-11-17,64851.38,BR010,RM_043,Savings
ACC_009282,CUST_09282,Salary,2026-02-03,332374.07,BR013,RM_098,Salary
ACC_009283,CUST_09283,Savings,2021-02-22,9513.19,BR016,RM_003,Savings
ACC_009284,CUST_09284,Savings,2025-02-10,1503.26,BR045,RM_042,Savings
ACC_009285,CUST_09285,Savings,2022-08-04,20859.38,BR008,RM_004,Savings
ACC_009286,CUST_09286,Savings,2025-12-05,15547.63,BR045,RM_085,Savings
ACC_009287,CUST_09287,Savings,2024-12-24,7010.35,BR019,RM_071,Savings
ACC_009288,CUST_09288,Current,2022-09-01,12935.23,BR047,RM_063,Current
ACC_009289,CUST_09289,Salary,2024-06-28,8365.07,BR038,RM_090,Salary
ACC_009290,CUST_09290,Savings,2025-12-14,128409.61,BR040,RM_068,Savings
ACC_009291,CUST_09291,Salary,2023-02-19,13389.71,BR007,RM_083,Salary
ACC_009292,CUST_09292,Current,2026-03-27,116379.9,BR021,RM_008,Current
ACC_009293,CUST_09293,Savings,2022-10-24,2587.34,BR041,RM_020,Savings
ACC_009294,CUST_09294,Savings,2026-01-30,15342.7,BR039,RM_004,Savings
ACC_009295,CUST_09295,Salary,2021-01-03,25258.42,BR043,RM_034,Salary
ACC_009296,CUST_09296,Savings,2025-09-20,413532.2,BR029,RM_081,Savings
ACC_009297,CUST_09297,Savings,2026-04-03,60071.2,BR014,RM_042,Savings
ACC_009298,CUST_09298,Current,2023-12-09,556934.83,BR044,RM_008,Current
ACC_009299,CUST_09299,Savings,2023-12-05,11265.7,BR011,RM_018,Savings
ACC_009300,CUST_09300,Current,2023-09-24,25142.77,BR037,RM_042,Current
ACC_009301,CUST_09301,Savings,2023-12-13,6967.56,BR013,RM_034,Savings
ACC_009302,CUST_09302,Salary,2023-07-09,716.95,BR031,RM_041,Salary
ACC_009303,CUST_09303,Savings,2025-12-09,48982.78,BR020,RM_010,Savings
ACC_009304,CUST_09304,Savings,2025-04-02,5715465.17,BR008,RM_053,Savings
ACC_009305,CUST_09305,Savings,2023-05-27,112919.05,BR049,RM_093,Savings
ACC_009306,CUST_09306,Savings,2021-04-30,13966.08,BR003,RM_021,Savings
ACC_009307,CUST_09307,Savings,2025-03-03,446763.22,BR042,RM_077,Savings
ACC_009308,CUST_09308,Current,2023-09-26,2334.05,BR019,RM_098,Current
ACC_009309,CUST_09309,Current,2022-05-15,11942.79,BR010,RM_054,Current
ACC_009310,CUST_09310,Savings,2024-08-10,28695.73,BR013,RM_035,Savings
ACC_009311,CUST_09311,Savings,2024-07-11,11036.86,BR036,RM_054,Savings
ACC_009312,CUST_09312,Savings,2026-06-13,4354.09,BR027,RM_060,Savings
ACC_009313,CUST_09313,Savings,2024-04-10,40553.68,BR031,RM_075,Savings
ACC_009314,CUST_09314,Salary,2023-07-20,4025.06,BR035,RM_048,Salary
ACC_009315,CUST_09315,Savings,2026-04-10,94120.76,BR002,RM_026,Savings
ACC_009316,CUST_09316,Savings,2025-07-24,12905.69,BR012,RM_013,Savings
ACC_009317,CUST_09317,Savings,2024-05-08,32003.14,BR047,RM_008,Savings
ACC_009318,CUST_09318,Savings,2026-05-27,4552.71,BR008,RM_067,Savings
ACC_009319,CUST_09319,Savings,2023-09-02,50035.83,BR001,RM_061,Savings
ACC_009320,CUST_09320,Savings,2021-10-30,21030.21,BR010,RM_092,Savings
ACC_009321,CUST_09321,Savings,2023-07-09,15546.55,BR030,RM_072,Savings
ACC_009322,CUST_09322,Savings,2024-01-31,13759.61,BR028,RM_098,Savings
ACC_009323,CUST_09323,Savings,2023-01-31,89446.1,BR015,RM_013,Savings
ACC_009324,CUST_09324,Savings,2023-06-01,5806.36,BR047,RM_059,Savings
ACC_009325,CUST_09325,Salary,2026-01-01,5870.51,BR005,RM_073,Salary
ACC_009326,CUST_09326,Savings,2021-02-22,46002.85,BR019,RM_004,Savings
ACC_009327,CUST_09327,Savings,2025-04-04,113035.47,BR008,RM_014,Savings
ACC_009328,CUST_09328,Savings,2024-04-21,2771.79,BR030,RM_004,Savings
ACC_009329,CUST_09329,Savings,2023-09-21,2727442.86,BR021,RM_039,Savings
ACC_009330,CUST_09330,Savings,2023-10-11,5459.63,BR034,RM_012,Savings
ACC_009331,CUST_09331,Savings,2023-11-11,14893.26,BR023,RM_034,Savings
ACC_009332,CUST_09332,Savings,2023-06-04,132652.82,BR027,RM_003,Savings
ACC_009333,CUST_09333,Current,2021-07-22,1007.87,BR011,RM_019,Current
ACC_009334,CUST_09334,Savings,2025-10-18,7940.0,BR003,RM_061,Savings
ACC_009335,CUST_09335,Savings,2025-07-14,19012.12,BR032,RM_066,Savings
ACC_009336,CUST_09336,Savings,2025-12-12,6247.11,BR041,RM_010,Savings
ACC_009337,CUST_09337,Current,2022-12-22,38721.01,BR048,RM_065,Current
ACC_009338,CUST_09338,Savings,2025-11-25,18486.78,BR013,RM_038,Savings
ACC_009339,CUST_09339,Savings,2025-09-23,7955.81,BR034,RM_069,Savings
ACC_009340,CUST_09340,Savings,2024-06-06,251182.78,BR018,RM_007,Savings
ACC_009341,CUST_09341,Salary,2025-11-26,10261.46,BR034,RM_038,Salary
ACC_009342,CUST_09342,Current,2021-11-18,426531.58,BR048,RM_018,Current
ACC_009343,CUST_09343,Savings,2025-07-10,1317.86,BR033,RM_033,Savings
ACC_009344,CUST_09344,Savings,2022-08-21,21809.85,BR018,RM_047,Savings
ACC_009345,CUST_09345,Salary,2021-09-30,32315.5,BR043,RM_029,Salary
ACC_009346,CUST_09346,Savings,2026-02-28,163732.01,BR005,RM_070,Savings
ACC_009347,CUST_09347,Current,2024-12-12,21064.27,BR015,RM_023,Current
ACC_009348,CUST_09348,Savings,2025-06-23,33491.56,BR025,RM_065,Savings
ACC_009349,CUST_09349,Savings,2021-07-17,761787.64,BR015,RM_050,Savings
ACC_009350,CUST_09350,Savings,2024-10-28,25153.37,BR014,RM_041,Savings
ACC_009351,CUST_09351,Savings,2024-06-30,11361.34,BR002,RM_088,Savings
ACC_009352,CUST_09352,Savings,2023-02-06,6747.96,BR028,RM_042,Savings
ACC_009353,CUST_09353,Current,2021-03-11,29369.86,BR021,RM_024,Current
ACC_009354,CUST_09354,Savings,2022-07-11,10963.12,BR008,RM_057,Savings
ACC_009355,CUST_09355,Savings,2021-03-24,8835.38,BR034,RM_032,Savings
ACC_009356,CUST_09356,Savings,2024-03-19,134476.19,BR008,RM_002,Savings
ACC_009357,CUST_09357,Savings,2021-10-27,35355.15,BR026,RM_040,Savings
ACC_009358,CUST_09358,Current,2024-05-20,39437.88,BR010,RM_046,Current
ACC_009359,CUST_09359,Current,2022-04-21,248092.38,BR016,RM_006,Current
ACC_009360,CUST_09360,Savings,2021-07-19,3669.52,BR023,RM_051,Savings
ACC_009361,CUST_09361,Savings,2024-11-02,35867.68,BR036,RM_010,Savings
ACC_009362,CUST_09362,Savings,2021-05-17,70445.31,BR044,RM_026,Savings
ACC_009363,CUST_09363,Salary,2021-12-27,52796.73,BR029,RM_081,Salary
ACC_009364,CUST_09364,Current,2026-03-25,378207.15,BR014,RM_009,Current
ACC_009365,CUST_09365,Savings,2022-09-13,2946.0,BR012,RM_044,Savings
ACC_009366,CUST_09366,Savings,2021-10-06,110641.86,BR049,RM_056,Savings
ACC_009367,CUST_09367,Current,2025-08-31,2762.29,BR013,RM_059,Current
ACC_009368,CUST_09368,Savings,2023-05-21,13933.27,BR044,RM_099,Savings
ACC_009369,CUST_09369,Savings,2021-09-28,7180.58,BR044,RM_083,Savings
ACC_009370,CUST_09370,Current,2022-01-03,7444.94,BR002,RM_082,Current
ACC_009371,CUST_09371,Savings,2024-07-02,18201.55,BR033,RM_078,Savings
ACC_009372,CUST_09372,Savings,2021-08-25,17167.38,BR013,RM_082,Savings
ACC_009373,CUST_09373,Savings,2025-07-08,23781.95,BR040,RM_010,Savings
ACC_009374,CUST_09374,Savings,2024-06-29,18042.06,BR035,RM_093,Savings
ACC_009375,CUST_09375,Current,2023-09-28,10704.55,BR026,RM_082,Current
ACC_009376,CUST_09376,Savings,2025-10-14,6951.21,BR005,RM_091,Savings
ACC_009377,CUST_09377,Current,2024-08-21,12046.37,BR039,RM_089,Current
ACC_009378,CUST_09378,Savings,2025-08-30,18209.66,BR050,RM_014,Savings
ACC_009379,CUST_09379,Savings,2025-08-20,75132.67,BR004,RM_028,Savings
ACC_009380,CUST_09380,Savings,2022-04-26,99189.14,BR006,RM_053,Savings
ACC_009381,CUST_09381,Salary,2022-07-10,3789.6,BR013,RM_051,Salary
ACC_009382,CUST_09382,Savings,2021-11-23,5852.36,BR024,RM_021,Savings
ACC_009383,CUST_09383,Savings,2021-03-30,20289.15,BR008,RM_086,Savings
ACC_009384,CUST_09384,Savings,2021-11-30,26470.37,BR028,RM_036,Savings
ACC_009385,CUST_09385,Savings,2024-10-10,2886.94,BR021,RM_038,Savings
ACC_009386,CUST_09386,Savings,2021-03-09,3192.61,BR004,RM_056,Savings
ACC_009387,CUST_09387,Savings,2026-04-03,19596.73,BR023,RM_066,Savings
ACC_009388,CUST_09388,Salary,2022-04-19,220889.0,BR008,RM_086,Salary
ACC_009389,CUST_09389,Savings,2023-07-15,1333546.64,BR027,RM_088,Savings
ACC_009390,CUST_09390,Savings,2022-07-24,13573.15,BR033,RM_080,Savings
ACC_009391,CUST_09391,Savings,2025-08-18,181166.69,BR001,RM_044,Savings
ACC_009392,CUST_09392,Savings,2024-04-13,2037.48,BR026,RM_036,Savings
ACC_009393,CUST_09393,Savings,2026-04-10,6046.38,BR029,RM_073,Savings
ACC_009394,CUST_09394,Salary,2026-01-07,11187.45,BR023,RM_034,Salary
ACC_009395,CUST_09395,Current,2025-11-29,3494.93,BR013,RM_048,Current
ACC_009396,CUST_09396,Savings,2022-01-11,864379.23,BR019,RM_055,Savings
ACC_009397,CUST_09397,Savings,2025-10-12,6838.26,BR030,RM_047,Savings
ACC_009398,CUST_09398,Salary,2021-06-23,19419.28,BR026,RM_007,Salary
ACC_009399,CUST_09399,Savings,2024-12-17,4308.24,BR001,RM_020,Savings
ACC_009400,CUST_09400,Savings,2023-06-05,84560.24,BR039,RM_038,Savings
ACC_009401,CUST_09401,Savings,2024-03-10,5217.24,BR031,RM_068,Savings
ACC_009402,CUST_09402,Savings,2023-09-14,241990.08,BR043,RM_089,Savings
ACC_009403,CUST_09403,Savings,2021-05-04,9688.36,BR045,RM_053,Savings
ACC_009404,CUST_09404,Savings,2024-03-01,32067.06,BR031,RM_002,Savings
ACC_009405,CUST_09405,Savings,2025-01-21,263220.72,BR037,RM_033,Savings
ACC_009406,CUST_09406,Savings,2022-07-02,430864.34,BR006,RM_054,Savings
ACC_009407,CUST_09407,Savings,2026-02-24,76625.84,BR021,RM_069,Savings
ACC_009408,CUST_09408,Salary,2026-04-01,16205.24,BR033,RM_091,Salary
ACC_009409,CUST_09409,Savings,2024-11-29,10813.19,BR030,RM_062,Savings
ACC_009410,CUST_09410,Savings,2026-06-11,56584.48,BR030,RM_017,Savings
ACC_009411,CUST_09411,Savings,2025-09-07,10988.77,BR005,RM_097,Savings
ACC_009412,CUST_09412,Savings,2021-11-24,59421.53,BR049,RM_097,Savings
ACC_009413,CUST_09413,Savings,2023-12-24,48513.41,BR001,RM_054,Savings
ACC_009414,CUST_09414,Savings,2024-08-30,187690.84,BR036,RM_029,Savings
ACC_009415,CUST_09415,Savings,2024-04-21,7323.33,BR019,RM_053,Savings
ACC_009416,CUST_09416,Savings,2021-05-16,39539.58,BR009,RM_087,Savings
ACC_009417,CUST_09417,Savings,2024-08-10,2137.6,BR005,RM_017,Savings
ACC_009418,CUST_09418,Savings,2021-04-16,17993.0,BR014,RM_039,Savings
ACC_009419,CUST_09419,Savings,2024-07-23,7518.44,BR033,RM_085,Savings
ACC_009420,CUST_09420,Savings,2023-07-20,18975.07,BR001,RM_033,Savings
ACC_009421,CUST_09421,Savings,2023-11-02,158762.52,BR033,RM_021,Savings
ACC_009422,CUST_09422,Savings,2025-08-01,10205.86,BR039,RM_081,Savings
ACC_009423,CUST_09423,Current,2024-01-03,196247.23,BR004,RM_046,Current
ACC_009424,CUST_09424,Salary,2022-08-07,1279.49,BR045,RM_085,Salary
ACC_009425,CUST_09425,Current,2023-02-06,19189.91,BR022,RM_061,Current
ACC_009426,CUST_09426,Savings,2024-04-05,20561.77,BR034,RM_001,Savings
ACC_009427,CUST_09427,Savings,2021-01-05,366250.28,BR041,RM_001,Savings
ACC_009428,CUST_09428,Current,2022-03-25,68805.64,BR016,RM_024,Current
ACC_009429,CUST_09429,Savings,2021-07-02,29200.63,BR042,RM_015,Savings
ACC_009430,CUST_09430,Savings,2021-08-11,12719.89,BR034,RM_053,Savings
ACC_009431,CUST_09431,Savings,2021-11-20,122145.76,BR011,RM_065,Savings
ACC_009432,CUST_09432,Savings,2022-01-18,27047.17,BR031,RM_034,Savings
ACC_009433,CUST_09433,Salary,2023-03-04,50638.97,BR031,RM_006,Salary
ACC_009434,CUST_09434,Current,2023-05-31,2608981.88,BR050,RM_009,Current
ACC_009435,CUST_09435,Savings,2025-01-04,15502.35,BR014,RM_057,Savings
ACC_009436,CUST_09436,Savings,2023-04-20,8757.9,BR040,RM_046,Savings
ACC_009437,CUST_09437,Current,2026-05-17,146569.57,BR012,RM_086,Current
ACC_009438,CUST_09438,Salary,2024-02-23,1952.24,BR013,RM_053,Salary
ACC_009439,CUST_09439,Salary,2026-03-30,10700.45,BR012,RM_058,Salary
ACC_009440,CUST_09440,Savings,2026-04-07,4345.28,BR013,RM_007,Savings
ACC_009441,CUST_09441,Current,2024-02-15,49308.33,BR005,RM_085,Current
ACC_009442,CUST_09442,Savings,2024-01-15,20014.86,BR029,RM_086,Savings
ACC_009443,CUST_09443,Current,2024-10-14,32889.54,BR018,RM_061,Current
ACC_009444,CUST_09444,Savings,2024-04-18,25451.09,BR049,RM_036,Savings
ACC_009445,CUST_09445,Savings,2022-03-30,1858.74,BR039,RM_034,Savings
ACC_009446,CUST_09446,Savings,2021-05-22,12014.26,BR038,RM_076,Savings
ACC_009447,CUST_09447,Savings,2025-06-14,42386.64,BR029,RM_083,Savings
ACC_009448,CUST_09448,Salary,2024-07-10,13654.32,BR039,RM_033,Salary
ACC_009449,CUST_09449,Current,2025-07-01,12177.98,BR034,RM_025,Current
ACC_009450,CUST_09450,Savings,2023-03-10,23868.83,BR023,RM_034,Savings
ACC_009451,CUST_09451,Savings,2026-07-17,87300.88,BR002,RM_027,Savings
ACC_009452,CUST_09452,Savings,2024-12-22,47611.85,BR028,RM_056,Savings
ACC_009453,CUST_09453,Savings,2023-03-14,4431.45,BR039,RM_049,Savings
ACC_009454,CUST_09454,Savings,2022-04-08,96057.2,BR020,RM_012,Savings
ACC_009455,CUST_09455,Current,2023-07-15,89628.64,BR025,RM_023,Current
ACC_009456,CUST_09456,Savings,2024-11-23,14852.86,BR020,RM_051,Savings
ACC_009457,CUST_09457,Current,2025-05-27,3535.4,BR024,RM_059,Current
ACC_009458,CUST_09458,Savings,2024-09-20,118727.98,BR041,RM_013,Savings
ACC_009459,CUST_09459,Savings,2022-07-09,169323.4,BR011,RM_007,Savings
ACC_009460,CUST_09460,Savings,2025-08-01,31028.22,BR028,RM_085,Savings
ACC_009461,CUST_09461,Savings,2025-08-10,393300.69,BR008,RM_021,Savings
ACC_009462,CUST_09462,Savings,2024-01-24,150945.14,BR035,RM_079,Savings
ACC_009463,CUST_09463,Savings,2023-05-02,154712.7,BR020,RM_048,Savings
ACC_009464,CUST_09464,Savings,2026-06-20,10860.61,BR038,RM_092,Savings
ACC_009465,CUST_09465,Savings,2021-06-25,80945.9,BR030,RM_099,Savings
ACC_009466,CUST_09466,Savings,2025-04-28,15321.29,BR044,RM_080,Savings
ACC_009467,CUST_09467,Salary,2021-07-18,239648.57,BR016,RM_005,Salary
ACC_009468,CUST_09468,Salary,2023-06-01,4974.33,BR044,RM_052,Salary
ACC_009469,CUST_09469,Salary,2024-07-03,7072.73,BR037,RM_018,Salary
ACC_009470,CUST_09470,Savings,2022-05-28,266100.51,BR033,RM_023,Savings
ACC_009471,CUST_09471,Savings,2023-07-27,8284.3,BR001,RM_041,Savings
ACC_009472,CUST_09472,Salary,2024-08-05,914085.91,BR002,RM_001,Salary
ACC_009473,CUST_09473,Savings,2024-09-08,2508.25,BR013,RM_043,Savings
ACC_009474,CUST_09474,Savings,2023-08-30,59603.38,BR002,RM_078,Savings
ACC_009475,CUST_09475,Savings,2025-05-29,1577.57,BR006,RM_092,Savings
ACC_009476,CUST_09476,Current,2025-05-29,30900.82,BR036,RM_050,Current
ACC_009477,CUST_09477,Savings,2022-02-09,2961.28,BR026,RM_045,Savings
ACC_009478,CUST_09478,Salary,2021-05-09,82356.86,BR010,RM_038,Salary
ACC_009479,CUST_09479,Savings,2023-03-25,17535.79,BR048,RM_033,Savings
ACC_009480,CUST_09480,Savings,2026-03-20,310389.84,BR042,RM_067,Savings
ACC_009481,CUST_09481,Savings,2025-04-18,84994.09,BR018,RM_015,Savings
ACC_009482,CUST_09482,Savings,2025-10-16,44724.28,BR006,RM_080,Savings
ACC_009483,CUST_09483,Savings,2024-02-05,29916.06,BR018,RM_003,Savings
ACC_009484,CUST_09484,Savings,2021-09-12,237872.96,BR025,RM_086,Savings
ACC_009485,CUST_09485,Salary,2024-02-14,7574.51,BR009,RM_088,Salary
ACC_009486,CUST_09486,Current,2021-09-14,20820.51,BR046,RM_007,Current
ACC_009487,CUST_09487,Salary,2021-09-07,51131.16,BR012,RM_054,Salary
ACC_009488,CUST_09488,Savings,2021-03-29,112634.49,BR041,RM_038,Savings
ACC_009489,CUST_09489,Current,2021-01-19,19775.19,BR044,RM_039,Current
ACC_009490,CUST_09490,Savings,2021-03-14,10996.07,BR037,RM_035,Savings
ACC_009491,CUST_09491,Savings,2022-07-13,14175.59,BR013,RM_049,Savings
ACC_009492,CUST_09492,Salary,2022-03-30,17201.2,BR006,RM_022,Salary
ACC_009493,CUST_09493,Current,2022-12-27,5770.83,BR023,RM_036,Current
ACC_009494,CUST_09494,Savings,2021-08-08,18098.39,BR030,RM_044,Savings
ACC_009495,CUST_09495,Savings,2022-08-27,865.03,BR028,RM_005,Savings
ACC_009496,CUST_09496,Savings,2022-07-06,8741.57,BR016,RM_047,Savings
ACC_009497,CUST_09497,Savings,2024-02-29,21402.9,BR022,RM_011,Savings
ACC_009498,CUST_09498,Salary,2023-04-18,30816.44,BR038,RM_088,Salary
ACC_009499,CUST_09499,Savings,2024-06-26,7216.65,BR022,RM_087,Savings
ACC_009500,CUST_09500,Savings,2022-11-24,44154.58,BR045,RM_027,Savings
ACC_009501,CUST_09501,Savings,2025-02-09,8480.12,BR003,RM_022,Savings
ACC_009502,CUST_09502,Savings,2024-05-11,18911.95,BR032,RM_015,Savings
ACC_009503,CUST_09503,Savings,2021-10-28,14669.67,BR012,RM_076,Savings
ACC_009504,CUST_09504,Current,2024-03-04,86102.9,BR044,RM_066,Current
ACC_009505,CUST_09505,Salary,2024-02-21,13682.11,BR007,RM_079,Salary
ACC_009506,CUST_09506,Savings,2021-07-27,5318.24,BR001,RM_064,Savings
ACC_009507,CUST_09507,Savings,2025-06-07,19163.28,BR004,RM_023,Savings
ACC_009508,CUST_09508,Savings,2022-06-02,166605.79,BR016,RM_066,Savings
ACC_009509,CUST_09509,Savings,2021-06-06,212616.9,BR041,RM_052,Savings
ACC_009510,CUST_09510,Savings,2025-05-06,3773.36,BR012,RM_075,Savings
ACC_009511,CUST_09511,Savings,2023-06-01,31051.68,BR046,RM_067,Savings
ACC_009512,CUST_09512,Savings,2026-06-07,28154.1,BR003,RM_009,Savings
ACC_009513,CUST_09513,Current,2023-03-04,7602.51,BR003,RM_003,Current
ACC_009514,CUST_09514,Savings,2024-10-30,5732.21,BR013,RM_072,Savings
ACC_009515,CUST_09515,Savings,2021-10-13,26536.07,BR028,RM_063,Savings
ACC_009516,CUST_09516,Savings,2022-05-24,55419.07,BR043,RM_043,Savings
ACC_009517,CUST_09517,Savings,2021-10-28,6949.54,BR011,RM_084,Savings
ACC_009518,CUST_09518,Savings,2023-09-07,6745.77,BR044,RM_034,Savings
ACC_009519,CUST_09519,Salary,2023-04-22,3479.52,BR002,RM_023,Salary
ACC_009520,CUST_09520,Savings,2022-09-06,13424.91,BR032,RM_081,Savings
ACC_009521,CUST_09521,Savings,2021-09-21,21967.19,BR036,RM_006,Savings
ACC_009522,CUST_09522,Savings,2024-06-09,7126.95,BR030,RM_005,Savings
ACC_009523,CUST_09523,Savings,2021-05-19,138374.35,BR048,RM_081,Savings
ACC_009524,CUST_09524,Current,2021-12-18,8422.7,BR008,RM_015,Current
ACC_009525,CUST_09525,Savings,2025-07-01,13999.87,BR018,RM_035,Savings
ACC_009526,CUST_09526,Savings,2026-01-29,9813.49,BR013,RM_027,Savings
ACC_009527,CUST_09527,Salary,2025-07-29,39968.28,BR035,RM_098,Salary
ACC_009528,CUST_09528,Savings,2026-07-27,2666.45,BR050,RM_069,Savings
ACC_009529,CUST_09529,Salary,2022-10-13,8412.67,BR047,RM_050,Salary
ACC_009530,CUST_09530,Savings,2021-11-25,1247.21,BR016,RM_077,Savings
ACC_009531,CUST_09531,Savings,2023-10-13,71540.51,BR008,RM_017,Savings
ACC_009532,CUST_09532,Salary,2022-06-15,3682.74,BR028,RM_084,Salary
ACC_009533,CUST_09533,Savings,2026-07-09,5824.78,BR012,RM_070,Savings
ACC_009534,CUST_09534,Savings,2025-07-01,11708.74,BR034,RM_084,Savings
ACC_009535,CUST_09535,Savings,2023-11-10,115166.49,BR017,RM_079,Savings
ACC_009536,CUST_09536,Savings,2026-04-25,104027.7,BR038,RM_094,Savings
ACC_009537,CUST_09537,Salary,2026-02-21,31424.81,BR025,RM_094,Salary
ACC_009538,CUST_09538,Savings,2025-12-29,15751.1,BR018,RM_031,Savings
ACC_009539,CUST_09539,Savings,2021-08-02,6390.03,BR014,RM_047,Savings
ACC_009540,CUST_09540,Savings,2022-10-25,1594347.05,BR046,RM_042,Savings
ACC_009541,CUST_09541,Savings,2021-11-25,31933.11,BR022,RM_034,Savings
ACC_009542,CUST_09542,Salary,2022-03-02,56677.53,BR034,RM_034,Salary
ACC_009543,CUST_09543,Savings,2022-05-26,1426532.04,BR018,RM_042,Savings
ACC_009544,CUST_09544,Savings,2026-06-08,91257.41,BR036,RM_009,Savings
ACC_009545,CUST_09545,Savings,2026-06-29,220141.07,BR037,RM_072,Savings
ACC_009546,CUST_09546,Savings,2025-04-17,15851.7,BR040,RM_013,Savings
ACC_009547,CUST_09547,Savings,2025-01-28,44007.21,BR006,RM_051,Savings
ACC_009548,CUST_09548,Salary,2023-01-06,22513.23,BR039,RM_022,Salary
ACC_009549,CUST_09549,Current,2025-08-08,1007661.15,BR006,RM_033,Current
ACC_009550,CUST_09550,Savings,2024-08-04,409392.33,BR001,RM_027,Savings
ACC_009551,CUST_09551,Savings,2025-11-12,78741.63,BR020,RM_089,Savings
ACC_009552,CUST_09552,Savings,2024-05-30,38778.21,BR001,RM_047,Savings
ACC_009553,CUST_09553,Salary,2022-02-17,6470.01,BR007,RM_024,Salary
ACC_009554,CUST_09554,Savings,2022-10-08,18258.31,BR039,RM_055,Savings
ACC_009555,CUST_09555,Salary,2024-03-01,12420.71,BR026,RM_089,Salary
ACC_009556,CUST_09556,Savings,2022-12-07,42214.65,BR017,RM_016,Savings
ACC_009557,CUST_09557,Savings,2025-08-15,8998.15,BR040,RM_018,Savings
ACC_009558,CUST_09558,Savings,2021-07-15,12603.83,BR024,RM_066,Savings
ACC_009559,CUST_09559,Savings,2023-10-15,15174.78,BR019,RM_077,Savings
ACC_009560,CUST_09560,Savings,2024-03-10,3572.97,BR023,RM_034,Savings
ACC_009561,CUST_09561,Current,2021-09-21,9546.28,BR007,RM_049,Current
ACC_009562,CUST_09562,Savings,2021-01-05,3473.69,BR022,RM_017,Savings
ACC_009563,CUST_09563,Savings,2022-10-31,920431.59,BR013,RM_088,Savings
ACC_009564,CUST_09564,Salary,2022-01-03,5130.12,BR008,RM_031,Salary
ACC_009565,CUST_09565,Savings,2026-01-04,40865.42,BR050,RM_039,Savings
ACC_009566,CUST_09566,Current,2023-03-08,11324.43,BR007,RM_067,Current
ACC_009567,CUST_09567,Savings,2025-11-22,9379.46,BR046,RM_017,Savings
ACC_009568,CUST_09568,Salary,2025-10-04,24212.7,BR007,RM_089,Salary
ACC_009569,CUST_09569,Savings,2022-11-19,4257.41,BR028,RM_073,Savings
ACC_009570,CUST_09570,Current,2025-05-18,5047.92,BR025,RM_061,Current
ACC_009571,CUST_09571,Savings,2022-09-14,254233.75,BR031,RM_099,Savings
ACC_009572,CUST_09572,Savings,2024-02-24,17350.9,BR013,RM_092,Savings
ACC_009573,CUST_09573,Savings,2021-02-01,7899.83,BR003,RM_009,Savings
ACC_009574,CUST_09574,Savings,2026-05-14,146548.54,BR019,RM_051,Savings
ACC_009575,CUST_09575,Current,2023-05-23,33618.45,BR031,RM_006,Current
ACC_009576,CUST_09576,Salary,2025-07-05,1189258.36,BR029,RM_073,Salary
ACC_009577,CUST_09577,Salary,2025-12-26,100567.59,BR027,RM_089,Salary
ACC_009578,CUST_09578,Savings,2024-05-06,19024.06,BR020,RM_023,Savings
ACC_009579,CUST_09579,Savings,2024-03-31,17107.22,BR047,RM_044,Savings
ACC_009580,CUST_09580,Savings,2022-01-18,33112.75,BR036,RM_030,Savings
ACC_009581,CUST_09581,Savings,2023-11-08,5928.12,BR019,RM_033,Savings
ACC_009582,CUST_09582,Salary,2023-10-06,1273.54,BR014,RM_044,Salary
ACC_009583,CUST_09583,Savings,2025-07-05,17009.89,BR030,RM_001,Savings
ACC_009584,CUST_09584,Savings,2021-11-13,7773.44,BR026,RM_100,Savings
ACC_009585,CUST_09585,Salary,2021-05-24,79367.02,BR023,RM_013,Salary
ACC_009586,CUST_09586,Salary,2025-07-04,260570.68,BR023,RM_096,Salary
ACC_009587,CUST_09587,Savings,2022-11-19,6283.94,BR035,RM_038,Savings
ACC_009588,CUST_09588,Savings,2025-04-08,100330.91,BR024,RM_053,Savings
ACC_009589,CUST_09589,Current,2024-04-17,36109.0,BR025,RM_045,Current
ACC_009590,CUST_09590,Savings,2026-04-18,11870.51,BR010,RM_094,Savings
ACC_009591,CUST_09591,Savings,2024-03-06,-3884.26,BR022,RM_081,Savings
ACC_009592,CUST_09592,Savings,2023-09-26,14349.73,BR001,RM_059,Savings
ACC_009593,CUST_09593,Savings,2024-05-27,11417.99,BR037,RM_021,Savings
ACC_009594,CUST_09594,Savings,2021-02-05,6779.99,BR032,RM_015,Savings
ACC_009595,CUST_09595,Savings,2024-01-29,2094.91,BR010,RM_003,Savings
ACC_009596,CUST_09596,Savings,2021-03-14,34144.92,BR015,RM_095,Savings
ACC_009597,CUST_09597,Current,2025-10-09,4468.08,BR002,RM_096,Current
ACC_009598,CUST_09598,Savings,2022-07-12,17413.06,BR039,RM_060,Savings
ACC_009599,CUST_09599,Savings,2021-01-27,69213.6,BR044,RM_057,Savings
ACC_009600,CUST_09600,Savings,2024-06-03,320500.26,BR024,RM_049,Savings
ACC_009601,CUST_09601,Current,2023-01-25,22640.0,BR006,RM_027,Current
ACC_009602,CUST_09602,Savings,2023-01-28,189765.06,BR028,RM_019,Savings
ACC_009603,CUST_09603,Savings,2021-12-28,48772.45,BR013,RM_071,Savings
ACC_009604,CUST_09604,Savings,2021-12-09,27972.86,BR028,RM_007,Savings
ACC_009605,CUST_09605,Salary,2025-03-22,10577.61,BR026,RM_081,Salary
ACC_009606,CUST_09606,Savings,2024-07-24,10598.24,BR043,RM_029,Savings
ACC_009607,CUST_09607,Savings,2026-01-24,22298.4,BR042,RM_084,Savings
ACC_009608,CUST_09608,Savings,2023-12-17,107309.9,BR023,RM_055,Savings
ACC_009609,CUST_09609,Savings,2025-06-25,15369.46,BR045,RM_014,Savings
ACC_009610,CUST_09610,Savings,2025-09-07,3234.03,BR019,RM_076,Savings
ACC_009611,CUST_09611,Current,2023-12-22,65259.64,BR014,RM_020,Current
ACC_009612,CUST_09612,Savings,2025-08-14,4513.41,BR009,RM_019,Savings
ACC_009613,CUST_09613,Current,2024-10-13,45218.53,BR010,RM_046,Current
ACC_009614,CUST_09614,Savings,2023-08-22,14647.61,BR022,RM_041,Savings
ACC_009615,CUST_09615,Savings,2024-04-10,85120.74,BR028,RM_031,Savings
ACC_009616,CUST_09616,Savings,2021-04-29,17237.53,BR010,RM_077,Savings
ACC_009617,CUST_09617,Savings,2023-11-17,8997.27,BR038,RM_028,Savings
ACC_009618,CUST_09618,Savings,2026-04-25,119833.92,BR033,RM_033,Savings
ACC_009619,CUST_09619,Savings,2021-08-29,8802.62,BR036,RM_060,Savings
ACC_009620,CUST_09620,Current,2021-05-27,43468.35,BR029,RM_096,Current
ACC_009621,CUST_09621,Salary,2022-01-12,17588.54,BR044,RM_083,Salary
ACC_009622,CUST_09622,Savings,2023-08-16,10921.44,BR021,RM_078,Savings
ACC_009623,CUST_09623,Savings,2021-12-29,50757.39,BR017,RM_054,Savings
ACC_009624,CUST_09624,Salary,2021-07-03,274257.32,BR048,RM_065,Salary
ACC_009625,CUST_09625,Salary,2023-05-29,140881.0,BR044,RM_045,Salary
ACC_009626,CUST_09626,Current,2024-08-12,330248.19,BR011,RM_088,Current
ACC_009627,CUST_09627,Savings,2021-10-23,77872.0,BR043,RM_095,Savings
ACC_009628,CUST_09628,Savings,2025-06-01,29071.76,BR006,RM_041,Savings
ACC_009629,CUST_09629,Current,2021-10-14,11498.17,BR004,RM_080,Current
ACC_009630,CUST_09630,Savings,2021-06-03,103108.03,BR017,RM_030,Savings
ACC_009631,CUST_09631,Savings,2023-08-13,5816.48,BR019,RM_066,Savings
ACC_009632,CUST_09632,Savings,2024-06-06,13814.07,BR012,RM_096,Savings
ACC_009633,CUST_09633,Savings,2022-01-07,70600.22,BR007,RM_081,Savings
ACC_009634,CUST_09634,Salary,2026-05-02,7264.25,BR044,RM_038,Salary
ACC_009635,CUST_09635,Savings,2022-08-21,2908.13,BR010,RM_041,Savings
ACC_009636,CUST_09636,Savings,2025-10-13,6025.57,BR006,RM_003,Savings
ACC_009637,CUST_09637,Savings,2024-12-15,4084.34,BR004,RM_067,Savings
ACC_009638,CUST_09638,Salary,2025-11-25,217692.83,BR035,RM_034,Salary
ACC_009639,CUST_09639,Savings,2024-04-06,85411.5,BR049,RM_033,Savings
ACC_009640,CUST_09640,Savings,2025-05-28,23550.58,BR023,RM_071,Savings
ACC_009641,CUST_09641,Salary,2025-04-01,40747.06,BR003,RM_013,Salary
ACC_009642,CUST_09642,Savings,2026-03-20,7091.44,BR013,RM_034,Savings
ACC_009643,CUST_09643,Savings,2025-10-29,37514.55,BR043,RM_023,Savings
ACC_009644,CUST_09644,Salary,2021-06-27,29239.08,BR001,RM_045,Salary
ACC_009645,CUST_09645,Savings,2022-02-16,188413.79,BR001,RM_034,Savings
ACC_009646,CUST_09646,Salary,2022-01-29,39896.27,BR039,RM_052,Salary
ACC_009647,CUST_09647,Savings,2024-12-13,14543.64,BR008,RM_072,Savings
ACC_009648,CUST_09648,Savings,2024-12-14,13242.58,BR027,RM_093,Savings
ACC_009649,CUST_09649,Savings,2026-07-23,3792.38,BR038,RM_084,Savings
ACC_009650,CUST_09650,Current,2024-03-13,509244.65,BR043,RM_094,Current
ACC_009651,CUST_09651,Current,2021-07-26,80956.8,BR017,RM_083,Current
ACC_009652,CUST_09652,Savings,2022-04-09,56097.38,BR044,RM_066,Savings
ACC_009653,CUST_09653,Salary,2024-01-07,511265.92,BR023,RM_050,Salary
ACC_009654,CUST_09654,Savings,2024-11-21,127153.65,BR028,RM_015,Savings
ACC_009655,CUST_09655,Savings,2024-03-29,86903.87,BR014,RM_015,Savings
ACC_009656,CUST_09656,Savings,2021-02-19,18983.02,BR028,RM_076,Savings
ACC_009657,CUST_09657,Savings,2024-04-12,12714.67,BR033,RM_010,Savings
ACC_009658,CUST_09658,Savings,2025-11-01,5931.72,BR028,RM_078,Savings
ACC_009659,CUST_09659,Savings,2025-11-09,19958.58,BR045,RM_005,Savings
ACC_009660,CUST_09660,Savings,2023-08-09,56189.19,BR033,RM_064,Savings
ACC_009661,CUST_09661,Savings,2021-08-04,92918.47,BR016,RM_078,Savings
ACC_009662,CUST_09662,Savings,2024-07-09,4120.51,BR029,RM_037,Savings
ACC_009663,CUST_09663,Savings,2023-11-30,44912.18,BR043,RM_077,Savings
ACC_009664,CUST_09664,Current,2021-10-15,15556.62,BR027,RM_099,Current
ACC_009665,CUST_09665,Savings,2026-06-17,10097.73,BR002,RM_094,Savings
ACC_009666,CUST_09666,Savings,2021-09-10,417228.64,BR017,RM_068,Savings
ACC_009667,CUST_09667,Savings,2021-07-28,9830.79,BR050,RM_090,Savings
ACC_009668,CUST_09668,Savings,2025-08-03,1070.19,BR033,RM_027,Savings
ACC_009669,CUST_09669,Savings,2026-01-17,512546.41,BR028,RM_038,Savings
ACC_009670,CUST_09670,Salary,2024-07-20,13988.83,BR021,RM_036,Salary
ACC_009671,CUST_09671,Savings,2025-06-30,1664.54,BR031,RM_035,Savings
ACC_009672,CUST_09672,Savings,2026-02-23,177625.62,BR019,RM_052,Savings
ACC_009673,CUST_09673,Savings,2021-04-18,18724.11,BR047,RM_020,Savings
ACC_009674,CUST_09674,Savings,2022-04-02,121076.75,BR046,RM_001,Savings
ACC_009675,CUST_09675,Savings,2023-02-04,4253.33,BR046,RM_035,Savings
ACC_009676,CUST_09676,Salary,2025-08-05,37301.42,BR039,RM_072,Salary
ACC_009677,CUST_09677,Savings,2024-11-14,82418.59,BR026,RM_100,Savings
ACC_009678,CUST_09678,Savings,2025-02-12,30257.85,BR043,RM_091,Savings
ACC_009679,CUST_09679,Savings,2025-02-21,23527.05,BR008,RM_074,Savings
ACC_009680,CUST_09680,Current,2022-10-05,17689.09,BR034,RM_010,Current
ACC_009681,CUST_09681,Savings,2026-04-02,24614.07,BR009,RM_045,Savings
ACC_009682,CUST_09682,Salary,2026-04-01,86861.03,BR036,RM_063,Salary
ACC_009683,CUST_09683,Savings,2022-10-15,47122.36,BR031,RM_047,Savings
ACC_009684,CUST_09684,Savings,2026-04-16,2965.08,BR011,RM_058,Savings
ACC_009685,CUST_09685,Current,2022-05-23,31878.52,BR046,RM_006,Current
ACC_009686,CUST_09686,Savings,2025-10-21,1603.78,BR046,RM_069,Savings
ACC_009687,CUST_09687,Salary,2022-10-21,236269.87,BR004,RM_055,Salary
ACC_009688,CUST_09688,Salary,2025-12-31,5176.24,BR036,RM_016,Salary
ACC_009689,CUST_09689,Savings,2021-01-11,13524.8,BR007,RM_027,Savings
ACC_009690,CUST_09690,Salary,2025-01-25,39782.06,BR005,RM_070,Salary
ACC_009691,CUST_09691,Current,2023-01-31,14862.48,BR005,RM_071,Current
ACC_009692,CUST_09692,Savings,2026-05-30,7634.91,BR005,RM_081,Savings
ACC_009693,CUST_09693,Savings,2025-07-24,17012.39,BR048,RM_094,Savings
ACC_009694,CUST_09694,Savings,2021-08-06,3864.1,BR003,RM_015,Savings
ACC_009695,CUST_09695,Savings,2022-05-13,193197.29,BR046,RM_100,Savings
ACC_009696,CUST_09696,Salary,2024-07-09,13871.67,BR001,RM_004,Salary
ACC_009697,CUST_09697,Savings,2024-12-25,10873.29,BR001,RM_006,Savings
ACC_009698,CUST_09698,Savings,2025-05-30,6721.28,BR039,RM_030,Savings
ACC_009699,CUST_09699,Savings,2021-03-31,10743.43,BR042,RM_069,Savings
ACC_009700,CUST_09700,Savings,2025-04-26,722453.59,BR009,RM_037,Savings
ACC_009701,CUST_09701,Salary,2025-02-06,5779.49,BR012,RM_060,Salary
ACC_009702,CUST_09702,Savings,2021-08-27,5778.02,BR017,RM_053,Savings
ACC_009703,CUST_09703,Current,2023-03-03,11155.75,BR025,RM_005,Current
ACC_009704,CUST_09704,Current,2026-05-21,71104.85,BR035,RM_038,Current
ACC_009705,CUST_09705,Savings,2022-04-04,5412.51,BR035,RM_070,Savings
ACC_009706,CUST_09706,Savings,2025-04-02,1296584.55,BR038,RM_016,Savings
ACC_009707,CUST_09707,Current,2023-02-14,4204.54,BR002,RM_065,Current
ACC_009708,CUST_09708,Salary,2022-11-26,39690.01,BR045,RM_094,Salary
ACC_009709,CUST_09709,Savings,2023-06-10,484074.0,BR043,RM_047,Savings
ACC_009710,CUST_09710,Savings,2021-01-17,1128.98,BR036,RM_086,Savings
ACC_009711,CUST_09711,Savings,2023-01-03,4941690.97,BR027,RM_053,Savings
ACC_009712,CUST_09712,Savings,2022-12-17,2703.05,BR047,RM_008,Savings
ACC_009713,CUST_09713,Savings,2025-08-07,285114.34,BR029,RM_082,Savings
ACC_009714,CUST_09714,Salary,2022-08-12,447419.63,BR008,RM_093,Salary
ACC_009715,CUST_09715,Salary,2022-09-08,158203.29,BR017,RM_055,Salary
ACC_009716,CUST_09716,Savings,2026-04-24,8195.71,BR041,RM_084,Savings
ACC_009717,CUST_09717,Current,2023-12-15,907.2,BR038,RM_062,Current
ACC_009718,CUST_09718,Savings,2025-04-08,11462.76,BR026,RM_089,Savings
ACC_009719,CUST_09719,Savings,2021-11-21,9440.66,BR042,RM_050,Savings
ACC_009720,CUST_09720,Savings,2023-04-14,181825.4,BR004,RM_045,Savings
ACC_009721,CUST_09721,Current,2024-04-25,18428.34,BR006,RM_087,Current
ACC_009722,CUST_09722,Savings,2022-01-08,63464.72,BR047,RM_098,Savings
ACC_009723,CUST_09723,Savings,2021-03-25,4262.36,BR011,RM_097,Savings
ACC_009724,CUST_09724,Savings,2025-10-26,16091.21,BR018,RM_058,Savings
ACC_009725,CUST_09725,Savings,2023-05-25,67809.87,BR008,RM_035,Savings
ACC_009726,CUST_09726,Salary,2022-03-24,18190.77,BR011,RM_016,Salary
ACC_009727,CUST_09727,Savings,2025-05-21,57376.58,BR037,RM_054,Savings
ACC_009728,CUST_09728,Salary,2024-08-12,12257.45,BR008,RM_097,Salary
ACC_009729,CUST_09729,Savings,2023-03-17,4902.72,BR040,RM_009,Savings
ACC_009730,CUST_09730,Current,2024-11-03,49368.26,BR037,RM_003,Current
ACC_009731,CUST_09731,Current,2021-06-11,94603.43,BR029,RM_079,Current
ACC_009732,CUST_09732,Savings,2021-07-17,6232.04,BR025,RM_098,Savings
ACC_009733,CUST_09733,Savings,2025-07-04,40878.3,BR019,RM_035,Savings
ACC_009734,CUST_09734,Salary,2021-06-03,33074.99,BR006,RM_058,Salary
ACC_009735,CUST_09735,Salary,2024-05-05,11677.2,BR040,RM_063,Salary
ACC_009736,CUST_09736,Current,2026-05-05,15743.2,BR050,RM_019,Current
ACC_009737,CUST_09737,Current,2026-01-01,3512.49,BR010,RM_061,Current
ACC_009738,CUST_09738,Savings,2025-01-06,16193.04,BR012,RM_051,Savings
ACC_009739,CUST_09739,Salary,2021-11-05,18956.09,BR022,RM_056,Salary
ACC_009740,CUST_09740,Savings,2025-10-19,101958.84,BR020,RM_091,Savings
ACC_009741,CUST_09741,Savings,2026-07-04,12729.75,BR024,RM_064,Savings
ACC_009742,CUST_09742,Savings,2026-05-09,27278.45,BR023,RM_047,Savings
ACC_009743,CUST_09743,Savings,2026-02-27,6047.76,BR024,RM_089,Savings
ACC_009744,CUST_09744,Savings,2025-08-11,44302.98,BR026,RM_028,Savings
ACC_009745,CUST_09745,Savings,2022-12-28,12524.69,BR004,RM_093,Savings
ACC_009746,CUST_09746,Savings,2022-07-05,12996.88,BR020,RM_073,Savings
ACC_009747,CUST_09747,Salary,2024-02-04,47353.53,BR029,RM_056,Salary
ACC_009748,CUST_09748,Savings,2024-10-17,406407.94,BR019,RM_025,Savings
ACC_009749,CUST_09749,Savings,2023-09-17,5403.29,BR017,RM_080,Savings
ACC_009750,CUST_09750,Current,2022-01-12,50448.63,BR032,RM_062,Current
ACC_009751,CUST_09751,Savings,2024-02-09,40281.02,BR012,RM_075,Savings
ACC_009752,CUST_09752,Savings,2024-05-19,15095.97,BR024,RM_028,Savings
ACC_009753,CUST_09753,Savings,2023-12-28,145432.86,BR005,RM_030,Savings
ACC_009754,CUST_09754,Savings,2026-06-22,118503.09,BR027,RM_001,Savings
ACC_009755,CUST_09755,Savings,2021-02-23,101252.19,BR034,RM_018,Savings
ACC_009756,CUST_09756,Salary,2026-01-23,3099.01,BR045,RM_049,Salary
ACC_009757,CUST_09757,Salary,2025-01-04,32635.43,BR008,RM_048,Salary
ACC_009758,CUST_09758,Savings,2022-11-10,24785.93,BR033,RM_030,Savings
ACC_009759,CUST_09759,Savings,2024-07-05,7681.7,BR034,RM_031,Savings
ACC_009760,CUST_09760,Savings,2021-03-10,6251.75,BR007,RM_022,Savings
ACC_009761,CUST_09761,Savings,2024-03-13,745492.65,BR033,RM_043,Savings
ACC_009762,CUST_09762,Savings,2022-06-28,10024.78,BR044,RM_086,Savings
ACC_009763,CUST_09763,Savings,2023-08-31,10851.75,BR030,RM_014,Savings
ACC_009764,CUST_09764,Salary,2023-01-24,4454.27,BR001,RM_004,Salary
ACC_009765,CUST_09765,Savings,2023-01-29,11405.12,BR014,RM_066,Savings
ACC_009766,CUST_09766,Savings,2026-04-11,45775.57,BR013,RM_072,Savings
ACC_009767,CUST_09767,Savings,2021-05-08,570.16,BR014,RM_067,Savings
ACC_009768,CUST_09768,Current,2024-07-16,183363.38,BR047,RM_032,Current
ACC_009769,CUST_09769,Savings,2025-10-21,130285.08,BR047,RM_028,Savings
ACC_009770,CUST_09770,Savings,2022-07-06,202618.9,BR027,RM_003,Savings
ACC_009771,CUST_09771,Current,2024-03-03,28936.67,BR034,RM_040,Current
ACC_009772,CUST_09772,Savings,2023-12-14,117183.15,BR022,RM_026,Savings
ACC_009773,CUST_09773,Savings,2025-06-01,17126.38,BR018,RM_078,Savings
ACC_009774,CUST_09774,Savings,2023-12-15,17763.29,BR025,RM_005,Savings
ACC_009775,CUST_09775,Salary,2024-11-19,81062.8,BR046,RM_016,Salary
ACC_009776,CUST_09776,Savings,2024-01-14,72675.95,BR039,RM_003,Savings
ACC_009777,CUST_09777,Savings,2021-06-29,7349.04,BR006,RM_036,Savings
ACC_009778,CUST_09778,Savings,2023-02-07,4028.24,BR037,RM_047,Savings
ACC_009779,CUST_09779,Savings,2025-12-17,549837.18,BR024,RM_029,Savings
ACC_009780,CUST_09780,Savings,2025-03-05,7850.63,BR036,RM_041,Savings
ACC_009781,CUST_09781,Savings,2025-04-19,94129.5,BR048,RM_010,Savings
ACC_009782,CUST_09782,Savings,2021-06-15,46864.17,BR042,RM_015,Savings
ACC_009783,CUST_09783,Current,2022-01-06,32720.66,BR017,RM_049,Current
ACC_009784,CUST_09784,Savings,2021-11-26,3230.47,BR010,RM_088,Savings
ACC_009785,CUST_09785,Current,2021-03-16,78249.18,BR030,RM_025,Current
ACC_009786,CUST_09786,Current,2021-08-25,4907.42,BR046,RM_064,Current
ACC_009787,CUST_09787,Savings,2021-08-12,115100.61,BR050,RM_043,Savings
ACC_009788,CUST_09788,Salary,2025-10-12,25101.08,BR047,RM_039,Salary
ACC_009789,CUST_09789,Savings,2024-11-19,5645.47,BR036,RM_060,Savings
ACC_009790,CUST_09790,Savings,2024-02-17,12133.08,BR024,RM_013,Savings
ACC_009791,CUST_09791,Savings,2022-09-18,736718.32,BR011,RM_087,Savings
ACC_009792,CUST_09792,Savings,2023-09-24,44367.48,BR003,RM_094,Savings
ACC_009793,CUST_09793,Salary,2022-07-05,36797.65,BR045,RM_043,Salary
ACC_009794,CUST_09794,Savings,2024-12-01,9529.36,BR020,RM_024,Savings
ACC_009795,CUST_09795,Savings,2024-12-16,41666.58,BR037,RM_099,Savings
ACC_009796,CUST_09796,Savings,2026-07-10,100989.3,BR035,RM_079,Savings
ACC_009797,CUST_09797,Savings,2021-08-23,5069.6,BR027,RM_081,Savings
ACC_009798,CUST_09798,Savings,2021-05-06,142626.95,BR030,RM_096,Savings
ACC_009799,CUST_09799,Savings,2021-04-04,55566.13,BR043,RM_075,Savings
ACC_009800,CUST_09800,Savings,2021-11-15,6774.68,BR032,RM_046,Savings
ACC_009801,CUST_09801,Savings,2022-06-10,4546.74,BR001,RM_051,Savings
ACC_009802,CUST_09802,Savings,2024-11-16,26480.9,BR011,RM_038,Savings
ACC_009803,CUST_09803,Savings,2024-07-23,10862.17,BR026,RM_003,Savings
ACC_009804,CUST_09804,Savings,2025-02-23,44799.49,BR003,RM_021,Savings
ACC_009805,CUST_09805,Savings,2022-08-10,3156.33,BR020,RM_069,Savings
ACC_009806,CUST_09806,Salary,2024-08-10,937409.44,BR035,RM_080,Salary
ACC_009807,CUST_09807,Savings,2022-05-04,35120.57,BR048,RM_093,Savings
ACC_009808,CUST_09808,Savings,2023-04-28,142999.0,BR035,RM_042,Savings
ACC_009809,CUST_09809,Savings,2022-08-11,12859.99,BR040,RM_067,Savings
ACC_009810,CUST_09810,Savings,2025-06-11,13859.15,BR018,RM_008,Savings
ACC_009811,CUST_09811,Savings,2023-02-25,101725.69,BR024,RM_096,Savings
ACC_009812,CUST_09812,Savings,2024-07-03,58263.69,BR022,RM_050,Savings
ACC_009813,CUST_09813,Salary,2025-06-13,553.13,BR044,RM_054,Salary
ACC_009814,CUST_09814,Current,2021-06-26,5435.34,BR039,RM_065,Current
ACC_009815,CUST_09815,Savings,2023-05-29,12063.26,BR009,RM_054,Savings
ACC_009816,CUST_09816,Salary,2025-08-16,18288.38,BR015,RM_052,Salary
ACC_009817,CUST_09817,Savings,2024-11-28,47826.32,BR036,RM_042,Savings
ACC_009818,CUST_09818,Savings,2024-12-21,22949.8,BR011,RM_004,Savings
ACC_009819,CUST_09819,Savings,2024-09-03,21935.37,BR035,RM_060,Savings
ACC_009820,CUST_09820,Savings,2022-10-16,3587.71,BR023,RM_059,Savings
ACC_009821,CUST_09821,Savings,2024-02-26,6247.5,BR009,RM_035,Savings
ACC_009822,CUST_09822,Savings,2023-01-03,17931.85,BR018,RM_043,Savings
ACC_009823,CUST_09823,Savings,2025-12-05,17073.6,BR040,RM_090,Savings
ACC_009824,CUST_09824,Salary,2023-08-22,8996.62,BR027,RM_074,Salary
ACC_009825,CUST_09825,Current,2026-07-18,29084.18,BR009,RM_045,Current
ACC_009826,CUST_09826,Current,2024-06-29,20645.63,BR046,RM_025,Current
ACC_009827,CUST_09827,Salary,2025-03-14,176033.01,BR002,RM_034,Salary
ACC_009828,CUST_09828,Savings,2024-07-29,28037.53,BR006,RM_048,Savings
ACC_009829,CUST_09829,Savings,2025-11-23,3292.1,BR038,RM_095,Savings
ACC_009830,CUST_09830,Current,2024-04-28,1866.16,BR049,RM_063,Current
ACC_009831,CUST_09831,Savings,2023-08-16,88190.28,BR010,RM_064,Savings
ACC_009832,CUST_09832,Savings,2023-11-08,29100.3,BR003,RM_076,Savings
ACC_009833,CUST_09833,Savings,2021-12-01,18479.36,BR015,RM_035,Savings
ACC_009834,CUST_09834,Savings,2023-02-22,5080.82,BR018,RM_047,Savings
ACC_009835,CUST_09835,Savings,2021-02-14,20164.18,BR045,RM_049,Savings
ACC_009836,CUST_09836,Salary,2022-10-19,7531.51,BR001,RM_061,Salary
ACC_009837,CUST_09837,Savings,2025-08-09,2295.33,BR027,RM_049,Savings
ACC_009838,CUST_09838,Salary,2025-01-23,55653.79,BR008,RM_082,Salary
ACC_009839,CUST_09839,Salary,2025-08-15,12010.42,BR009,RM_085,Salary
ACC_009840,CUST_09840,Savings,2022-12-06,13802.88,BR014,RM_100,Savings
ACC_009841,CUST_09841,Savings,2021-02-13,1702559.41,BR024,RM_086,Savings
ACC_009842,CUST_09842,Savings,2023-06-11,74878.98,BR003,RM_073,Savings
ACC_009843,CUST_09843,Savings,2024-06-03,49660.0,BR002,RM_085,Savings
ACC_009844,CUST_09844,Savings,2023-07-08,8640.09,BR037,RM_097,Savings
ACC_009845,CUST_09845,Savings,2023-08-16,66127.19,BR018,RM_004,Savings
ACC_009846,CUST_09846,Savings,2026-02-10,27025.11,BR036,RM_027,Savings
ACC_009847,CUST_09847,Savings,2021-12-14,7730.84,BR020,RM_100,Savings
ACC_009848,CUST_09848,Savings,2023-11-11,16710.1,BR034,RM_040,Savings
ACC_009849,CUST_09849,Savings,2021-09-29,11943.99,BR048,RM_045,Savings
ACC_009850,CUST_09850,Savings,2023-06-28,226570.89,BR023,RM_083,Savings
ACC_009851,CUST_09851,Salary,2023-06-16,829.1,BR009,RM_048,Salary
ACC_009852,CUST_09852,Savings,2021-09-24,43121.43,BR029,RM_061,Savings
ACC_009853,CUST_09853,Savings,2021-06-09,55360.72,BR046,RM_093,Savings
ACC_009854,CUST_09854,Savings,2026-06-07,7350.82,BR028,RM_049,Savings
ACC_009855,CUST_09855,Savings,2023-06-30,11349.75,BR050,RM_030,Savings
ACC_009856,CUST_09856,Savings,2024-12-21,14007.24,BR041,RM_023,Savings
ACC_009857,CUST_09857,Savings,2021-04-24,19052.02,BR002,RM_006,Savings
ACC_009858,CUST_09858,Savings,2026-06-09,107333.05,BR039,RM_035,Savings
ACC_009859,CUST_09859,Savings,2021-08-13,2983.77,BR010,RM_077,Savings
ACC_009860,CUST_09860,Current,2023-06-21,39331.55,BR033,RM_006,Current
ACC_009861,CUST_09861,Savings,2026-06-25,15230.27,BR006,RM_055,Savings
ACC_009862,CUST_09862,Salary,2025-05-26,9595.86,BR022,RM_063,Salary
ACC_009863,CUST_09863,Salary,2022-05-10,4032379.93,BR026,RM_077,Salary
ACC_009864,CUST_09864,Salary,2021-08-16,9644.65,BR017,RM_079,Salary
ACC_009865,CUST_09865,Savings,2023-11-06,12961.97,BR045,RM_054,Savings
ACC_009866,CUST_09866,Savings,2026-06-23,1298.98,BR043,RM_069,Savings
ACC_009867,CUST_09867,Savings,2022-11-07,13375.33,BR008,RM_069,Savings
ACC_009868,CUST_09868,Current,2024-06-14,6149.03,BR026,RM_048,Current
ACC_009869,CUST_09869,Salary,2021-01-15,58896.03,BR017,RM_063,Salary
ACC_009870,CUST_09870,Savings,2025-06-25,187277.72,BR045,RM_092,Savings
ACC_009871,CUST_09871,Savings,2025-05-02,6144.2,BR004,RM_034,Savings
ACC_009872,CUST_09872,Savings,2023-03-03,265638.39,BR047,RM_100,Savings
ACC_009873,CUST_09873,Savings,2023-04-15,22191.4,BR039,RM_010,Savings
ACC_009874,CUST_09874,Savings,2025-03-20,92160.91,BR018,RM_010,Savings
ACC_009875,CUST_09875,Savings,2021-08-31,34045.39,BR022,RM_076,Savings
ACC_009876,CUST_09876,Current,2021-12-11,26617.88,BR037,RM_071,Current
ACC_009877,CUST_09877,Savings,2025-04-23,13359.75,BR002,RM_009,Savings
ACC_009878,CUST_09878,Salary,2023-01-16,154546.89,BR031,RM_025,Salary
ACC_009879,CUST_09879,Savings,2025-11-07,325364.12,BR009,RM_080,Savings
ACC_009880,CUST_09880,Savings,2022-10-02,10535.58,BR032,RM_028,Savings
ACC_009881,CUST_09881,Savings,2021-04-24,53619.57,BR040,RM_074,Savings
ACC_009882,CUST_09882,Current,2024-08-15,10718.3,BR048,RM_039,Current
ACC_009883,CUST_09883,Savings,2024-10-04,1886.26,BR046,RM_058,Savings
ACC_009884,CUST_09884,Salary,2022-02-18,18932.01,BR024,RM_018,Salary
ACC_009885,CUST_09885,Savings,2022-05-21,76751.39,BR010,RM_094,Savings
ACC_009886,CUST_09886,Savings,2025-07-28,13664.53,BR043,RM_011,Savings
ACC_009887,CUST_09887,Savings,2023-07-07,165058.53,BR014,RM_098,Savings
ACC_009888,CUST_09888,Savings,2026-07-11,124078.9,BR010,RM_088,Savings
ACC_009889,CUST_09889,Savings,2023-05-14,40065.8,BR005,RM_052,Savings
ACC_009890,CUST_09890,Salary,2024-07-09,48836.21,BR032,RM_079,Salary
ACC_009891,CUST_09891,Savings,2023-05-21,14530.45,BR028,RM_079,Savings
ACC_009892,CUST_09892,Salary,2024-06-21,19655.7,BR032,RM_034,Salary
ACC_009893,CUST_09893,Savings,2023-06-26,158877.81,BR036,RM_069,Savings
ACC_009894,CUST_09894,Current,2025-11-02,4221.66,BR005,RM_062,Current
ACC_009895,CUST_09895,Savings,2026-05-11,12178.88,BR010,RM_074,Savings
ACC_009896,CUST_09896,Salary,2023-08-22,10161.09,BR021,RM_016,Salary
ACC_009897,CUST_09897,Savings,2026-07-19,7842.68,BR046,RM_028,Savings
ACC_009898,CUST_09898,Savings,2026-01-11,20547.42,BR004,RM_057,Savings
ACC_009899,CUST_09899,Savings,2022-08-24,4388.64,BR001,RM_074,Savings
ACC_009900,CUST_09900,Current,2021-12-01,26554.71,BR014,RM_028,Current
ACC_009901,CUST_09901,Current,2025-12-24,4155.78,BR012,RM_019,Current
ACC_009902,CUST_09902,Savings,2023-06-07,20095.24,BR024,RM_034,Savings
ACC_009903,CUST_09903,Savings,2021-06-23,90814.79,BR022,RM_086,Savings
ACC_009904,CUST_09904,Savings,2024-05-01,25238.66,BR013,RM_050,Savings
ACC_009905,CUST_09905,Savings,2025-01-06,29927.35,BR026,RM_083,Savings
ACC_009906,CUST_09906,Savings,2026-09-08,31377.94,BR050,RM_058,Savings
ACC_009907,CUST_09907,Savings,2026-02-06,9933.84,BR041,RM_047,Savings
ACC_009908,CUST_09908,Current,2024-06-09,3134.52,BR023,RM_084,Current
ACC_009909,CUST_09909,Savings,2025-08-17,6863.11,BR009,RM_079,Savings
ACC_009910,CUST_09910,Savings,2025-09-02,28700.1,BR026,RM_049,Savings
ACC_009911,CUST_09911,Savings,2021-03-14,52284.51,BR042,RM_086,Savings
ACC_009912,CUST_09912,Savings,2025-10-16,147018.45,BR015,RM_041,Savings
ACC_009913,CUST_09913,Savings,2026-03-03,3869.05,BR023,RM_012,Savings
ACC_009914,CUST_09914,Salary,2025-09-22,5184.19,BR040,RM_043,Salary
ACC_009915,CUST_09915,Savings,2026-01-10,5590.59,BR047,RM_005,Savings
ACC_009916,CUST_09916,Savings,2024-07-12,64362.51,BR022,RM_088,Savings
ACC_009917,CUST_09917,Savings,2024-07-30,76773.83,BR037,RM_053,Savings
ACC_009918,CUST_09918,Savings,2023-06-15,22066.21,BR045,RM_031,Savings
ACC_009919,CUST_09919,Savings,2024-07-18,23519.84,BR034,RM_030,Savings
ACC_009920,CUST_09920,Savings,2024-11-06,155336.67,BR012,RM_037,Savings
ACC_009921,CUST_09921,Savings,2021-12-06,4305.79,BR037,RM_049,Savings
ACC_009922,CUST_09922,Savings,2025-02-12,17464.53,BR040,RM_031,Savings
ACC_009923,CUST_09923,Savings,2021-01-30,3509.47,BR047,RM_006,Savings
ACC_009924,CUST_09924,Savings,2026-01-18,5661.28,BR047,RM_020,Savings
ACC_009925,CUST_09925,Savings,2024-02-26,11533.79,BR044,RM_059,Savings
ACC_009926,CUST_09926,Savings,2023-11-03,22306.85,BR027,RM_084,Savings
ACC_009927,CUST_09927,Savings,2025-02-26,2088.64,BR008,RM_078,Savings
ACC_009928,CUST_09928,Salary,2022-07-16,1779418.76,BR012,RM_042,Salary
ACC_009929,CUST_09929,Savings,2026-04-11,251317.29,BR008,RM_099,Savings
ACC_009930,CUST_09930,Savings,2021-07-14,11032.58,BR008,RM_085,Savings
ACC_009931,CUST_09931,Savings,2022-03-19,65787.07,BR048,RM_051,Savings
ACC_009932,CUST_09932,Savings,2025-03-17,147169.53,BR010,RM_011,Savings
ACC_009933,CUST_09933,Savings,2021-07-04,5649.79,BR035,RM_058,Savings
ACC_009934,CUST_09934,Savings,2021-05-03,-644.04,BR018,RM_053,Savings
ACC_009935,CUST_09935,Savings,2025-07-13,10517.55,BR049,RM_016,Savings
ACC_009936,CUST_09936,Savings,2022-09-23,45362.01,BR005,RM_029,Savings
ACC_009937,CUST_09937,Savings,2022-03-02,105982.33,BR046,RM_055,Savings
ACC_009938,CUST_09938,Savings,2024-05-18,58969.86,BR015,RM_079,Savings
ACC_009939,CUST_09939,Savings,2025-12-06,58089.74,BR029,RM_091,Savings
ACC_009940,CUST_09940,Savings,2022-05-09,175227.34,BR014,RM_099,Savings
ACC_009941,CUST_09941,Savings,2025-06-28,140453.68,BR017,RM_003,Savings
ACC_009942,CUST_09942,Current,2022-10-17,10096.55,BR020,RM_020,Current
ACC_009943,CUST_09943,Savings,2024-04-15,37044.45,BR019,RM_012,Savings
ACC_009944,CUST_09944,Savings,2025-08-04,1817093.33,BR049,RM_021,Savings
ACC_009945,CUST_09945,Savings,2023-09-06,12800.99,BR039,RM_005,Savings
ACC_009946,CUST_09946,Salary,2024-10-04,20366.19,BR027,RM_038,Salary
ACC_009947,CUST_09947,Savings,2025-09-22,-771.86,BR002,RM_082,Savings
ACC_009948,CUST_09948,Salary,2025-05-05,7017.35,BR012,RM_047,Salary
ACC_009949,CUST_09949,Savings,2024-05-24,986.79,BR045,RM_025,Savings
ACC_009950,CUST_09950,Savings,2024-06-07,75260.47,BR030,RM_096,Savings
ACC_009951,CUST_09951,Salary,2024-05-01,31555.98,BR028,RM_068,Salary
ACC_009952,CUST_09952,Current,2023-10-06,53162.87,BR039,RM_042,Current
ACC_009953,CUST_09953,Savings,2021-06-03,71370.9,BR005,RM_001,Savings
ACC_009954,CUST_09954,Savings,2021-10-21,906160.37,BR028,RM_096,Savings
ACC_009955,CUST_09955,Current,2022-06-15,6497.42,BR004,RM_048,Current
ACC_009956,CUST_09956,Savings,2026-07-08,26610.67,BR012,RM_021,Savings
ACC_009957,CUST_09957,Current,2022-08-12,122868.91,BR009,RM_023,Current
ACC_009958,CUST_09958,Savings,2022-10-01,7909.81,BR026,RM_099,Savings
ACC_009959,CUST_09959,Savings,2023-03-27,6457.44,BR050,RM_045,Savings
ACC_009960,CUST_09960,Savings,2023-05-15,34939.9,BR021,RM_014,Savings
ACC_009961,CUST_09961,Savings,2023-05-27,25316.23,BR009,RM_096,Savings
ACC_009962,CUST_09962,Savings,2024-01-01,137260.08,BR042,RM_013,Savings
ACC_009963,CUST_09963,Savings,2024-09-28,468645.23,BR015,RM_066,Savings
ACC_009964,CUST_09964,Savings,2025-12-06,108797.76,BR029,RM_023,Savings
ACC_009965,CUST_09965,Savings,2025-07-16,1467266.65,BR027,RM_047,Savings
ACC_009966,CUST_09966,Current,2023-03-04,40004.38,BR048,RM_090,Current
ACC_009967,CUST_09967,Savings,2022-11-09,6687.37,BR019,RM_048,Savings
ACC_009968,CUST_09968,Salary,2022-02-19,56608.78,BR004,RM_026,Salary
ACC_009969,CUST_09969,Savings,2026-05-28,60005.62,BR040,RM_049,Savings
ACC_009970,CUST_09970,Savings,2024-01-08,114291.02,BR032,RM_066,Savings
ACC_009971,CUST_09971,Savings,2023-08-25,36248.54,BR001,RM_093,Savings
ACC_009972,CUST_09972,Savings,2021-09-21,16462.64,BR038,RM_015,Savings
ACC_009973,CUST_09973,Savings,2024-11-12,3386.64,BR036,RM_023,Savings
ACC_009974,CUST_09974,Savings,2025-12-27,1504.66,BR035,RM_053,Savings
ACC_009975,CUST_09975,Current,2023-06-06,18090.38,BR034,RM_077,Current
ACC_009976,CUST_09976,Savings,2024-12-26,218550.71,BR015,RM_077,Savings
ACC_009977,CUST_09977,Savings,2021-12-03,14115.79,BR023,RM_094,Savings
ACC_009978,CUST_09978,Savings,2023-08-07,383107.2,BR024,RM_099,Savings
ACC_009979,CUST_09979,Savings,2024-07-01,3594.15,BR014,RM_005,Savings
ACC_009980,CUST_09980,Savings,2024-06-27,61117.07,BR030,RM_075,Savings
ACC_009981,CUST_09981,Savings,2022-07-17,89438.4,BR010,RM_031,Savings
ACC_009982,CUST_09982,Savings,2025-12-26,28441.68,BR035,RM_036,Savings
ACC_009983,CUST_09983,Savings,2025-02-21,47167.37,BR021,RM_033,Savings
ACC_009984,CUST_09984,Savings,2023-05-14,32312.1,BR005,RM_033,Savings
ACC_009985,CUST_09985,Savings,2026-04-16,5197.16,BR033,RM_080,Savings
ACC_009986,CUST_09986,Savings,2022-01-04,5505.72,BR001,RM_014,Savings
ACC_009987,CUST_09987,Savings,2025-04-16,142194.29,BR035,RM_055,Savings
ACC_009988,CUST_09988,Current,2021-06-12,4630.02,BR033,RM_070,Current
ACC_009989,CUST_09989,Savings,2024-05-28,8088.58,BR033,RM_084,Savings
ACC_009990,CUST_09990,Savings,2024-08-11,14232.91,BR010,RM_046,Savings
ACC_009991,CUST_09991,Savings,2025-06-26,152333.05,BR046,RM_004,Savings
ACC_009992,CUST_09992,Savings,2022-03-11,16780.09,BR009,RM_052,Savings
ACC_009993,CUST_09993,Current,2022-10-14,281339.46,BR047,RM_045,Current
ACC_009994,CUST_09994,Savings,2021-02-28,12456.02,BR007,RM_038,Savings
ACC_009995,CUST_09995,Savings,2021-09-28,3965.68,BR039,RM_053,Savings
ACC_009996,CUST_09996,Salary,2025-07-21,51247.57,BR016,RM_009,Salary
ACC_009997,CUST_09997,Salary,2024-04-18,58231.54,BR041,RM_040,Salary
ACC_009998,CUST_09998,Savings,2024-12-30,21555.32,BR032,RM_034,Savings
ACC_009999,CUST_09999,Current,2022-12-11,1560.52,BR027,RM_088,Current
ACC_010000,CUST_10000,Current,2024-11-19,402149.38,BR012,RM_035,Current
ACC_010001,CUST_10001,Savings,2024-05-20,1032898.08,BR026,RM_094,Savings
ACC_010002,CUST_10002,Salary,2024-06-22,30561.03,BR040,RM_024,Salary
ACC_010003,CUST_10003,Savings,2023-10-09,51497.7,BR010,RM_067,Savings
ACC_010004,CUST_10004,Savings,2022-05-21,215491.75,BR003,RM_035,Savings
ACC_010005,CUST_10005,Current,2025-10-02,25820.22,BR039,RM_046,Current
ACC_010006,CUST_10006,Savings,2025-07-11,252677.32,BR010,RM_038,Savings
ACC_010007,CUST_10007,Savings,2026-07-31,12930.7,BR044,RM_003,Savings
ACC_010008,CUST_10008,Savings,2025-08-13,14100.32,BR037,RM_029,Savings
ACC_010009,CUST_10009,Current,2023-07-27,14494.53,BR008,RM_075,Current
ACC_010010,CUST_10010,Salary,2026-01-22,26677.08,BR007,RM_079,Salary
ACC_010011,CUST_10011,Savings,2025-12-04,15888.02,BR035,RM_042,Savings
ACC_010012,CUST_10012,Savings,2021-07-01,21524.4,BR023,RM_007,Savings
ACC_010013,CUST_10013,Savings,2024-11-17,30604.33,BR001,RM_061,Savings
ACC_010014,CUST_10014,Savings,2021-10-21,776281.14,BR001,RM_094,Savings
ACC_010015,CUST_10015,Savings,2025-05-26,23523.48,BR030,RM_006,Savings
ACC_010016,CUST_10016,Salary,2024-05-07,8194.67,BR033,RM_024,Salary
ACC_010017,CUST_10017,Current,2023-02-25,40890.97,BR017,RM_095,Current
ACC_010018,CUST_10018,Salary,2024-10-29,2930.01,BR049,RM_097,Salary
ACC_010019,CUST_10019,Salary,2022-09-30,37968.92,BR028,RM_038,Salary
ACC_010020,CUST_10020,Savings,2025-06-29,26307.73,BR010,RM_019,Savings
ACC_010021,CUST_10021,Savings,2024-10-30,-3301.3,BR009,RM_032,Savings
ACC_010022,CUST_10022,Salary,2024-05-24,1625.33,BR009,RM_041,Salary
ACC_010023,CUST_10023,Salary,2022-11-17,100151.27,BR038,RM_050,Salary
ACC_010024,CUST_10024,Savings,2021-06-19,8376.86,BR003,RM_031,Savings
ACC_010025,CUST_10025,Savings,2024-01-11,42063.17,BR030,RM_087,Savings
ACC_010026,CUST_10026,Salary,2021-12-15,2990.37,BR040,RM_030,Salary
ACC_010027,CUST_10027,Salary,2026-01-11,114345.06,BR041,RM_057,Salary
ACC_010028,CUST_10028,Current,2022-04-03,16306.66,BR022,RM_034,Current
ACC_010029,CUST_10029,Savings,2026-01-13,13735.69,BR042,RM_037,Savings
ACC_010030,CUST_10030,Savings,2021-12-31,333617.1,BR028,RM_057,Savings
ACC_010031,CUST_10031,Salary,2021-03-14,5512.79,BR039,RM_007,Salary
ACC_010032,CUST_10032,Current,2023-09-21,39499.8,BR019,RM_007,Current
ACC_010033,CUST_10033,Salary,2025-10-12,21788.86,BR033,RM_075,Salary
ACC_010034,CUST_10034,Salary,2025-10-02,113331.86,BR012,RM_066,Salary
ACC_010035,CUST_10035,Current,2023-04-11,6327.26,BR012,RM_026,Current
ACC_010036,CUST_10036,Salary,2021-12-23,5869.89,BR041,RM_057,Salary
ACC_010037,CUST_10037,Current,2024-09-21,53897.51,BR026,RM_068,Current
ACC_010038,CUST_10038,Savings,2025-06-25,3485.53,BR034,RM_082,Savings
ACC_010039,CUST_10039,Salary,2026-02-14,38655.57,BR005,RM_040,Salary
ACC_010040,CUST_10040,Savings,2022-08-21,166523.46,BR012,RM_061,Savings
ACC_010041,CUST_10041,Savings,2022-06-02,5563.47,BR029,RM_037,Savings
ACC_010042,CUST_10042,Savings,2021-11-06,21920.13,BR037,RM_075,Savings
ACC_010043,CUST_10043,Savings,2022-03-15,85641.48,BR050,RM_022,Savings
ACC_010044,CUST_10044,Savings,2022-07-13,3377.84,BR004,RM_086,Savings
ACC_010045,CUST_10045,Savings,2023-08-19,48499.05,BR020,RM_037,Savings
ACC_010046,CUST_10046,Current,2021-09-15,5405.31,BR022,RM_054,Current
ACC_010047,CUST_10047,Savings,2022-08-09,593.41,BR032,RM_018,Savings
ACC_010048,CUST_10048,Current,2022-07-29,26371.63,BR043,RM_037,Current
ACC_010049,CUST_10049,Salary,2023-06-09,26807.58,BR008,RM_038,Salary
ACC_010050,CUST_10050,Savings,2025-04-20,5277.53,BR031,RM_072,Savings
ACC_010051,CUST_10051,Savings,2026-07-01,38119.97,BR015,RM_031,Savings
ACC_010052,CUST_10052,Current,2023-10-29,3261.16,BR017,RM_016,Current
ACC_010053,CUST_10053,Current,2024-11-29,3112.06,BR050,RM_013,Current
ACC_010054,CUST_10054,Savings,2023-03-13,41331.0,BR043,RM_073,Savings
ACC_010055,CUST_10055,Savings,2023-08-18,307492.2,BR030,RM_023,Savings
ACC_010056,CUST_10056,Savings,2025-03-05,354189.89,BR012,RM_094,Savings
ACC_010057,CUST_10057,Savings,2022-06-14,24641.02,BR019,RM_051,Savings
ACC_010058,CUST_10058,Savings,2022-03-10,1815.46,BR009,RM_071,Savings
ACC_010059,CUST_10059,Savings,2026-03-20,305480.22,BR044,RM_010,Savings
ACC_010060,CUST_10060,Savings,2024-07-13,154849.99,BR005,RM_076,Savings
ACC_010061,CUST_10061,Savings,2022-04-11,14401.84,BR023,RM_071,Savings
ACC_010062,CUST_10062,Savings,2025-05-17,41171.36,BR050,RM_088,Savings
ACC_010063,CUST_10063,Salary,2025-07-24,23829.04,BR036,RM_098,Salary
ACC_010064,CUST_10064,Savings,2021-10-17,23030.25,BR005,RM_022,Savings
ACC_010065,CUST_10065,Savings,2021-02-12,51078.68,BR032,RM_029,Savings
ACC_010066,CUST_10066,Salary,2022-11-29,14024.46,BR004,RM_100,Salary
ACC_010067,CUST_10067,Salary,2026-04-15,4529.68,BR028,RM_087,Salary
ACC_010068,CUST_10068,Salary,2022-12-19,824617.95,BR025,RM_095,Salary
ACC_010069,CUST_10069,Savings,2025-10-23,5262.13,BR050,RM_080,Savings
ACC_010070,CUST_10070,Savings,2025-12-23,116886.07,BR014,RM_073,Savings
ACC_010071,CUST_10071,Savings,2021-12-18,542703.18,BR012,RM_077,Savings
ACC_010072,CUST_10072,Savings,2024-12-26,15565.6,BR036,RM_060,Savings
ACC_010073,CUST_10073,Savings,2024-10-31,34143.84,BR015,RM_009,Savings
ACC_010074,CUST_10074,Savings,2023-02-20,3036.68,BR048,RM_063,Savings
ACC_010075,CUST_10075,Savings,2025-11-27,32759.72,BR036,RM_064,Savings
ACC_010076,CUST_10076,Savings,2026-05-08,133988.49,BR029,RM_079,Savings
ACC_010077,CUST_10077,Savings,2022-01-20,12319.68,BR032,RM_004,Savings
ACC_010078,CUST_10078,Savings,2021-02-14,19416.64,BR023,RM_098,Savings
ACC_010079,CUST_10079,Savings,2023-10-25,1116.95,BR050,RM_084,Savings
ACC_010080,CUST_10080,Savings,2025-09-17,10700.61,BR041,RM_093,Savings
ACC_010081,CUST_10081,Savings,2025-11-03,4985.61,BR004,RM_086,Savings
ACC_010082,CUST_10082,Savings,2023-06-17,166296.07,BR034,RM_098,Savings
ACC_010083,CUST_10083,Savings,2024-02-15,3939.12,BR010,RM_081,Savings
ACC_010084,CUST_10084,Savings,2026-06-20,657.56,BR009,RM_058,Savings
ACC_010085,CUST_10085,Savings,2026-01-21,1467.36,BR050,RM_040,Savings
ACC_010086,CUST_10086,Savings,2026-02-23,2774.02,BR020,RM_035,Savings
ACC_010087,CUST_10087,Savings,2021-09-23,14958.52,BR028,RM_091,Savings
ACC_010088,CUST_10088,Savings,2021-07-22,15026.05,BR041,RM_031,Savings
ACC_010089,CUST_10089,Savings,2026-01-29,16752.14,BR009,RM_083,Savings
ACC_010090,CUST_10090,Savings,2024-02-21,57508.5,BR038,RM_082,Savings
ACC_010091,CUST_10091,Current,2025-11-18,1543418.86,BR028,RM_086,Current
ACC_010092,CUST_10092,Savings,2021-03-23,31089.42,BR020,RM_065,Savings
ACC_010093,CUST_10093,Savings,2021-08-09,155138.29,BR002,RM_059,Savings
ACC_010094,CUST_10094,Savings,2023-10-21,186432.42,BR005,RM_025,Savings
ACC_010095,CUST_10095,Current,2022-12-23,391901.28,BR005,RM_016,Current
ACC_010096,CUST_10096,Savings,2026-03-06,35052.36,BR016,RM_045,Savings
ACC_010097,CUST_10097,Savings,2024-05-19,120772.11,BR049,RM_027,Savings
ACC_010098,CUST_10098,Current,2022-09-02,186908.64,BR025,RM_038,Current
ACC_010099,CUST_10099,Savings,2021-02-16,1371.78,BR045,RM_080,Savings
ACC_010100,CUST_10100,Savings,2023-08-18,21624.52,BR040,RM_016,Savings
ACC_010101,CUST_10101,Savings,2021-03-31,3439.31,BR007,RM_082,Savings
ACC_010102,CUST_10102,Savings,2022-08-18,67728.95,BR012,RM_046,Savings
ACC_010103,CUST_10103,Savings,2022-10-20,386322.7,BR039,RM_051,Savings
ACC_010104,CUST_10104,Savings,2023-03-29,2699.91,BR050,RM_095,Savings
ACC_010105,CUST_10105,Salary,2024-09-29,27885.44,BR009,RM_002,Salary
ACC_010106,CUST_10106,Salary,2027-04-16,215359.06,BR024,RM_066,Salary
ACC_010107,CUST_10107,Salary,2025-11-17,13002.9,BR047,RM_068,Salary
ACC_010108,CUST_10108,Savings,2022-04-04,95786.22,BR017,RM_092,Savings
ACC_010109,CUST_10109,Savings,2021-06-04,6503.08,BR044,RM_049,Savings
ACC_010110,CUST_10110,Savings,2024-09-17,68558.62,BR016,RM_028,Savings
ACC_010111,CUST_10111,Savings,2024-10-04,17282.42,BR037,RM_037,Savings
ACC_010112,CUST_10112,Current,2024-09-16,60582.1,BR009,RM_048,Current
ACC_010113,CUST_10113,Savings,2025-03-05,7098.23,BR012,RM_036,Savings
ACC_010114,CUST_10114,Savings,2025-02-20,15869.15,BR047,RM_014,Savings
ACC_010115,CUST_10115,Current,2021-12-16,7769.41,BR004,RM_066,Current
ACC_010116,CUST_10116,Savings,2023-12-26,32006.48,BR048,RM_016,Savings
ACC_010117,CUST_10117,Savings,2024-02-01,140700.65,BR043,RM_077,Savings
ACC_010118,CUST_10118,Savings,2021-01-24,3598.14,BR015,RM_002,Savings
ACC_010119,CUST_10119,Savings,2025-06-11,4470.08,BR030,RM_058,Savings
ACC_010120,CUST_10120,Savings,2024-06-06,1975.18,BR016,RM_055,Savings
ACC_010121,CUST_10121,Savings,2025-04-04,5348.58,BR008,RM_019,Savings
ACC_010122,CUST_10122,Savings,2024-08-08,1216.41,BR042,RM_007,Savings
ACC_010123,CUST_10123,Savings,2025-08-02,34084.78,BR033,RM_021,Savings
ACC_010124,CUST_10124,Salary,2025-11-19,18850.63,BR012,RM_082,Salary
ACC_010125,CUST_10125,Savings,2025-07-18,777.87,BR023,RM_003,Savings
ACC_010126,CUST_10126,Savings,2021-08-29,1760.95,BR028,RM_063,Savings
ACC_010127,CUST_10127,Savings,2024-05-02,41654.36,BR007,RM_032,Savings
ACC_010128,CUST_10128,Savings,2023-09-27,4494.9,BR012,RM_046,Savings
ACC_010129,CUST_10129,Savings,2025-04-11,86532.55,BR027,RM_060,Savings
ACC_010130,CUST_10130,Savings,2025-08-21,2553.95,BR031,RM_006,Savings
ACC_010131,CUST_10131,Current,2023-09-04,6615.51,BR050,RM_051,Current
ACC_010132,CUST_10132,Savings,2026-06-09,12141.87,BR045,RM_077,Savings
ACC_010133,CUST_10133,Savings,2025-04-12,8491.06,BR035,RM_015,Savings
ACC_010134,CUST_10134,Salary,2024-07-26,58886.55,BR001,RM_075,Salary
ACC_010135,CUST_10135,Savings,2022-10-31,3477.08,BR039,RM_020,Savings
ACC_010136,CUST_10136,Savings,2024-08-14,15356.88,BR048,RM_057,Savings
ACC_010137,CUST_10137,Savings,2022-01-26,1258.65,BR049,RM_029,Savings
ACC_010138,CUST_10138,Savings,2021-03-22,42019.51,BR049,RM_040,Savings
ACC_010139,CUST_10139,Savings,2023-10-29,92150.84,BR032,RM_081,Savings
ACC_010140,CUST_10140,Savings,2025-01-21,2238.3,BR048,RM_041,Savings
ACC_010141,CUST_10141,Savings,2023-12-30,161582.87,BR035,RM_030,Savings
ACC_010142,CUST_10142,Savings,2022-01-18,4771.03,BR038,RM_022,Savings
ACC_010143,CUST_10143,Savings,2024-02-09,23452.27,BR003,RM_007,Savings
ACC_010144,CUST_10144,Savings,2023-04-18,108911.89,BR042,RM_086,Savings
ACC_010145,CUST_10145,Savings,2023-05-23,121698.92,BR008,RM_043,Savings
ACC_010146,CUST_10146,Salary,2023-02-06,113754.34,BR050,RM_020,Salary
ACC_010147,CUST_10147,Savings,2026-04-11,161111.63,BR007,RM_040,Savings
ACC_010148,CUST_10148,Savings,2022-09-14,144011.65,BR003,RM_092,Savings
ACC_010149,CUST_10149,Savings,2026-04-20,431.59,BR027,RM_071,Savings
ACC_010150,CUST_10150,Savings,2026-05-24,446923.87,BR033,RM_002,Savings
ACC_010151,CUST_10151,Savings,2024-10-21,39849.24,BR039,RM_052,Savings
ACC_010152,CUST_10152,Savings,2024-12-13,28509.08,BR017,RM_054,Savings
ACC_010153,CUST_10153,Savings,2024-03-23,6841.77,BR014,RM_014,Savings
ACC_010154,CUST_10154,Savings,2026-01-11,3747.47,BR033,RM_036,Savings
ACC_010155,CUST_10155,Current,2024-08-21,1614.34,BR030,RM_084,Current
ACC_010156,CUST_10156,Savings,2021-11-15,914391.67,BR033,RM_076,Savings
ACC_010157,CUST_10157,Savings,2026-02-05,14437.13,BR028,RM_073,Savings
ACC_010158,CUST_10158,Savings,2023-01-21,85947.01,BR011,RM_039,Savings
ACC_010159,CUST_10159,Savings,2023-07-29,93385.4,BR040,RM_070,Savings
ACC_010160,CUST_10160,Savings,2025-08-09,6003.28,BR030,RM_013,Savings
ACC_010161,CUST_10161,Savings,2026-06-07,79967.66,BR030,RM_015,Savings
ACC_010162,CUST_10162,Savings,2025-12-30,187997.24,BR019,RM_086,Savings
ACC_010163,CUST_10163,Current,2023-08-08,17059.25,BR032,RM_053,Current
ACC_010164,CUST_10164,Salary,2021-11-19,1277.42,BR025,RM_050,Salary
ACC_010165,CUST_10165,Salary,2023-02-18,56957.09,BR033,RM_031,Salary
ACC_010166,CUST_10166,Savings,2023-05-01,8603.04,BR029,RM_018,Savings
ACC_010167,CUST_10167,Savings,2021-03-25,28998.4,BR025,RM_024,Savings
ACC_010168,CUST_10168,Salary,2021-04-16,1091.41,BR014,RM_057,Salary
ACC_010169,CUST_10169,Current,2024-12-09,108791.72,BR034,RM_086,Current
ACC_010170,CUST_10170,Savings,2022-05-27,53658.12,BR005,RM_053,Savings
ACC_010171,CUST_10171,Savings,2022-03-07,9924.29,BR038,RM_095,Savings
ACC_010172,CUST_10172,Savings,2024-04-15,29850.1,BR042,RM_080,Savings
ACC_010173,CUST_10173,Savings,2023-04-20,149541.02,BR007,RM_074,Savings
ACC_010174,CUST_10174,Savings,2021-11-09,34997.78,BR025,RM_015,Savings
ACC_010175,CUST_10175,Savings,2026-08-03,429276.65,BR027,RM_091,Savings
ACC_010176,CUST_10176,Savings,2023-03-30,57247.25,BR033,RM_055,Savings
ACC_010177,CUST_10177,Salary,2026-06-11,26488.62,BR034,RM_042,Salary
ACC_010178,CUST_10178,Savings,2023-02-27,7474.27,BR009,RM_075,Savings
ACC_010179,CUST_10179,Savings,2024-08-13,72532.22,BR022,RM_088,Savings
ACC_010180,CUST_10180,Savings,2024-04-22,14423.44,BR016,RM_094,Savings
ACC_010181,CUST_10181,Savings,2024-10-13,43276.24,BR044,RM_012,Savings
ACC_010182,CUST_10182,Salary,2023-12-23,22248.13,BR050,RM_019,Salary
ACC_010183,CUST_10183,Savings,2025-11-21,262817.27,BR046,RM_095,Savings
ACC_010184,CUST_10184,Savings,2021-03-04,86170.8,BR043,RM_084,Savings
ACC_010185,CUST_10185,Savings,2026-04-20,3189.22,BR035,RM_053,Savings
ACC_010186,CUST_10186,Savings,2024-04-15,18468.1,BR018,RM_046,Savings
ACC_010187,CUST_10187,Savings,2025-04-11,9554.42,BR020,RM_027,Savings
ACC_010188,CUST_10188,Savings,2025-07-04,19946.78,BR007,RM_010,Savings
ACC_010189,CUST_10189,Savings,2026-05-15,49514.82,BR042,RM_010,Savings
ACC_010190,CUST_10190,Savings,2023-08-12,13590.82,BR001,RM_036,Savings
ACC_010191,CUST_10191,Savings,2024-11-18,1397574.49,BR038,RM_057,Savings
ACC_010192,CUST_10192,Savings,2024-02-12,3875.14,BR005,RM_029,Savings
ACC_010193,CUST_10193,Savings,2023-11-14,5926.31,BR031,RM_031,Savings
ACC_010194,CUST_10194,Salary,2022-09-08,9186.95,BR025,RM_072,Salary
ACC_010195,CUST_10195,Savings,2026-05-16,141047.31,BR030,RM_059,Savings
ACC_010196,CUST_10196,Savings,2022-04-16,41002.93,BR042,RM_087,Savings
ACC_010197,CUST_10197,Savings,2022-09-27,20528.26,BR029,RM_074,Savings
ACC_010198,CUST_10198,Salary,2025-10-11,116916.39,BR034,RM_030,Salary
ACC_010199,CUST_10199,Savings,2023-08-31,17030.21,BR012,RM_097,Savings
ACC_010200,CUST_10200,Savings,2022-02-15,3352.94,BR048,RM_070,Savings
ACC_010201,CUST_00409,Savings,2026-08-04,26673.85,BR033,RM_078,Savings
ACC_010202,CUST_09810,Savings,2026-03-19,61827.49,BR031,RM_010,Savings
ACC_010203,CUST_05948,Savings,2026-06-19,96208.33,BR021,RM_044,Savings
ACC_010204,CUST_07562,Savings,2026-08-05,11379.62,BR007,RM_052,Savings
ACC_010205,CUST_09570,Savings,2025-11-14,6713.88,BR014,RM_077,Savings
ACC_010206,CUST_08177,Salary,2026-07-02,30060.48,BR008,RM_052,Salary
ACC_010207,CUST_07164,Savings,2022-09-15,509013.02,BR036,RM_031,Savings
ACC_010208,CUST_00594,Savings,2024-11-21,33218.33,BR004,RM_018,Savings
ACC_010209,CUST_05807,Savings,2025-10-19,7391.64,BR046,RM_065,Savings
ACC_010210,CUST_07727,Savings,2026-07-30,33048.41,BR041,RM_089,Savings
ACC_010211,CUST_03474,Savings,2024-04-07,14205.11,BR043,RM_022,Savings
ACC_010212,CUST_00922,Salary,2022-08-16,-114.13,BR028,RM_021,Salary
ACC_010213,CUST_06938,Savings,2025-06-21,24224.47,BR033,RM_074,Savings
ACC_010214,CUST_03718,Savings,2024-07-14,22484.37,BR020,RM_007,Savings
ACC_010215,CUST_09805,Savings,2026-06-23,4282.85,BR017,RM_057,Savings
ACC_010216,CUST_07418,Savings,2023-04-10,17081.65,BR027,RM_029,Savings
ACC_010217,CUST_03391,Savings,2026-05-11,1460663.56,BR037,RM_016,Savings
ACC_010218,CUST_09954,Savings,2022-05-10,10626.95,BR010,RM_093,Savings
ACC_010219,CUST_03746,Salary,2026-05-12,2971.31,BR044,RM_020,Salary
ACC_010220,CUST_06980,Savings,2026-08-10,5753.35,BR027,RM_038,Savings
ACC_010221,CUST_07143,Savings,2024-10-17,1605.97,BR049,RM_058,Savings
ACC_010222,CUST_09615,Savings,2025-06-15,19283.13,BR048,RM_073,Savings
ACC_010223,CUST_07012,Savings,2026-05-30,5524.19,BR033,RM_014,Savings
ACC_010224,CUST_07493,Salary,2022-06-12,9051.25,BR004,RM_038,Salary
ACC_010225,CUST_05962,Savings,2023-08-27,74946.36,BR046,RM_081,Savings
ACC_010226,CUST_03983,Salary,2026-08-05,24038.8,BR019,RM_077,Salary
ACC_010227,CUST_00585,Savings,2024-07-17,7489.14,BR018,RM_100,Savings
ACC_010228,CUST_07414,Savings,2025-12-24,51156.83,BR011,RM_020,Savings
ACC_010229,CUST_03639,Savings,2026-07-08,8879.99,BR044,RM_070,Savings
ACC_010230,CUST_09614,Current,2026-05-30,13419.35,BR015,RM_038,Current
ACC_010231,CUST_05056,Savings,2026-07-17,38343.91,BR030,RM_075,Savings
ACC_010232,CUST_00467,Savings,2025-08-23,32307.32,BR036,RM_043,Savings
ACC_010233,CUST_08005,Savings,2026-03-05,138945.17,BR009,RM_086,Savings
ACC_010234,CUST_09797,Current,2025-09-21,28737.58,BR021,RM_044,Current
ACC_010235,CUST_01824,Savings,2026-08-06,17768.65,BR024,RM_093,Savings
ACC_010236,CUST_02130,Savings,2025-07-30,127463.07,BR009,RM_072,Savings
ACC_010237,CUST_07948,Current,2024-07-01,44972.84,BR026,RM_071,Current
ACC_010238,CUST_00301,Salary,2024-07-17,282674.87,BR035,RM_062,Salary
ACC_010239,CUST_08692,Savings,2025-04-18,197825.71,BR002,RM_003,Savings
ACC_010240,CUST_08924,Savings,2025-07-04,40536.35,BR026,RM_027,Savings
ACC_010241,CUST_01764,Savings,2023-09-07,12910.37,BR013,RM_046,Savings
ACC_010242,CUST_08150,Current,2025-02-13,14607.0,BR040,RM_074,Current
ACC_010243,CUST_03609,Savings,2025-01-13,244810.69,BR047,RM_043,Savings
ACC_010244,CUST_05572,Savings,2023-02-25,28950.35,BR027,RM_064,Savings
ACC_010245,CUST_07701,Savings,2025-06-21,4814.36,BR045,RM_026,Savings
ACC_010246,CUST_07885,Savings,2026-01-28,2752.37,BR044,RM_077,Savings
ACC_010247,CUST_10015,Salary,2025-07-16,51645.89,BR024,RM_059,Salary
ACC_010248,CUST_02541,Savings,2026-07-10,96653.59,BR002,RM_092,Savings
ACC_010249,CUST_06179,Current,2026-07-24,2607.62,BR021,RM_076,Current
ACC_010250,CUST_10128,Savings,2023-12-30,4150.14,BR031,RM_064,Savings
ACC_010251,CUST_03484,Savings,2024-10-27,4706.5,BR015,RM_049,Savings
ACC_010252,CUST_04904,Savings,2025-11-10,16481.34,BR041,RM_019,Savings
ACC_010253,CUST_00084,Savings,2025-11-18,7892.96,BR029,RM_026,Savings
ACC_010254,CUST_00675,Savings,2025-08-19,283481.26,BR008,RM_058,Savings
ACC_010255,CUST_04655,Current,2026-04-23,3741.94,BR044,RM_020,Current
ACC_010256,CUST_00859,Savings,2025-02-06,3530.44,BR041,RM_043,Savings
ACC_010257,CUST_04519,Savings,2026-05-31,14018.01,BR050,RM_059,Savings
ACC_010258,CUST_00399,Savings,2025-12-17,29975.21,BR005,RM_039,Savings
ACC_010259,CUST_05451,Savings,2026-03-24,4270.91,BR042,RM_013,Savings
ACC_010260,CUST_04468,Savings,2023-10-11,339916.36,BR030,RM_039,Savings
ACC_010261,CUST_04658,Savings,2025-08-06,102882.37,BR025,RM_100,Savings
ACC_010262,CUST_07530,Savings,2026-05-12,20262.15,BR004,RM_002,Savings
ACC_010263,CUST_09571,Salary,2023-01-20,24408.03,BR032,RM_081,Salary
ACC_010264,CUST_07697,Savings,2025-09-10,16733.98,BR001,RM_033,Savings
ACC_010265,CUST_10042,Salary,2025-10-15,13646.87,BR002,RM_065,Salary
ACC_010266,CUST_06716,Savings,2026-02-05,116792.71,BR009,RM_028,Savings
ACC_010267,CUST_04669,Savings,2024-07-18,26188.09,BR044,RM_061,Savings
ACC_010268,CUST_10170,Savings,2022-08-08,10221.88,BR040,RM_017,Savings
ACC_010269,CUST_01253,Salary,2023-06-26,9974.68,BR029,RM_061,Salary
ACC_010270,CUST_08819,Salary,2025-02-15,7816.85,BR003,RM_001,Salary
ACC_010271,CUST_06696,Savings,2026-06-21,14691.1,BR020,RM_088,Savings
ACC_010272,CUST_03409,Savings,2025-09-19,1229.58,BR049,RM_029,Savings
ACC_010273,CUST_09478,Savings,2026-06-16,134809.7,BR047,RM_032,Savings
ACC_010274,CUST_06760,Salary,2024-03-15,26723.11,BR048,RM_042,Salary
ACC_010275,CUST_04086,Savings,2025-06-23,9890.62,BR023,RM_092,Savings
ACC_010276,CUST_09113,Savings,2025-05-12,89362.59,BR012,RM_022,Savings
ACC_010277,CUST_00803,Savings,2023-08-27,86350.14,BR009,RM_064,Savings
ACC_010278,CUST_00687,Savings,2025-09-09,78905.24,BR005,RM_016,Savings
ACC_010279,CUST_06711,Savings,2022-05-16,4395.98,BR014,RM_041,Savings
ACC_010280,CUST_04502,Savings,2024-10-01,11177.29,BR035,RM_008,Savings
ACC_010281,CUST_09602,Current,2026-07-14,44857.86,BR005,RM_064,Current
ACC_010282,CUST_04570,Savings,2021-04-10,4056.99,BR029,RM_028,Savings
ACC_010283,CUST_03074,Current,2023-03-20,12291.36,BR001,RM_036,Current
ACC_010284,CUST_01586,Savings,2025-06-29,8235.57,BR025,RM_036,Savings
ACC_010285,CUST_01116,Savings,2023-04-25,11240.82,BR049,RM_097,Savings
ACC_010286,CUST_02623,Savings,2025-10-02,39690.05,BR041,RM_041,Savings
ACC_010287,CUST_10194,Savings,2022-09-15,24692.56,BR022,RM_010,Savings
ACC_010288,CUST_09056,Salary,2025-09-07,85015.44,BR050,RM_018,Salary
ACC_010289,CUST_09312,Savings,2026-07-28,32835.19,BR024,RM_013,Savings
ACC_010290,CUST_00981,Savings,2022-10-31,53369.47,BR014,RM_078,Savings
ACC_010291,CUST_01884,Savings,2024-04-16,107252.36,BR033,RM_023,Savings
ACC_010292,CUST_09441,Salary,2025-03-02,20504.96,BR043,RM_053,Salary
ACC_010293,CUST_03933,Current,2024-03-15,3954.1,BR003,RM_004,Current
ACC_010294,CUST_02552,Savings,2024-11-18,19164.61,BR008,RM_011,Savings
ACC_010295,CUST_03472,Savings,2026-06-04,91000.16,BR040,RM_031,Savings
ACC_010296,CUST_09514,Savings,2026-07-31,164394.78,BR032,RM_089,Savings
ACC_010297,CUST_09227,Savings,2022-10-13,19530.67,BR021,RM_042,Savings
ACC_010298,CUST_02664,Savings,2025-09-09,14486.43,BR018,RM_013,Savings
ACC_010299,CUST_02411,Savings,2025-02-26,2629.77,BR032,RM_093,Savings
ACC_010300,CUST_02602,Savings,2026-01-17,3341.38,BR026,RM_026,Savings
ACC_010301,CUST_09214,Current,2023-04-06,2078.51,BR006,RM_079,Current
ACC_010302,CUST_09715,Savings,2026-04-23,177442.45,BR047,RM_025,Savings
ACC_010303,CUST_08154,Savings,2026-07-05,22805.39,BR006,RM_048,Savings
ACC_010304,CUST_00118,Current,2022-12-29,108945.88,BR019,RM_084,Current
ACC_010305,CUST_03920,Savings,2025-09-01,11927.31,BR043,RM_062,Savings
ACC_010306,CUST_04865,Savings,2026-02-24,1410.29,BR037,RM_060,Savings
ACC_010307,CUST_00656,Savings,2024-05-22,3852.27,BR021,RM_083,Savings
ACC_010308,CUST_02809,Savings,2025-05-26,41963.13,BR011,RM_081,Savings
ACC_010309,CUST_03739,Savings,2025-06-20,2887.89,BR012,RM_010,Savings
ACC_010310,CUST_00108,Savings,2026-07-24,112771.09,BR021,RM_084,Savings
ACC_010311,CUST_03639,Current,2026-08-10,19224.41,BR049,RM_011,Current
ACC_010312,CUST_01086,Savings,2026-07-08,42700.36,BR027,RM_006,Savings
ACC_010313,CUST_05120,Current,2026-01-30,34418.17,BR023,RM_055,Current
ACC_010314,CUST_00358,Savings,2024-10-30,417971.75,BR031,RM_037,Savings
ACC_010315,CUST_02853,Current,2025-08-16,2305.25,BR048,RM_044,Current
ACC_010316,CUST_04027,Savings,2026-06-26,4253.61,BR021,RM_085,Savings
ACC_010317,CUST_01111,Savings,2024-03-17,174120.79,BR028,RM_070,Savings
ACC_010318,CUST_03295,Savings,2026-01-18,292527.43,BR006,RM_007,Savings
ACC_010319,CUST_09488,Savings,2026-07-19,6474.27,BR029,RM_095,Savings
ACC_010320,CUST_04058,Savings,2024-11-07,99699.35,BR006,RM_082,Savings
ACC_010321,CUST_03979,Salary,2025-11-14,4416.45,BR011,RM_094,Salary
ACC_010322,CUST_03968,Current,2023-11-24,4262.83,BR040,RM_044,Current
ACC_010323,CUST_02461,Current,2024-12-15,13491.94,BR044,RM_004,Current
ACC_010324,CUST_02791,Savings,2026-03-27,315070.47,BR028,RM_065,Savings
ACC_010325,CUST_03175,Savings,2025-12-05,19263.5,BR012,RM_002,Savings
ACC_010326,CUST_08508,Savings,2026-06-22,8727.39,BR021,RM_092,Savings
ACC_010327,CUST_09670,Savings,2026-06-24,11998.04,BR008,RM_026,Savings
ACC_010328,CUST_07916,Savings,2023-10-04,50298.11,BR003,RM_069,Savings
ACC_010329,CUST_06074,Savings,2025-10-05,7088.39,BR006,RM_052,Savings
ACC_010330,CUST_06784,Current,2026-03-03,20382.25,BR003,RM_009,Current
ACC_010331,CUST_07735,Current,2025-11-02,45936.35,BR048,RM_029,Current
ACC_010332,CUST_05932,Salary,2025-03-16,14894.35,BR048,RM_025,Salary
ACC_010333,CUST_08720,Savings,2026-08-03,14589.57,BR042,RM_016,Savings
ACC_010334,CUST_08262,Savings,2026-03-15,5461.39,BR050,RM_048,Savings
ACC_010335,CUST_01595,Savings,2025-10-27,14046.37,BR042,RM_060,Savings
ACC_010336,CUST_06320,Savings,2025-11-27,4269.74,BR009,RM_076,Savings
ACC_010337,CUST_03324,Savings,2026-06-23,10209.11,BR042,RM_014,Savings
ACC_010338,CUST_03505,Savings,2025-12-29,97970.25,BR023,RM_094,Savings
ACC_010339,CUST_01346,Savings,2022-10-18,36633.05,BR017,RM_058,Savings
ACC_010340,CUST_08807,Savings,2026-05-31,4140.41,BR034,RM_096,Savings
ACC_010341,CUST_08320,Savings,2024-01-30,31041.68,BR020,RM_055,Savings
ACC_010342,CUST_05434,Savings,2026-02-01,22385.54,BR022,RM_041,Savings
ACC_010343,CUST_04510,Savings,2025-01-14,131126.61,BR016,RM_032,Savings
ACC_010344,CUST_03940,Salary,2026-07-18,1071.48,BR003,RM_061,Salary
ACC_010345,CUST_01929,Savings,2026-04-19,54568.66,BR026,RM_012,Savings
ACC_010346,CUST_01300,Savings,2023-05-18,52484.31,BR031,RM_081,Savings
ACC_010347,CUST_05688,Savings,2025-04-26,204440.35,BR004,RM_012,Savings
ACC_010348,CUST_09667,Savings,2022-11-23,36576.14,BR028,RM_099,Savings
ACC_010349,CUST_09738,Savings,2026-06-15,6378.26,BR035,RM_063,Savings
ACC_010350,CUST_02121,Salary,2024-06-04,12743.72,BR039,RM_019,Salary
ACC_010351,CUST_07632,Salary,2026-08-12,20407.37,BR049,RM_076,Salary
ACC_010352,CUST_03764,Savings,2026-03-11,34935.16,BR012,RM_056,Savings
ACC_010353,CUST_00769,Current,2026-06-10,11544.43,BR040,RM_048,Current
ACC_010354,CUST_04500,Savings,2024-11-10,13447.78,BR013,RM_058,Savings
ACC_010355,CUST_09644,Salary,2021-08-26,2401.57,BR035,RM_005,Salary
ACC_010356,CUST_06716,Savings,2026-05-05,17361.44,BR034,RM_018,Savings
ACC_010357,CUST_05546,Current,2027-05-11,40111.17,BR038,RM_028,Current
ACC_010358,CUST_05727,Savings,2022-12-01,16859.73,BR007,RM_027,Savings
ACC_010359,CUST_09527,Current,2025-09-27,2816.21,BR038,RM_040,Current
ACC_010360,CUST_08804,Current,2026-05-21,13227.31,BR012,RM_074,Current
ACC_010361,CUST_05849,Salary,2026-08-06,63998.8,BR022,RM_094,Salary
ACC_010362,CUST_02226,Savings,2025-11-07,4113.03,BR013,RM_071,Savings
ACC_010363,CUST_06470,Savings,2025-05-31,12015.84,BR020,RM_001,Savings
ACC_010364,CUST_07578,Savings,2025-03-18,227355.5,BR043,RM_084,Savings
ACC_010365,CUST_05451,Savings,2026-03-17,7905.3,BR007,RM_030,Savings
ACC_010366,CUST_05137,Savings,2026-01-05,68651.87,BR022,RM_027,Savings
ACC_010367,CUST_01724,Current,2022-03-26,1233.22,BR008,RM_053,Current
ACC_010368,CUST_04385,Salary,2025-02-08,198940.31,BR048,RM_086,Salary
ACC_010369,CUST_07488,Savings,2026-06-17,16523.55,BR001,RM_039,Savings
ACC_010370,CUST_06744,Savings,2024-04-05,1432.25,BR013,RM_093,Savings
ACC_010371,CUST_07895,Savings,2026-04-13,278.31,BR013,RM_097,Savings
ACC_010372,CUST_06170,Savings,2026-05-29,39220.16,BR043,RM_009,Savings
ACC_010373,CUST_04417,Current,2024-09-23,1667.32,BR023,RM_010,Current
ACC_010374,CUST_06187,Savings,2026-07-06,10146.98,BR031,RM_063,Savings
ACC_010375,CUST_00140,Current,2024-03-14,11081.86,BR021,RM_080,Current
ACC_010376,CUST_02068,Current,2025-09-21,6888.95,BR009,RM_069,Current
ACC_010377,CUST_05717,Savings,2026-05-13,83856.06,BR015,RM_076,Savings
ACC_010378,CUST_06116,Savings,2027-01-15,53845.35,BR025,RM_052,Savings
ACC_010379,CUST_04873,Current,2025-05-29,53801.22,BR028,RM_079,Current
ACC_010380,CUST_06499,Savings,2025-03-20,33428.45,BR023,RM_018,Savings
ACC_010381,CUST_10163,Current,2026-06-20,1284.16,BR033,RM_059,Current
ACC_010382,CUST_00952,Current,2026-07-21,29944.67,BR012,RM_017,Current
ACC_010383,CUST_04128,Savings,2025-05-22,6544.94,BR040,RM_026,Savings
ACC_010384,CUST_09968,Savings,2025-08-25,354163.88,BR049,RM_029,Savings
ACC_010385,CUST_01334,Savings,2023-02-19,217644.34,BR029,RM_078,Savings
ACC_010386,CUST_08674,Salary,2024-02-18,354309.01,BR040,RM_048,Salary
ACC_010387,CUST_09065,Salary,2024-01-20,308.94,BR047,RM_016,Salary
ACC_010388,CUST_04550,Current,2026-04-04,6357.57,BR030,RM_087,Current
ACC_010389,CUST_05379,Current,2024-04-30,10052.37,BR038,RM_100,Current
ACC_010390,CUST_05415,Savings,2024-06-09,6113.52,BR040,RM_018,Savings
ACC_010391,CUST_09063,Savings,2022-09-09,11832.23,BR023,RM_098,Savings
ACC_010392,CUST_02701,Savings,2026-08-05,1753.15,BR038,RM_092,Savings
ACC_010393,CUST_01854,Savings,2023-12-27,49860.76,BR034,RM_083,Savings
ACC_010394,CUST_02711,Savings,2024-04-20,9021.84,BR004,RM_004,Savings
ACC_010395,CUST_10041,Current,2022-08-14,41168.6,BR034,RM_050,Current
ACC_010396,CUST_08914,Salary,2023-08-08,16582.0,BR041,RM_008,Salary
ACC_010397,CUST_06849,Current,2025-12-26,9388.61,BR006,RM_004,Current
ACC_010398,CUST_00124,Current,2024-06-02,13963.23,BR028,RM_081,Current
ACC_010399,CUST_06988,Savings,2025-02-17,16833.96,BR017,RM_019,Savings
ACC_010400,CUST_07569,Savings,2025-08-22,4368.05,BR021,RM_067,Savings
ACC_010401,CUST_07338,Savings,2023-12-21,10165.0,BR037,RM_008,Savings
ACC_010402,CUST_03569,Savings,2025-03-14,48398.79,BR043,RM_052,Savings
ACC_010403,CUST_05465,Savings,2026-07-20,33269.66,BR050,RM_072,Savings
ACC_010404,CUST_07674,Savings,2021-12-16,10153.9,BR047,RM_034,Savings
ACC_010405,CUST_05177,Savings,2026-07-14,57915.96,BR047,RM_096,Savings
ACC_010406,CUST_08305,Salary,2024-07-16,23077.64,BR041,RM_094,Salary
ACC_010407,CUST_04633,Savings,2025-10-11,5599.44,BR027,RM_025,Savings
ACC_010408,CUST_00362,Savings,2025-11-04,51011.27,BR001,RM_038,Savings
ACC_010409,CUST_08709,Savings,2026-03-10,14319.53,BR040,RM_011,Savings
ACC_010410,CUST_06620,Savings,2024-04-03,82062.11,BR039,RM_045,Savings
ACC_010411,CUST_01924,Savings,2025-05-13,29536.74,BR023,RM_089,Savings
ACC_010412,CUST_00604,Savings,2026-02-13,26289.53,BR016,RM_094,Savings
ACC_010413,CUST_07006,Savings,2023-05-09,14047.91,BR017,RM_093,Savings
ACC_010414,CUST_06573,Savings,2024-03-09,4262.22,BR022,RM_057,Savings
ACC_010415,CUST_04854,Salary,2025-07-31,4302.93,BR039,RM_096,Salary
ACC_010416,CUST_06962,Savings,2023-11-15,196667.04,BR021,RM_010,Savings
ACC_010417,CUST_04267,Salary,2025-11-30,39788.75,BR015,RM_094,Salary
ACC_010418,CUST_03543,Savings,2025-11-05,21912.7,BR023,RM_013,Savings
ACC_010419,CUST_01629,Savings,2021-07-16,11505.83,BR042,RM_088,Savings
ACC_010420,CUST_06713,Savings,2024-03-09,8185.51,BR003,RM_100,Savings
ACC_010421,CUST_07155,Savings,2025-11-12,3142.51,BR039,RM_055,Savings
ACC_010422,CUST_05316,Current,2025-11-21,1938.63,BR030,RM_067,Current
ACC_010423,CUST_07040,Savings,2026-08-18,477967.51,BR042,RM_075,Savings
ACC_010424,CUST_00893,Savings,2025-03-14,90296.48,BR039,RM_092,Savings
ACC_010425,CUST_04093,Savings,2026-06-19,37134.07,BR015,RM_009,Savings
ACC_010426,CUST_05434,Savings,2025-10-07,555.63,BR035,RM_005,Savings
ACC_010427,CUST_03773,Current,2025-10-27,35421.11,BR028,RM_072,Current
ACC_010428,CUST_02475,Savings,2024-03-22,2570.19,BR036,RM_068,Savings
ACC_010429,CUST_02976,Savings,2025-12-31,68183.27,BR032,RM_043,Savings
ACC_010430,CUST_09634,Savings,2026-08-06,4957.74,BR023,RM_082,Savings
ACC_010431,CUST_01274,Savings,2025-05-22,23788.74,BR002,RM_080,Savings
ACC_010432,CUST_02434,Current,2025-04-01,70303.53,BR011,RM_042,Current
ACC_010433,CUST_09395,Savings,2026-08-12,11325.51,BR002,RM_009,Savings
ACC_010434,CUST_07533,Savings,2026-06-03,-753.16,BR031,RM_099,Savings
ACC_010435,CUST_00951,Savings,2025-08-17,13377.37,BR028,RM_075,Savings
ACC_010436,CUST_09115,Salary,2024-07-28,31627.21,BR009,RM_015,Salary
ACC_010437,CUST_01837,Savings,2026-07-04,5149.54,BR021,RM_073,Savings
ACC_010438,CUST_05314,Salary,2024-08-11,16270.01,BR003,RM_048,Salary
ACC_010439,CUST_03796,Savings,2026-04-19,4568.89,BR016,RM_060,Savings
ACC_010440,CUST_06764,Current,2024-11-30,219524.67,BR045,RM_093,Current
ACC_010441,CUST_07709,Savings,2026-04-01,138720.67,BR044,RM_023,Savings
ACC_010442,CUST_02179,Savings,2024-07-12,6925.27,BR020,RM_037,Savings
ACC_010443,CUST_02164,Savings,2025-03-20,21244.38,BR026,RM_014,Savings
ACC_010444,CUST_01519,Savings,2024-05-22,6132.93,BR045,RM_078,Savings
ACC_010445,CUST_04774,Savings,2026-06-19,21515.15,BR026,RM_008,Savings
ACC_010446,CUST_08259,Current,2024-04-08,17962.69,BR028,RM_099,Current
ACC_010447,CUST_02862,Current,2024-10-13,9711.64,BR008,RM_027,Current
ACC_010448,CUST_07638,Current,2026-08-06,58776.42,BR029,RM_097,Current
ACC_010449,CUST_02336,Salary,2026-05-11,-2920.81,BR030,RM_034,Salary
ACC_010450,CUST_00614,Savings,2023-07-20,21179.62,BR021,RM_042,Savings
ACC_010451,CUST_04796,Savings,2024-06-03,20563.76,BR042,RM_047,Savings
ACC_010452,CUST_06845,Savings,2024-10-23,2523.6,BR039,RM_050,Savings
ACC_010453,CUST_03135,Current,2026-05-23,2534.84,BR040,RM_064,Current
ACC_010454,CUST_03090,Savings,2025-09-12,30157.77,BR029,RM_006,Savings
ACC_010455,CUST_07741,Salary,2026-01-08,1617.29,BR017,RM_039,Salary
ACC_010456,CUST_07722,Savings,2026-05-04,30658.68,BR013,RM_050,Savings
ACC_010457,CUST_07929,Salary,2025-01-15,157625.74,BR046,RM_100,Salary
ACC_010458,CUST_07240,Savings,2024-03-01,57802.95,BR042,RM_097,Savings
ACC_010459,CUST_09093,Salary,2024-08-20,3463.85,BR030,RM_017,Salary
ACC_010460,CUST_09836,Savings,2025-01-10,15348.67,BR029,RM_069,Savings
ACC_010461,CUST_00135,Savings,2024-05-12,22313.15,BR036,RM_034,Savings
ACC_010462,CUST_06701,Savings,2026-06-22,7634.39,BR018,RM_053,Savings
ACC_010463,CUST_07386,Savings,2024-10-11,4566.55,BR045,RM_077,Savings
ACC_010464,CUST_04193,Savings,2023-10-06,194734.04,BR020,RM_030,Savings
ACC_010465,CUST_03367,Savings,2026-07-18,4101.53,BR017,RM_042,Savings
ACC_010466,CUST_08627,Savings,2026-04-26,1002.38,BR043,RM_065,Savings
ACC_010467,CUST_01499,Savings,2023-11-23,13765.16,BR018,RM_091,Savings
ACC_010468,CUST_08441,Savings,2024-11-17,7367.63,BR019,RM_059,Savings
ACC_010469,CUST_06936,Current,2025-02-05,7498.55,BR009,RM_030,Current
ACC_010470,CUST_03558,Savings,2025-10-06,6040.28,BR006,RM_039,Savings
ACC_010471,CUST_03464,Savings,2026-08-07,10386.14,BR002,RM_076,Savings
ACC_010472,CUST_02791,Savings,2025-11-16,14732.82,BR013,RM_009,Savings
ACC_010473,CUST_04873,Savings,2025-02-12,6746.31,BR045,RM_052,Savings
ACC_010474,CUST_05715,Salary,2026-05-30,34750.48,BR017,RM_047,Salary
ACC_010475,CUST_02480,Salary,2026-12-06,8201.6,BR001,RM_050,Salary
ACC_010476,CUST_04648,Savings,2024-11-16,1529.18,BR025,RM_065,Savings
ACC_010477,CUST_05733,Salary,2024-10-17,70291.48,BR008,RM_019,Salary
ACC_010478,CUST_02790,Savings,2024-05-26,41335.44,BR006,RM_021,Savings
ACC_010479,CUST_05527,Savings,2025-05-15,4566.8,BR011,RM_087,Savings
ACC_010480,CUST_07861,Savings,2024-10-21,5524.9,BR004,RM_028,Savings
ACC_010481,CUST_04057,Savings,2025-10-31,591.01,BR020,RM_054,Savings
ACC_010482,CUST_08832,Current,2026-02-21,10032.45,BR004,RM_026,Current
ACC_010483,CUST_04795,Savings,2025-04-26,17485.31,BR001,RM_067,Savings
ACC_010484,CUST_09153,Savings,2025-10-26,22440.77,BR044,RM_017,Savings
ACC_010485,CUST_05196,Savings,2025-12-01,3204.9,BR043,RM_069,Savings
ACC_010486,CUST_00060,Savings,2026-03-10,43419.81,BR048,RM_068,Savings
ACC_010487,CUST_04934,Salary,2022-01-06,2390.14,BR040,RM_024,Salary
ACC_010488,CUST_08699,Savings,2024-10-11,134828.0,BR027,RM_031,Savings
ACC_010489,CUST_04969,Savings,2025-03-15,22385.74,BR036,RM_063,Savings
ACC_010490,CUST_04706,Savings,2025-04-20,45945.08,BR006,RM_083,Savings
ACC_010491,CUST_10077,Savings,2023-10-02,1300.27,BR040,RM_038,Savings
ACC_010492,CUST_09599,Savings,2021-12-24,12793.68,BR029,RM_052,Savings
ACC_010493,CUST_08732,Savings,2025-06-03,177104.05,BR035,RM_001,Savings
ACC_010494,CUST_03024,Savings,2023-11-03,7795.18,BR012,RM_019,Savings
ACC_010495,CUST_01192,Salary,2023-08-06,40518.63,BR045,RM_004,Salary
ACC_010496,CUST_01987,Savings,2024-02-17,29088.22,BR043,RM_041,Savings
ACC_010497,CUST_00770,Savings,2025-06-22,11852.67,BR046,RM_100,Savings
ACC_010498,CUST_07300,Current,2025-09-22,11675.54,BR018,RM_035,Current
ACC_010499,CUST_09727,Current,2026-05-18,564472.47,BR025,RM_047,Current
ACC_010500,CUST_05262,Savings,2026-04-25,113974.71,BR032,RM_094,Savings
ACC_010501,CUST_00950,Savings,2025-12-24,12049.17,BR017,RM_017,Savings
ACC_010502,CUST_01413,Current,2024-12-14,10679.82,BR010,RM_017,Current
ACC_010503,CUST_08224,Savings,2026-05-19,2356.41,BR028,RM_018,Savings
ACC_010504,CUST_07540,Savings,2025-01-29,35419.52,BR036,RM_062,Savings
ACC_010505,CUST_06189,Salary,2025-10-08,4529.72,BR024,RM_090,Salary
ACC_010506,CUST_09206,Savings,2023-08-10,29822.92,BR027,RM_026,Savings
ACC_010507,CUST_04285,Savings,2024-01-06,40870.97,BR022,RM_010,Savings
ACC_010508,CUST_08318,Savings,2025-12-11,115985.74,BR023,RM_085,Savings
ACC_010509,CUST_00956,Current,2025-12-01,9232.56,BR037,RM_015,Current
ACC_010510,CUST_05481,Savings,2026-05-26,972.72,BR018,RM_092,Savings
ACC_010511,CUST_10024,Current,2026-01-07,3992.65,BR008,RM_036,Current
ACC_010512,CUST_04799,Savings,2026-11-16,3677.5,BR011,RM_074,Savings
ACC_010513,CUST_06712,Savings,2026-07-01,29761.6,BR020,RM_042,Savings
ACC_010514,CUST_00620,Savings,2026-08-13,6600.42,BR041,RM_009,Savings
ACC_010515,CUST_09217,Salary,2024-01-22,352883.25,BR008,RM_011,Salary
ACC_010516,CUST_04118,Current,2026-06-16,5356.41,BR024,RM_058,Current
ACC_010517,CUST_01406,Savings,2023-12-10,1252826.3,BR013,RM_041,Savings
ACC_010518,CUST_00114,Savings,2026-01-02,5353.56,BR005,RM_030,Savings
ACC_010519,CUST_02072,Salary,2024-11-16,32741.19,BR023,RM_013,Salary
ACC_010520,CUST_04298,Salary,2023-06-11,8604.97,BR017,RM_075,Salary
ACC_010521,CUST_10125,Savings,2026-02-16,8484.16,BR047,RM_003,Savings
ACC_010522,CUST_03883,Salary,2025-02-25,117509.31,BR038,RM_073,Salary
ACC_010523,CUST_02426,Savings,2022-06-23,9918.78,BR043,RM_049,Savings
ACC_010524,CUST_05242,Savings,2024-02-28,47028.47,BR023,RM_070,Savings
ACC_010525,CUST_09511,Savings,2025-05-06,53081.96,BR022,RM_090,Savings
ACC_010526,CUST_04754,Savings,2023-02-14,6880.66,BR045,RM_036,Savings
ACC_010527,CUST_07460,Current,2026-05-30,344385.8,BR028,RM_009,Current
ACC_010528,CUST_07981,Current,2025-05-15,37456.58,BR013,RM_097,Current
ACC_010529,CUST_03392,Salary,2025-04-20,14440.08,BR046,RM_086,Salary
ACC_010530,CUST_03761,Savings,2026-01-08,4786.39,BR018,RM_092,Savings
ACC_010531,CUST_06056,Savings,2024-12-14,21446.72,BR013,RM_023,Savings
ACC_010532,CUST_02014,Salary,2024-11-29,16498.4,BR029,RM_048,Salary
ACC_010533,CUST_08292,Savings,2025-10-28,64880.24,BR023,RM_006,Savings
ACC_010534,CUST_09969,Savings,2026-08-09,1414.66,BR015,RM_075,Savings
ACC_010535,CUST_05494,Savings,2025-09-05,13406.59,BR023,RM_084,Savings
ACC_010536,CUST_02163,Current,2023-01-02,150245.63,BR031,RM_038,Current
ACC_010537,CUST_08275,Savings,2025-06-08,3665.99,BR012,RM_084,Savings
ACC_010538,CUST_05455,Current,2025-03-10,41279.92,BR038,RM_051,Current
ACC_010539,CUST_03769,Savings,2026-01-24,1342.16,BR050,RM_060,Savings
ACC_010540,CUST_05585,Current,2024-11-18,19641.3,BR039,RM_030,Current
ACC_010541,CUST_04379,Current,2022-01-14,45786.56,BR032,RM_070,Current
ACC_010542,CUST_03252,Savings,2024-01-21,21585.17,BR016,RM_053,Savings
ACC_010543,CUST_07400,Savings,2025-04-15,3112.1,BR040,RM_038,Savings
ACC_010544,CUST_02298,Salary,2024-05-01,13740.36,BR015,RM_033,Salary
ACC_010545,CUST_00931,Current,2026-03-29,305315.55,BR026,RM_081,Current
ACC_010546,CUST_01603,Savings,2026-04-04,7138.84,BR029,RM_059,Savings
ACC_010547,CUST_07560,Current,2025-05-22,1492197.58,BR030,RM_038,Current
ACC_010548,CUST_06111,Savings,2025-10-09,62010.29,BR032,RM_022,Savings
ACC_010549,CUST_01495,Savings,2024-02-15,22261.3,BR039,RM_071,Savings
ACC_010550,CUST_06449,Savings,2024-02-27,14823.42,BR025,RM_055,Savings
ACC_010551,CUST_10165,Savings,2026-07-18,11020.22,BR027,RM_057,Savings
ACC_010552,CUST_02274,Savings,2022-09-22,2335.26,BR010,RM_025,Savings
ACC_010553,CUST_06937,Savings,2026-03-23,64763.32,BR047,RM_095,Savings
ACC_010554,CUST_04013,Savings,2022-07-28,4640.77,BR021,RM_013,Savings
ACC_010555,CUST_09287,Savings,2025-02-10,1111.81,BR011,RM_067,Savings
ACC_010556,CUST_10149,Salary,2026-06-18,243097.57,BR036,RM_059,Salary
ACC_010557,CUST_02306,Savings,2026-03-05,3685.02,BR011,RM_015,Savings
ACC_010558,CUST_08385,Savings,2024-10-19,4367.79,BR031,RM_072,Savings
ACC_010559,CUST_00173,Savings,2026-04-26,379.37,BR031,RM_099,Savings
ACC_010560,CUST_01860,Savings,2023-11-06,11174.08,BR044,RM_014,Savings
ACC_010561,CUST_04093,Savings,2024-11-07,32895.83,BR018,RM_088,Savings
ACC_010562,CUST_02123,Savings,2022-02-03,12792.76,BR002,RM_013,Savings
ACC_010563,CUST_01054,Current,2022-08-10,30737.26,BR020,RM_082,Current
ACC_010564,CUST_03712,Savings,2025-11-15,2163.68,BR026,RM_095,Savings
ACC_010565,CUST_06270,Savings,2024-02-05,2860.57,BR035,RM_043,Savings
ACC_010566,CUST_09807,Savings,2023-04-03,14953.89,BR032,RM_048,Savings
ACC_010567,CUST_02334,Savings,2025-09-06,948828.25,BR015,RM_011,Savings
ACC_010568,CUST_07265,Savings,2026-05-21,124167.83,BR017,RM_026,Savings
ACC_010569,CUST_03026,Salary,2024-10-27,627.32,BR049,RM_045,Salary
ACC_010570,CUST_06960,Savings,2026-05-05,888.09,BR031,RM_085,Savings
ACC_010571,CUST_04486,Current,2025-12-10,41627.39,BR026,RM_084,Current
ACC_010572,CUST_07344,Salary,2026-04-09,6803.81,BR001,RM_060,Salary
ACC_010573,CUST_04184,Current,2024-12-07,3669.86,BR047,RM_097,Current
ACC_010574,CUST_03164,Savings,2024-11-24,17736.5,BR040,RM_068,Savings
ACC_010575,CUST_10111,Savings,2025-02-07,15776.68,BR042,RM_015,Savings
ACC_010576,CUST_03918,Current,2024-01-09,21456.92,BR002,RM_012,Current
ACC_010577,CUST_03000,Savings,2023-04-23,7559.87,BR024,RM_070,Savings
ACC_010578,CUST_00610,Savings,2026-02-28,9754.42,BR041,RM_099,Savings
ACC_010579,CUST_04002,Current,2026-08-11,2546.84,BR019,RM_045,Current
ACC_010580,CUST_00673,Savings,2025-12-27,13679.08,BR018,RM_098,Savings
ACC_010581,CUST_03356,Savings,2022-06-28,6074.57,BR046,RM_016,Savings
ACC_010582,CUST_08569,Salary,2025-06-08,45155.8,BR007,RM_067,Salary
ACC_010583,CUST_02027,Current,2025-04-13,69044.1,BR027,RM_039,Current
ACC_010584,CUST_08662,Current,2025-03-06,11313.23,BR021,RM_020,Current
ACC_010585,CUST_00731,Savings,2021-11-08,18676.4,BR026,RM_014,Savings
ACC_010586,CUST_04013,Savings,2024-09-12,27192.53,BR027,RM_014,Savings
ACC_010587,CUST_01324,Savings,2024-11-12,25948.82,BR044,RM_004,Savings
ACC_010588,CUST_04485,Savings,2023-05-03,10746.53,BR036,RM_002,Savings
ACC_010589,CUST_05284,Savings,2025-01-16,16171.03,BR004,RM_029,Savings
ACC_010590,CUST_05438,Savings,2026-02-23,2374.9,BR049,RM_058,Savings
ACC_010591,CUST_01784,Savings,2024-08-12,51169.69,BR005,RM_099,Savings
ACC_010592,CUST_07941,Savings,2025-02-01,4981.69,BR047,RM_015,Savings
ACC_010593,CUST_00806,Savings,2022-01-27,7781.79,BR040,RM_067,Savings
ACC_010594,CUST_00522,Savings,2025-08-24,136593.74,BR033,RM_037,Savings
ACC_010595,CUST_01790,Savings,2025-11-12,108272.14,BR020,RM_037,Savings
ACC_010596,CUST_06502,Savings,2023-08-28,540007.18,BR019,RM_042,Savings
ACC_010597,CUST_09727,Salary,2026-07-08,311955.04,BR046,RM_066,Salary
ACC_010598,CUST_06042,Savings,2025-07-07,3153.82,BR039,RM_022,Savings
ACC_010599,CUST_10040,Savings,2023-04-10,19634.52,BR013,RM_068,Savings
ACC_010600,CUST_09962,Savings,2024-12-06,106861.41,BR027,RM_077,Savings
ACC_010601,CUST_09632,Savings,2026-01-22,15062.47,BR011,RM_098,Savings
ACC_010602,CUST_06902,Savings,2025-06-11,49514.9,BR044,RM_096,Savings
ACC_010603,CUST_01173,Savings,2024-08-07,14380.88,BR010,RM_028,Savings
ACC_010604,CUST_05548,Salary,2025-03-11,753.29,BR024,RM_072,Salary
ACC_010605,CUST_08504,Savings,2025-09-26,9921.02,BR045,RM_035,Savings
ACC_010606,CUST_09238,Savings,2025-10-19,28483.74,BR026,RM_003,Savings
ACC_010607,CUST_01368,Savings,2026-05-30,29661.52,BR024,RM_008,Savings
ACC_010608,CUST_00653,Current,2026-03-10,66154.05,BR046,RM_080,Current
ACC_010609,CUST_08975,Savings,2026-01-11,2168.68,BR044,RM_039,Savings
ACC_010610,CUST_06512,Savings,2025-04-19,5488.18,BR023,RM_062,Savings
ACC_010611,CUST_08547,Savings,2024-03-09,9139.42,BR050,RM_054,Savings
ACC_010612,CUST_06120,Savings,2026-04-30,9260.57,BR035,RM_099,Savings
ACC_010613,CUST_02117,Salary,2026-05-17,45467.2,BR050,RM_010,Salary
ACC_010614,CUST_08470,Savings,2025-11-28,72468.14,BR011,RM_087,Savings
ACC_010615,CUST_03442,Savings,2022-12-28,7491.04,BR048,RM_061,Savings
ACC_010616,CUST_04137,Savings,2026-07-27,14800.64,BR038,RM_051,Savings
ACC_010617,CUST_02313,Current,2025-08-16,107609.35,BR044,RM_092,Current
ACC_010618,CUST_08126,Savings,2025-03-20,50810.36,BR023,RM_089,Savings
ACC_010619,CUST_02537,Savings,2024-06-19,121553.86,BR048,RM_060,Savings
ACC_010620,CUST_01322,Savings,2024-12-03,1922.5,BR002,RM_032,Savings
ACC_010621,CUST_01025,Savings,2026-07-23,6610.22,BR013,RM_078,Savings
ACC_010622,CUST_09240,Salary,2024-01-06,4281.02,BR036,RM_052,Salary
ACC_010623,CUST_05953,Savings,2026-06-22,208420.47,BR002,RM_041,Savings
ACC_010624,CUST_00669,Savings,2022-10-31,99531.0,BR008,RM_008,Savings
ACC_010625,CUST_06148,Current,2023-12-11,53548.29,BR046,RM_013,Current
ACC_010626,CUST_09074,Current,2024-08-16,38703.61,BR026,RM_012,Current
ACC_010627,CUST_03635,Savings,2025-03-21,6080.43,BR002,RM_003,Savings
ACC_010628,CUST_07313,Current,2024-01-07,6520.32,BR048,RM_046,Current
ACC_010629,CUST_01541,Savings,2026-03-28,56745.9,BR032,RM_090,Savings
ACC_010630,CUST_02994,Savings,2025-10-29,13873.12,BR022,RM_015,Savings
ACC_010631,CUST_06109,Savings,2025-04-02,17478.51,BR043,RM_009,Savings
ACC_010632,CUST_08939,Savings,2026-07-06,514748.68,BR024,RM_038,Savings
ACC_010633,CUST_07275,Salary,2023-03-29,47203.49,BR035,RM_099,Salary
ACC_010634,CUST_06892,Savings,2026-03-28,1565.19,BR005,RM_007,Savings
ACC_010635,CUST_05754,Savings,2025-06-30,27099.42,BR002,RM_089,Savings
ACC_010636,CUST_04045,Savings,2026-02-24,4215.03,BR044,RM_060,Savings
ACC_010637,CUST_03391,Salary,2026-08-12,284870.6,BR001,RM_059,Salary
ACC_010638,CUST_06193,Current,2025-09-06,15290.47,BR011,RM_062,Current
ACC_010639,CUST_09995,Savings,2025-09-25,862.49,BR010,RM_064,Savings
ACC_010640,CUST_02769,Savings,2023-07-13,16859.4,BR035,RM_045,Savings
ACC_010641,CUST_07020,Savings,2026-06-11,3436.46,BR011,RM_032,Savings
ACC_010642,CUST_02487,Savings,2024-11-29,4431.25,BR040,RM_084,Savings
ACC_010643,CUST_02657,Salary,2025-04-03,29490.34,BR033,RM_041,Salary
ACC_010644,CUST_04778,Savings,2026-01-25,32508.8,BR003,RM_059,Savings
ACC_010645,CUST_02510,Savings,2025-02-27,1407441.48,BR025,RM_023,Savings
ACC_010646,CUST_01306,Current,2026-06-30,69775.92,BR029,RM_036,Current
ACC_010647,CUST_01554,Current,2026-03-01,174907.64,BR007,RM_024,Current
ACC_010648,CUST_01633,Savings,2025-06-06,12407.74,BR016,RM_090,Savings
ACC_010649,CUST_03275,Current,2025-09-21,182652.31,BR048,RM_081,Current
ACC_010650,CUST_06637,Salary,2024-09-01,3078.1,BR016,RM_023,Salary
ACC_010651,CUST_04306,Savings,2026-07-21,19613.88,BR004,RM_073,Savings
ACC_010652,CUST_07358,Savings,2026-03-26,3236.58,BR020,RM_019,Savings
ACC_010653,CUST_01294,Savings,2023-02-21,12433.75,BR011,RM_004,Savings
ACC_010654,CUST_01462,Savings,2026-02-01,16856.26,BR012,RM_077,Savings
ACC_010655,CUST_07737,Savings,2024-01-20,8332.6,BR050,RM_022,Savings
ACC_010656,CUST_02142,Savings,2025-03-12,1388885.3,BR030,RM_082,Savings
ACC_010657,CUST_09009,Savings,2026-04-30,5067.68,BR041,RM_033,Savings
ACC_010658,CUST_04146,Savings,2025-10-02,5867.27,BR003,RM_077,Savings
ACC_010659,CUST_00828,Savings,2026-05-28,2420.16,BR039,RM_025,Savings
ACC_010660,CUST_06914,Savings,2023-12-27,8818.21,BR021,RM_073,Savings
ACC_010661,CUST_08284,Savings,2023-07-15,15079.87,BR014,RM_068,Savings
ACC_010662,CUST_03326,Salary,2025-09-15,6066.26,BR047,RM_019,Salary
ACC_010663,CUST_09165,Savings,2025-02-16,15862.06,BR016,RM_037,Savings
ACC_010664,CUST_05573,Savings,2024-11-18,10022.51,BR025,RM_094,Savings
ACC_010665,CUST_03183,Current,2022-11-21,2802.11,BR042,RM_070,Current
ACC_010666,CUST_02145,Salary,2026-05-14,11050.63,BR034,RM_056,Salary
ACC_010667,CUST_10194,Savings,2023-10-19,33521.14,BR011,RM_080,Savings
ACC_010668,CUST_07378,Savings,2026-03-31,15752.18,BR016,RM_035,Savings
ACC_010669,CUST_04139,Savings,2026-05-02,13094.81,BR009,RM_019,Savings
ACC_010670,CUST_00841,Savings,2024-01-04,13659.98,BR020,RM_006,Savings
ACC_010671,CUST_09984,Savings,2024-12-14,2723.53,BR002,RM_005,Savings
ACC_010672,CUST_01155,Salary,2026-08-07,-3820.95,BR043,RM_060,Salary
ACC_010673,CUST_06823,Savings,2025-02-24,26446.93,BR038,RM_033,Savings
ACC_010674,CUST_05780,Savings,2026-08-04,5981.52,BR037,RM_009,Savings
ACC_010675,CUST_07744,Current,2026-06-26,22231.01,BR038,RM_044,Current
ACC_010676,CUST_00625,Savings,2026-06-26,10923.09,BR047,RM_025,Savings
ACC_010677,CUST_01772,Salary,2023-09-11,3705.74,BR034,RM_078,Salary
ACC_010678,CUST_02666,Savings,2025-04-17,5780.82,BR018,RM_086,Savings
ACC_010679,CUST_00944,Savings,2024-12-04,31183.16,BR001,RM_010,Savings
ACC_010680,CUST_00277,Savings,2026-07-23,14072.6,BR021,RM_099,Savings
ACC_010681,CUST_10117,Savings,2024-11-11,244155.19,BR013,RM_059,Savings
ACC_010682,CUST_01743,Savings,2026-01-15,17405.48,BR047,RM_073,Savings
ACC_010683,CUST_05942,Savings,2024-11-27,7242.48,BR025,RM_050,Savings
ACC_010684,CUST_01730,Savings,2026-01-16,6518.11,BR023,RM_050,Savings
ACC_010685,CUST_06929,Salary,2026-08-01,96596.15,BR016,RM_043,Salary
ACC_010686,CUST_04438,Savings,2023-03-10,10608.2,BR034,RM_002,Savings
ACC_010687,CUST_04388,Savings,2025-09-14,73233.99,BR037,RM_021,Savings
ACC_010688,CUST_08887,Savings,2022-11-01,117283.5,BR041,RM_089,Savings
ACC_010689,CUST_01306,Savings,2024-06-09,161164.49,BR020,RM_055,Savings
ACC_010690,CUST_06422,Salary,2026-02-19,5366.68,BR041,RM_044,Salary
ACC_010691,CUST_01623,Savings,2026-06-28,24060.36,BR014,RM_075,Savings
ACC_010692,CUST_08678,Current,2024-12-02,48236.08,BR026,RM_011,Current
ACC_010693,CUST_08522,Savings,2026-05-19,44962.86,BR004,RM_063,Savings
ACC_010694,CUST_00615,Salary,2026-01-12,6022.47,BR002,RM_040,Salary
ACC_010695,CUST_00485,Savings,2025-02-26,973.4,BR028,RM_023,Savings
ACC_010696,CUST_01865,Salary,2025-05-12,323358.79,BR027,RM_033,Salary
ACC_010697,CUST_07464,Savings,2022-07-26,190261.62,BR031,RM_076,Savings
ACC_010698,CUST_02103,Savings,2026-08-14,5228.28,BR005,RM_001,Savings
ACC_010699,CUST_03339,Savings,2024-05-09,9085.45,BR041,RM_006,Savings
ACC_010700,CUST_05997,Current,2025-05-27,2865853.44,BR002,RM_004,Current
ACC_010701,CUST_06948,Savings,2025-01-17,44582.54,BR004,RM_053,Savings
ACC_010702,CUST_07786,Current,2026-06-18,775.38,BR029,RM_004,Current
ACC_010703,CUST_02778,Savings,2026-03-11,-1415.89,BR039,RM_037,Savings
ACC_010704,CUST_00944,Savings,2025-06-01,5939.45,BR002,RM_060,Savings
ACC_010705,CUST_03476,Savings,2026-05-16,4733.56,BR049,RM_048,Savings
ACC_010706,CUST_07995,Savings,2024-10-29,23834.29,BR021,RM_022,Savings
ACC_010707,CUST_09354,Current,2025-03-14,115458.76,BR040,RM_038,Current
ACC_010708,CUST_01720,Savings,2025-05-07,194455.85,BR008,RM_084,Savings
ACC_010709,CUST_01927,Savings,2026-07-24,107413.91,BR021,RM_073,Savings
ACC_010710,CUST_00607,Savings,2026-02-01,33068.59,BR016,RM_047,Savings
ACC_010711,CUST_04026,Savings,2026-05-11,208717.58,BR005,RM_034,Savings
ACC_010712,CUST_00471,Savings,2025-12-10,35257.95,BR019,RM_056,Savings
ACC_010713,CUST_01847,Savings,2025-02-07,14968.65,BR012,RM_067,Savings
ACC_010714,CUST_01124,Savings,2025-05-19,122949.61,BR050,RM_040,Savings
ACC_010715,CUST_05352,Savings,2023-10-02,15252.79,BR002,RM_080,Savings
ACC_010716,CUST_01480,Savings,2025-05-08,17669.16,BR010,RM_026,Savings
ACC_010717,CUST_00821,Savings,2025-12-19,20915.08,BR022,RM_018,Savings
ACC_010718,CUST_07321,Savings,2026-04-22,13254.42,BR042,RM_074,Savings
ACC_010719,CUST_05149,Savings,2024-05-31,145901.34,BR004,RM_011,Savings
ACC_010720,CUST_05880,Current,2026-01-23,10880.61,BR036,RM_029,Current
ACC_010721,CUST_00307,Savings,2023-06-26,22337.89,BR011,RM_030,Savings
ACC_010722,CUST_00676,Savings,2022-09-18,95433.89,BR004,RM_048,Savings
ACC_010723,CUST_06634,Salary,2026-11-27,46349.27,BR015,RM_023,Salary
ACC_010724,CUST_01482,Current,2026-06-14,5090.76,BR012,RM_003,Current
ACC_010725,CUST_08665,Salary,2024-11-05,12034.07,BR011,RM_025,Salary
ACC_010726,CUST_02539,Savings,2025-06-07,47415.72,BR024,RM_081,Savings
ACC_010727,CUST_07620,Savings,2026-04-14,38216.62,BR043,RM_006,Savings
ACC_010728,CUST_05709,Savings,2025-07-06,12071.99,BR033,RM_082,Savings
ACC_010729,CUST_09626,Savings,2025-05-24,157534.3,BR008,RM_068,Savings
ACC_010730,CUST_02784,Savings,2026-03-20,164725.87,BR024,RM_055,Savings
ACC_010731,CUST_00268,Salary,2024-05-23,8011.48,BR015,RM_009,Salary
ACC_010732,CUST_05302,Savings,2026-02-15,1110.45,BR036,RM_006,Savings
ACC_010733,CUST_03649,Savings,2025-08-13,2908.26,BR037,RM_054,Savings
ACC_010734,CUST_07362,Savings,2023-06-29,6917.18,BR043,RM_008,Savings
ACC_010735,CUST_07672,Savings,2023-01-07,502239.68,BR035,RM_011,Savings
ACC_010736,CUST_01326,Savings,2026-07-28,26680.49,BR003,RM_062,Savings
ACC_010737,CUST_00841,Savings,2024-04-24,5040.96,BR043,RM_036,Savings
ACC_010738,CUST_07739,Savings,2025-05-03,596293.41,BR033,RM_086,Savings
ACC_010739,CUST_01461,Savings,2022-08-11,8046.0,BR032,RM_081,Savings
ACC_010740,CUST_07905,Salary,2025-11-20,5245.99,BR008,RM_080,Salary
ACC_010741,CUST_01932,Savings,2026-05-02,6389.08,BR015,RM_008,Savings
ACC_010742,CUST_01483,Savings,2023-07-28,29559.38,BR047,RM_013,Savings
ACC_010743,CUST_01808,Salary,2026-03-03,7373.87,BR035,RM_087,Salary
ACC_010744,CUST_04435,Savings,2026-03-09,46721.12,BR003,RM_037,Savings
ACC_010745,CUST_07038,Savings,2026-05-15,28601.36,BR039,RM_059,Savings
ACC_010746,CUST_01414,Savings,2024-12-05,2652.15,BR015,RM_084,Savings
ACC_010747,CUST_09086,Savings,2025-10-17,226176.39,BR023,RM_074,Savings
ACC_010748,CUST_09988,Savings,2023-05-29,4388.04,BR043,RM_069,Savings
ACC_010749,CUST_02009,Savings,2026-03-22,4223.62,BR028,RM_057,Savings
ACC_010750,CUST_02007,Current,2025-08-28,651487.17,BR049,RM_002,Current
ACC_010751,CUST_08253,Salary,2026-05-30,66458.47,BR016,RM_027,Salary
ACC_010752,CUST_03042,Savings,2026-08-14,24297.67,BR003,RM_099,Savings
ACC_010753,CUST_08616,Savings,2027-04-18,4861.71,BR010,RM_034,Savings
ACC_010754,CUST_02129,Savings,2025-11-16,-3858.08,BR008,RM_060,Savings
ACC_010755,CUST_03998,Current,2022-10-22,33750.27,BR029,RM_089,Current
ACC_010756,CUST_00296,Savings,2026-03-05,217899.04,BR013,RM_032,Savings
ACC_010757,CUST_06411,Savings,2026-02-26,2801.96,BR007,RM_048,Savings
ACC_010758,CUST_06713,Salary,2025-01-19,4208.39,BR001,RM_037,Salary
ACC_010759,CUST_06229,Savings,2024-11-25,4317.36,BR034,RM_013,Savings
ACC_010760,CUST_03132,Current,2024-07-22,5367.43,BR040,RM_033,Current
ACC_010761,CUST_01893,Savings,2026-08-14,22022.61,BR021,RM_016,Savings
ACC_010762,CUST_02067,Savings,2027-05-18,4234.67,BR042,RM_004,Savings
ACC_010763,CUST_09912,Savings,2026-05-23,34964.97,BR032,RM_049,Savings
ACC_010764,CUST_04312,Savings,2024-08-16,4623.36,BR039,RM_034,Savings
ACC_010765,CUST_01071,Savings,2025-01-05,127295.29,BR042,RM_060,Savings
ACC_010766,CUST_05086,Savings,2025-08-01,5467.06,BR013,RM_040,Savings
ACC_010767,CUST_07895,Savings,2024-05-19,8645.67,BR001,RM_023,Savings
ACC_010768,CUST_04649,Savings,2026-04-11,664081.77,BR036,RM_081,Savings
ACC_010769,CUST_06052,Salary,2026-04-13,1673.57,BR023,RM_080,Salary
ACC_010770,CUST_05725,Savings,2025-09-17,10330.34,BR016,RM_040,Savings
ACC_010771,CUST_09064,Savings,2026-08-01,11175.1,BR042,RM_005,Savings
ACC_010772,CUST_04409,Savings,2025-11-18,43283.64,BR009,RM_056,Savings
ACC_010773,CUST_10173,Salary,2025-11-11,22939.46,BR013,RM_042,Salary
ACC_010774,CUST_03819,Savings,2026-04-30,5309.22,BR002,RM_021,Savings
ACC_010775,CUST_00980,Current,2025-09-03,42363.9,BR031,RM_006,Current
ACC_010776,CUST_03105,Savings,2026-04-12,931.05,BR049,RM_051,Savings
ACC_010777,CUST_05403,Savings,2025-08-21,-307.34,BR034,RM_044,Savings
ACC_010778,CUST_04791,Savings,2025-12-18,5371.97,BR045,RM_070,Savings
ACC_010779,CUST_09910,Salary,2026-05-20,6425.84,BR032,RM_056,Salary
ACC_010780,CUST_02461,Savings,2022-04-27,119044.64,BR041,RM_054,Savings
ACC_010781,CUST_03795,Current,2024-08-31,420098.92,BR048,RM_072,Current
ACC_010782,CUST_10108,Current,2023-10-12,8796.74,BR050,RM_024,Current
ACC_010783,CUST_01663,Salary,2025-06-24,81263.93,BR038,RM_099,Salary
ACC_010784,CUST_09009,Savings,2026-05-10,26422.53,BR038,RM_052,Savings
ACC_010785,CUST_07382,Savings,2025-06-07,26435.05,BR012,RM_061,Savings
ACC_010786,CUST_03913,Savings,2024-04-11,8881.45,BR001,RM_005,Savings
ACC_010787,CUST_07217,Savings,2023-12-15,9580.74,BR010,RM_004,Savings
ACC_010788,CUST_00874,Savings,2026-06-19,643.66,BR041,RM_058,Savings
ACC_010789,CUST_07089,Salary,2024-08-23,4208.01,BR019,RM_087,Salary
ACC_010790,CUST_06993,Savings,2024-10-01,239196.06,BR046,RM_055,Savings
ACC_010791,CUST_05462,Savings,2024-11-29,1657.7,BR004,RM_040,Savings
ACC_010792,CUST_09263,Savings,2024-10-09,22320.59,BR040,RM_073,Savings
ACC_010793,CUST_02197,Current,2025-12-20,45753.75,BR027,RM_011,Current
ACC_010794,CUST_00361,Savings,2025-03-11,6472.19,BR027,RM_081,Savings
ACC_010795,CUST_02510,Savings,2024-04-10,9481472.28,BR029,RM_097,Savings
ACC_010796,CUST_07931,Savings,2026-05-21,198089.65,BR002,RM_063,Savings
ACC_010797,CUST_08421,Current,2025-10-16,298862.61,BR002,RM_044,Current
ACC_010798,CUST_05511,Savings,2025-12-12,45692.92,BR044,RM_042,Savings
ACC_010799,CUST_06042,Salary,2026-04-01,105325.96,BR016,RM_070,Salary
ACC_010800,CUST_05762,Savings,2021-04-16,10361.68,BR033,RM_021,Savings
ACC_010801,CUST_02933,Current,2025-05-30,16860.56,BR027,RM_086,Current
ACC_010802,CUST_09045,Savings,2026-03-15,24090.55,BR048,RM_065,Savings
ACC_010803,CUST_00924,Savings,2026-02-26,15676.4,BR006,RM_091,Savings
ACC_010804,CUST_03342,Current,2026-07-02,61487.43,BR008,RM_082,Current
ACC_010805,CUST_04085,Savings,2026-04-12,5263.36,BR011,RM_069,Savings
ACC_010806,CUST_01349,Savings,2023-12-05,33897.74,BR020,RM_092,Savings
ACC_010807,CUST_09655,Current,2026-06-11,98220.89,BR016,RM_096,Current
ACC_010808,CUST_00951,Savings,2025-09-29,25595.81,BR034,RM_068,Savings
ACC_010809,CUST_04925,Current,2026-02-26,9410.34,BR021,RM_004,Current
ACC_010810,CUST_03916,Savings,2025-03-30,374.93,BR037,RM_067,Savings
ACC_010811,CUST_10105,Current,2025-11-19,13355.28,BR029,RM_005,Current
ACC_010812,CUST_03227,Current,2023-09-22,17194.31,BR016,RM_015,Current
ACC_010813,CUST_00286,Savings,2021-09-10,38633.76,BR017,RM_026,Savings
ACC_010814,CUST_04622,Savings,2024-05-22,15526.24,BR041,RM_042,Savings
ACC_010815,CUST_02854,Savings,2024-08-25,145948.2,BR014,RM_013,Savings
ACC_010816,CUST_03876,Savings,2024-11-10,6912.03,BR008,RM_051,Savings
ACC_010817,CUST_03417,Savings,2026-01-02,4822.25,BR035,RM_079,Savings
ACC_010818,CUST_07813,Current,2026-06-03,2001033.3,BR001,RM_069,Current
ACC_010819,CUST_07366,Savings,2024-05-09,6675.51,BR028,RM_016,Savings
ACC_010820,CUST_01954,Savings,2025-08-05,8979.43,BR032,RM_057,Savings
ACC_010821,CUST_07772,Savings,2026-06-04,96837.68,BR025,RM_026,Savings
ACC_010822,CUST_02581,Savings,2026-05-15,1566898.34,BR020,RM_092,Savings
ACC_010823,CUST_05887,Savings,2021-03-17,27114.89,BR032,RM_047,Savings
ACC_010824,CUST_09132,Salary,2025-09-16,151343.28,BR028,RM_076,Salary
ACC_010825,CUST_07566,Salary,2024-07-14,16748.79,BR028,RM_038,Salary
ACC_010826,CUST_01279,Savings,2026-07-10,25242.99,BR039,RM_035,Savings
ACC_010827,CUST_07783,Savings,2026-03-18,6349.37,BR029,RM_030,Savings
ACC_010828,CUST_10022,Savings,2026-03-25,13383.89,BR012,RM_086,Savings
ACC_010829,CUST_04973,Current,2026-08-06,167937.77,BR043,RM_030,Current
ACC_010830,CUST_00168,Salary,2024-08-28,7778.21,BR039,RM_034,Salary
ACC_010831,CUST_08663,Savings,2025-12-09,187419.02,BR007,RM_038,Savings
ACC_010832,CUST_02051,Savings,2025-05-20,19336.43,BR004,RM_049,Savings
ACC_010833,CUST_05688,Savings,2025-03-18,212.95,BR037,RM_038,Savings
ACC_010834,CUST_06752,Savings,2026-08-04,8398.43,BR010,RM_018,Savings
ACC_010835,CUST_08033,Savings,2026-07-30,4854.05,BR006,RM_030,Savings
ACC_010836,CUST_03280,Savings,2026-07-27,43097.97,BR002,RM_039,Savings
ACC_010837,CUST_02255,Salary,2024-10-02,9243.46,BR018,RM_029,Salary
ACC_010838,CUST_08838,Current,2023-06-09,6789.41,BR022,RM_039,Current
ACC_010839,CUST_06563,Savings,2026-07-07,6056.11,BR048,RM_017,Savings
ACC_010840,CUST_06244,Savings,2026-06-25,2551.18,BR004,RM_037,Savings
ACC_010841,CUST_01112,Savings,2026-05-29,13480.51,BR039,RM_088,Savings
ACC_010842,CUST_09495,Savings,2025-04-03,10209.27,BR024,RM_078,Savings
ACC_010843,CUST_01792,Savings,2025-01-26,186886.87,BR032,RM_084,Savings
ACC_010844,CUST_09960,Salary,2026-03-05,3155.96,BR026,RM_045,Salary
ACC_010845,CUST_00446,Savings,2025-01-21,295837.78,BR011,RM_030,Savings
ACC_010846,CUST_07197,Salary,2024-06-05,92618.7,BR049,RM_088,Salary
ACC_010847,CUST_02285,Savings,2025-08-20,2991.24,BR014,RM_019,Savings
ACC_010848,CUST_04857,Current,2026-07-13,356546.83,BR029,RM_005,Current
ACC_010849,CUST_06726,Savings,2022-11-26,28020.73,BR039,RM_034,Savings
ACC_010850,CUST_02052,Savings,2026-06-28,32998.09,BR034,RM_067,Savings
ACC_010851,CUST_06617,Savings,2026-06-27,168983.98,BR050,RM_099,Savings
ACC_010852,CUST_05223,Savings,2025-10-18,104017.37,BR023,RM_003,Savings
ACC_010853,CUST_00993,Salary,2024-03-17,25351.16,BR039,RM_041,Salary
ACC_010854,CUST_09684,Savings,2026-08-06,2429.36,BR027,RM_044,Savings
ACC_010855,CUST_04192,Savings,2024-02-13,80131.7,BR035,RM_054,Savings
ACC_010856,CUST_05188,Current,2025-12-25,5083.49,BR039,RM_080,Current
ACC_010857,CUST_08944,Savings,2026-04-22,64758.08,BR019,RM_066,Savings
ACC_010858,CUST_02941,Savings,2023-01-31,30964.73,BR017,RM_005,Savings
ACC_010859,CUST_04332,Savings,2021-07-02,5338.4,BR027,RM_057,Savings
ACC_010860,CUST_06961,Savings,2025-09-30,37815.52,BR002,RM_008,Savings
ACC_010861,CUST_02507,Savings,2026-07-31,194964.84,BR033,RM_083,Savings
ACC_010862,CUST_08515,Current,2023-06-14,37150.41,BR027,RM_049,Current
ACC_010863,CUST_04215,Current,2025-04-22,8305.72,BR007,RM_002,Current
ACC_010864,CUST_08263,Savings,2025-12-17,107241.97,BR003,RM_094,Savings
ACC_010865,CUST_01645,Savings,2023-09-03,14859.17,BR009,RM_081,Savings
ACC_010866,CUST_05503,Current,2026-02-19,25833.88,BR021,RM_042,Current
ACC_010867,CUST_06724,Savings,2026-03-10,3047.78,BR019,RM_015,Savings
ACC_010868,CUST_01816,Savings,2024-06-02,26975.64,BR026,RM_084,Savings
ACC_010869,CUST_05206,Savings,2026-04-04,12347.63,BR048,RM_002,Savings
ACC_010870,CUST_03899,Savings,2025-12-02,6055.59,BR001,RM_082,Savings
ACC_010871,CUST_09798,Current,2023-10-05,235310.28,BR019,RM_049,Current
ACC_010872,CUST_06693,Savings,2025-08-22,12382.78,BR033,RM_077,Savings
ACC_010873,CUST_08924,Savings,2025-04-16,153118.47,BR041,RM_069,Savings
ACC_010874,CUST_04943,Current,2024-11-14,52214.83,BR003,RM_085,Current
ACC_010875,CUST_09545,Savings,2026-08-12,92754.04,BR048,RM_086,Savings
ACC_010876,CUST_06585,Salary,2026-05-07,4555.56,BR021,RM_016,Salary
ACC_010877,CUST_01361,Savings,2025-05-30,1924.31,BR037,RM_010,Savings
ACC_010878,CUST_05393,Savings,2025-04-05,69928.86,BR050,RM_011,Savings
ACC_010879,CUST_05372,Savings,2026-03-25,7809.2,BR011,RM_093,Savings
ACC_010880,CUST_05432,Salary,2025-12-03,4507.31,BR030,RM_049,Salary
ACC_010881,CUST_07659,Current,2025-08-09,98434.35,BR019,RM_022,Current
ACC_010882,CUST_00571,Savings,2023-08-02,-202.09,BR017,RM_015,Savings
ACC_010883,CUST_01322,Savings,2025-05-20,37090.9,BR043,RM_091,Savings
ACC_010884,CUST_01153,Savings,2025-09-08,17376.29,BR048,RM_070,Savings
ACC_010885,CUST_01444,Savings,2025-12-06,6900.59,BR047,RM_073,Savings
ACC_010886,CUST_09224,Savings,2025-07-15,71802.26,BR018,RM_068,Savings
ACC_010887,CUST_02497,Savings,2026-02-03,35647.61,BR020,RM_067,Savings
ACC_010888,CUST_06833,Savings,2024-06-05,33192.33,BR033,RM_004,Savings
ACC_010889,CUST_09909,Savings,2025-10-10,22994.4,BR045,RM_047,Savings
ACC_010890,CUST_01460,Savings,2025-11-07,465.91,BR010,RM_002,Savings
ACC_010891,CUST_02274,Savings,2021-07-26,7619.7,BR032,RM_026,Savings
ACC_010892,CUST_09600,Savings,2025-06-03,11157.2,BR029,RM_027,Savings
ACC_010893,CUST_06146,Savings,2024-08-20,71841.48,BR023,RM_042,Savings
ACC_010894,CUST_07486,Savings,2024-03-21,6406.45,BR002,RM_048,Savings
ACC_010895,CUST_09433,Savings,2025-06-02,863845.57,BR045,RM_094,Savings
ACC_010896,CUST_01107,Savings,2026-08-13,11543.71,BR003,RM_090,Savings
ACC_010897,CUST_01457,Savings,2021-12-11,9953.8,BR048,RM_080,Savings
ACC_010898,CUST_02494,Savings,2025-03-10,171457.04,BR005,RM_020,Savings
ACC_010899,CUST_10016,Savings,2026-02-12,17525.49,BR032,RM_055,Savings
ACC_010900,CUST_02432,Current,2025-02-08,27804.94,BR029,RM_053,Current
ACC_010901,CUST_07150,Savings,2024-01-08,15804.35,BR044,RM_043,Savings
ACC_010902,CUST_02016,Savings,2021-07-15,3230.53,BR049,RM_075,Savings
ACC_010903,CUST_03318,Savings,2023-12-29,1573496.06,BR046,RM_014,Savings
ACC_010904,CUST_05862,Savings,2025-11-29,30449.61,BR024,RM_087,Savings
ACC_010905,CUST_07220,Savings,2025-06-27,23922.45,BR010,RM_011,Savings
ACC_010906,CUST_07498,Savings,2023-12-05,10860.65,BR002,RM_034,Savings
ACC_010907,CUST_09544,Savings,2026-07-05,687473.68,BR044,RM_029,Savings
ACC_010908,CUST_00031,Savings,2025-04-11,623.48,BR016,RM_014,Savings
ACC_010909,CUST_02426,Salary,2025-07-20,47389.95,BR011,RM_034,Salary
ACC_010910,CUST_05738,Salary,2025-10-24,14809.26,BR032,RM_089,Salary
ACC_010911,CUST_01546,Savings,2024-02-03,45684.92,BR021,RM_017,Savings
ACC_010912,CUST_00700,Savings,2026-06-14,10408.46,BR036,RM_049,Savings
ACC_010913,CUST_02985,Salary,2026-04-05,6195.91,BR045,RM_087,Salary
ACC_010914,CUST_08946,Savings,2025-12-11,17829.32,BR030,RM_013,Savings
ACC_010915,CUST_10144,Savings,2025-08-29,26192.06,BR015,RM_029,Savings
ACC_010916,CUST_01231,Savings,2021-12-28,9400.27,BR001,RM_093,Savings
ACC_010917,CUST_03272,Salary,2026-08-06,27107.96,BR031,RM_054,Salary
ACC_010918,CUST_05678,Savings,2025-07-27,56312.11,BR005,RM_024,Savings
ACC_010919,CUST_06690,Savings,2025-03-02,58334.67,BR010,RM_063,Savings
ACC_010920,CUST_09039,Savings,2026-06-07,2592.87,BR004,RM_059,Savings
ACC_010921,CUST_01067,Current,2025-10-20,37564.51,BR014,RM_064,Current
ACC_010922,CUST_01910,Savings,2025-10-11,886.56,BR045,RM_031,Savings
ACC_010923,CUST_07922,Savings,2025-12-05,16962.05,BR028,RM_086,Savings
ACC_010924,CUST_06427,Savings,2025-11-29,929.29,BR017,RM_050,Savings
ACC_010925,CUST_08968,Savings,2026-06-25,6762.99,BR039,RM_091,Savings
ACC_010926,CUST_05947,Salary,2024-11-02,2578.18,BR001,RM_036,Salary
ACC_010927,CUST_07275,Savings,2021-07-04,5461.62,BR012,RM_073,Savings
ACC_010928,CUST_03702,Current,2024-05-11,284938.48,BR025,RM_055,Current
ACC_010929,CUST_05869,Savings,2023-04-18,11707.12,BR036,RM_098,Savings
ACC_010930,CUST_01444,Current,2026-05-02,982.69,BR017,RM_092,Current
ACC_010931,CUST_03839,Savings,2024-08-20,5222.05,BR033,RM_089,Savings
ACC_010932,CUST_03443,Savings,2025-02-25,46279.32,BR010,RM_066,Savings
ACC_010933,CUST_01527,Savings,2024-02-22,6277.93,BR017,RM_099,Savings
ACC_010934,CUST_06383,Salary,2024-05-15,3436.98,BR031,RM_052,Salary
ACC_010935,CUST_04260,Current,2026-05-23,6256.19,BR036,RM_074,Current
ACC_010936,CUST_04780,Savings,2026-06-08,15476.47,BR044,RM_085,Savings
ACC_010937,CUST_08625,Savings,2023-06-16,3923.87,BR002,RM_075,Savings
ACC_010938,CUST_02121,Savings,2024-09-12,5321.96,BR028,RM_100,Savings
ACC_010939,CUST_05437,Savings,2025-11-22,37112.93,BR025,RM_039,Savings
ACC_010940,CUST_04753,Savings,2026-07-23,13076.7,BR020,RM_084,Savings
ACC_010941,CUST_06075,Savings,2025-09-16,1257.07,BR044,RM_027,Savings
ACC_010942,CUST_01457,Savings,2022-03-22,1995.14,BR012,RM_037,Savings
ACC_010943,CUST_03547,Savings,2022-01-29,4841.66,BR014,RM_052,Savings
ACC_010944,CUST_00978,Savings,2026-05-07,73982.36,BR049,RM_040,Savings
ACC_010945,CUST_09796,Savings,2026-07-28,345045.31,BR032,RM_095,Savings
ACC_010946,CUST_09356,Savings,2024-08-10,115696.83,BR004,RM_006,Savings
ACC_010947,CUST_09789,Savings,2025-06-11,26144.46,BR037,RM_017,Savings
ACC_010948,CUST_04685,Savings,2025-09-30,9131.93,BR029,RM_053,Savings
ACC_010949,CUST_00462,Savings,2024-06-03,1478.49,BR044,RM_002,Savings
ACC_010950,CUST_02086,Salary,2025-02-20,27731.46,BR032,RM_073,Salary
ACC_010951,CUST_07478,Savings,2025-08-01,14404.0,BR002,RM_011,Savings
ACC_010952,CUST_06015,Salary,2022-08-16,285917.57,BR050,RM_078,Salary
ACC_010953,CUST_04173,Savings,2024-07-17,2088.23,BR017,RM_059,Savings
ACC_010954,CUST_04239,Salary,2024-06-06,3983.47,BR018,RM_024,Salary
ACC_010955,CUST_04320,Savings,2026-01-29,3050.42,BR005,RM_079,Savings
ACC_010956,CUST_04215,Savings,2025-02-28,2844.96,BR008,RM_010,Savings
ACC_010957,CUST_03980,Savings,2024-07-27,7837.94,BR023,RM_086,Savings
ACC_010958,CUST_05845,Savings,2023-12-20,18984.3,BR037,RM_064,Savings
ACC_010959,CUST_04758,Current,2025-12-05,54939.31,BR032,RM_040,Current
ACC_010960,CUST_04682,Savings,2024-03-11,25646.06,BR037,RM_045,Savings
ACC_010961,CUST_08586,Savings,2026-05-13,6438.31,BR024,RM_028,Savings
ACC_010962,CUST_03004,Savings,2026-06-18,114454.8,BR035,RM_090,Savings
ACC_010963,CUST_09552,Savings,2024-12-05,10002.68,BR004,RM_063,Savings
ACC_010964,CUST_00924,Savings,2024-07-28,17953.36,BR012,RM_072,Savings
ACC_010965,CUST_06620,Savings,2024-02-05,38816.46,BR030,RM_092,Savings
ACC_010966,CUST_05666,Savings,2024-02-08,2766.41,BR043,RM_016,Savings
ACC_010967,CUST_00149,Salary,2023-03-13,5504.99,BR014,RM_020,Salary
ACC_010968,CUST_07805,Savings,2025-09-06,17095.62,BR040,RM_044,Savings
ACC_010969,CUST_02758,Savings,2026-06-03,3831.13,BR018,RM_093,Savings
ACC_010970,CUST_01253,Savings,2024-12-22,1411.29,BR015,RM_061,Savings
ACC_010971,CUST_00653,Current,2025-03-01,15140.69,BR004,RM_038,Current
ACC_010972,CUST_05257,Salary,2022-08-06,7570.23,BR050,RM_026,Salary
ACC_010973,CUST_03457,Savings,2024-09-13,45310.77,BR009,RM_041,Savings
ACC_010974,CUST_02960,Savings,2022-09-24,7250.84,BR017,RM_069,Savings
ACC_010975,CUST_07525,Savings,2025-06-13,3454.6,BR013,RM_057,Savings
ACC_010976,CUST_01097,Current,2023-10-12,60094.9,BR029,RM_097,Current
ACC_010977,CUST_07163,Savings,2025-03-12,63759.76,BR013,RM_046,Savings
ACC_010978,CUST_07178,Savings,2026-07-16,3873.41,BR021,RM_060,Savings
ACC_010979,CUST_01016,Savings,2025-05-13,13778.07,BR001,RM_061,Savings
ACC_010980,CUST_05772,Savings,2024-12-13,798.25,BR025,RM_019,Savings
ACC_010981,CUST_09542,Current,2023-10-30,3671.76,BR006,RM_040,Current
ACC_010982,CUST_02774,Current,2026-07-25,59718.54,BR040,RM_091,Current
ACC_010983,CUST_01224,Savings,2022-08-09,3081.91,BR044,RM_056,Savings
ACC_010984,CUST_05565,Savings,2025-09-22,78185.08,BR005,RM_031,Savings
ACC_010985,CUST_02832,Savings,2024-10-10,88477.68,BR027,RM_054,Savings
ACC_010986,CUST_02843,Savings,2021-08-01,-1063.1,BR013,RM_031,Savings
ACC_010987,CUST_05066,Savings,2026-07-20,11388.59,BR016,RM_044,Savings
ACC_010988,CUST_04533,Savings,2022-11-10,24240.64,BR046,RM_004,Savings
ACC_010989,CUST_07295,Current,2026-02-27,4078.91,BR010,RM_026,Current
ACC_010990,CUST_09863,Salary,2023-06-07,59007.33,BR019,RM_067,Salary
ACC_010991,CUST_00534,Savings,2024-07-03,101236.91,BR006,RM_094,Savings
ACC_010992,CUST_03535,Savings,2023-04-21,9710.76,BR043,RM_026,Savings
ACC_010993,CUST_05824,Savings,2025-05-25,43649.83,BR030,RM_047,Savings
ACC_010994,CUST_02411,Salary,2025-10-02,104363.85,BR007,RM_099,Salary
ACC_010995,CUST_03015,Savings,2025-08-19,182411.57,BR041,RM_038,Savings
ACC_010996,CUST_01558,Salary,2024-07-24,255293.29,BR018,RM_068,Salary
ACC_010997,CUST_04694,Savings,2024-08-18,27696.86,BR037,RM_004,Savings
ACC_010998,CUST_08878,Savings,2025-06-26,41061.41,BR016,RM_099,Savings
ACC_010999,CUST_05734,Salary,2025-05-10,11440.26,BR041,RM_004,Salary
ACC_011000,CUST_03240,Salary,2026-07-26,103771.38,BR007,RM_014,Salary
ACC_011001,CUST_09425,Savings,2023-11-20,1483.54,BR046,RM_041,Savings
ACC_011002,CUST_00591,Savings,2021-10-19,3178.67,BR034,RM_025,Savings
ACC_011003,CUST_02571,Savings,2023-02-17,188780.29,BR007,RM_075,Savings
ACC_011004,CUST_04719,Savings,2025-04-20,314873.91,BR037,RM_086,Savings
ACC_011005,CUST_07097,Savings,2026-06-21,318845.11,BR043,RM_012,Savings
ACC_011006,CUST_02376,Savings,2025-04-18,8170.57,BR010,RM_078,Savings
ACC_011007,CUST_05857,Savings,2025-08-27,22502.43,BR011,RM_035,Savings
ACC_011008,CUST_09193,Savings,2024-02-16,9517.43,BR025,RM_021,Savings
ACC_011009,CUST_03756,Savings,2025-09-12,10490.21,BR050,RM_019,Savings
ACC_011010,CUST_07711,Savings,2023-11-25,27968.99,BR034,RM_037,Savings
ACC_011011,CUST_00096,Savings,2024-11-18,5152.6,BR016,RM_010,Savings
ACC_011012,CUST_03570,Savings,2023-06-03,264927.13,BR017,RM_040,Savings
ACC_011013,CUST_00363,Savings,2026-08-13,13240.56,BR006,RM_052,Savings
ACC_011014,CUST_09220,Savings,2024-11-21,25367.77,BR012,RM_054,Savings
ACC_011015,CUST_03604,Current,2025-07-21,92088.32,BR024,RM_001,Current
ACC_011016,CUST_01824,Savings,2025-02-09,6011.65,BR019,RM_023,Savings
ACC_011017,CUST_07575,Savings,2024-12-24,8771.11,BR033,RM_017,Savings
ACC_011018,CUST_06525,Current,2025-09-23,35104.66,BR029,RM_059,Current
ACC_011019,CUST_09024,Savings,2026-05-14,3291.69,BR041,RM_050,Savings
ACC_011020,CUST_03500,Savings,2024-02-14,152357.24,BR001,RM_024,Savings
ACC_011021,CUST_05574,Savings,2025-08-30,22632.3,BR022,RM_082,Savings
ACC_011022,CUST_03679,Savings,2026-02-18,28868.2,BR031,RM_020,Savings
ACC_011023,CUST_08200,Salary,2022-05-20,3464.83,BR004,RM_008,Salary
ACC_011024,CUST_03499,Salary,2022-08-08,2846.78,BR013,RM_043,Salary
ACC_011025,CUST_09031,Savings,2023-01-27,20207.77,BR039,RM_061,Savings
ACC_011026,CUST_03077,Savings,2023-02-24,14006.48,BR013,RM_051,Savings
ACC_011027,CUST_03600,Savings,2025-04-08,7787.83,BR010,RM_092,Savings
ACC_011028,CUST_06224,Salary,2024-08-27,24362.69,BR046,RM_042,Salary
ACC_011029,CUST_03551,Savings,2025-01-29,25895.0,BR030,RM_033,Savings
ACC_011030,CUST_00586,Savings,2025-09-28,8450.87,BR030,RM_033,Savings
ACC_011031,CUST_06512,Savings,2025-01-30,1481.42,BR020,RM_033,Savings
ACC_011032,CUST_00207,Current,2026-07-29,86358.63,BR047,RM_064,Current
ACC_011033,CUST_04961,Savings,2026-01-26,1923.42,BR022,RM_003,Savings
ACC_011034,CUST_10161,Savings,2026-07-20,77920.39,BR010,RM_092,Savings
ACC_011035,CUST_02163,Savings,2024-06-30,27179.09,BR030,RM_062,Savings
ACC_011036,CUST_07568,Savings,2026-07-11,42896.43,BR011,RM_064,Savings
ACC_011037,CUST_04663,Savings,2024-06-20,10048.64,BR044,RM_035,Savings
ACC_011038,CUST_06505,Savings,2026-07-19,25615.82,BR045,RM_091,Savings
ACC_011039,CUST_09108,Savings,2024-07-25,112297.48,BR020,RM_032,Savings
ACC_011040,CUST_03138,Current,2026-07-26,406652.33,BR050,RM_080,Current
ACC_011041,CUST_00105,Salary,2026-06-08,84960.14,BR009,RM_085,Salary
ACC_011042,CUST_02453,Savings,2026-03-30,9369.36,BR048,RM_016,Savings
ACC_011043,CUST_01752,Savings,2023-07-09,1704.34,BR049,RM_051,Savings
ACC_011044,CUST_08281,Savings,2025-04-07,4833.66,BR010,RM_048,Savings
ACC_011045,CUST_07216,Savings,2022-10-22,180135.19,BR026,RM_030,Savings
ACC_011046,CUST_05845,Savings,2026-02-22,3349.56,BR031,RM_018,Savings
ACC_011047,CUST_02857,Savings,2025-11-12,17204.18,BR034,RM_022,Savings
ACC_011048,CUST_06801,Savings,2026-01-02,28720.96,BR032,RM_015,Savings
ACC_011049,CUST_02555,Savings,2026-06-16,9109.17,BR048,RM_088,Savings
ACC_011050,CUST_03972,Savings,2021-06-08,29586.33,BR029,RM_003,Savings
ACC_011051,CUST_01876,Savings,2023-01-19,8540.19,BR016,RM_080,Savings
ACC_011052,CUST_00762,Savings,2026-05-16,4215.31,BR009,RM_034,Savings
ACC_011053,CUST_02663,Savings,2022-02-05,1252.77,BR028,RM_002,Savings
ACC_011054,CUST_04041,Savings,2025-04-09,784771.53,BR031,RM_038,Savings
ACC_011055,CUST_08507,Savings,2025-03-23,5067.28,BR005,RM_068,Savings
ACC_011056,CUST_03494,Salary,2023-07-21,19329.08,BR048,RM_072,Salary
ACC_011057,CUST_09074,Current,2025-03-03,9655.48,BR004,RM_026,Current
ACC_011058,CUST_07542,Savings,2026-01-08,38329.18,BR048,RM_052,Savings
ACC_011059,CUST_05608,Savings,2024-06-23,5474.87,BR034,RM_041,Savings
ACC_011060,CUST_05308,Salary,2025-08-23,25696.13,BR013,RM_058,Salary
ACC_011061,CUST_06910,Current,2021-03-16,12678.26,BR001,RM_039,Current
ACC_011062,CUST_09086,Savings,2026-02-20,69890.8,BR015,RM_046,Savings
ACC_011063,CUST_00776,Savings,2025-07-01,1397.37,BR042,RM_040,Savings
ACC_011064,CUST_02957,Salary,2025-10-11,13985.32,BR019,RM_046,Salary
ACC_011065,CUST_05907,Salary,2025-12-17,5874.91,BR032,RM_080,Salary
ACC_011066,CUST_02964,Current,2025-06-20,38835.52,BR043,RM_005,Current
ACC_011067,CUST_05218,Savings,2026-02-19,11098.73,BR017,RM_052,Savings
ACC_011068,CUST_07732,Current,2025-08-17,9652.01,BR002,RM_033,Current
ACC_011069,CUST_09657,Salary,2025-04-12,19505.09,BR018,RM_050,Salary
ACC_011070,CUST_05289,Salary,2025-04-10,17076.89,BR042,RM_095,Salary
ACC_011071,CUST_02647,Savings,2025-03-13,16648.02,BR024,RM_054,Savings
ACC_011072,CUST_07707,Savings,2023-07-25,9930.24,BR043,RM_045,Savings
ACC_011073,CUST_07595,Savings,2022-10-28,18663.24,BR002,RM_003,Savings
ACC_011074,CUST_08085,Savings,2025-09-24,3906.49,BR012,RM_052,Savings
ACC_011075,CUST_07302,Savings,2027-03-31,15182.13,BR002,RM_028,Savings
ACC_011076,CUST_06536,Savings,2026-07-14,5346.2,BR007,RM_040,Savings
ACC_011077,CUST_07402,Savings,2025-11-03,197483.31,BR011,RM_099,Savings
ACC_011078,CUST_03182,Salary,2026-08-11,9165.68,BR049,RM_055,Salary
ACC_011079,CUST_03545,Salary,2025-03-06,9897.71,BR042,RM_053,Salary
ACC_011080,CUST_04043,Savings,2026-04-17,97765.8,BR033,RM_026,Savings
ACC_011081,CUST_02136,Savings,2025-03-04,1055.42,BR017,RM_039,Savings
ACC_011082,CUST_08534,Current,2025-04-07,21275.48,BR036,RM_024,Current
ACC_011083,CUST_05968,Salary,2026-06-20,122620.37,BR045,RM_062,Salary
ACC_011084,CUST_02265,Savings,2021-12-04,1982.51,BR040,RM_064,Savings
ACC_011085,CUST_07353,Salary,2024-05-12,1152.96,BR022,RM_064,Salary
ACC_011086,CUST_03011,Savings,2023-07-14,28496.01,BR003,RM_013,Savings
ACC_011087,CUST_02729,Savings,2025-07-25,6657.18,BR013,RM_068,Savings
ACC_011088,CUST_02760,Salary,2025-09-19,3106.25,BR005,RM_027,Salary
ACC_011089,CUST_05774,Savings,2022-10-30,18223.5,BR047,RM_036,Savings
ACC_011090,CUST_00194,Savings,2026-02-15,-3324.96,BR046,RM_080,Savings
ACC_011091,CUST_05762,Savings,2023-01-16,55753.81,BR027,RM_055,Savings
ACC_011092,CUST_05198,Savings,2025-06-15,20457.6,BR010,RM_004,Savings
ACC_011093,CUST_01605,Savings,2026-04-30,979.59,BR014,RM_057,Savings
ACC_011094,CUST_07303,Savings,2025-01-19,64238.67,BR036,RM_035,Savings
ACC_011095,CUST_00792,Savings,2025-11-22,542165.91,BR020,RM_014,Savings
ACC_011096,CUST_08448,Current,2026-07-25,1545.22,BR004,RM_011,Current
ACC_011097,CUST_03778,Salary,2026-05-02,22772.53,BR049,RM_022,Salary
ACC_011098,CUST_04438,Savings,2023-03-22,9303.65,BR007,RM_061,Savings
ACC_011099,CUST_09929,Savings,2026-07-25,9222.9,BR036,RM_004,Savings
ACC_011100,CUST_08861,Savings,2026-02-02,318117.3,BR049,RM_074,Savings
ACC_011101,CUST_06081,Savings,2026-06-10,48171.27,BR025,RM_016,Savings
ACC_011102,CUST_01962,Savings,2022-01-27,14009.02,BR022,RM_040,Savings
ACC_011103,CUST_03813,Savings,2026-05-20,744418.48,BR044,RM_021,Savings
ACC_011104,CUST_04191,Current,2024-09-15,8654.4,BR043,RM_084,Current
ACC_011105,CUST_01058,Savings,2026-06-11,71225.88,BR005,RM_046,Savings
ACC_011106,CUST_01007,Savings,2025-11-25,190659.98,BR041,RM_081,Savings
ACC_011107,CUST_02255,Savings,2024-11-30,3820.5,BR001,RM_043,Savings
ACC_011108,CUST_04500,Savings,2025-12-22,1564.33,BR030,RM_041,Savings
ACC_011109,CUST_08022,Current,2025-12-27,9493.97,BR009,RM_046,Current
ACC_011110,CUST_00205,Savings,2026-02-11,3734.09,BR032,RM_019,Savings
ACC_011111,CUST_08258,Savings,2026-04-06,75953.2,BR035,RM_064,Savings
ACC_011112,CUST_03367,Savings,2026-07-02,4262.0,BR040,RM_041,Savings
ACC_011113,CUST_05210,Savings,2025-10-31,4692.35,BR028,RM_078,Savings
ACC_011114,CUST_08510,Savings,2024-03-13,28863.5,BR049,RM_086,Savings
ACC_011115,CUST_10008,Savings,2026-01-16,83806.8,BR033,RM_018,Savings
ACC_011116,CUST_00228,Savings,2023-03-30,30300.27,BR036,RM_016,Savings
ACC_011117,CUST_01599,Savings,2026-02-10,22339.48,BR023,RM_052,Savings
ACC_011118,CUST_10047,Current,2023-10-14,10713.93,BR002,RM_049,Current
ACC_011119,CUST_04633,Savings,2026-06-12,8718.99,BR021,RM_026,Savings
ACC_011120,CUST_05014,Salary,2024-03-20,29329.62,BR049,RM_018,Salary
ACC_011121,CUST_03754,Savings,2025-07-20,5660.71,BR033,RM_058,Savings
ACC_011122,CUST_06094,Savings,2025-05-18,7911.98,BR037,RM_012,Savings
ACC_011123,CUST_04640,Savings,2022-08-18,62292.59,BR002,RM_055,Savings
ACC_011124,CUST_09980,Salary,2026-07-29,9040.66,BR002,RM_027,Salary
ACC_011125,CUST_04957,Savings,2024-08-10,684.67,BR037,RM_088,Savings
ACC_011126,CUST_04002,Savings,2022-04-28,11308.71,BR039,RM_100,Savings
ACC_011127,CUST_06382,Savings,2024-02-02,8577.97,BR039,RM_003,Savings
ACC_011128,CUST_02562,Savings,2023-03-27,4702.59,BR006,RM_068,Savings
ACC_011129,CUST_01679,Savings,2023-08-28,2153715.27,BR020,RM_069,Savings
ACC_011130,CUST_06303,Savings,2023-11-11,1958.58,BR041,RM_100,Savings
ACC_011131,CUST_08705,Current,2025-05-24,11096.03,BR025,RM_100,Current
ACC_011132,CUST_03035,Savings,2024-07-14,48375.88,BR020,RM_069,Savings
ACC_011133,CUST_01900,Savings,2025-10-27,2193.38,BR037,RM_057,Savings
ACC_011134,CUST_05197,Salary,2025-10-01,5315.31,BR050,RM_077,Salary
ACC_011135,CUST_01261,Savings,2025-05-03,66322.47,BR020,RM_004,Savings
ACC_011136,CUST_05335,Savings,2026-07-08,138934.68,BR020,RM_086,Savings
ACC_011137,CUST_09933,Salary,2021-10-26,19214.13,BR011,RM_041,Salary
ACC_011138,CUST_02501,Savings,2026-07-16,4107.14,BR020,RM_057,Savings
ACC_011139,CUST_08768,Savings,2026-07-29,4817330.5,BR023,RM_088,Savings
ACC_011140,CUST_06122,Savings,2025-10-26,16511.06,BR002,RM_049,Savings
ACC_011141,CUST_06709,Current,2023-06-13,14187.62,BR039,RM_100,Current
ACC_011142,CUST_08849,Savings,2025-08-06,10649.15,BR026,RM_046,Savings
ACC_011143,CUST_02773,Savings,2026-03-19,4183.92,BR011,RM_092,Savings
ACC_011144,CUST_04673,Salary,2024-12-23,22109.14,BR011,RM_021,Salary
ACC_011145,CUST_02076,Savings,2025-10-17,5794.04,BR016,RM_086,Savings
ACC_011146,CUST_04916,Savings,2024-09-15,4713.16,BR020,RM_008,Savings
ACC_011147,CUST_10180,Salary,2026-01-16,63129.69,BR002,RM_097,Salary
ACC_011148,CUST_08734,Savings,2024-12-31,10069.06,BR001,RM_065,Savings
ACC_011149,CUST_09224,Current,2024-07-22,11657.58,BR007,RM_011,Current
ACC_011150,CUST_09047,Savings,2025-08-04,48176.09,BR045,RM_098,Savings
ACC_011151,CUST_03767,Savings,2023-08-09,17208.34,BR029,RM_032,Savings
ACC_011152,CUST_01765,Savings,2026-01-11,39033.89,BR032,RM_042,Savings
ACC_011153,CUST_03572,Savings,2022-11-23,1673.53,BR017,RM_063,Savings
ACC_011154,CUST_05679,Salary,2025-09-08,178782.74,BR010,RM_006,Salary
ACC_011155,CUST_09210,Current,2026-02-18,17359.47,BR048,RM_097,Current
ACC_011156,CUST_08136,Savings,2025-06-21,11971.05,BR020,RM_074,Savings
ACC_011157,CUST_07914,Savings,2026-07-15,3798.77,BR023,RM_047,Savings
ACC_011158,CUST_04470,Savings,2022-06-20,13613.04,BR031,RM_042,Savings
ACC_011159,CUST_05924,Savings,2026-04-28,23427.18,BR039,RM_045,Savings
ACC_011160,CUST_07367,Savings,2026-06-13,25128.09,BR004,RM_042,Savings
ACC_011161,CUST_02577,Savings,2026-07-29,17650.54,BR031,RM_031,Savings
ACC_011162,CUST_05176,Savings,2025-01-08,2710.8,BR046,RM_100,Savings
ACC_011163,CUST_04524,Salary,2024-07-26,14472.27,BR017,RM_070,Salary
ACC_011164,CUST_04417,Salary,2023-10-16,26443.35,BR020,RM_025,Salary
ACC_011165,CUST_02861,Savings,2023-12-01,188700.78,BR043,RM_005,Savings
ACC_011166,CUST_09205,Salary,2024-11-26,32849.77,BR028,RM_098,Salary
ACC_011167,CUST_01624,Salary,2026-07-01,19987.9,BR042,RM_097,Salary
ACC_011168,CUST_06662,Savings,2026-02-26,8512.37,BR007,RM_003,Savings
ACC_011169,CUST_03363,Savings,2025-12-09,1796.04,BR046,RM_054,Savings
ACC_011170,CUST_05780,Savings,2024-11-01,10742.06,BR040,RM_047,Savings
ACC_011171,CUST_07870,Savings,2025-10-13,386.71,BR041,RM_006,Savings
ACC_011172,CUST_04030,Salary,2025-10-13,57293.58,BR022,RM_047,Salary
ACC_011173,CUST_04850,Current,2023-04-05,32765.8,BR035,RM_016,Current
ACC_011174,CUST_06919,Savings,2024-01-06,14849.69,BR035,RM_027,Savings
ACC_011175,CUST_00179,Savings,2023-10-02,12749.2,BR045,RM_092,Savings
ACC_011176,CUST_05607,Savings,2025-08-15,12444.26,BR006,RM_034,Savings
ACC_011177,CUST_06647,Savings,2025-03-05,16297.09,BR027,RM_069,Savings
ACC_011178,CUST_08202,Savings,2025-08-12,20856.72,BR036,RM_061,Savings
ACC_011179,CUST_03060,Salary,2025-12-01,12843.17,BR029,RM_005,Salary
ACC_011180,CUST_06090,Savings,2024-04-26,16816.18,BR045,RM_027,Savings
ACC_011181,CUST_06843,Savings,2024-12-14,53899.42,BR042,RM_070,Savings
ACC_011182,CUST_10060,Salary,2026-02-12,159836.34,BR031,RM_080,Salary
ACC_011183,CUST_03290,Current,2023-10-01,4222.44,BR047,RM_045,Current
ACC_011184,CUST_01444,Savings,2026-04-12,2962.94,BR006,RM_095,Savings
ACC_011185,CUST_05325,Savings,2022-08-11,21193.06,BR035,RM_030,Savings
ACC_011186,CUST_03824,Salary,2025-10-24,10690.42,BR007,RM_095,Salary
ACC_011187,CUST_03767,Current,2024-08-08,216960.73,BR008,RM_028,Current
ACC_011188,CUST_03418,Savings,2026-02-25,59883.98,BR021,RM_021,Savings
ACC_011189,CUST_07051,Salary,2026-07-24,-3574.49,BR043,RM_028,Salary
ACC_011190,CUST_01173,Savings,2025-12-12,11817.31,BR001,RM_002,Savings
ACC_011191,CUST_03045,Savings,2024-09-15,2769.27,BR026,RM_012,Savings
ACC_011192,CUST_04926,Savings,2022-06-03,13864.22,BR030,RM_039,Savings
ACC_011193,CUST_08125,Savings,2026-05-27,2501.42,BR046,RM_059,Savings
ACC_011194,CUST_01083,Savings,2024-11-03,20198.66,BR010,RM_031,Savings
ACC_011195,CUST_00954,Savings,2024-05-27,23639.38,BR046,RM_031,Savings
ACC_011196,CUST_06308,Current,2026-03-26,4062.18,BR034,RM_027,Current
ACC_011197,CUST_01196,Salary,2026-06-29,4298.55,BR017,RM_076,Salary
ACC_011198,CUST_02596,Savings,2025-10-16,50090.2,BR006,RM_095,Savings
ACC_011199,CUST_06918,Savings,2024-12-21,13036.45,BR045,RM_092,Savings
ACC_011200,CUST_03155,Savings,2026-04-26,22187.02,BR020,RM_035,Savings
ACC_011201,CUST_02126,Savings,2025-05-05,-4465.48,BR020,RM_029,Savings
ACC_011202,CUST_04532,Savings,2024-12-18,29244.79,BR048,RM_080,Savings
ACC_011203,CUST_01242,Savings,2024-07-12,3475.36,BR045,RM_037,Savings
ACC_011204,CUST_01932,Salary,2023-08-09,32866.28,BR001,RM_065,Salary
ACC_011205,CUST_02179,Savings,2024-07-02,1703.68,BR013,RM_073,Savings
ACC_011206,CUST_08583,Savings,2026-01-18,3857.29,BR034,RM_032,Savings
ACC_011207,CUST_09724,Savings,2026-07-13,6548.57,BR041,RM_083,Savings
ACC_011208,CUST_01732,Savings,2025-11-25,44770.06,BR036,RM_048,Savings
ACC_011209,CUST_06947,Savings,2025-12-01,199175.47,BR006,RM_023,Savings
ACC_011210,CUST_09858,Current,2026-06-16,97133.03,BR033,RM_005,Current
ACC_011211,CUST_08634,Current,2026-08-04,1363.37,BR035,RM_087,Current
ACC_011212,CUST_07365,Savings,2024-10-09,19293.47,BR012,RM_031,Savings
ACC_011213,CUST_07054,Savings,2026-03-24,27095.06,BR039,RM_046,Savings
ACC_011214,CUST_00802,Savings,2024-11-25,1100.63,BR019,RM_014,Savings
ACC_011215,CUST_01520,Current,2026-01-25,11780.95,BR044,RM_041,Current
ACC_011216,CUST_01109,Savings,2024-05-11,369956.7,BR033,RM_011,Savings
ACC_011217,CUST_09988,Savings,2023-12-28,46413.47,BR014,RM_014,Savings
ACC_011218,CUST_02483,Savings,2024-01-16,42143.12,BR006,RM_073,Savings
ACC_011219,CUST_08066,Savings,2025-06-16,198152.87,BR040,RM_098,Savings
ACC_011220,CUST_07470,Salary,2025-12-02,9792.26,BR009,RM_082,Salary
ACC_011221,CUST_09783,Savings,2025-04-05,16929.65,BR035,RM_084,Savings
ACC_011222,CUST_08409,Savings,2025-09-17,12155.45,BR048,RM_090,Savings
ACC_011223,CUST_02178,Salary,2026-02-08,15475.97,BR001,RM_040,Salary
ACC_011224,CUST_02124,Savings,2025-12-03,315632.06,BR032,RM_028,Savings
ACC_011225,CUST_02853,Savings,2026-03-12,25112.12,BR025,RM_100,Savings
ACC_011226,CUST_09399,Savings,2025-08-11,27096.8,BR008,RM_015,Savings
ACC_011227,CUST_01493,Savings,2025-11-29,18539.81,BR019,RM_073,Savings
ACC_011228,CUST_02169,Salary,2024-01-23,22517.37,BR011,RM_071,Salary
ACC_011229,CUST_01550,Current,2026-02-21,60346.0,BR033,RM_083,Current
ACC_011230,CUST_08977,Current,2026-02-15,22303.93,BR036,RM_063,Current
ACC_011231,CUST_08220,Salary,2025-01-02,20767.89,BR038,RM_007,Salary
ACC_011232,CUST_01141,Salary,2025-04-22,11993.97,BR009,RM_029,Salary
ACC_011233,CUST_02512,Salary,2025-05-29,1162414.69,BR014,RM_019,Salary
ACC_011234,CUST_09151,Salary,2023-10-21,12723.31,BR003,RM_097,Salary
ACC_011235,CUST_04113,Current,2026-08-10,110340.63,BR041,RM_079,Current
ACC_011236,CUST_02558,Savings,2023-07-22,18448.35,BR010,RM_076,Savings
ACC_011237,CUST_02717,Savings,2025-02-11,8092.93,BR022,RM_094,Savings
ACC_011238,CUST_00002,Savings,2025-12-05,1291.93,BR041,RM_085,Savings
ACC_011239,CUST_05749,Salary,2025-12-21,95051.63,BR013,RM_099,Salary
ACC_011240,CUST_04043,Savings,2025-08-24,13190.26,BR013,RM_076,Savings
ACC_011241,CUST_02112,Savings,2026-06-02,22465.94,BR027,RM_002,Savings
ACC_011242,CUST_00001,Savings,2026-03-13,13317.55,BR024,RM_086,Savings
ACC_011243,CUST_09000,Savings,2026-03-21,193911.68,BR021,RM_099,Savings
ACC_011244,CUST_06835,Savings,2026-03-27,84496.16,BR028,RM_043,Savings
ACC_011245,CUST_10151,Savings,2024-10-24,3005.44,BR003,RM_096,Savings
ACC_011246,CUST_02989,Salary,2022-10-04,32437.83,BR005,RM_042,Salary
ACC_011247,CUST_04658,Salary,2022-09-15,11747.7,BR032,RM_090,Salary
ACC_011248,CUST_03176,Savings,2026-05-12,20204.16,BR040,RM_070,Savings
ACC_011249,CUST_04025,Salary,2026-02-26,17507.53,BR040,RM_027,Salary
ACC_011250,CUST_05354,Savings,2024-10-30,14639.4,BR025,RM_030,Savings
ACC_011251,CUST_02394,Current,2026-05-17,2055.11,BR019,RM_044,Current
ACC_011252,CUST_04494,Savings,2026-06-12,58198.72,BR023,RM_012,Savings
ACC_011253,CUST_09483,Savings,2026-02-23,18887.58,BR037,RM_063,Savings
ACC_011254,CUST_02291,Savings,2023-08-03,3967.22,BR023,RM_078,Savings
ACC_011255,CUST_04494,Savings,2026-03-25,5731.9,BR026,RM_013,Savings
ACC_011256,CUST_03827,Savings,2023-07-07,13747.08,BR008,RM_095,Savings
ACC_011257,CUST_06278,Savings,2024-02-16,1277.93,BR037,RM_046,Savings
ACC_011258,CUST_04121,Savings,2023-01-11,218059.44,BR050,RM_087,Savings
ACC_011259,CUST_01564,Salary,2026-01-06,2681.07,BR047,RM_074,Salary
ACC_011260,CUST_09073,Salary,2023-10-12,4253.48,BR050,RM_031,Salary
ACC_011261,CUST_04625,Savings,2025-07-20,4176.36,BR007,RM_021,Savings
ACC_011262,CUST_00378,Salary,2026-08-09,23911.26,BR005,RM_048,Salary
ACC_011263,CUST_02234,Savings,2026-08-08,5310.67,BR016,RM_056,Savings
ACC_011264,CUST_10076,Savings,2026-08-14,10646.54,BR027,RM_093,Savings
ACC_011265,CUST_08274,Savings,2024-04-05,853925.49,BR043,RM_067,Savings
ACC_011266,CUST_02414,Savings,2025-11-20,83129.12,BR043,RM_085,Savings
ACC_011267,CUST_01438,Savings,2025-06-05,5198.78,BR013,RM_052,Savings
ACC_011268,CUST_03678,Current,2025-03-06,30301.02,BR035,RM_049,Current
ACC_011269,CUST_03674,Salary,2025-03-26,32839.84,BR023,RM_053,Salary
ACC_011270,CUST_09855,Savings,2025-01-23,79486.15,BR025,RM_042,Savings
ACC_011271,CUST_01087,Savings,2026-05-27,22200.01,BR004,RM_071,Savings
ACC_011272,CUST_09398,Current,2024-12-10,5242.28,BR017,RM_016,Current
ACC_011273,CUST_04774,Savings,2024-01-11,23231.91,BR047,RM_077,Savings
ACC_011274,CUST_04228,Savings,2023-06-20,23689.54,BR009,RM_012,Savings
ACC_011275,CUST_02637,Savings,2024-03-30,8851.59,BR037,RM_015,Savings
ACC_011276,CUST_09488,Savings,2022-07-21,24320.83,BR037,RM_081,Savings
ACC_011277,CUST_06613,Savings,2025-11-16,2841.55,BR046,RM_044,Savings
ACC_011278,CUST_06059,Salary,2026-08-07,29929.34,BR008,RM_063,Salary
ACC_011279,CUST_08631,Savings,2024-12-10,2206.64,BR036,RM_011,Savings
ACC_011280,CUST_02203,Current,2023-06-15,61668.48,BR015,RM_063,Current
ACC_011281,CUST_06536,Savings,2025-03-07,57778.63,BR026,RM_039,Savings
ACC_011282,CUST_03742,Savings,2023-11-07,3826.3,BR019,RM_095,Savings
ACC_011283,CUST_06683,Savings,2026-07-11,6112.46,BR021,RM_099,Savings
ACC_011284,CUST_04449,Current,2023-10-26,32917.52,BR034,RM_030,Current
ACC_011285,CUST_09794,Savings,2026-03-24,11448.56,BR037,RM_084,Savings
ACC_011286,CUST_00903,Savings,2026-04-17,622839.5,BR040,RM_023,Savings
ACC_011287,CUST_09709,Current,2025-02-28,6380.62,BR016,RM_003,Current
ACC_011288,CUST_03839,Savings,2026-07-27,2146.81,BR019,RM_018,Savings
ACC_011289,CUST_03781,Savings,2022-11-12,659.29,BR049,RM_025,Savings
ACC_011290,CUST_08914,Current,2022-03-23,6208.72,BR020,RM_068,Current
ACC_011291,CUST_09855,Savings,2025-10-15,14752.4,BR037,RM_051,Savings
ACC_011292,CUST_04983,Savings,2026-07-26,22239.11,BR037,RM_018,Savings
ACC_011293,CUST_02508,Savings,2025-01-02,16640.02,BR045,RM_097,Savings
ACC_011294,CUST_02507,Savings,2026-04-08,3498.21,BR035,RM_085,Savings
ACC_011295,CUST_07595,Savings,2022-06-09,39363.07,BR028,RM_047,Savings
ACC_011296,CUST_02076,Salary,2023-10-29,9884.09,BR040,RM_014,Salary
ACC_011297,CUST_04838,Savings,2026-01-03,13072.65,BR049,RM_097,Savings
ACC_011298,CUST_09365,Salary,2026-01-03,753.81,BR033,RM_077,Salary
ACC_011299,CUST_05763,Savings,2025-10-17,80527.15,BR047,RM_099,Savings
ACC_011300,CUST_03294,Savings,2024-10-10,22268.16,BR042,RM_083,Savings
ACC_011301,CUST_09871,Current,2026-07-20,18271.94,BR050,RM_057,Current
ACC_011302,CUST_06530,Current,2025-03-13,46512.18,BR047,RM_031,Current
ACC_011303,CUST_07223,Savings,2026-03-17,2302.03,BR031,RM_085,Savings
ACC_011304,CUST_07496,Current,2026-05-12,350730.07,BR009,RM_055,Current
ACC_011305,CUST_01493,Savings,2024-12-01,34274.23,BR007,RM_064,Savings
ACC_011306,CUST_06312,Current,2025-01-15,658197.99,BR046,RM_067,Current
ACC_011307,CUST_06316,Savings,2024-06-18,3717.71,BR046,RM_091,Savings
ACC_011308,CUST_01432,Salary,2024-04-04,228450.58,BR026,RM_098,Salary
ACC_011309,CUST_00095,Savings,2023-10-20,131613.38,BR021,RM_100,Savings
ACC_011310,CUST_08808,Savings,2025-01-07,25651.7,BR025,RM_084,Savings
ACC_011311,CUST_06438,Savings,2026-06-26,4462.12,BR043,RM_032,Savings
ACC_011312,CUST_06107,Salary,2026-03-13,203380.87,BR005,RM_023,Salary
ACC_011313,CUST_04134,Savings,2025-11-25,10277.44,BR001,RM_100,Savings
ACC_011314,CUST_06563,Savings,2025-12-31,2817.97,BR007,RM_074,Savings
ACC_011315,CUST_07345,Savings,2024-10-19,5505.72,BR017,RM_100,Savings
ACC_011316,CUST_04279,Savings,2025-12-29,45402.76,BR022,RM_041,Savings
ACC_011317,CUST_04305,Savings,2023-12-01,36798.55,BR002,RM_069,Savings
ACC_011318,CUST_07532,Savings,2026-05-07,925.56,BR028,RM_073,Savings
ACC_011319,CUST_04945,Current,2024-10-25,23245.66,BR014,RM_016,Current
ACC_011320,CUST_05015,Salary,2026-04-01,2881.42,BR034,RM_091,Salary
ACC_011321,CUST_09472,Salary,2025-09-14,554940.48,BR036,RM_074,Salary
ACC_011322,CUST_08033,Salary,2026-07-22,25597.71,BR043,RM_017,Salary
ACC_011323,CUST_10069,Current,2026-06-11,39480.16,BR005,RM_097,Current
ACC_011324,CUST_05823,Savings,2021-12-15,3392.44,BR042,RM_021,Savings
ACC_011325,CUST_04125,Current,2024-03-18,33659.5,BR023,RM_042,Current
ACC_011326,CUST_09485,Savings,2026-05-14,27793.51,BR027,RM_002,Savings
ACC_011327,CUST_03101,Salary,2024-10-13,19054.24,BR049,RM_051,Salary
ACC_011328,CUST_01612,Savings,2021-11-01,12089.59,BR007,RM_070,Savings
ACC_011329,CUST_05807,Savings,2025-07-07,2926.21,BR030,RM_067,Savings
ACC_011330,CUST_02464,Savings,2025-05-19,55518.59,BR033,RM_076,Savings
ACC_011331,CUST_02561,Salary,2026-07-06,9814.96,BR025,RM_041,Salary
ACC_011332,CUST_06670,Salary,2024-03-22,11589.62,BR040,RM_024,Salary
ACC_011333,CUST_06694,Salary,2026-05-29,31438.99,BR045,RM_019,Salary
ACC_011334,CUST_09768,Savings,2024-11-21,37394.95,BR018,RM_088,Savings
ACC_011335,CUST_06111,Savings,2025-10-14,52856.03,BR024,RM_011,Savings
ACC_011336,CUST_06601,Savings,2023-08-07,9850.48,BR045,RM_049,Savings
ACC_011337,CUST_02719,Salary,2026-04-17,22565.27,BR041,RM_028,Salary
ACC_011338,CUST_03785,Savings,2025-10-18,1728.7,BR004,RM_058,Savings
ACC_011339,CUST_03369,Salary,2023-02-14,41468.81,BR033,RM_060,Salary
ACC_011340,CUST_05892,Savings,2023-09-01,-257.25,BR011,RM_030,Savings
ACC_011341,CUST_03875,Current,2025-12-11,34292.69,BR034,RM_072,Current
ACC_011342,CUST_04572,Savings,2024-11-19,33818.88,BR034,RM_005,Savings
ACC_011343,CUST_07685,Salary,2022-02-27,4271.32,BR048,RM_026,Salary
ACC_011344,CUST_05775,Salary,2026-05-12,18968.35,BR030,RM_058,Salary
ACC_011345,CUST_07626,Salary,2022-10-22,168223.66,BR011,RM_092,Salary
ACC_011346,CUST_00198,Salary,2026-02-01,1060616.44,BR031,RM_014,Salary
ACC_011347,CUST_00663,Savings,2026-06-04,66840.59,BR031,RM_075,Savings
ACC_011348,CUST_04765,Savings,2026-07-10,59003.16,BR006,RM_094,Savings
ACC_011349,CUST_05254,Savings,2025-01-21,4718.46,BR023,RM_029,Savings
ACC_011350,CUST_00146,Savings,2025-03-19,15382.47,BR017,RM_097,Savings
ACC_011351,CUST_09742,Savings,2026-05-23,4625.38,BR050,RM_027,Savings
ACC_011352,CUST_04570,Savings,2024-06-18,93646.99,BR025,RM_027,Savings
ACC_011353,CUST_00878,Savings,2026-03-05,88112.93,BR017,RM_063,Savings
ACC_011354,CUST_04483,Savings,2025-04-25,12213.47,BR016,RM_071,Savings
ACC_011355,CUST_04263,Salary,2025-12-16,17014.08,BR050,RM_041,Salary
ACC_011356,CUST_01090,Current,2026-01-21,14135.5,BR017,RM_066,Current
ACC_011357,CUST_09308,Savings,2023-12-23,3464.41,BR038,RM_012,Savings
ACC_011358,CUST_01769,Savings,2024-12-08,40861.99,BR012,RM_088,Savings
ACC_011359,CUST_05275,Savings,2025-08-17,43812.48,BR025,RM_063,Savings
ACC_011360,CUST_07797,Savings,2024-06-27,16660.68,BR005,RM_049,Savings
ACC_011361,CUST_08941,Salary,2026-08-12,1291.66,BR050,RM_059,Salary
ACC_011362,CUST_00584,Current,2025-12-31,40723.92,BR045,RM_040,Current
ACC_011363,CUST_01481,Salary,2025-12-14,54983.31,BR039,RM_012,Salary
ACC_011364,CUST_04474,Savings,2025-08-12,1812.59,BR033,RM_065,Savings
ACC_011365,CUST_02982,Savings,2022-06-18,12109.58,BR033,RM_058,Savings
ACC_011366,CUST_00406,Savings,2025-07-01,10489.83,BR012,RM_060,Savings
ACC_011367,CUST_02013,Savings,2026-06-03,582440.8,BR005,RM_018,Savings
ACC_011368,CUST_04644,Savings,2025-08-20,94136.39,BR042,RM_017,Savings
ACC_011369,CUST_09170,Savings,2025-09-09,8472.07,BR035,RM_100,Savings
ACC_011370,CUST_09076,Savings,2026-07-10,28449.79,BR027,RM_023,Savings
ACC_011371,CUST_07641,Savings,2024-06-30,21236.9,BR040,RM_097,Savings
ACC_011372,CUST_00762,Savings,2026-04-19,4231.66,BR043,RM_058,Savings
ACC_011373,CUST_02014,Savings,2025-02-22,169847.0,BR022,RM_030,Savings
ACC_011374,CUST_04044,Savings,2022-10-29,46665.98,BR013,RM_099,Savings
ACC_011375,CUST_03443,Savings,2026-03-30,11758.0,BR002,RM_038,Savings
ACC_011376,CUST_05028,Savings,2026-05-31,7163.72,BR027,RM_095,Savings
ACC_011377,CUST_01847,Savings,2022-10-16,7888.96,BR031,RM_030,Savings
ACC_011378,CUST_00115,Savings,2026-06-29,67608.84,BR013,RM_063,Savings
ACC_011379,CUST_02357,Salary,2024-02-25,1736.79,BR024,RM_006,Salary
ACC_011380,CUST_07242,Savings,2026-05-13,28221.12,BR036,RM_004,Savings
ACC_011381,CUST_00061,Salary,2025-06-23,28645.71,BR018,RM_095,Salary
ACC_011382,CUST_06829,Savings,2022-07-13,141294.78,BR033,RM_067,Savings
ACC_011383,CUST_01347,Current,2024-06-01,1673.17,BR028,RM_079,Current
ACC_011384,CUST_02479,Salary,2023-09-30,798153.75,BR042,RM_030,Salary
ACC_011385,CUST_07162,Savings,2026-07-18,7741.83,BR017,RM_069,Savings
ACC_011386,CUST_09898,Savings,2026-02-07,5887.92,BR034,RM_051,Savings
ACC_011387,CUST_09076,Savings,2026-06-19,4774.69,BR034,RM_027,Savings
ACC_011388,CUST_09804,Savings,2025-10-15,11332.47,BR003,RM_033,Savings
ACC_011389,CUST_03291,Salary,2025-12-08,18867.75,BR021,RM_043,Salary
ACC_011390,CUST_03329,Savings,2024-03-12,174236.72,BR005,RM_044,Savings
ACC_011391,CUST_08189,Savings,2022-08-21,2084.22,BR027,RM_060,Savings
ACC_011392,CUST_09825,Savings,2026-08-10,1923.24,BR009,RM_035,Savings
ACC_011393,CUST_10061,Savings,2026-01-28,41498.04,BR014,RM_097,Savings
ACC_011394,CUST_08808,Savings,2026-03-29,60459.98,BR040,RM_030,Savings
ACC_011395,CUST_02031,Savings,2023-09-10,5515.18,BR036,RM_034,Savings
ACC_011396,CUST_00614,Savings,2026-02-01,736.14,BR037,RM_049,Savings
ACC_011397,CUST_06217,Savings,2025-05-02,13383.24,BR045,RM_036,Savings
ACC_011398,CUST_02369,Savings,2023-07-04,50093.76,BR013,RM_068,Savings
ACC_011399,CUST_06881,Current,2026-03-17,9170.54,BR007,RM_100,Current
ACC_011400,CUST_04078,Savings,2026-07-06,52851.88,BR005,RM_094,Savings
ACC_011401,CUST_04571,Savings,2026-05-08,399.09,BR043,RM_044,Savings
ACC_011402,CUST_01694,Savings,2026-02-13,109568.74,BR040,RM_036,Savings
ACC_011403,CUST_07455,Savings,2025-07-24,13530.68,BR022,RM_097,Savings
ACC_011404,CUST_00614,Current,2025-06-27,6600.63,BR037,RM_066,Current
ACC_011405,CUST_01364,Salary,2026-06-27,2266.81,BR040,RM_032,Salary
ACC_011406,CUST_07175,Savings,2025-04-01,27001.18,BR042,RM_095,Savings
ACC_011407,CUST_05747,Savings,2026-07-10,319949.65,BR018,RM_082,Savings
ACC_011408,CUST_02100,Savings,2024-07-25,181921.54,BR050,RM_034,Savings
ACC_011409,CUST_07051,Salary,2026-06-01,4421.17,BR048,RM_029,Salary
ACC_011410,CUST_03230,Savings,2026-07-29,1992.32,BR011,RM_091,Savings
ACC_011411,CUST_10064,Current,2025-03-28,8359.16,BR042,RM_099,Current
ACC_011412,CUST_08556,Savings,2025-05-26,5978.96,BR028,RM_078,Savings
ACC_011413,CUST_00121,Savings,2025-03-08,1599.81,BR011,RM_044,Savings
ACC_011414,CUST_05348,Savings,2023-05-19,26249.57,BR007,RM_045,Savings
ACC_011415,CUST_09671,Savings,2025-09-09,8871.07,BR047,RM_003,Savings
ACC_011416,CUST_00842,Current,2025-06-25,77486.0,BR010,RM_098,Current
ACC_011417,CUST_02438,Current,2025-08-29,17084.96,BR013,RM_049,Current
ACC_011418,CUST_02971,Current,2024-11-25,88698.68,BR014,RM_071,Current
ACC_011419,CUST_02882,Salary,2025-05-16,8883.32,BR020,RM_009,Salary
ACC_011420,CUST_08500,Savings,2026-03-20,32185.88,BR048,RM_092,Savings
ACC_011421,CUST_00338,Savings,2025-03-07,36440.77,BR004,RM_093,Savings
ACC_011422,CUST_03326,Savings,2026-01-13,7425.76,BR050,RM_056,Savings
ACC_011423,CUST_05940,Savings,2022-07-03,7861.85,BR019,RM_013,Savings
ACC_011424,CUST_01533,Savings,2024-04-23,129887.69,BR037,RM_061,Savings
ACC_011425,CUST_07338,Savings,2025-07-05,12663.03,BR047,RM_005,Savings
ACC_011426,CUST_03859,Savings,2024-03-17,10612.14,BR046,RM_088,Savings
ACC_011427,CUST_01320,Savings,2026-04-06,19930.44,BR049,RM_014,Savings
ACC_011428,CUST_04479,Savings,2023-06-12,73373.57,BR024,RM_018,Savings
ACC_011429,CUST_01234,Savings,2026-03-07,57190.56,BR039,RM_080,Savings
ACC_011430,CUST_01419,Savings,2024-12-03,3679.24,BR021,RM_010,Savings
ACC_011431,CUST_08762,Salary,2024-12-05,3471.87,BR040,RM_080,Salary
ACC_011432,CUST_00680,Savings,2025-08-18,411744.57,BR010,RM_023,Savings
ACC_011433,CUST_04881,Savings,2026-08-11,13141.51,BR048,RM_064,Savings
ACC_011434,CUST_00032,Savings,2023-04-23,64946.95,BR013,RM_003,Savings
ACC_011435,CUST_01778,Savings,2022-09-10,36130.19,BR027,RM_033,Savings
ACC_011436,CUST_08481,Savings,2026-02-28,10751.83,BR049,RM_005,Savings
ACC_011437,CUST_08844,Savings,2026-06-27,3288.29,BR022,RM_014,Savings
ACC_011438,CUST_07952,Savings,2025-12-04,18290.66,BR024,RM_033,Savings
ACC_011439,CUST_02060,Current,2025-03-20,20410.01,BR006,RM_022,Current
ACC_011440,CUST_00657,Savings,2026-08-01,10469.01,BR050,RM_056,Savings
ACC_011441,CUST_01959,Current,2026-05-23,19655.37,BR043,RM_052,Current
ACC_011442,CUST_00244,Savings,2024-06-04,11546.61,BR027,RM_055,Savings
ACC_011443,CUST_00970,Savings,2026-06-02,511.67,BR031,RM_056,Savings
ACC_011444,CUST_04190,Current,2024-05-17,46907.42,BR006,RM_039,Current
ACC_011445,CUST_06885,Salary,2025-11-08,11652.48,BR029,RM_004,Salary
ACC_011446,CUST_03427,Salary,2025-03-23,4077686.19,BR009,RM_076,Salary
ACC_011447,CUST_03405,Savings,2025-12-17,179609.1,BR031,RM_010,Savings
ACC_011448,CUST_03043,Savings,2026-08-03,24835.15,BR022,RM_056,Savings
ACC_011449,CUST_09313,Savings,2024-10-25,141743.61,BR016,RM_091,Savings
ACC_011450,CUST_09933,Savings,2023-07-18,3129.37,BR008,RM_069,Savings
ACC_011451,CUST_02889,Savings,2024-03-21,18593.23,BR010,RM_093,Savings
ACC_011452,CUST_06596,Salary,2023-03-29,137996.14,BR025,RM_086,Salary
ACC_011453,CUST_09953,Savings,2024-05-05,57726.34,BR031,RM_048,Savings
ACC_011454,CUST_00793,Savings,2026-06-08,34843.46,BR009,RM_067,Savings
ACC_011455,CUST_02440,Savings,2025-07-20,20686.59,BR015,RM_049,Savings
ACC_011456,CUST_08074,Savings,2025-03-19,23453.82,BR009,RM_080,Savings
ACC_011457,CUST_05291,Savings,2026-03-03,18139.13,BR035,RM_064,Savings
ACC_011458,CUST_00673,Salary,2025-11-02,5798.09,BR014,RM_054,Salary
ACC_011459,CUST_09576,Savings,2026-06-18,25168.76,BR012,RM_036,Savings
ACC_011460,CUST_00150,Savings,2025-06-06,9505.37,BR039,RM_051,Savings
ACC_011461,CUST_03855,Savings,2025-12-13,84306.39,BR020,RM_032,Savings
ACC_011462,CUST_03043,Savings,2022-04-27,25798.46,BR008,RM_091,Savings
ACC_011463,CUST_01452,Salary,2025-01-16,34969.28,BR007,RM_055,Salary
ACC_011464,CUST_06679,Savings,2022-07-09,8072.47,BR020,RM_045,Savings
ACC_011465,CUST_08558,Savings,2024-08-12,66213.94,BR001,RM_095,Savings
ACC_011466,CUST_07364,Current,2024-10-25,17462.78,BR045,RM_021,Current
ACC_011467,CUST_05549,Savings,2023-08-22,1918.89,BR038,RM_064,Savings
ACC_011468,CUST_05942,Savings,2026-01-12,36090.17,BR007,RM_047,Savings
ACC_011469,CUST_06652,Current,2025-05-13,27810.41,BR008,RM_013,Current
ACC_011470,CUST_01916,Savings,2023-01-08,62772.25,BR014,RM_029,Savings
ACC_011471,CUST_09624,Salary,2024-10-16,742895.4,BR023,RM_033,Salary
ACC_011472,CUST_01936,Savings,2025-10-27,14161.76,BR013,RM_044,Savings
ACC_011473,CUST_07319,Salary,2025-11-15,42529.13,BR027,RM_056,Salary
ACC_011474,CUST_09341,Savings,2026-03-26,1517.79,BR023,RM_046,Savings
ACC_011475,CUST_08289,Current,2025-01-18,3734.53,BR026,RM_051,Current
ACC_011476,CUST_01027,Savings,2026-07-25,1069.13,BR011,RM_037,Savings
ACC_011477,CUST_07228,Current,2025-12-06,171479.8,BR026,RM_041,Current
ACC_011478,CUST_01093,Savings,2024-03-30,12348.12,BR046,RM_061,Savings
ACC_011479,CUST_10125,Savings,2025-09-19,18766.66,BR025,RM_043,Savings
ACC_011480,CUST_04510,Savings,2025-01-13,182171.14,BR012,RM_004,Savings
ACC_011481,CUST_06220,Savings,2026-05-23,18355.28,BR046,RM_094,Savings
ACC_011482,CUST_03170,Current,2024-11-26,15094.59,BR045,RM_015,Current
ACC_011483,CUST_03758,Savings,2026-01-23,9585.74,BR026,RM_089,Savings
ACC_011484,CUST_07880,Current,2026-04-27,6722.59,BR017,RM_064,Current
ACC_011485,CUST_05073,Current,2025-12-04,4498.82,BR041,RM_099,Current
ACC_011486,CUST_09120,Savings,2024-12-13,1635958.3,BR022,RM_037,Savings
ACC_011487,CUST_07909,Savings,2025-06-25,9687.76,BR026,RM_071,Savings
ACC_011488,CUST_04112,Savings,2025-12-25,5290.58,BR034,RM_084,Savings
ACC_011489,CUST_01306,Current,2024-09-18,30989.75,BR024,RM_037,Current
ACC_011490,CUST_02283,Savings,2024-08-31,18018.85,BR010,RM_008,Savings
ACC_011491,CUST_04466,Savings,2026-05-18,59105.69,BR045,RM_075,Savings
ACC_011492,CUST_05304,Savings,2026-04-22,1867.76,BR009,RM_076,Savings
ACC_011493,CUST_02488,Savings,2025-05-04,225285.86,BR028,RM_085,Savings
ACC_011494,CUST_06350,Savings,2024-11-23,11996.51,BR034,RM_067,Savings
ACC_011495,CUST_02541,Savings,2022-05-31,13939.31,BR035,RM_072,Savings
ACC_011496,CUST_08057,Salary,2026-07-27,11875.97,BR022,RM_034,Salary
ACC_011497,CUST_04581,Savings,2026-08-14,6902.19,BR037,RM_098,Savings
ACC_011498,CUST_02870,Current,2021-06-30,25054.69,BR044,RM_009,Current
ACC_011499,CUST_02906,Savings,2021-10-20,17864.75,BR037,RM_031,Savings
ACC_011500,CUST_05254,Savings,2025-05-19,12291.33,BR026,RM_074,Savings
ACC_011501,CUST_05079,Savings,2022-12-11,6890.39,BR012,RM_097,Savings
ACC_011502,CUST_04462,Salary,2022-07-10,2229.17,BR044,RM_049,Salary
ACC_011503,CUST_07744,Savings,2026-05-06,4684.37,BR012,RM_028,Savings
ACC_011504,CUST_04073,Salary,2026-08-03,3940.88,BR015,RM_096,Salary
ACC_011505,CUST_03996,Savings,2025-09-01,42152.08,BR034,RM_020,Savings
ACC_011506,CUST_08780,Savings,2022-12-17,2126.01,BR047,RM_058,Savings
ACC_011507,CUST_09366,Salary,2023-12-06,7089.49,BR040,RM_080,Salary
ACC_011508,CUST_08125,Current,2024-07-12,7123.94,BR028,RM_043,Current
ACC_011509,CUST_05077,Savings,2024-01-04,283659.14,BR046,RM_009,Savings
ACC_011510,CUST_08447,Savings,2025-11-19,3547.16,BR040,RM_089,Savings
ACC_011511,CUST_03272,Savings,2026-07-30,37377.43,BR034,RM_060,Savings
ACC_011512,CUST_04391,Salary,2025-05-23,4936.64,BR012,RM_027,Salary
ACC_011513,CUST_00234,Salary,2023-03-06,19275.54,BR015,RM_028,Salary
ACC_011514,CUST_01019,Salary,2025-04-08,16131.14,BR003,RM_032,Salary
ACC_011515,CUST_04745,Savings,2026-03-17,423576.98,BR021,RM_007,Savings
ACC_011516,CUST_02056,Current,2026-08-04,694.06,BR017,RM_059,Current
ACC_011517,CUST_01303,Salary,2024-01-20,16783.74,BR046,RM_072,Salary
ACC_011518,CUST_03342,Salary,2026-05-04,29323.98,BR035,RM_025,Salary
ACC_011519,CUST_00679,Savings,2025-04-30,120868.39,BR004,RM_091,Savings
ACC_011520,CUST_06342,Savings,2026-03-10,83796.15,BR006,RM_019,Savings
ACC_011521,CUST_02467,Current,2024-12-28,10471.77,BR015,RM_042,Current
ACC_011522,CUST_04967,Savings,2026-08-07,5435.55,BR007,RM_038,Savings
ACC_011523,CUST_05292,Savings,2025-06-24,58927.96,BR023,RM_046,Savings
ACC_011524,CUST_03290,Savings,2024-02-12,133839.18,BR045,RM_023,Savings
ACC_011525,CUST_07339,Current,2025-09-09,9603.22,BR045,RM_069,Current
ACC_011526,CUST_06212,Salary,2026-08-02,37493.12,BR011,RM_044,Salary
ACC_011527,CUST_08220,Salary,2024-01-24,42803.6,BR013,RM_092,Salary
ACC_011528,CUST_05153,Salary,2025-12-22,1362.51,BR041,RM_086,Salary
ACC_011529,CUST_04405,Savings,2026-07-29,87501.15,BR050,RM_008,Savings
ACC_011530,CUST_01510,Savings,2024-05-30,52545.15,BR042,RM_100,Savings
ACC_011531,CUST_02480,Savings,2026-12-06,48485.41,BR027,RM_041,Savings
ACC_011532,CUST_08775,Savings,2024-08-11,10389.53,BR010,RM_027,Savings
ACC_011533,CUST_03874,Savings,2023-07-07,57536.44,BR032,RM_027,Savings
ACC_011534,CUST_06695,Savings,2026-03-16,6980.53,BR022,RM_052,Savings
ACC_011535,CUST_06476,Savings,2025-12-07,46254.21,BR034,RM_098,Savings
ACC_011536,CUST_07508,Savings,2026-07-11,33069.26,BR040,RM_080,Savings
ACC_011537,CUST_06592,Savings,2026-07-27,23704.28,BR014,RM_085,Savings
ACC_011538,CUST_00317,Savings,2025-10-29,18978.3,BR027,RM_034,Savings
ACC_011539,CUST_04950,Salary,2024-08-05,2569.04,BR007,RM_070,Salary
ACC_011540,CUST_01936,Savings,2025-11-27,69542.1,BR018,RM_016,Savings
ACC_011541,CUST_04963,Savings,2024-10-13,3043.31,BR006,RM_041,Savings
ACC_011542,CUST_03254,Savings,2023-06-29,28530.73,BR018,RM_018,Savings
ACC_011543,CUST_10041,Savings,2023-05-08,22946.18,BR007,RM_001,Savings
ACC_011544,CUST_09963,Savings,2025-10-18,10491.79,BR027,RM_010,Savings
ACC_011545,CUST_05673,Savings,2026-07-23,2975.01,BR026,RM_075,Savings
ACC_011546,CUST_06274,Savings,2025-03-03,2886.77,BR008,RM_002,Savings
ACC_011547,CUST_09174,Savings,2022-08-15,11714.14,BR029,RM_051,Savings
ACC_011548,CUST_02446,Savings,2024-05-09,418462.67,BR041,RM_083,Savings
ACC_011549,CUST_02839,Savings,2025-08-27,82463.91,BR009,RM_026,Savings
ACC_011550,CUST_08070,Salary,2023-12-15,131214.72,BR001,RM_071,Salary
ACC_011551,CUST_03438,Savings,2026-01-03,36693.55,BR049,RM_051,Savings
ACC_011552,CUST_05407,Savings,2026-07-15,94350.44,BR026,RM_067,Savings
ACC_011553,CUST_02363,Savings,2024-06-28,50892.14,BR022,RM_053,Savings
ACC_011554,CUST_07476,Savings,2021-12-05,22199.24,BR017,RM_058,Savings
ACC_011555,CUST_08755,Savings,2024-03-09,11853.05,BR035,RM_082,Savings
ACC_011556,CUST_02505,Savings,2024-09-16,10080.36,BR048,RM_009,Savings
ACC_011557,CUST_02749,Current,2026-01-26,153865.88,BR027,RM_091,Current
ACC_011558,CUST_10123,Savings,2025-09-22,23984.13,BR008,RM_094,Savings
ACC_011559,CUST_04970,Salary,2024-03-18,62888.35,BR044,RM_098,Salary
ACC_011560,CUST_06454,Salary,2025-12-17,213060.94,BR047,RM_063,Salary
ACC_011561,CUST_05372,Current,2026-06-30,18814.05,BR026,RM_069,Current
ACC_011562,CUST_03865,Savings,2025-10-12,28168.65,BR034,RM_042,Savings
ACC_011563,CUST_00396,Current,2026-04-06,171905.37,BR022,RM_065,Current
ACC_011564,CUST_05367,Savings,2026-07-09,7081.94,BR041,RM_060,Savings
ACC_011565,CUST_07875,Savings,2023-01-19,63149.17,BR008,RM_029,Savings
ACC_011566,CUST_08148,Savings,2023-03-23,35580.71,BR009,RM_090,Savings
ACC_011567,CUST_05864,Savings,2026-05-31,4442.69,BR010,RM_100,Savings
ACC_011568,CUST_07292,Current,2026-06-19,266006.8,BR033,RM_051,Current
ACC_011569,CUST_02904,Salary,2026-01-03,24812.69,BR021,RM_051,Salary
ACC_011570,CUST_08856,Savings,2021-12-16,21513.43,BR032,RM_055,Savings
ACC_011571,CUST_07277,Salary,2026-01-21,83526.22,BR027,RM_075,Salary
ACC_011572,CUST_08524,Current,2025-07-15,14551.75,BR032,RM_010,Current
ACC_011573,CUST_03878,Savings,2023-06-20,82450.41,BR016,RM_062,Savings
ACC_011574,CUST_01223,Savings,2024-09-06,5254.75,BR021,RM_002,Savings
ACC_011575,CUST_03290,Savings,2023-12-16,3690.59,BR044,RM_086,Savings
ACC_011576,CUST_08708,Savings,2022-04-18,748278.62,BR017,RM_066,Savings
ACC_011577,CUST_01826,Savings,2026-12-05,214.17,BR020,RM_068,Savings
ACC_011578,CUST_00646,Current,2025-08-22,6944.38,BR047,RM_043,Current
ACC_011579,CUST_06080,Salary,2026-04-04,4900.46,BR031,RM_028,Salary
ACC_011580,CUST_06921,Savings,2025-08-07,7785.92,BR022,RM_091,Savings
ACC_011581,CUST_00459,Savings,2022-09-26,582.61,BR010,RM_001,Savings
ACC_011582,CUST_04613,Savings,2025-11-04,6717.74,BR047,RM_009,Savings
ACC_011583,CUST_01776,Salary,2025-09-28,11040.74,BR011,RM_027,Salary
ACC_011584,CUST_05199,Current,2026-05-13,19326.46,BR023,RM_012,Current
ACC_011585,CUST_01275,Current,2023-07-20,4215.87,BR022,RM_063,Current
ACC_011586,CUST_01664,Savings,2023-08-24,12591.55,BR037,RM_087,Savings
ACC_011587,CUST_03340,Savings,2025-11-26,465519.44,BR009,RM_029,Savings
ACC_011588,CUST_07812,Salary,2024-10-24,6841.49,BR038,RM_047,Salary
ACC_011589,CUST_09273,Savings,2025-06-24,74157.03,BR040,RM_076,Savings
ACC_011590,CUST_05120,Savings,2024-11-24,13175.29,BR027,RM_013,Savings
ACC_011591,CUST_08881,Current,2024-08-03,23504.32,BR028,RM_090,Current
ACC_011592,CUST_09520,Savings,2025-08-09,5788.71,BR010,RM_080,Savings
ACC_011593,CUST_05273,Savings,2025-11-23,23762.42,BR008,RM_094,Savings
ACC_011594,CUST_04137,Savings,2026-08-09,5598.31,BR005,RM_038,Savings
ACC_011595,CUST_05999,Savings,2026-07-24,6410.4,BR042,RM_030,Savings
ACC_011596,CUST_01417,Current,2025-09-25,50848.61,BR028,RM_011,Current
ACC_011597,CUST_01005,Salary,2023-04-28,4971.28,BR041,RM_052,Salary
ACC_011598,CUST_00444,Savings,2025-04-18,17398.45,BR044,RM_032,Savings
ACC_011599,CUST_03811,Savings,2021-12-03,-1615.56,BR040,RM_037,Savings
ACC_011600,CUST_06538,Savings,2025-02-04,19838.55,BR022,RM_042,Savings
ACC_011601,CUST_09874,Savings,2025-10-02,5811.4,BR015,RM_012,Savings
ACC_011602,CUST_03124,Salary,2024-11-14,31955.28,BR008,RM_058,Salary
ACC_011603,CUST_08851,Savings,2023-12-09,37041.86,BR015,RM_070,Savings
ACC_011604,CUST_03407,Savings,2023-08-06,1021.02,BR022,RM_051,Savings
ACC_011605,CUST_01982,Savings,2024-11-12,10633.12,BR044,RM_097,Savings
ACC_011606,CUST_05665,Savings,2026-07-28,75827.79,BR049,RM_014,Savings
ACC_011607,CUST_00225,Salary,2022-01-20,8348.59,BR040,RM_044,Salary
ACC_011608,CUST_07540,Savings,2025-02-24,75036.25,BR006,RM_010,Savings
ACC_011609,CUST_04220,Savings,2026-07-15,11625.28,BR027,RM_011,Savings
ACC_011610,CUST_03161,Savings,2025-12-21,7379.88,BR043,RM_012,Savings
ACC_011611,CUST_06727,Salary,2023-11-14,1591.97,BR005,RM_046,Salary
ACC_011612,CUST_04739,Salary,2026-07-22,10499.63,BR045,RM_059,Salary
ACC_011613,CUST_05651,Savings,2021-05-17,81584.9,BR022,RM_063,Savings
ACC_011614,CUST_01354,Current,2025-05-21,43658.13,BR001,RM_056,Current
ACC_011615,CUST_06506,Savings,2024-02-22,9014.84,BR022,RM_009,Savings
ACC_011616,CUST_07063,Savings,2026-03-22,3144.19,BR042,RM_054,Savings
ACC_011617,CUST_03801,Savings,2022-05-22,26402.44,BR037,RM_024,Savings
ACC_011618,CUST_06703,Savings,2024-01-17,8625.89,BR002,RM_066,Savings
ACC_011619,CUST_07669,Savings,2023-11-13,1771.61,BR023,RM_089,Savings
ACC_011620,CUST_05763,Savings,2024-03-23,45663.7,BR006,RM_006,Savings
ACC_011621,CUST_04307,Savings,2026-08-09,27031.28,BR002,RM_082,Savings
ACC_011622,CUST_02793,Savings,2026-08-14,8890.26,BR032,RM_068,Savings
ACC_011623,CUST_05066,Savings,2026-07-27,628.73,BR018,RM_056,Savings
ACC_011624,CUST_01041,Savings,2025-01-09,1770.4,BR006,RM_026,Savings
ACC_011625,CUST_05264,Savings,2023-06-29,2975.8,BR031,RM_099,Savings
ACC_011626,CUST_06043,Savings,2025-06-09,5210.59,BR038,RM_057,Savings
ACC_011627,CUST_00681,Salary,2026-04-21,2919.81,BR026,RM_009,Salary
ACC_011628,CUST_04716,Current,2026-08-12,94155.53,BR032,RM_004,Current
ACC_011629,CUST_03057,Salary,2026-07-22,137935.93,BR034,RM_012,Salary
ACC_011630,CUST_03103,Salary,2026-06-11,-4677.9,BR043,RM_089,Salary
ACC_011631,CUST_10036,Savings,2024-12-20,1252.72,BR042,RM_028,Savings
ACC_011632,CUST_08999,Savings,2025-05-03,54290.22,BR044,RM_057,Savings
ACC_011633,CUST_04471,Current,2025-02-17,8415.31,BR018,RM_048,Current
ACC_011634,CUST_00186,Savings,2022-10-24,20550.15,BR038,RM_007,Savings
ACC_011635,CUST_03857,Current,2026-08-07,8475.87,BR022,RM_063,Current
ACC_011636,CUST_05923,Savings,2025-05-14,51049.88,BR045,RM_042,Savings
ACC_011637,CUST_08923,Current,2026-06-19,70668.5,BR029,RM_024,Current
ACC_011638,CUST_05342,Salary,2025-03-21,3310.81,BR037,RM_002,Salary
ACC_011639,CUST_09126,Savings,2026-05-30,1613.45,BR019,RM_009,Savings
ACC_011640,CUST_01136,Savings,2026-07-18,205852.6,BR002,RM_045,Savings
ACC_011641,CUST_03805,Savings,2022-04-06,87804.93,BR036,RM_019,Savings
ACC_011642,CUST_04779,Salary,2023-02-20,42080.2,BR007,RM_062,Salary
ACC_011643,CUST_06163,Savings,2024-07-13,17465.84,BR015,RM_032,Savings
ACC_011644,CUST_08328,Savings,2026-06-17,34095.89,BR018,RM_094,Savings
ACC_011645,CUST_06686,Savings,2023-03-16,13216.8,BR044,RM_088,Savings
ACC_011646,CUST_09919,Savings,2025-11-19,59613.57,BR034,RM_064,Savings
ACC_011647,CUST_09617,Savings,2026-06-27,33634.77,BR037,RM_002,Savings
ACC_011648,CUST_04067,Savings,2024-02-20,3995.54,BR045,RM_027,Savings
ACC_011649,CUST_03563,Savings,2024-04-26,84807.91,BR010,RM_095,Savings
ACC_011650,CUST_07196,Savings,2023-03-22,33391.07,BR019,RM_018,Savings
ACC_011651,CUST_05441,Current,2025-12-30,59696.18,BR015,RM_099,Current
ACC_011652,CUST_01472,Savings,2025-09-27,-1599.77,BR037,RM_053,Savings
ACC_011653,CUST_03760,Savings,2022-07-24,16934.78,BR008,RM_023,Savings
ACC_011654,CUST_06553,Current,2026-07-15,623.34,BR033,RM_071,Current
ACC_011655,CUST_00019,Savings,2025-09-22,522743.1,BR022,RM_004,Savings
ACC_011656,CUST_09824,Savings,2024-11-28,3047.25,BR038,RM_028,Savings
ACC_011657,CUST_05615,Savings,2025-06-04,7702.69,BR010,RM_010,Savings
ACC_011658,CUST_05885,Savings,2022-07-25,86084.36,BR044,RM_039,Savings
ACC_011659,CUST_00074,Current,2026-05-17,63945.88,BR045,RM_044,Current
ACC_011660,CUST_09649,Savings,2026-07-27,43616.84,BR013,RM_075,Savings
ACC_011661,CUST_09501,Salary,2026-01-01,17290.13,BR011,RM_024,Salary
ACC_011662,CUST_00997,Salary,2026-04-15,30532.71,BR026,RM_086,Salary
ACC_011663,CUST_07749,Current,2025-09-10,13801.56,BR022,RM_024,Current
ACC_011664,CUST_01449,Savings,2023-05-08,2557.62,BR034,RM_028,Savings
ACC_011665,CUST_08326,Savings,2025-12-23,3819.62,BR050,RM_033,Savings
ACC_011666,CUST_06225,Savings,2025-01-11,161760.7,BR018,RM_060,Savings
ACC_011667,CUST_05113,Savings,2025-10-26,14951.06,BR046,RM_052,Savings
ACC_011668,CUST_02680,Savings,2026-01-09,2292.0,BR020,RM_040,Savings
ACC_011669,CUST_04693,Savings,2026-01-24,31445.55,BR008,RM_039,Savings
ACC_011670,CUST_06178,Savings,2024-09-26,23400.93,BR048,RM_094,Savings
ACC_011671,CUST_05916,Current,2025-10-24,1073.49,BR038,RM_097,Current
ACC_011672,CUST_06075,Savings,2024-02-28,10658.98,BR022,RM_043,Savings
ACC_011673,CUST_07391,Savings,2025-03-30,9391.61,BR045,RM_044,Savings
ACC_011674,CUST_09733,Salary,2026-03-04,54421.42,BR006,RM_031,Salary
ACC_011675,CUST_04466,Savings,2025-12-30,3154.68,BR029,RM_065,Savings
ACC_011676,CUST_04253,Current,2025-03-30,77136.34,BR026,RM_023,Current
ACC_011677,CUST_02820,Savings,2024-11-20,39740.35,BR043,RM_022,Savings
ACC_011678,CUST_06327,Savings,2021-08-31,118055.0,BR006,RM_038,Savings
ACC_011679,CUST_01830,Savings,2024-06-19,48790.11,BR005,RM_006,Savings
ACC_011680,CUST_04000,Savings,2025-11-02,3529.76,BR020,RM_026,Savings
ACC_011681,CUST_01613,Savings,2024-06-13,14627.64,BR022,RM_053,Savings
ACC_011682,CUST_06717,Current,2024-05-23,7550.33,BR043,RM_042,Current
ACC_011683,CUST_04815,Savings,2024-03-28,6203.01,BR017,RM_053,Savings
ACC_011684,CUST_02281,Savings,2026-06-24,1766.2,BR043,RM_025,Savings
ACC_011685,CUST_08770,Savings,2025-06-08,799751.24,BR045,RM_003,Savings
ACC_011686,CUST_08294,Current,2023-11-12,31289.96,BR005,RM_027,Current
ACC_011687,CUST_04133,Savings,2026-04-30,40990.97,BR046,RM_094,Savings
ACC_011688,CUST_07467,Savings,2025-03-12,5247.87,BR043,RM_073,Savings
ACC_011689,CUST_08354,Savings,2025-02-26,33607.49,BR044,RM_002,Savings
ACC_011690,CUST_04886,Savings,2025-04-15,30080.35,BR015,RM_040,Savings
ACC_011691,CUST_00379,Savings,2026-07-22,7577.1,BR009,RM_060,Savings
ACC_011692,CUST_09062,Salary,2026-02-01,48169.87,BR017,RM_015,Salary
ACC_011693,CUST_01346,Salary,2022-12-04,143239.35,BR038,RM_097,Salary
ACC_011694,CUST_01253,Current,2026-07-01,14420.2,BR030,RM_021,Current
ACC_011695,CUST_04993,Savings,2026-04-04,1067.84,BR005,RM_030,Savings
ACC_011696,CUST_07923,Savings,2025-08-02,26414.56,BR022,RM_037,Savings
ACC_011697,CUST_09256,Savings,2023-08-07,1920.83,BR030,RM_001,Savings
ACC_011698,CUST_04160,Savings,2026-07-04,83180.34,BR012,RM_056,Savings
ACC_011699,CUST_00800,Savings,2023-05-09,78938.91,BR018,RM_016,Savings
ACC_011700,CUST_03571,Savings,2025-03-11,3340.4,BR030,RM_006,Savings
ACC_011701,CUST_03789,Savings,2023-12-27,14987.19,BR028,RM_046,Savings
ACC_011702,CUST_05201,Savings,2026-04-08,9600.05,BR014,RM_090,Savings
ACC_011703,CUST_03916,Savings,2021-10-10,1957.72,BR002,RM_096,Savings
ACC_011704,CUST_08956,Savings,2025-12-14,30361.96,BR032,RM_045,Savings
ACC_011705,CUST_04825,Savings,2023-12-19,2839.38,BR024,RM_084,Savings
ACC_011706,CUST_04924,Savings,2026-06-03,9746.53,BR027,RM_055,Savings
ACC_011707,CUST_02835,Savings,2026-02-17,29739.88,BR002,RM_063,Savings
ACC_011708,CUST_04016,Savings,2025-03-16,960085.12,BR014,RM_066,Savings
ACC_011709,CUST_04813,Savings,2026-04-06,169112.14,BR019,RM_064,Savings
ACC_011710,CUST_08524,Savings,2026-05-20,168712.8,BR045,RM_055,Savings
ACC_011711,CUST_09007,Salary,2025-09-27,4622.56,BR032,RM_094,Salary
ACC_011712,CUST_05749,Savings,2026-05-23,15570.69,BR004,RM_089,Savings
ACC_011713,CUST_07833,Savings,2025-11-23,4305.41,BR050,RM_072,Savings
ACC_011714,CUST_03652,Savings,2025-05-11,11873.51,BR012,RM_077,Savings
ACC_011715,CUST_08304,Savings,2025-09-08,7368.62,BR018,RM_039,Savings
ACC_011716,CUST_00203,Savings,2026-03-16,104167.79,BR016,RM_060,Savings
ACC_011717,CUST_07194,Savings,2024-04-27,11993.01,BR016,RM_095,Savings
ACC_011718,CUST_09813,Savings,2026-01-24,12355.14,BR029,RM_074,Savings
ACC_011719,CUST_00238,Salary,2026-03-28,21484.01,BR047,RM_046,Salary
ACC_011720,CUST_06453,Savings,2025-07-16,7973.84,BR029,RM_083,Savings
ACC_011721,CUST_06575,Savings,2025-04-02,212404.96,BR036,RM_054,Savings
ACC_011722,CUST_08909,Savings,2025-07-24,7931.57,BR025,RM_087,Savings
ACC_011723,CUST_01340,Savings,2025-09-01,12020.17,BR022,RM_079,Savings
ACC_011724,CUST_06912,Current,2026-04-04,13732.46,BR049,RM_073,Current
ACC_011725,CUST_01240,Savings,2025-09-10,12303.52,BR016,RM_011,Savings
ACC_011726,CUST_06779,Savings,2025-08-19,32595.22,BR020,RM_038,Savings
ACC_011727,CUST_04780,Savings,2026-04-25,522190.32,BR012,RM_026,Savings
ACC_011728,CUST_01861,Savings,2024-05-13,1780.52,BR032,RM_054,Savings
ACC_011729,CUST_08661,Savings,2024-04-18,7651.33,BR031,RM_022,Savings
ACC_011730,CUST_10074,Savings,2025-03-29,2406.94,BR020,RM_024,Savings
ACC_011731,CUST_06876,Savings,2024-11-09,4128.09,BR010,RM_009,Savings
ACC_011732,CUST_02619,Savings,2026-02-03,2312.48,BR024,RM_092,Savings
ACC_011733,CUST_07805,Current,2026-05-02,215109.64,BR012,RM_007,Current
ACC_011734,CUST_09133,Savings,2022-07-28,125320.71,BR013,RM_005,Savings
ACC_011735,CUST_00490,Savings,2025-10-07,27288.63,BR032,RM_005,Savings
ACC_011736,CUST_09431,Current,2023-12-18,3510.08,BR039,RM_079,Current
ACC_011737,CUST_09421,Savings,2023-11-23,3357.45,BR026,RM_078,Savings
ACC_011738,CUST_07165,Savings,2023-10-11,280921.94,BR004,RM_025,Savings
ACC_011739,CUST_00139,Savings,2023-03-19,79848.67,BR013,RM_020,Savings
ACC_011740,CUST_08810,Salary,2023-11-09,7181.0,BR016,RM_007,Salary
ACC_011741,CUST_04499,Savings,2026-07-23,3103.94,BR029,RM_066,Savings
ACC_011742,CUST_07318,Salary,2025-05-29,4989.5,BR012,RM_018,Salary
ACC_011743,CUST_04896,Current,2026-07-13,21477.11,BR018,RM_010,Current
ACC_011744,CUST_09029,Savings,2023-05-26,6063.1,BR040,RM_059,Savings
ACC_011745,CUST_08283,Savings,2024-10-29,14506.84,BR049,RM_051,Savings
ACC_011746,CUST_08072,Salary,2025-02-10,22937.87,BR029,RM_007,Salary
ACC_011747,CUST_02936,Savings,2025-05-06,7551.04,BR011,RM_029,Savings
ACC_011748,CUST_06195,Savings,2025-12-05,66336.99,BR032,RM_049,Savings
ACC_011749,CUST_06054,Savings,2025-03-13,15379.02,BR038,RM_025,Savings
ACC_011750,CUST_08149,Salary,2024-09-24,91132.21,BR050,RM_078,Salary
ACC_011751,CUST_08463,Savings,2025-06-20,26270.13,BR016,RM_088,Savings
ACC_011752,CUST_08636,Savings,2025-12-14,10533.84,BR003,RM_083,Savings
ACC_011753,CUST_08871,Savings,2025-04-22,2271.95,BR038,RM_067,Savings
ACC_011754,CUST_09844,Savings,2025-05-22,47091.82,BR033,RM_056,Savings
ACC_011755,CUST_01063,Savings,2026-01-16,24630.55,BR039,RM_080,Savings
ACC_011756,CUST_05571,Savings,2026-05-16,13510.71,BR010,RM_087,Savings
ACC_011757,CUST_09956,Salary,2026-08-09,9784.85,BR019,RM_047,Salary
ACC_011758,CUST_00129,Current,2023-03-24,19537.43,BR036,RM_080,Current
ACC_011759,CUST_07970,Savings,2026-02-10,52686.46,BR038,RM_034,Savings
ACC_011760,CUST_01280,Savings,2024-11-26,1762.52,BR044,RM_081,Savings
ACC_011761,CUST_06193,Current,2026-01-12,29002.43,BR013,RM_093,Current
ACC_011762,CUST_07982,Current,2025-10-06,28165.81,BR029,RM_032,Current
ACC_011763,CUST_04240,Savings,2026-05-24,4586.47,BR041,RM_095,Savings
ACC_011764,CUST_07252,Savings,2026-07-29,9266.03,BR047,RM_092,Savings
ACC_011765,CUST_05607,Savings,2024-11-25,15120.84,BR043,RM_100,Savings
ACC_011766,CUST_06031,Savings,2026-03-17,41507.8,BR024,RM_076,Savings
ACC_011767,CUST_07473,Savings,2024-02-11,11341.91,BR038,RM_062,Savings
ACC_011768,CUST_04822,Savings,2026-03-13,10322.87,BR003,RM_030,Savings
ACC_011769,CUST_00017,Savings,2022-02-06,1786.76,BR027,RM_054,Savings
ACC_011770,CUST_03943,Current,2024-12-31,26502.79,BR031,RM_001,Current
ACC_011771,CUST_05559,Savings,2026-11-02,2790.65,BR048,RM_012,Savings
ACC_011772,CUST_03567,Savings,2026-02-20,13232.85,BR050,RM_033,Savings
ACC_011773,CUST_09730,Current,2024-12-09,67082.85,BR040,RM_026,Current
ACC_011774,CUST_03008,Savings,2025-11-17,82786.16,BR002,RM_048,Savings
ACC_011775,CUST_00012,Salary,2022-11-09,5052.12,BR007,RM_096,Salary
ACC_011776,CUST_00653,Savings,2025-10-16,3402.81,BR027,RM_042,Savings
ACC_011777,CUST_00190,Current,2026-02-12,13096.49,BR013,RM_030,Current
ACC_011778,CUST_08616,Savings,2027-04-18,14336.16,BR023,RM_095,Savings
ACC_011779,CUST_02023,Current,2026-05-30,19548.0,BR029,RM_056,Current
ACC_011780,CUST_04549,Salary,2024-01-23,10547.68,BR011,RM_053,Salary
ACC_011781,CUST_02159,Savings,2024-10-14,5797.62,BR019,RM_099,Savings
ACC_011782,CUST_09741,Savings,2026-07-10,3186.39,BR018,RM_061,Savings
ACC_011783,CUST_02972,Savings,2026-05-02,9502.14,BR004,RM_004,Savings
ACC_011784,CUST_07789,Current,2026-03-05,7384.41,BR015,RM_054,Current
ACC_011785,CUST_01028,Savings,2025-01-20,14820.38,BR045,RM_052,Savings
ACC_011786,CUST_02349,Savings,2024-07-24,5457.99,BR037,RM_024,Savings
ACC_011787,CUST_00218,Savings,2026-04-13,37511.57,BR039,RM_044,Savings
ACC_011788,CUST_01283,Savings,2025-01-31,4295.9,BR016,RM_089,Savings
ACC_011789,CUST_08043,Savings,2026-07-26,2771.13,BR040,RM_049,Savings
ACC_011790,CUST_01382,Current,2026-07-02,64778.83,BR049,RM_043,Current
ACC_011791,CUST_08115,Savings,2025-05-14,572.38,BR041,RM_029,Savings
ACC_011792,CUST_06060,Savings,2023-07-02,9380.94,BR047,RM_045,Savings
ACC_011793,CUST_03608,Savings,2022-04-19,6662.56,BR047,RM_055,Savings
ACC_011794,CUST_02217,Current,2026-04-01,143771.86,BR022,RM_017,Current
ACC_011795,CUST_07032,Savings,2022-02-18,26102.06,BR028,RM_027,Savings
ACC_011796,CUST_00520,Current,2026-06-24,52591.7,BR023,RM_051,Current
ACC_011797,CUST_09260,Savings,2024-09-04,14879.43,BR042,RM_087,Savings
ACC_011798,CUST_07218,Savings,2026-08-10,22454.0,BR050,RM_046,Savings
ACC_011799,CUST_03052,Savings,2026-06-16,273783.65,BR042,RM_028,Savings
ACC_011800,CUST_03814,Savings,2026-03-23,742475.89,BR026,RM_073,Savings
ACC_011801,CUST_03629,Current,2025-04-05,13951.62,BR001,RM_090,Current
ACC_011802,CUST_03345,Savings,2023-06-25,1663372.3,BR031,RM_023,Savings
ACC_011803,CUST_07961,Current,2026-07-03,27598.39,BR025,RM_022,Current
ACC_011804,CUST_08450,Current,2026-02-11,22537.84,BR037,RM_016,Current
ACC_011805,CUST_09741,Savings,2026-07-12,8426.93,BR007,RM_079,Savings
ACC_011806,CUST_08527,Savings,2025-04-29,21005.14,BR047,RM_100,Savings
ACC_011807,CUST_01986,Savings,2026-05-24,1180.99,BR010,RM_042,Savings
ACC_011808,CUST_01663,Savings,2025-03-30,14908.96,BR020,RM_034,Savings
ACC_011809,CUST_03606,Salary,2025-01-08,8107.89,BR049,RM_050,Salary
ACC_011810,CUST_01134,Savings,2026-06-13,169321.18,BR043,RM_060,Savings
ACC_011811,CUST_09592,Current,2024-03-03,31326.35,BR003,RM_029,Current
ACC_011812,CUST_03727,Savings,2024-12-27,6203.62,BR039,RM_053,Savings
ACC_011813,CUST_06978,Savings,2026-06-15,3100.85,BR017,RM_057,Savings
ACC_011814,CUST_02584,Savings,2026-07-22,3811.36,BR011,RM_042,Savings
ACC_011815,CUST_08118,Current,2026-04-29,31474.52,BR008,RM_094,Current
ACC_011816,CUST_10071,Salary,2022-05-01,2618.61,BR024,RM_089,Salary
ACC_011817,CUST_00840,Savings,2026-03-29,5377.74,BR031,RM_035,Savings
ACC_011818,CUST_04386,Savings,2026-07-12,28339.04,BR004,RM_041,Savings
ACC_011819,CUST_02901,Savings,2026-03-18,33566.09,BR019,RM_035,Savings
ACC_011820,CUST_09357,Salary,2024-04-12,3280.76,BR012,RM_089,Salary
ACC_011821,CUST_03384,Salary,2025-08-31,75408.89,BR018,RM_071,Salary
ACC_011822,CUST_03637,Savings,2023-04-21,4150.03,BR015,RM_084,Savings
ACC_011823,CUST_05864,Savings,2023-05-19,5964.48,BR002,RM_032,Savings
ACC_011824,CUST_02032,Savings,2024-12-23,1531.11,BR043,RM_015,Savings
ACC_011825,CUST_02361,Savings,2025-05-03,20361.97,BR001,RM_074,Savings
ACC_011826,CUST_07014,Salary,2025-04-14,10023.08,BR050,RM_054,Salary
ACC_011827,CUST_00944,Savings,2025-05-23,25409.05,BR006,RM_046,Savings
ACC_011828,CUST_08608,Current,2025-05-27,3542.09,BR046,RM_098,Current
ACC_011829,CUST_10104,Savings,2023-09-08,2118.66,BR021,RM_052,Savings
ACC_011830,CUST_01262,Savings,2025-12-22,491127.31,BR018,RM_047,Savings
ACC_011831,CUST_05050,Savings,2026-08-03,6442.54,BR007,RM_069,Savings
ACC_011832,CUST_09743,Savings,2026-04-04,-772.52,BR018,RM_065,Savings
ACC_011833,CUST_01773,Salary,2025-03-26,25871.41,BR046,RM_002,Salary
ACC_011834,CUST_03244,Savings,2026-07-05,21591.44,BR015,RM_024,Savings
ACC_011835,CUST_07641,Salary,2025-01-20,8219.87,BR025,RM_031,Salary
ACC_011836,CUST_06915,Salary,2026-05-09,10114.2,BR014,RM_039,Salary
ACC_011837,CUST_09354,Savings,2024-01-19,41101.19,BR022,RM_056,Savings
ACC_011838,CUST_00630,Savings,2022-10-17,15365.5,BR025,RM_056,Savings
ACC_011839,CUST_06906,Savings,2026-02-21,29849.35,BR011,RM_086,Savings
ACC_011840,CUST_06499,Savings,2024-05-02,30450.44,BR024,RM_048,Savings
ACC_011841,CUST_01265,Savings,2024-01-27,8605.25,BR009,RM_037,Savings
ACC_011842,CUST_04645,Current,2025-09-21,57919.63,BR005,RM_064,Current
ACC_011843,CUST_00373,Salary,2023-04-27,85935.5,BR007,RM_045,Salary
ACC_011844,CUST_01533,Savings,2024-08-14,4530.64,BR050,RM_065,Savings
ACC_011845,CUST_07640,Savings,2024-06-24,3575.18,BR045,RM_006,Savings
ACC_011846,CUST_04482,Savings,2023-11-21,322488.76,BR038,RM_067,Savings
ACC_011847,CUST_07850,Savings,2025-02-19,41323.12,BR034,RM_088,Savings
ACC_011848,CUST_09111,Current,2022-06-28,95213.11,BR008,RM_051,Current
ACC_011849,CUST_01072,Savings,2023-11-19,79435.89,BR038,RM_043,Savings
ACC_011850,CUST_06586,Savings,2026-06-18,32123.46,BR019,RM_049,Savings
ACC_011851,CUST_08960,Savings,2024-03-11,201829.67,BR023,RM_031,Savings
ACC_011852,CUST_09248,Savings,2026-08-12,9782.86,BR042,RM_023,Savings
ACC_011853,CUST_04478,Savings,2025-10-18,48699.19,BR047,RM_029,Savings
ACC_011854,CUST_02749,Savings,2026-06-01,7600.5,BR031,RM_080,Savings
ACC_011855,CUST_02673,Savings,2026-01-02,6419.62,BR048,RM_008,Savings
ACC_011856,CUST_05725,Savings,2025-09-09,17423.53,BR046,RM_007,Savings
ACC_011857,CUST_07090,Savings,2023-06-21,6660.41,BR022,RM_100,Savings
ACC_011858,CUST_05445,Savings,2026-02-15,6155.03,BR008,RM_061,Savings
ACC_011859,CUST_00293,Savings,2026-05-26,18453.62,BR033,RM_035,Savings
ACC_011860,CUST_01066,Savings,2026-04-28,17989.82,BR042,RM_004,Savings
ACC_011861,CUST_04724,Savings,2021-09-23,16226.16,BR011,RM_090,Savings
ACC_011862,CUST_08344,Savings,2024-05-23,2590094.28,BR040,RM_013,Savings
ACC_011863,CUST_04767,Savings,2025-06-17,119697.45,BR001,RM_035,Savings
ACC_011864,CUST_07717,Savings,2026-07-27,2095.27,BR023,RM_079,Savings
ACC_011865,CUST_01020,Current,2026-03-23,11493.29,BR015,RM_039,Current
ACC_011866,CUST_07865,Savings,2022-03-26,28345.09,BR046,RM_093,Savings
ACC_011867,CUST_07651,Current,2026-04-16,29600.17,BR020,RM_090,Current
ACC_011868,CUST_04137,Savings,2026-07-07,4934.53,BR010,RM_098,Savings
ACC_011869,CUST_03295,Savings,2026-07-18,15428.11,BR032,RM_057,Savings
ACC_011870,CUST_06914,Salary,2025-03-01,17362.03,BR033,RM_026,Salary
ACC_011871,CUST_05463,Salary,2025-02-20,112977.17,BR002,RM_063,Salary
ACC_011872,CUST_07643,Savings,2025-06-26,147863.15,BR017,RM_086,Savings
ACC_011873,CUST_10161,Savings,2026-07-18,59517.97,BR017,RM_054,Savings
ACC_011874,CUST_07274,Savings,2024-03-08,1215182.95,BR005,RM_046,Savings
ACC_011875,CUST_03741,Current,2025-05-05,4777.3,BR048,RM_025,Current
ACC_011876,CUST_08216,Savings,2026-06-29,4318.11,BR016,RM_088,Savings
ACC_011877,CUST_08316,Savings,2026-03-30,200787.18,BR050,RM_076,Savings
ACC_011878,CUST_08484,Savings,2023-07-03,2946.96,BR031,RM_056,Savings
ACC_011879,CUST_06174,Savings,2022-11-19,17067.0,BR050,RM_078,Savings
ACC_011880,CUST_03841,Savings,2026-06-06,11640.02,BR030,RM_086,Savings
ACC_011881,CUST_06665,Savings,2026-07-08,40525.87,BR008,RM_098,Savings
ACC_011882,CUST_03202,Savings,2026-01-25,736.0,BR013,RM_051,Savings
ACC_011883,CUST_04181,Savings,2026-04-22,235894.0,BR030,RM_017,Savings
ACC_011884,CUST_09144,Savings,2023-10-13,114232.6,BR032,RM_050,Savings
ACC_011885,CUST_05536,Savings,2024-08-23,2661.68,BR036,RM_052,Savings
ACC_011886,CUST_02659,Savings,2025-03-30,3339.62,BR039,RM_083,Savings
ACC_011887,CUST_00789,Savings,2026-05-13,29420.73,BR032,RM_029,Savings
ACC_011888,CUST_01910,Savings,2026-06-26,60700.04,BR042,RM_056,Savings
ACC_011889,CUST_03905,Savings,2025-06-11,71330.13,BR035,RM_016,Savings
ACC_011890,CUST_08026,Savings,2024-09-12,23112.86,BR002,RM_065,Savings
ACC_011891,CUST_01984,Current,2025-07-28,28650.43,BR041,RM_051,Current
ACC_011892,CUST_07331,Savings,2026-04-17,63953.3,BR028,RM_020,Savings
ACC_011893,CUST_00936,Savings,2021-06-26,2294.5,BR047,RM_081,Savings
ACC_011894,CUST_09798,Savings,2022-04-23,29091.38,BR009,RM_041,Savings
ACC_011895,CUST_05593,Savings,2025-10-21,10116.47,BR012,RM_085,Savings
ACC_011896,CUST_01041,Current,2025-03-05,44510.24,BR026,RM_079,Current
ACC_011897,CUST_05157,Savings,2025-09-09,11937.03,BR019,RM_053,Savings
ACC_011898,CUST_05130,Salary,2026-01-05,28725.24,BR015,RM_081,Salary
ACC_011899,CUST_07920,Savings,2026-06-30,10911.67,BR014,RM_090,Savings
ACC_011900,CUST_09534,Current,2025-09-18,7863.97,BR035,RM_059,Current
ACC_011901,CUST_01663,Savings,2024-11-28,9569.67,BR031,RM_004,Savings
ACC_011902,CUST_06728,Savings,2025-07-17,13548.06,BR015,RM_062,Savings
ACC_011903,CUST_04344,Savings,2025-12-13,33601.9,BR047,RM_074,Savings
ACC_011904,CUST_08800,Salary,2025-08-12,14559.9,BR001,RM_009,Salary
ACC_011905,CUST_01889,Savings,2025-07-04,1789.56,BR011,RM_090,Savings
ACC_011906,CUST_06474,Savings,2024-11-27,31703.79,BR048,RM_086,Savings
ACC_011907,CUST_02910,Savings,2026-08-13,1227.71,BR018,RM_040,Savings
ACC_011908,CUST_01911,Current,2025-04-26,16353.1,BR024,RM_092,Current
ACC_011909,CUST_04410,Salary,2023-11-19,17278.79,BR014,RM_051,Salary
ACC_011910,CUST_06355,Savings,2026-08-05,717.6,BR036,RM_030,Savings
ACC_011911,CUST_05987,Savings,2024-02-23,20388.44,BR005,RM_042,Savings
ACC_011912,CUST_04331,Savings,2023-12-25,614130.59,BR018,RM_040,Savings
ACC_011913,CUST_02441,Salary,2026-01-14,10092.06,BR029,RM_003,Salary
ACC_011914,CUST_04134,Savings,2026-05-15,51616.36,BR022,RM_040,Savings
ACC_011915,CUST_01059,Savings,2023-12-20,51479.35,BR019,RM_007,Savings
ACC_011916,CUST_08238,Salary,2025-03-08,17916.23,BR016,RM_041,Salary
ACC_011917,CUST_05319,Salary,2026-05-18,183414.41,BR006,RM_072,Salary
ACC_011918,CUST_07620,Savings,2025-11-06,535.46,BR015,RM_095,Savings
ACC_011919,CUST_08431,Savings,2022-07-05,18478.71,BR025,RM_029,Savings
ACC_011920,CUST_07517,Savings,2026-07-03,71147.11,BR030,RM_015,Savings
ACC_011921,CUST_05745,Savings,2026-08-03,15406.86,BR034,RM_060,Savings
ACC_011922,CUST_06329,Savings,2022-08-20,4854.38,BR024,RM_025,Savings
ACC_011923,CUST_07336,Savings,2024-07-02,112979.25,BR023,RM_026,Savings
ACC_011924,CUST_00595,Current,2025-06-04,68044.2,BR009,RM_039,Current
ACC_011925,CUST_02009,Savings,2026-03-15,1777.82,BR043,RM_044,Savings
ACC_011926,CUST_04606,Savings,2026-07-12,21151.05,BR045,RM_054,Savings
ACC_011927,CUST_03796,Current,2026-04-03,14215.56,BR007,RM_058,Current
ACC_011928,CUST_02478,Savings,2023-03-09,11788.64,BR026,RM_044,Savings
ACC_011929,CUST_05823,Savings,2026-05-23,12423.51,BR047,RM_045,Savings
ACC_011930,CUST_03763,Savings,2024-07-30,306316.05,BR010,RM_006,Savings
ACC_011931,CUST_06637,Salary,2025-03-05,5436.31,BR026,RM_005,Salary
ACC_011932,CUST_04721,Savings,2025-07-17,274069.45,BR023,RM_095,Savings
ACC_011933,CUST_04033,Savings,2024-07-10,61460.52,BR029,RM_031,Savings
ACC_011934,CUST_09449,Savings,2025-12-21,16543.73,BR028,RM_054,Savings
ACC_011935,CUST_03601,Salary,2025-11-12,9546.34,BR001,RM_059,Salary
ACC_011936,CUST_10190,Savings,2024-08-11,-3920.81,BR023,RM_064,Savings
ACC_011937,CUST_06270,Current,2024-06-01,12167.09,BR040,RM_046,Current
ACC_011938,CUST_03203,Savings,2026-01-17,2524.44,BR039,RM_089,Savings
ACC_011939,CUST_07912,Current,2022-11-20,258916.18,BR038,RM_058,Current
ACC_011940,CUST_05336,Salary,2026-08-14,107456.59,BR003,RM_006,Salary
ACC_011941,CUST_01017,Savings,2026-03-01,18942.23,BR022,RM_043,Savings
ACC_011942,CUST_03175,Salary,2025-09-10,4227.36,BR012,RM_027,Salary
ACC_011943,CUST_01145,Current,2024-11-28,84661.07,BR008,RM_091,Current
ACC_011944,CUST_09948,Savings,2025-09-01,17452.57,BR007,RM_093,Savings
ACC_011945,CUST_00887,Savings,2025-05-13,22048.31,BR036,RM_097,Savings
ACC_011946,CUST_01177,Savings,2026-03-06,79178.6,BR006,RM_011,Savings
ACC_011947,CUST_08461,Savings,2026-07-11,6252.35,BR047,RM_025,Savings
ACC_011948,CUST_09070,Savings,2025-06-23,3109.14,BR035,RM_065,Savings
ACC_011949,CUST_00839,Savings,2024-04-28,84094.67,BR042,RM_042,Savings
ACC_011950,CUST_02104,Savings,2024-05-18,8730.62,BR009,RM_079,Savings
ACC_011951,CUST_06976,Savings,2024-07-18,3257.76,BR036,RM_059,Savings
ACC_011952,CUST_02719,Savings,2026-06-21,143109.01,BR026,RM_043,Savings
ACC_011953,CUST_07569,Savings,2025-11-10,5153.76,BR032,RM_026,Savings
ACC_011954,CUST_07256,Salary,2025-03-28,5006.21,BR017,RM_011,Salary
ACC_011955,CUST_04282,Savings,2022-01-21,19674.51,BR026,RM_010,Savings
ACC_011956,CUST_03919,Savings,2026-01-15,4661.08,BR013,RM_046,Savings
ACC_011957,CUST_01549,Current,2026-07-20,23464.35,BR030,RM_054,Current
ACC_011958,CUST_09375,Savings,2025-09-07,87896.48,BR026,RM_011,Savings
ACC_011959,CUST_04006,Savings,2025-07-04,1096.24,BR016,RM_100,Savings
ACC_011960,CUST_04273,Current,2024-07-07,7431.93,BR020,RM_012,Current
ACC_011961,CUST_01718,Savings,2021-12-16,713.14,BR026,RM_053,Savings
ACC_011962,CUST_07889,Savings,2026-01-12,22324.46,BR021,RM_031,Savings
ACC_011963,CUST_02532,Savings,2026-02-20,12981.29,BR050,RM_043,Savings
ACC_011964,CUST_04544,Savings,2026-04-22,15692.74,BR012,RM_014,Savings
ACC_011965,CUST_01236,Savings,2024-08-15,1496.89,BR006,RM_086,Savings
ACC_011966,CUST_03124,Savings,2025-03-14,24255.67,BR031,RM_083,Savings
ACC_011967,CUST_02575,Salary,2025-10-27,2800.72,BR041,RM_034,Salary
ACC_011968,CUST_05159,Savings,2026-04-05,10945.97,BR010,RM_027,Savings
ACC_011969,CUST_05969,Savings,2025-12-06,54454.41,BR016,RM_095,Savings
ACC_011970,CUST_06603,Salary,2026-01-07,3850.36,BR039,RM_013,Salary
ACC_011971,CUST_02648,Savings,2025-08-16,32319.55,BR049,RM_010,Savings
ACC_011972,CUST_01551,Savings,2026-01-09,9585.03,BR036,RM_057,Savings
ACC_011973,CUST_02528,Savings,2022-05-25,5304.65,BR033,RM_035,Savings
ACC_011974,CUST_04513,Savings,2026-04-06,402.36,BR043,RM_078,Savings
ACC_011975,CUST_05594,Savings,2026-03-21,2574.7,BR015,RM_079,Savings
ACC_011976,CUST_06425,Savings,2024-10-10,9350.2,BR039,RM_060,Savings
ACC_011977,CUST_09196,Current,2026-01-29,53999.42,BR034,RM_031,Current
ACC_011978,CUST_01066,Savings,2024-06-02,7002.38,BR016,RM_081,Savings
ACC_011979,CUST_05653,Savings,2025-10-27,271664.61,BR050,RM_093,Savings
ACC_011980,CUST_04380,Savings,2026-07-24,10648.86,BR046,RM_069,Savings
ACC_011981,CUST_07534,Salary,2025-09-21,84259.28,BR039,RM_064,Salary
ACC_011982,CUST_05188,Savings,2023-12-30,28435.74,BR010,RM_068,Savings
ACC_011983,CUST_05239,Current,2024-07-18,23619.87,BR002,RM_064,Current
ACC_011984,CUST_02555,Savings,2023-06-20,162017.35,BR015,RM_014,Savings
ACC_011985,CUST_05088,Salary,2026-07-22,20428.34,BR003,RM_036,Salary
ACC_011986,CUST_05500,Savings,2026-01-01,27606.45,BR031,RM_050,Savings
ACC_011987,CUST_09841,Savings,2025-07-27,1468751.74,BR050,RM_020,Savings
ACC_011988,CUST_05682,Current,2025-11-26,12158.57,BR044,RM_011,Current
ACC_011989,CUST_05125,Savings,2026-05-28,27012.61,BR002,RM_002,Savings
ACC_011990,CUST_00600,Salary,2022-03-30,1470.16,BR001,RM_009,Salary
ACC_011991,CUST_00529,Savings,2022-09-22,144475.89,BR049,RM_085,Savings
ACC_011992,CUST_07432,Savings,2025-05-01,8049.95,BR009,RM_048,Savings
ACC_011993,CUST_05671,Savings,2026-08-10,1680.76,BR047,RM_005,Savings
ACC_011994,CUST_07292,Salary,2026-01-14,32828.67,BR004,RM_013,Salary
ACC_011995,CUST_00956,Savings,2025-06-01,6129.06,BR003,RM_037,Savings
ACC_011996,CUST_07640,Savings,2025-11-12,6575.59,BR018,RM_032,Savings
ACC_011997,CUST_07677,Current,2023-12-17,12633.66,BR001,RM_036,Current
ACC_011998,CUST_07660,Current,2025-03-03,27120.96,BR024,RM_087,Current
ACC_011999,CUST_00899,Salary,2024-12-20,1536.56,BR014,RM_059,Salary
ACC_012000,CUST_09885,Savings,2023-08-21,32926.98,BR047,RM_046,Savings
ACC_012001,CUST_05350,Current,2026-03-16,14310.09,BR017,RM_094,Current
ACC_012002,CUST_08927,Savings,2023-11-30,1903.0,BR020,RM_080,Savings
ACC_012003,CUST_07125,Savings,2024-11-28,32885.23,BR025,RM_027,Savings
ACC_012004,CUST_09168,Savings,2026-05-01,53516.31,BR009,RM_061,Savings
ACC_012005,CUST_04390,Salary,2023-09-19,1281059.97,BR019,RM_055,Salary
ACC_012006,CUST_08583,Current,2022-05-15,24226.99,BR014,RM_086,Current
ACC_012007,CUST_05687,Savings,2026-03-26,19843.18,BR038,RM_030,Savings
ACC_012008,CUST_01666,Savings,2023-12-13,91826.16,BR002,RM_038,Savings
ACC_012009,CUST_09809,Current,2026-07-06,9257.91,BR040,RM_070,Current
ACC_012010,CUST_09205,Savings,2025-05-20,2717.73,BR025,RM_009,Savings
ACC_012011,CUST_06402,Savings,2024-02-24,346335.05,BR010,RM_019,Savings
ACC_012012,CUST_02948,Savings,2025-04-29,6789.36,BR013,RM_074,Savings
ACC_012013,CUST_02231,Savings,2025-11-08,1297.58,BR022,RM_038,Savings
ACC_012014,CUST_09943,Savings,2024-04-17,20361.56,BR003,RM_051,Savings
ACC_012015,CUST_05436,Savings,2026-07-29,24057.45,BR032,RM_001,Savings
ACC_012016,CUST_06239,Savings,2025-07-22,57340.9,BR002,RM_057,Savings
ACC_012017,CUST_03189,Savings,2026-02-25,13146.55,BR035,RM_079,Savings
ACC_012018,CUST_09677,Salary,2025-04-26,2555.48,BR041,RM_098,Salary
ACC_012019,CUST_09289,Savings,2025-10-20,3569.8,BR014,RM_091,Savings
ACC_012020,CUST_07655,Savings,2025-07-11,90781.23,BR012,RM_017,Savings
ACC_012021,CUST_03304,Savings,2026-04-23,26491.28,BR031,RM_050,Savings
ACC_012022,CUST_01941,Savings,2025-05-31,134094.85,BR043,RM_084,Savings
ACC_012023,CUST_00146,Savings,2025-01-15,26679.38,BR022,RM_029,Savings
ACC_012024,CUST_00648,Salary,2026-07-17,33280.35,BR016,RM_042,Salary
ACC_012025,CUST_08371,Current,2026-07-03,51043.94,BR027,RM_084,Current
ACC_012026,CUST_00976,Salary,2025-12-25,10223.21,BR026,RM_062,Salary
ACC_012027,CUST_09519,Salary,2025-02-10,26855.82,BR009,RM_035,Salary
ACC_012028,CUST_01182,Savings,2025-04-30,41547.68,BR013,RM_007,Savings
ACC_012029,CUST_01523,Savings,2026-04-15,11457.35,BR003,RM_084,Savings
ACC_012030,CUST_06342,Savings,2025-12-15,2931420.97,BR009,RM_057,Savings
ACC_012031,CUST_03955,Savings,2024-04-04,144892.8,BR003,RM_009,Savings
ACC_012032,CUST_02003,Current,2025-09-30,14217.01,BR037,RM_020,Current
ACC_012033,CUST_08276,Savings,2025-12-25,31805.25,BR027,RM_050,Savings
ACC_012034,CUST_07521,Savings,2025-08-16,841534.59,BR019,RM_084,Savings
ACC_012035,CUST_02944,Salary,2026-08-10,32761.58,BR020,RM_086,Salary
ACC_012036,CUST_05847,Salary,2023-06-23,35955.11,BR043,RM_006,Salary
ACC_012037,CUST_04137,Savings,2026-06-13,3389.06,BR035,RM_067,Savings
ACC_012038,CUST_06215,Savings,2023-12-09,18544.07,BR043,RM_019,Savings
ACC_012039,CUST_06495,Savings,2025-09-29,58481.76,BR009,RM_048,Savings
ACC_012040,CUST_04970,Savings,2023-08-07,18849.42,BR046,RM_031,Savings
ACC_012041,CUST_06087,Salary,2026-06-02,66668.02,BR037,RM_098,Salary
ACC_012042,CUST_07358,Salary,2026-02-18,2127.17,BR030,RM_014,Salary
ACC_012043,CUST_04666,Current,2025-07-25,37403.48,BR033,RM_022,Current
ACC_012044,CUST_07008,Salary,2026-06-19,1629.0,BR039,RM_071,Salary
ACC_012045,CUST_00341,Savings,2026-07-26,90926.57,BR009,RM_074,Savings
ACC_012046,CUST_08531,Salary,2023-02-15,6973.86,BR029,RM_026,Salary
ACC_012047,CUST_09202,Current,2026-05-19,23437.91,BR037,RM_055,Current
ACC_012048,CUST_01586,Salary,2022-12-15,1083.61,BR034,RM_028,Salary
ACC_012049,CUST_04685,Salary,2025-12-13,161411.16,BR027,RM_070,Salary
ACC_012050,CUST_03676,Savings,2023-10-29,23814.99,BR029,RM_097,Savings
ACC_012051,CUST_03271,Savings,2026-05-05,4085.83,BR043,RM_001,Savings
ACC_012052,CUST_10143,Savings,2024-09-30,9704.34,BR016,RM_099,Savings
ACC_012053,CUST_08154,Savings,2026-06-23,21806.95,BR019,RM_083,Savings
ACC_012054,CUST_00685,Salary,2024-12-01,27337.9,BR010,RM_052,Salary
ACC_012055,CUST_02846,Savings,2025-01-12,73848.6,BR050,RM_078,Savings
ACC_012056,CUST_03481,Salary,2022-12-16,571815.75,BR047,RM_069,Salary
ACC_012057,CUST_06337,Current,2024-03-14,2694.98,BR021,RM_046,Current
ACC_012058,CUST_09307,Salary,2025-09-15,12503.73,BR001,RM_070,Salary
ACC_012059,CUST_00036,Savings,2025-12-02,8272.82,BR025,RM_016,Savings
ACC_012060,CUST_08919,Savings,2024-03-18,10103.62,BR015,RM_021,Savings
ACC_012061,CUST_03327,Salary,2026-05-04,97332.07,BR036,RM_032,Salary
ACC_012062,CUST_02353,Savings,2026-03-03,12563.07,BR027,RM_085,Savings
ACC_012063,CUST_06283,Savings,2025-12-18,20778.78,BR039,RM_048,Savings
ACC_012064,CUST_07162,Savings,2026-07-24,12989.83,BR006,RM_037,Savings
ACC_012065,CUST_05420,Savings,2026-05-29,98724.23,BR033,RM_095,Savings
ACC_012066,CUST_03255,Savings,2026-04-18,31823.68,BR005,RM_081,Savings
ACC_012067,CUST_00796,Salary,2024-06-30,20399.45,BR016,RM_058,Salary
ACC_012068,CUST_05538,Savings,2026-08-09,145967.83,BR029,RM_082,Savings
ACC_012069,CUST_08947,Savings,2025-06-14,19242.94,BR035,RM_079,Savings
ACC_012070,CUST_00180,Current,2025-10-31,5333.07,BR012,RM_004,Current
ACC_012071,CUST_00345,Savings,2025-08-07,93944.81,BR023,RM_057,Savings
ACC_012072,CUST_07913,Savings,2025-01-03,826306.73,BR046,RM_019,Savings
ACC_012073,CUST_00856,Savings,2025-01-28,1253.65,BR042,RM_077,Savings
ACC_012074,CUST_00219,Savings,2025-12-11,69778.65,BR030,RM_018,Savings
ACC_012075,CUST_05992,Savings,2026-07-02,8353.94,BR014,RM_087,Savings
ACC_012076,CUST_06034,Current,2022-05-30,8323.9,BR040,RM_013,Current
ACC_012077,CUST_06133,Salary,2024-09-14,11523.26,BR024,RM_098,Salary
ACC_012078,CUST_04465,Savings,2025-02-03,13526.22,BR046,RM_017,Savings
ACC_012079,CUST_09793,Current,2026-01-08,367838.17,BR017,RM_044,Current
ACC_012080,CUST_04831,Current,2024-02-21,623.83,BR001,RM_020,Current
ACC_012081,CUST_00683,Savings,2025-07-11,9103.07,BR050,RM_023,Savings
ACC_012082,CUST_00088,Savings,2024-07-29,7777.25,BR024,RM_071,Savings
ACC_012083,CUST_03152,Salary,2022-01-18,11000.05,BR006,RM_001,Salary
ACC_012084,CUST_02961,Savings,2021-10-09,1226.62,BR040,RM_030,Savings
ACC_012085,CUST_06488,Salary,2022-05-30,13050.99,BR026,RM_080,Salary
ACC_012086,CUST_01977,Salary,2026-07-23,6996.03,BR038,RM_092,Salary
ACC_012087,CUST_09006,Salary,2026-07-21,15248.46,BR045,RM_029,Salary
ACC_012088,CUST_00649,Savings,2025-04-27,11409.33,BR022,RM_032,Savings
ACC_012089,CUST_05937,Savings,2026-03-18,649.61,BR038,RM_043,Savings
ACC_012090,CUST_00793,Current,2025-07-31,32922.75,BR010,RM_065,Current
ACC_012091,CUST_03632,Current,2026-03-06,2126.59,BR035,RM_057,Current
ACC_012092,CUST_05064,Savings,2026-04-06,53260.09,BR050,RM_048,Savings
ACC_012093,CUST_03776,Savings,2026-07-01,13563.35,BR007,RM_057,Savings
ACC_012094,CUST_01802,Salary,2026-06-07,114767.83,BR009,RM_094,Salary
ACC_012095,CUST_04487,Savings,2025-12-21,14957.95,BR038,RM_075,Savings
ACC_012096,CUST_07351,Savings,2024-07-22,36522.67,BR038,RM_056,Savings
ACC_012097,CUST_07231,Savings,2025-01-26,1832.08,BR020,RM_025,Savings
ACC_012098,CUST_06269,Current,2025-10-17,28633.81,BR029,RM_008,Current
ACC_012099,CUST_09373,Salary,2026-04-29,18991.79,BR016,RM_024,Salary
ACC_012100,CUST_01736,Savings,2024-09-11,281732.9,BR040,RM_021,Savings
ACC_012101,CUST_00577,Salary,2025-07-17,24649.18,BR019,RM_054,Salary
ACC_012102,CUST_09956,Savings,2026-08-08,5602.63,BR014,RM_081,Savings
ACC_012103,CUST_09960,Savings,2024-02-09,82528.97,BR025,RM_094,Savings
ACC_012104,CUST_08719,Current,2026-04-09,42902.61,BR034,RM_071,Current
ACC_012105,CUST_07181,Savings,2024-03-18,8965.68,BR013,RM_006,Savings
ACC_012106,CUST_00552,Savings,2025-12-30,161684.54,BR032,RM_002,Savings
ACC_012107,CUST_03946,Savings,2025-05-01,16810.17,BR048,RM_090,Savings
ACC_012108,CUST_07641,Savings,2025-04-21,36726.34,BR028,RM_033,Savings
ACC_012109,CUST_07602,Savings,2026-08-12,8564.05,BR048,RM_011,Savings
ACC_012110,CUST_06283,Salary,2026-02-25,8402.03,BR006,RM_012,Salary
ACC_012111,CUST_07023,Savings,2024-10-14,86521.18,BR003,RM_086,Savings
ACC_012112,CUST_05151,Savings,2026-05-26,67195.74,BR048,RM_030,Savings
ACC_012113,CUST_08320,Savings,2025-05-05,1875.3,BR011,RM_030,Savings
ACC_012114,CUST_04087,Savings,2024-11-23,17319.41,BR024,RM_007,Savings
ACC_012115,CUST_02882,Savings,2024-09-23,528.91,BR033,RM_053,Savings
ACC_012116,CUST_05663,Savings,2025-12-25,2477.83,BR009,RM_048,Savings
ACC_012117,CUST_08412,Savings,2026-05-12,-463.49,BR032,RM_059,Savings
ACC_012118,CUST_07040,Savings,2026-08-18,145493.28,BR004,RM_072,Savings
ACC_012119,CUST_06274,Savings,2026-01-19,241326.52,BR010,RM_027,Savings
ACC_012120,CUST_04804,Savings,2024-09-02,1353.98,BR032,RM_100,Savings
ACC_012121,CUST_06755,Savings,2024-06-26,58411.02,BR024,RM_093,Savings
ACC_012122,CUST_04737,Savings,2026-03-27,10664.51,BR044,RM_087,Savings
ACC_012123,CUST_02777,Current,2023-05-17,26392.64,BR006,RM_093,Current
ACC_012124,CUST_01098,Savings,2026-01-17,3718.67,BR004,RM_001,Savings
ACC_012125,CUST_04672,Savings,2024-09-15,6457.23,BR012,RM_088,Savings
ACC_012126,CUST_06091,Savings,2024-05-02,185646.82,BR028,RM_075,Savings
ACC_012127,CUST_03361,Savings,2022-08-07,11590.51,BR046,RM_055,Savings
ACC_012128,CUST_04748,Savings,2026-04-29,14867.79,BR039,RM_089,Savings
ACC_012129,CUST_02799,Current,2025-11-09,6533.28,BR049,RM_019,Current
ACC_012130,CUST_07346,Savings,2026-02-18,5434.33,BR005,RM_029,Savings
ACC_012131,CUST_01473,Savings,2024-12-18,399262.04,BR023,RM_051,Savings
ACC_012132,CUST_09140,Savings,2023-11-09,16579.56,BR029,RM_021,Savings
ACC_012133,CUST_03658,Savings,2026-07-17,41511.33,BR047,RM_022,Savings
ACC_012134,CUST_00050,Savings,2022-07-24,155318.45,BR031,RM_013,Savings
ACC_012135,CUST_10175,Savings,2026-08-05,12281.85,BR015,RM_042,Savings
ACC_012136,CUST_04542,Savings,2026-05-02,-4232.85,BR038,RM_070,Savings
ACC_012137,CUST_02479,Savings,2023-04-18,47658.3,BR012,RM_079,Savings
ACC_012138,CUST_06966,Current,2023-02-25,4026.35,BR017,RM_086,Current
ACC_012139,CUST_09703,Salary,2025-01-03,32468.91,BR036,RM_091,Salary
ACC_012140,CUST_07360,Savings,2023-02-16,7024.31,BR004,RM_059,Savings
ACC_012141,CUST_05708,Current,2026-07-18,88389.66,BR042,RM_097,Current
ACC_012142,CUST_01159,Savings,2026-01-29,24514.57,BR021,RM_057,Savings
ACC_012143,CUST_06645,Savings,2025-10-10,277969.47,BR012,RM_088,Savings
ACC_012144,CUST_00828,Savings,2026-06-11,121570.95,BR021,RM_031,Savings
ACC_012145,CUST_01985,Current,2024-10-21,41822.05,BR006,RM_099,Current
ACC_012146,CUST_09511,Salary,2023-07-14,11575.16,BR041,RM_028,Salary
ACC_012147,CUST_08631,Savings,2024-04-26,27192.73,BR033,RM_056,Savings
ACC_012148,CUST_10182,Salary,2025-06-19,14863.19,BR010,RM_098,Salary
ACC_012149,CUST_04803,Savings,2026-05-28,7820.39,BR034,RM_093,Savings
ACC_012150,CUST_00829,Savings,2026-03-23,1915.81,BR039,RM_099,Savings
ACC_012151,CUST_06154,Savings,2025-10-20,12155.06,BR002,RM_088,Savings
ACC_012152,CUST_09042,Savings,2025-04-25,151293.21,BR032,RM_012,Savings
ACC_012153,CUST_04898,Salary,2026-07-30,23039.67,BR038,RM_034,Salary
ACC_012154,CUST_10035,Savings,2024-02-17,13476.15,BR029,RM_063,Savings
ACC_012155,CUST_04427,Salary,2025-04-10,2204.9,BR040,RM_008,Salary
ACC_012156,CUST_07057,Savings,2022-08-21,1941.96,BR010,RM_010,Savings
ACC_012157,CUST_07569,Savings,2025-05-25,7946.59,BR048,RM_034,Savings
ACC_012158,CUST_09262,Savings,2023-08-11,8982.75,BR045,RM_016,Savings
ACC_012159,CUST_05805,Current,2025-09-11,2602.48,BR001,RM_054,Current
ACC_012160,CUST_04307,Savings,2026-08-12,3618.04,BR021,RM_042,Savings
ACC_012161,CUST_00763,Savings,2025-05-16,9032.31,BR036,RM_023,Savings
ACC_012162,CUST_07391,Salary,2025-08-24,8609.0,BR035,RM_076,Salary
ACC_012163,CUST_01162,Current,2026-02-16,2491.83,BR050,RM_041,Current
ACC_012164,CUST_02321,Savings,2025-05-25,2681.95,BR039,RM_091,Savings
ACC_012165,CUST_01758,Salary,2025-11-22,1297.74,BR019,RM_071,Salary
ACC_012166,CUST_06682,Savings,2026-05-06,10379.58,BR027,RM_007,Savings
ACC_012167,CUST_06411,Savings,2025-10-13,65739.13,BR029,RM_003,Savings
ACC_012168,CUST_03055,Savings,2025-12-02,25907.27,BR036,RM_036,Savings
ACC_012169,CUST_04087,Savings,2025-03-23,1642.11,BR008,RM_013,Savings
ACC_012170,CUST_00039,Savings,2025-02-26,32583.89,BR049,RM_032,Savings
ACC_012171,CUST_04349,Salary,2024-11-19,183957.94,BR022,RM_002,Salary
ACC_012172,CUST_04971,Savings,2025-04-01,12004.04,BR017,RM_025,Savings
ACC_012173,CUST_02360,Savings,2026-07-10,18687.71,BR031,RM_051,Savings
ACC_012174,CUST_06837,Savings,2025-08-16,5757.15,BR038,RM_017,Savings
ACC_012175,CUST_09056,Savings,2026-01-14,24913.22,BR022,RM_086,Savings
ACC_012176,CUST_05973,Savings,2025-12-20,6816.6,BR001,RM_083,Savings
ACC_012177,CUST_02109,Savings,2024-08-02,1136360.77,BR026,RM_070,Savings
ACC_012178,CUST_09349,Current,2021-11-08,172753.95,BR043,RM_061,Current
ACC_012179,CUST_02956,Savings,2025-06-14,131314.09,BR050,RM_086,Savings
ACC_012180,CUST_03376,Salary,2023-08-19,2411.49,BR040,RM_014,Salary
ACC_012181,CUST_08200,Salary,2023-04-08,37234.46,BR016,RM_076,Salary
ACC_012182,CUST_09598,Salary,2024-05-24,14960.05,BR050,RM_005,Salary
ACC_012183,CUST_07310,Savings,2026-07-05,18531.16,BR032,RM_086,Savings
ACC_012184,CUST_05982,Savings,2023-10-21,29459.5,BR030,RM_088,Savings
ACC_012185,CUST_04479,Savings,2024-11-16,164133.64,BR015,RM_034,Savings
ACC_012186,CUST_10043,Savings,2023-12-25,197219.88,BR027,RM_060,Savings
ACC_012187,CUST_05790,Savings,2026-06-16,36589.24,BR017,RM_070,Savings
ACC_012188,CUST_09344,Savings,2024-02-16,818.6,BR005,RM_001,Savings
ACC_012189,CUST_00780,Savings,2025-06-07,51652.81,BR001,RM_059,Savings
ACC_012190,CUST_08059,Savings,2024-07-11,10113.12,BR026,RM_041,Savings
ACC_012191,CUST_00254,Savings,2025-12-18,3470273.64,BR008,RM_061,Savings
ACC_012192,CUST_08764,Savings,2025-12-21,37522.51,BR039,RM_052,Savings
ACC_012193,CUST_00209,Salary,2025-11-10,57998.89,BR037,RM_086,Salary
ACC_012194,CUST_01738,Savings,2026-04-16,83010.91,BR004,RM_096,Savings
ACC_012195,CUST_01543,Current,2025-02-26,5844.11,BR001,RM_090,Current
ACC_012196,CUST_02060,Salary,2024-09-30,6380.96,BR018,RM_016,Salary
ACC_012197,CUST_09273,Salary,2025-02-22,50151.1,BR047,RM_034,Salary
ACC_012198,CUST_03456,Savings,2025-06-28,7455.45,BR016,RM_021,Savings
ACC_012199,CUST_03811,Savings,2021-07-02,45706.79,BR027,RM_050,Savings
ACC_012200,CUST_05753,Salary,2024-01-19,3550.36,BR012,RM_059,Salary
ACC_012201,CUST_05782,Savings,2024-10-30,13779.27,BR022,RM_072,Savings
ACC_012202,CUST_06322,Savings,2026-02-28,123404.86,BR018,RM_079,Savings
ACC_012203,CUST_07439,Savings,2026-07-27,28668.58,BR019,RM_027,Savings
ACC_012204,CUST_01895,Savings,2024-12-02,471875.23,BR016,RM_086,Savings
ACC_012205,CUST_09439,Current,2026-05-03,28099.74,BR014,RM_044,Current
ACC_012206,CUST_00216,Savings,2026-05-26,9527.59,BR041,RM_044,Savings
ACC_012207,CUST_01265,Current,2026-03-14,58109.17,BR014,RM_062,Current
ACC_012208,CUST_08142,Savings,2023-06-05,70161.12,BR026,RM_080,Savings
ACC_012209,CUST_00536,Savings,2024-08-05,32870.49,BR040,RM_063,Savings
ACC_012210,CUST_06632,Salary,2026-03-08,2609.7,BR017,RM_094,Salary
ACC_012211,CUST_03288,Savings,2023-07-27,36328.95,BR040,RM_078,Savings
ACC_012212,CUST_03137,Savings,2026-07-07,2775.67,BR004,RM_076,Savings
ACC_012213,CUST_04295,Savings,2026-05-08,44523.38,BR045,RM_037,Savings
ACC_012214,CUST_06543,Savings,2024-02-11,15574.42,BR008,RM_015,Savings
ACC_012215,CUST_09366,Salary,2022-10-05,11370.32,BR034,RM_028,Salary
ACC_012216,CUST_06929,Savings,2026-07-14,180509.5,BR027,RM_012,Savings
ACC_012217,CUST_07481,Savings,2025-10-25,18363.79,BR037,RM_012,Savings
ACC_012218,CUST_02691,Savings,2026-08-10,5415.67,BR012,RM_029,Savings
ACC_012219,CUST_01063,Savings,2026-05-15,1584.76,BR012,RM_077,Savings
ACC_012220,CUST_00847,Savings,2026-07-19,34523.21,BR033,RM_030,Savings
ACC_012221,CUST_00917,Savings,2024-04-06,11427.66,BR034,RM_029,Savings
ACC_012222,CUST_03684,Savings,2026-05-22,40064.62,BR029,RM_040,Savings
ACC_012223,CUST_06650,Savings,2023-09-27,515820.68,BR025,RM_045,Savings
ACC_012224,CUST_06954,Salary,2025-11-10,2725.19,BR013,RM_047,Salary
ACC_012225,CUST_03337,Savings,2026-07-14,19763.33,BR022,RM_068,Savings
ACC_012226,CUST_01671,Current,2026-08-04,397771.07,BR046,RM_086,Current
ACC_012227,CUST_07846,Savings,2025-09-02,9634.72,BR039,RM_028,Savings
ACC_012228,CUST_07536,Current,2025-12-26,73707.36,BR019,RM_041,Current
ACC_012229,CUST_04210,Savings,2026-04-14,4369.6,BR036,RM_059,Savings
ACC_012230,CUST_09520,Savings,2022-11-11,5891.55,BR027,RM_055,Savings
ACC_012231,CUST_00225,Savings,2025-06-13,11494.35,BR034,RM_044,Savings
ACC_012232,CUST_09903,Savings,2021-11-02,66060.49,BR020,RM_016,Savings
ACC_012233,CUST_04872,Savings,2025-08-07,10797.77,BR023,RM_059,Savings
ACC_012234,CUST_02558,Savings,2025-01-04,34741.21,BR019,RM_038,Savings
ACC_012235,CUST_09808,Savings,2025-08-18,13095.5,BR003,RM_035,Savings
ACC_012236,CUST_02442,Savings,2026-04-12,4725.13,BR032,RM_050,Savings
ACC_012237,CUST_06160,Salary,2026-05-03,14613.64,BR047,RM_084,Salary
ACC_012238,CUST_07363,Savings,2025-07-22,17710.84,BR040,RM_032,Savings
ACC_012239,CUST_04215,Savings,2025-08-29,5834.92,BR033,RM_026,Savings
ACC_012240,CUST_08684,Current,2026-05-18,42491.79,BR040,RM_012,Current
ACC_012241,CUST_00783,Savings,2023-05-03,2498.47,BR036,RM_002,Savings
ACC_012242,CUST_03911,Salary,2023-10-03,34974.56,BR046,RM_002,Salary
ACC_012243,CUST_05690,Savings,2025-05-26,-166.83,BR012,RM_034,Savings
ACC_012244,CUST_07815,Savings,2024-08-21,9121.45,BR028,RM_027,Savings
ACC_012245,CUST_07377,Salary,2021-08-04,3292.69,BR018,RM_069,Salary
ACC_012246,CUST_04672,Salary,2023-07-24,109244.82,BR024,RM_010,Salary
ACC_012247,CUST_05862,Savings,2025-01-01,2980.36,BR043,RM_039,Savings
ACC_012248,CUST_04115,Salary,2026-05-18,190090.29,BR027,RM_004,Salary
ACC_012249,CUST_04416,Salary,2025-11-19,8619.47,BR001,RM_081,Salary
ACC_012250,CUST_02072,Savings,2023-05-06,2755.34,BR001,RM_016,Savings
ACC_012251,CUST_08243,Savings,2026-03-07,2847.79,BR022,RM_064,Savings
ACC_012252,CUST_03268,Savings,2025-01-15,154641.28,BR023,RM_025,Savings
ACC_012253,CUST_04255,Salary,2025-11-04,20657.22,BR033,RM_019,Salary
ACC_012254,CUST_02835,Current,2026-04-25,6013.26,BR039,RM_017,Current
ACC_012255,CUST_01150,Salary,2023-12-16,12832.66,BR008,RM_016,Salary
ACC_012256,CUST_02286,Savings,2025-03-26,28306.99,BR018,RM_038,Savings
ACC_012257,CUST_10032,Savings,2024-11-13,38279.03,BR002,RM_036,Savings
ACC_012258,CUST_08358,Savings,2025-12-07,62630.65,BR045,RM_023,Savings
ACC_012259,CUST_04518,Savings,2026-07-17,370841.46,BR025,RM_094,Savings
ACC_012260,CUST_09076,Savings,2025-09-18,11991.0,BR048,RM_010,Savings
ACC_012261,CUST_03979,Savings,2025-10-08,10325.18,BR031,RM_005,Savings
ACC_012262,CUST_00047,Savings,2026-04-18,51998.73,BR031,RM_064,Savings
ACC_012263,CUST_07473,Current,2025-03-16,21578.38,BR047,RM_059,Current
ACC_012264,CUST_09264,Current,2026-03-05,451519.72,BR007,RM_073,Current
ACC_012265,CUST_05703,Savings,2026-06-30,1658.81,BR043,RM_098,Savings
ACC_012266,CUST_00269,Current,2024-11-16,62283.26,BR003,RM_011,Current
ACC_012267,CUST_02706,Savings,2025-05-21,15648.34,BR027,RM_017,Savings
ACC_012268,CUST_04668,Savings,2026-01-31,-3553.35,BR038,RM_019,Savings
ACC_012269,CUST_09717,Current,2024-07-12,18646.83,BR020,RM_075,Current
ACC_012270,CUST_09728,Savings,2026-06-11,34708.8,BR035,RM_010,Savings
ACC_012271,CUST_04197,Savings,2024-06-13,25509.74,BR048,RM_096,Savings
ACC_012272,CUST_02143,Savings,2025-07-16,4337.59,BR013,RM_007,Savings
ACC_012273,CUST_07439,Savings,2026-07-20,6744.96,BR023,RM_083,Savings
ACC_012274,CUST_06086,Current,2024-11-08,98833.01,BR017,RM_010,Current
ACC_012275,CUST_06887,Current,2025-09-19,1353.57,BR046,RM_035,Current
ACC_012276,CUST_08433,Savings,2024-06-05,15528.29,BR002,RM_005,Savings
ACC_012277,CUST_02331,Savings,2021-11-23,15942.09,BR045,RM_024,Savings
ACC_012278,CUST_07970,Savings,2026-04-25,74813.67,BR049,RM_078,Savings
ACC_012279,CUST_00625,Savings,2026-05-29,54474.71,BR030,RM_081,Savings
ACC_012280,CUST_04063,Savings,2026-07-17,7185.62,BR037,RM_016,Savings
ACC_012281,CUST_01083,Current,2024-10-05,982.4,BR008,RM_084,Current
ACC_012282,CUST_03537,Savings,2026-04-06,7168.29,BR029,RM_074,Savings
ACC_012283,CUST_05898,Savings,2025-09-04,18915.42,BR043,RM_050,Savings
ACC_012284,CUST_02925,Savings,2026-03-24,219161.0,BR005,RM_045,Savings
ACC_012285,CUST_06742,Savings,2026-08-07,4333.23,BR003,RM_004,Savings
ACC_012286,CUST_00240,Savings,2025-02-28,102325.91,BR041,RM_046,Savings
ACC_012287,CUST_03077,Savings,2022-12-10,1580.37,BR042,RM_087,Savings
ACC_012288,CUST_08667,Savings,2023-10-27,52830.25,BR048,RM_005,Savings
ACC_012289,CUST_03305,Savings,2023-08-23,26336.58,BR028,RM_042,Savings
ACC_012290,CUST_03983,Savings,2024-06-24,5952.84,BR032,RM_040,Savings
ACC_012291,CUST_01963,Savings,2025-04-29,164182.81,BR041,RM_039,Savings
ACC_012292,CUST_07873,Savings,2026-03-04,237611.38,BR028,RM_064,Savings
ACC_012293,CUST_06364,Savings,2024-06-11,17035.9,BR019,RM_095,Savings
ACC_012294,CUST_00966,Savings,2025-07-13,33258.19,BR020,RM_092,Savings
ACC_012295,CUST_06013,Savings,2026-06-25,299086.41,BR002,RM_038,Savings
ACC_012296,CUST_09859,Current,2022-06-13,27833.38,BR017,RM_049,Current
ACC_012297,CUST_07073,Savings,2024-07-16,101036.19,BR042,RM_078,Savings
ACC_012298,CUST_05762,Savings,2022-03-15,10162.77,BR041,RM_070,Savings
ACC_012299,CUST_05940,Savings,2024-11-23,3135.37,BR016,RM_073,Savings
ACC_012300,CUST_01731,Savings,2024-12-13,6410.58,BR008,RM_008,Savings
ACC_012301,CUST_04658,Salary,2025-09-21,3458.14,BR018,RM_006,Salary
ACC_012302,CUST_06727,Savings,2024-06-26,42345.04,BR027,RM_028,Savings
ACC_012303,CUST_06252,Salary,2026-01-17,537004.23,BR045,RM_078,Salary
ACC_012304,CUST_00997,Salary,2025-05-01,5891.96,BR029,RM_029,Salary
ACC_012305,CUST_02165,Savings,2025-12-21,6202.32,BR020,RM_071,Savings
ACC_012306,CUST_02142,Current,2024-12-22,33027.16,BR021,RM_014,Current
ACC_012307,CUST_01802,Salary,2026-03-01,5071.85,BR032,RM_016,Salary
ACC_012308,CUST_08775,Savings,2025-02-15,2466.27,BR038,RM_078,Savings
ACC_012309,CUST_00071,Savings,2026-03-18,12295.28,BR041,RM_067,Savings
ACC_012310,CUST_04356,Current,2026-06-29,6782.74,BR017,RM_037,Current
ACC_012311,CUST_07817,Savings,2026-07-12,22365.71,BR012,RM_068,Savings
ACC_012312,CUST_07755,Savings,2026-06-30,2321.02,BR024,RM_023,Savings
ACC_012313,CUST_08165,Salary,2026-05-11,11968.83,BR001,RM_038,Salary
ACC_012314,CUST_05924,Savings,2025-01-31,9536.17,BR005,RM_096,Savings
ACC_012315,CUST_01206,Savings,2026-08-03,101380.0,BR018,RM_088,Savings
ACC_012316,CUST_03288,Savings,2025-07-28,1040304.24,BR038,RM_093,Savings
ACC_012317,CUST_02800,Savings,2026-07-25,8789.93,BR049,RM_032,Savings
ACC_012318,CUST_02874,Savings,2022-03-14,3635.84,BR006,RM_100,Savings
ACC_012319,CUST_10187,Savings,2026-02-05,49383.8,BR042,RM_043,Savings
ACC_012320,CUST_05468,Savings,2022-05-07,18699.24,BR026,RM_010,Savings
ACC_012321,CUST_00816,Savings,2026-04-28,18240.26,BR025,RM_027,Savings
ACC_012322,CUST_06643,Savings,2025-05-13,859.21,BR036,RM_040,Savings
ACC_012323,CUST_09698,Savings,2025-12-28,2180.05,BR036,RM_080,Savings
ACC_012324,CUST_04355,Savings,2026-08-10,183522.11,BR039,RM_055,Savings
ACC_012325,CUST_01703,Savings,2024-09-18,3495.19,BR043,RM_042,Savings
ACC_012326,CUST_00884,Savings,2024-11-18,13382.28,BR028,RM_018,Savings
ACC_012327,CUST_02062,Savings,2025-12-01,8150.47,BR038,RM_052,Savings
ACC_012328,CUST_06779,Current,2025-09-15,185985.61,BR033,RM_060,Current
ACC_012329,CUST_08596,Savings,2025-08-22,2211.54,BR029,RM_006,Savings
ACC_012330,CUST_02466,Savings,2025-12-26,12734.18,BR014,RM_078,Savings
ACC_012331,CUST_07127,Savings,2026-05-20,2787.42,BR038,RM_054,Savings
ACC_012332,CUST_07706,Savings,2025-08-12,10963.11,BR019,RM_089,Savings
ACC_012333,CUST_00264,Savings,2025-06-03,22349.74,BR015,RM_058,Savings
ACC_012334,CUST_05717,Savings,2026-01-09,52957.99,BR014,RM_097,Savings
ACC_012335,CUST_03793,Current,2024-05-17,5646.7,BR008,RM_048,Current
ACC_012336,CUST_05333,Savings,2026-02-23,12216.76,BR044,RM_077,Savings
ACC_012337,CUST_09041,Current,2026-07-30,32139.51,BR040,RM_058,Current
ACC_012338,CUST_07598,Salary,2025-06-07,5027.57,BR029,RM_090,Salary
ACC_012339,CUST_07190,Savings,2026-06-20,8784.91,BR014,RM_036,Savings
ACC_012340,CUST_01775,Savings,2026-03-21,6214.17,BR026,RM_087,Savings
ACC_012341,CUST_07067,Savings,2023-11-11,7485.5,BR016,RM_063,Savings
ACC_012342,CUST_07395,Savings,2024-10-02,174014.78,BR013,RM_047,Savings
ACC_012343,CUST_05106,Savings,2022-12-30,5974.65,BR020,RM_012,Savings
ACC_012344,CUST_07095,Savings,2025-03-02,382498.21,BR039,RM_034,Savings
ACC_012345,CUST_01155,Savings,2026-06-13,12205.73,BR014,RM_010,Savings
ACC_012346,CUST_00717,Salary,2024-03-31,8901.28,BR018,RM_032,Salary
ACC_012347,CUST_07021,Savings,2026-03-14,9010.46,BR041,RM_087,Savings
ACC_012348,CUST_00889,Savings,2025-10-11,8719.92,BR035,RM_035,Savings
ACC_012349,CUST_01922,Salary,2024-02-14,56084.2,BR043,RM_056,Salary
ACC_012350,CUST_07113,Current,2025-09-10,3775.5,BR042,RM_095,Current
ACC_012351,CUST_01170,Savings,2026-03-07,25638.26,BR042,RM_095,Savings
ACC_012352,CUST_05895,Savings,2026-08-04,877732.14,BR015,RM_028,Savings
ACC_012353,CUST_02884,Savings,2026-04-18,24168.44,BR038,RM_071,Savings
ACC_012354,CUST_04088,Savings,2024-01-03,1981422.29,BR014,RM_018,Savings
ACC_012355,CUST_02466,Savings,2025-12-01,8829.42,BR033,RM_035,Savings
ACC_012356,CUST_08780,Savings,2024-10-17,61900.52,BR049,RM_028,Savings
ACC_012357,CUST_08438,Current,2026-01-20,90796.59,BR034,RM_042,Current
ACC_012358,CUST_03813,Savings,2026-03-14,45238.01,BR048,RM_052,Savings
ACC_012359,CUST_09970,Savings,2024-12-02,19584.12,BR023,RM_076,Savings
ACC_012360,CUST_00294,Savings,2025-02-16,5704.39,BR002,RM_079,Savings
ACC_012361,CUST_02399,Current,2025-04-24,7446.62,BR039,RM_052,Current
ACC_012362,CUST_01881,Savings,2026-01-10,17331.83,BR044,RM_058,Savings
ACC_012363,CUST_05779,Savings,2021-06-22,3443.24,BR008,RM_044,Savings
ACC_012364,CUST_01369,Savings,2026-05-12,202458.87,BR046,RM_022,Savings
ACC_012365,CUST_09185,Savings,2025-11-16,81234.51,BR037,RM_044,Savings
ACC_012366,CUST_03230,Savings,2026-07-20,6081.15,BR023,RM_051,Savings
ACC_012367,CUST_07767,Salary,2022-01-25,35387.16,BR027,RM_045,Salary
ACC_012368,CUST_01797,Savings,2025-06-23,10414.13,BR004,RM_013,Savings
ACC_012369,CUST_01507,Savings,2025-09-09,40724.56,BR045,RM_059,Savings
ACC_012370,CUST_05922,Savings,2026-02-12,146262.3,BR021,RM_045,Savings
ACC_012371,CUST_01347,Current,2023-12-21,7227.45,BR041,RM_086,Current
ACC_012372,CUST_10170,Salary,2026-02-05,15269.51,BR046,RM_032,Salary
ACC_012373,CUST_06382,Savings,2025-11-02,2193.09,BR009,RM_053,Savings
ACC_012374,CUST_08254,Savings,2025-12-26,323088.95,BR001,RM_034,Savings
ACC_012375,CUST_01316,Savings,2025-01-20,5096.86,BR047,RM_003,Savings
ACC_012376,CUST_04483,Savings,2025-04-19,3444.53,BR004,RM_063,Savings
ACC_012377,CUST_06844,Savings,2024-09-22,3677.71,BR038,RM_052,Savings
ACC_012378,CUST_08324,Savings,2026-05-22,13613.0,BR034,RM_026,Savings
ACC_012379,CUST_00759,Savings,2024-12-29,52277.62,BR007,RM_099,Savings
ACC_012380,CUST_07170,Savings,2026-03-21,5301.45,BR017,RM_052,Savings
ACC_012381,CUST_01777,Current,2026-04-03,4794.98,BR007,RM_037,Current
ACC_012382,CUST_02593,Savings,2025-08-17,78102.86,BR030,RM_040,Savings
ACC_012383,CUST_03722,Savings,2026-05-23,53339.39,BR009,RM_001,Savings
ACC_012384,CUST_09929,Savings,2026-04-21,6489.39,BR024,RM_009,Savings
ACC_012385,CUST_07348,Savings,2024-07-04,25720.71,BR022,RM_067,Savings
ACC_012386,CUST_05782,Salary,2025-01-13,9947.3,BR010,RM_026,Salary
ACC_012387,CUST_02723,Savings,2026-01-11,25555.29,BR046,RM_070,Savings
ACC_012388,CUST_06006,Savings,2022-03-30,1459.29,BR035,RM_069,Savings
ACC_012389,CUST_03294,Current,2023-10-14,95010.57,BR035,RM_034,Current
ACC_012390,CUST_02852,Savings,2024-03-24,11338.46,BR006,RM_093,Savings
ACC_012391,CUST_07985,Savings,2026-03-26,3062.32,BR042,RM_074,Savings
ACC_012392,CUST_03236,Savings,2026-04-01,70242.97,BR009,RM_015,Savings
ACC_012393,CUST_00857,Savings,2026-08-02,11947.44,BR023,RM_009,Savings
ACC_012394,CUST_03182,Savings,2026-07-20,107318.43,BR018,RM_020,Savings
ACC_012395,CUST_04906,Savings,2026-05-18,1794.28,BR038,RM_058,Savings
ACC_012396,CUST_00388,Salary,2024-09-23,21691.68,BR016,RM_089,Salary
ACC_012397,CUST_10017,Savings,2026-06-07,43799.06,BR021,RM_022,Savings
ACC_012398,CUST_01048,Savings,2024-01-23,2462.62,BR019,RM_071,Savings
ACC_012399,CUST_02990,Savings,2023-12-12,9523.84,BR015,RM_025,Savings
ACC_012400,CUST_01498,Salary,2026-04-01,440383.77,BR010,RM_024,Salary
ACC_012401,CUST_00862,Current,2025-07-28,8844.53,BR003,RM_039,Current
ACC_012402,CUST_04435,Savings,2026-01-12,70338.74,BR005,RM_052,Savings
ACC_012403,CUST_02371,Savings,2026-05-20,11911.83,BR036,RM_042,Savings
ACC_012404,CUST_07783,Savings,2026-04-10,72682.09,BR028,RM_007,Savings
ACC_012405,CUST_03563,Savings,2023-09-03,952748.84,BR044,RM_069,Savings
ACC_012406,CUST_02653,Savings,2025-09-27,20537.91,BR009,RM_029,Savings
ACC_012407,CUST_03550,Salary,2025-09-20,40571.87,BR037,RM_100,Salary
ACC_012408,CUST_04195,Savings,2025-05-08,17689.9,BR011,RM_013,Savings
ACC_012409,CUST_06282,Savings,2025-09-28,2645.96,BR005,RM_069,Savings
ACC_012410,CUST_09052,Savings,2025-11-12,-4273.4,BR043,RM_081,Savings
ACC_012411,CUST_09331,Current,2024-05-06,10049.82,BR029,RM_098,Current
ACC_012412,CUST_03340,Savings,2023-01-24,48509.45,BR004,RM_028,Savings
ACC_012413,CUST_09186,Savings,2023-10-06,6773.38,BR034,RM_092,Savings
ACC_012414,CUST_07026,Savings,2025-04-23,16119.19,BR017,RM_029,Savings
ACC_012415,CUST_07087,Salary,2026-07-28,17365.1,BR005,RM_027,Salary
ACC_012416,CUST_02293,Current,2025-12-08,290585.79,BR005,RM_021,Current
ACC_012417,CUST_01083,Savings,2025-05-11,6091.23,BR044,RM_069,Savings
ACC_012418,CUST_10123,Savings,2026-04-25,37619.41,BR040,RM_086,Savings
ACC_012419,CUST_01128,Savings,2024-07-26,1251.05,BR050,RM_018,Savings
ACC_012420,CUST_09270,Savings,2024-04-14,60900.13,BR030,RM_066,Savings
ACC_012421,CUST_06411,Salary,2026-04-24,58588.45,BR015,RM_046,Salary
ACC_012422,CUST_09629,Savings,2025-03-24,140836.24,BR011,RM_015,Savings
ACC_012423,CUST_02625,Savings,2026-03-08,1352.57,BR030,RM_026,Savings
ACC_012424,CUST_02653,Savings,2024-10-25,12578.94,BR047,RM_081,Savings
ACC_012425,CUST_00635,Savings,2025-01-29,80122.23,BR015,RM_011,Savings
ACC_012426,CUST_07523,Savings,2026-05-29,58293.24,BR017,RM_064,Savings
ACC_012427,CUST_02146,Savings,2026-07-03,8714.99,BR045,RM_087,Savings
ACC_012428,CUST_09820,Current,2024-01-14,8702.67,BR036,RM_087,Current
ACC_012429,CUST_03453,Savings,2025-08-14,29977.83,BR014,RM_041,Savings
ACC_012430,CUST_06624,Savings,2024-12-10,5569.38,BR049,RM_066,Savings
ACC_012431,CUST_02427,Current,2023-05-04,10779.6,BR014,RM_042,Current
ACC_012432,CUST_06473,Savings,2025-08-15,21474.0,BR031,RM_023,Savings
ACC_012433,CUST_01134,Savings,2026-06-13,158490.59,BR020,RM_040,Savings
ACC_012434,CUST_05592,Savings,2026-08-09,12147.81,BR013,RM_082,Savings
ACC_012435,CUST_08260,Savings,2025-03-12,50806.4,BR008,RM_028,Savings
ACC_012436,CUST_01913,Current,2026-08-10,118179.96,BR046,RM_074,Current
ACC_012437,CUST_01467,Savings,2024-12-05,5067.56,BR008,RM_002,Savings
ACC_012438,CUST_01472,Savings,2025-08-11,117607.28,BR013,RM_008,Savings
ACC_012439,CUST_06676,Savings,2023-12-23,19490.24,BR024,RM_007,Savings
ACC_012440,CUST_03840,Savings,2026-05-06,4741.76,BR003,RM_078,Savings
ACC_012441,CUST_00756,Savings,2023-02-28,684488.1,BR027,RM_059,Savings
ACC_012442,CUST_08292,Savings,2024-06-06,59862.94,BR006,RM_098,Savings
ACC_012443,CUST_08684,Salary,2024-11-07,17568.29,BR003,RM_040,Salary
ACC_012444,CUST_01083,Savings,2025-12-05,4496.07,BR017,RM_032,Savings
ACC_012445,CUST_05073,Savings,2025-05-01,8031.31,BR030,RM_007,Savings
ACC_012446,CUST_00181,Savings,2025-12-13,33967.39,BR008,RM_048,Savings
ACC_012447,CUST_06239,Savings,2025-06-05,174769.71,BR039,RM_083,Savings
ACC_012448,CUST_03395,Savings,2026-02-26,9959.66,BR030,RM_062,Savings
ACC_012449,CUST_07836,Savings,2026-02-27,66997.56,BR011,RM_068,Savings
ACC_012450,CUST_09467,Salary,2023-04-07,384532.74,BR012,RM_043,Salary
ACC_012451,CUST_04592,Savings,2024-08-12,1238.72,BR042,RM_001,Savings
ACC_012452,CUST_07996,Savings,2023-11-13,831.71,BR022,RM_054,Savings
ACC_012453,CUST_01439,Savings,2025-04-05,22729.61,BR034,RM_075,Savings
ACC_012454,CUST_09273,Salary,2026-01-12,321414.73,BR006,RM_004,Salary
ACC_012455,CUST_09908,Savings,2025-11-09,20006.79,BR046,RM_071,Savings
ACC_012456,CUST_02345,Salary,2022-12-15,7057.22,BR022,RM_098,Salary
ACC_012457,CUST_07513,Savings,2025-11-17,83489.65,BR038,RM_086,Savings
ACC_012458,CUST_09076,Savings,2026-02-18,-1243.9,BR009,RM_028,Savings
ACC_012459,CUST_01980,Savings,2024-07-22,17147.45,BR037,RM_075,Savings
ACC_012460,CUST_06241,Salary,2023-05-04,6361.7,BR050,RM_009,Salary
ACC_012461,CUST_07414,Savings,2025-03-05,1911.69,BR038,RM_043,Savings
ACC_012462,CUST_08416,Savings,2026-07-17,1478.48,BR019,RM_003,Savings
ACC_012463,CUST_07565,Savings,2023-04-10,11817.24,BR018,RM_051,Savings
ACC_012464,CUST_09756,Savings,2026-04-23,16067.6,BR004,RM_075,Savings
ACC_012465,CUST_00157,Savings,2025-10-18,-4228.15,BR005,RM_007,Savings
ACC_012466,CUST_00389,Savings,2025-09-21,24451.62,BR017,RM_081,Savings
ACC_012467,CUST_08737,Salary,2023-05-31,2903.96,BR021,RM_088,Salary
ACC_012468,CUST_06359,Savings,2024-12-20,1127.79,BR030,RM_073,Savings
ACC_012469,CUST_02783,Salary,2026-10-28,9219.37,BR018,RM_086,Salary
ACC_012470,CUST_09548,Salary,2025-05-27,18442.98,BR023,RM_088,Salary
ACC_012471,CUST_07887,Salary,2024-06-03,418492.68,BR034,RM_006,Salary
ACC_012472,CUST_08209,Savings,2025-09-06,8625.27,BR043,RM_056,Savings
ACC_012473,CUST_09261,Savings,2025-03-18,1275.46,BR026,RM_057,Savings
ACC_012474,CUST_06474,Savings,2026-07-27,1523.66,BR046,RM_069,Savings
ACC_012475,CUST_04732,Savings,2026-07-21,20551.64,BR040,RM_050,Savings
ACC_012476,CUST_09745,Savings,2025-05-10,53512.77,BR043,RM_087,Savings
ACC_012477,CUST_07785,Salary,2026-01-06,1966.67,BR030,RM_093,Salary
ACC_012478,CUST_00778,Salary,2026-07-30,17033.24,BR013,RM_007,Salary
ACC_012479,CUST_08129,Savings,2026-06-20,3323.47,BR039,RM_039,Savings
ACC_012480,CUST_02792,Savings,2025-04-05,4630.05,BR038,RM_065,Savings
ACC_012481,CUST_07754,Current,2026-05-13,65817.65,BR017,RM_075,Current
ACC_012482,CUST_07585,Savings,2026-05-11,26544.96,BR032,RM_090,Savings
ACC_012483,CUST_06342,Current,2023-12-13,49134.49,BR030,RM_045,Current
ACC_012484,CUST_00013,Current,2023-06-26,64619.21,BR039,RM_064,Current
ACC_012485,CUST_03469,Savings,2025-12-07,111620.57,BR030,RM_084,Savings
ACC_012486,CUST_02831,Savings,2026-06-13,1017.87,BR012,RM_099,Savings
ACC_012487,CUST_09655,Current,2024-09-22,6534.11,BR033,RM_096,Current
ACC_012488,CUST_05842,Savings,2026-03-30,25533.71,BR002,RM_099,Savings
ACC_012489,CUST_07575,Savings,2024-08-21,4470.67,BR017,RM_032,Savings
ACC_012490,CUST_01312,Savings,2025-10-09,20679.95,BR029,RM_059,Savings
ACC_012491,CUST_07842,Savings,2026-06-20,1069.99,BR010,RM_098,Savings
ACC_012492,CUST_03880,Savings,2024-02-15,51171.08,BR001,RM_084,Savings
ACC_012493,CUST_06384,Savings,2026-05-02,88285.48,BR037,RM_047,Savings
ACC_012494,CUST_04971,Savings,2026-05-17,7700.64,BR042,RM_069,Savings
ACC_012495,CUST_00170,Salary,2025-05-29,23821.15,BR008,RM_037,Salary
ACC_012496,CUST_07566,Savings,2024-01-19,15579.4,BR044,RM_026,Savings
ACC_012497,CUST_06830,Savings,2023-08-22,15808.83,BR009,RM_001,Savings
ACC_012498,CUST_02900,Savings,2026-03-25,95024.73,BR047,RM_086,Savings
ACC_012499,CUST_07670,Savings,2022-06-21,62675.36,BR026,RM_037,Savings
ACC_012500,CUST_00806,Savings,2025-06-19,68925.08,BR026,RM_087,Savings
ACC_012501,CUST_03096,Current,2026-02-24,41630.75,BR033,RM_041,Current
ACC_012502,CUST_00353,Savings,2025-12-14,17037.63,BR026,RM_064,Savings
ACC_012503,CUST_06045,Current,2025-11-04,5373.48,BR041,RM_055,Current
ACC_012504,CUST_03767,Savings,2022-04-20,7676.0,BR008,RM_066,Savings
ACC_012505,CUST_01275,Salary,2024-08-14,2174.71,BR028,RM_080,Salary
ACC_012506,CUST_03476,Current,2026-05-28,24205.25,BR025,RM_052,Current
ACC_012507,CUST_01819,Savings,2024-12-02,253985.36,BR001,RM_080,Savings
ACC_012508,CUST_10046,Savings,2024-10-31,2692.72,BR028,RM_051,Savings
ACC_012509,CUST_00230,Current,2025-02-25,566.41,BR015,RM_090,Current
ACC_012510,CUST_07981,Savings,2025-08-29,57666.55,BR030,RM_005,Savings
ACC_012511,CUST_03901,Salary,2025-08-09,462763.75,BR035,RM_066,Salary
ACC_012512,CUST_07676,Savings,2026-08-05,93699.64,BR041,RM_062,Savings
ACC_012513,CUST_02973,Savings,2025-12-19,1900.79,BR013,RM_018,Savings
ACC_012514,CUST_01281,Current,2022-12-12,40396.5,BR018,RM_047,Current
ACC_012515,CUST_09165,Salary,2026-03-06,22318.3,BR015,RM_011,Salary
ACC_012516,CUST_06249,Salary,2023-11-25,20662.71,BR009,RM_037,Salary
ACC_012517,CUST_05789,Salary,2025-02-07,62232.25,BR003,RM_056,Salary
ACC_012518,CUST_02114,Savings,2026-04-25,4536.15,BR024,RM_092,Savings
ACC_012519,CUST_06515,Savings,2025-10-22,2401.14,BR009,RM_006,Savings
ACC_012520,CUST_00473,Salary,2026-06-16,8241.79,BR039,RM_016,Salary
ACC_012521,CUST_03088,Salary,2023-02-25,1284839.92,BR004,RM_099,Salary
ACC_012522,CUST_07494,Savings,2025-05-05,-3949.7,BR017,RM_087,Savings
ACC_012523,CUST_05671,Savings,2026-07-28,44978.3,BR015,RM_016,Savings
ACC_012524,CUST_01483,Current,2022-12-15,18855.16,BR044,RM_044,Current
ACC_012525,CUST_05442,Savings,2023-12-07,2992.71,BR012,RM_016,Savings
ACC_012526,CUST_09501,Salary,2026-02-05,19775.32,BR022,RM_039,Salary
ACC_012527,CUST_07879,Savings,2025-10-20,3983.49,BR050,RM_066,Savings
ACC_012528,CUST_05324,Savings,2025-03-08,20795.27,BR045,RM_094,Savings
ACC_012529,CUST_07905,Savings,2026-04-03,83065.68,BR049,RM_022,Savings
ACC_012530,CUST_02701,Savings,2026-03-03,7853.16,BR036,RM_018,Savings
ACC_012531,CUST_01058,Current,2026-07-29,4985.4,BR050,RM_055,Current
ACC_012532,CUST_07603,Savings,2025-01-28,11054.62,BR014,RM_045,Savings
ACC_012533,CUST_03324,Savings,2026-03-31,3603.77,BR041,RM_042,Savings
ACC_012534,CUST_05450,Savings,2025-12-26,117065.32,BR037,RM_077,Savings
ACC_012535,CUST_04947,Savings,2024-02-25,375.52,BR023,RM_057,Savings
ACC_012536,CUST_06526,Savings,2024-05-09,14032.88,BR012,RM_094,Savings
ACC_012537,CUST_05488,Salary,2026-02-25,40594.08,BR009,RM_028,Salary
ACC_012538,CUST_02775,Savings,2023-04-01,7790.54,BR030,RM_023,Savings
ACC_012539,CUST_00980,Savings,2026-02-27,37496.23,BR020,RM_089,Savings
ACC_012540,CUST_04853,Savings,2023-08-15,10086.56,BR039,RM_060,Savings
ACC_012541,CUST_07957,Salary,2021-06-27,23297.07,BR017,RM_009,Salary
ACC_012542,CUST_09379,Savings,2026-03-23,16895.92,BR019,RM_087,Savings
ACC_012543,CUST_07509,Current,2025-04-02,86892.01,BR011,RM_090,Current
ACC_012544,CUST_06662,Current,2025-10-22,6100.05,BR013,RM_038,Current
ACC_012545,CUST_00155,Savings,2023-12-27,44906.61,BR015,RM_024,Savings
ACC_012546,CUST_07064,Savings,2024-03-30,14401.29,BR018,RM_009,Savings
ACC_012547,CUST_05309,Savings,2026-06-24,9108.04,BR050,RM_033,Savings
ACC_012548,CUST_08681,Savings,2025-05-05,35273.26,BR045,RM_087,Savings
ACC_012549,CUST_01798,Savings,2024-02-23,11720.5,BR044,RM_008,Savings
ACC_012550,CUST_02505,Savings,2026-01-30,14498.76,BR015,RM_089,Savings
ACC_012551,CUST_09124,Savings,2026-05-05,3294.04,BR044,RM_052,Savings
ACC_012552,CUST_03207,Savings,2023-12-06,62058.01,BR020,RM_003,Savings
ACC_012553,CUST_10004,Savings,2026-01-13,131303.72,BR006,RM_026,Savings
ACC_012554,CUST_04412,Salary,2025-11-30,653.97,BR017,RM_056,Salary
ACC_012555,CUST_09542,Savings,2023-02-01,4491.98,BR015,RM_097,Savings
ACC_012556,CUST_00805,Savings,2024-08-07,8636.49,BR042,RM_008,Savings
ACC_012557,CUST_06676,Savings,2023-11-16,20266.49,BR015,RM_077,Savings
ACC_012558,CUST_03330,Savings,2026-05-28,219840.91,BR007,RM_035,Savings
ACC_012559,CUST_09091,Salary,2026-04-14,80824.64,BR029,RM_012,Salary
ACC_012560,CUST_08628,Savings,2026-06-26,42660.18,BR012,RM_085,Savings
ACC_012561,CUST_08429,Salary,2026-02-05,70180.84,BR020,RM_031,Salary
ACC_012562,CUST_08308,Savings,2025-11-04,65243.82,BR036,RM_086,Savings
ACC_012563,CUST_00658,Savings,2026-05-20,14676.7,BR045,RM_012,Savings
ACC_012564,CUST_04956,Savings,2025-07-30,2984.79,BR006,RM_054,Savings
ACC_012565,CUST_04150,Savings,2026-07-23,5174.1,BR015,RM_093,Savings
ACC_012566,CUST_08733,Savings,2026-02-27,3470.0,BR008,RM_052,Savings
ACC_012567,CUST_00696,Savings,2026-07-06,3449.09,BR047,RM_075,Savings
ACC_012568,CUST_00908,Savings,2026-08-04,13382.23,BR002,RM_040,Savings
ACC_012569,CUST_09775,Savings,2025-04-23,65710.2,BR023,RM_021,Savings
ACC_012570,CUST_09177,Current,2026-02-10,27475.59,BR050,RM_085,Current
ACC_012571,CUST_09294,Savings,2026-04-20,16910.86,BR043,RM_029,Savings
ACC_012572,CUST_08774,Savings,2023-10-22,47620.15,BR009,RM_022,Savings
ACC_012573,CUST_06418,Savings,2023-11-27,24492.84,BR033,RM_069,Savings
ACC_012574,CUST_08781,Current,2026-07-12,50359.89,BR009,RM_069,Current
ACC_012575,CUST_08476,Savings,2022-02-17,30631.62,BR008,RM_051,Savings
ACC_012576,CUST_07638,Current,2026-06-23,3475.38,BR050,RM_023,Current
ACC_012577,CUST_04899,Savings,2023-06-14,44305.04,BR037,RM_062,Savings
ACC_012578,CUST_08830,Savings,2024-02-01,9538.53,BR031,RM_088,Savings
ACC_012579,CUST_06306,Salary,2024-12-09,955.84,BR033,RM_097,Salary
ACC_012580,CUST_00102,Savings,2023-04-26,708230.87,BR025,RM_015,Savings
ACC_012581,CUST_05912,Savings,2026-06-01,62110.28,BR008,RM_003,Savings
ACC_012582,CUST_03225,Current,2025-06-12,2088.09,BR013,RM_067,Current
ACC_012583,CUST_02134,Salary,2026-02-24,320301.88,BR032,RM_100,Salary
ACC_012584,CUST_06611,Salary,2024-09-17,17501.14,BR035,RM_098,Salary
ACC_012585,CUST_08029,Salary,2026-04-24,40504.16,BR030,RM_009,Salary
ACC_012586,CUST_06114,Savings,2023-12-07,1414.21,BR039,RM_014,Savings
ACC_012587,CUST_09758,Savings,2022-12-20,73060.66,BR031,RM_029,Savings
ACC_012588,CUST_09525,Current,2025-07-22,15183.82,BR035,RM_061,Current
ACC_012589,CUST_00820,Salary,2025-07-20,10800.26,BR019,RM_061,Salary
ACC_012590,CUST_05639,Savings,2022-12-23,1579.6,BR035,RM_066,Savings
ACC_012591,CUST_08156,Savings,2026-02-02,40860.8,BR042,RM_038,Savings
ACC_012592,CUST_08746,Current,2022-09-30,7586.3,BR050,RM_075,Current
ACC_012593,CUST_07502,Salary,2026-03-28,20109.57,BR007,RM_045,Salary
ACC_012594,CUST_07614,Savings,2025-03-14,39850.25,BR046,RM_032,Savings
ACC_012595,CUST_00748,Current,2026-08-01,3091.56,BR031,RM_059,Current
ACC_012596,CUST_05266,Savings,2026-02-28,10930.33,BR036,RM_084,Savings
ACC_012597,CUST_10075,Savings,2026-08-13,57441.37,BR003,RM_032,Savings
ACC_012598,CUST_08865,Savings,2026-05-11,5472.15,BR032,RM_065,Savings
ACC_012599,CUST_09254,Current,2025-07-22,982240.49,BR021,RM_083,Current
ACC_012600,CUST_08010,Savings,2025-05-24,24883.78,BR031,RM_074,Savings
ACC_012601,CUST_05734,Savings,2025-07-20,34946.27,BR019,RM_054,Savings
ACC_012602,CUST_00144,Savings,2026-03-17,807.35,BR002,RM_079,Savings
ACC_012603,CUST_07243,Savings,2026-05-29,89841.8,BR030,RM_009,Savings
ACC_012604,CUST_08019,Savings,2025-06-04,640798.71,BR028,RM_069,Savings
ACC_012605,CUST_00545,Savings,2026-07-04,28472.22,BR024,RM_019,Savings
ACC_012606,CUST_09470,Salary,2026-07-13,1540.81,BR030,RM_001,Salary
ACC_012607,CUST_08415,Savings,2023-04-20,18071.57,BR030,RM_068,Savings
ACC_012608,CUST_07505,Savings,2021-11-08,19214.51,BR028,RM_077,Savings
ACC_012609,CUST_07239,Savings,2023-07-13,93200.54,BR009,RM_038,Savings
ACC_012610,CUST_09310,Salary,2025-06-01,17229.0,BR041,RM_088,Salary
ACC_012611,CUST_00711,Salary,2023-12-31,7549.9,BR013,RM_070,Salary
ACC_012612,CUST_00845,Savings,2026-04-25,1283278.94,BR011,RM_069,Savings
ACC_012613,CUST_08731,Savings,2024-09-11,293021.88,BR026,RM_091,Savings
ACC_012614,CUST_09704,Savings,2026-07-30,-4399.35,BR040,RM_060,Savings
ACC_012615,CUST_09845,Savings,2026-05-02,206747.51,BR018,RM_070,Savings
ACC_012616,CUST_09349,Savings,2022-11-09,108387.65,BR023,RM_091,Savings
ACC_012617,CUST_01254,Savings,2025-03-05,174682.27,BR038,RM_094,Savings
ACC_012618,CUST_05588,Savings,2025-11-30,2420.22,BR011,RM_022,Savings
ACC_012619,CUST_00955,Current,2025-02-27,38447.6,BR015,RM_061,Current
ACC_012620,CUST_04090,Savings,2022-11-18,269031.49,BR014,RM_075,Savings
ACC_012621,CUST_02197,Savings,2026-06-26,133277.53,BR041,RM_096,Savings
ACC_012622,CUST_08054,Savings,2025-05-12,85563.7,BR040,RM_048,Savings
ACC_012623,CUST_04734,Salary,2025-02-15,10399.07,BR049,RM_072,Salary
ACC_012624,CUST_03940,Savings,2026-06-24,6322.91,BR048,RM_012,Savings
ACC_012625,CUST_04601,Savings,2024-08-08,99600.2,BR007,RM_046,Savings
ACC_012626,CUST_08317,Savings,2021-02-09,14402.93,BR027,RM_021,Savings
ACC_012627,CUST_08102,Savings,2026-08-19,125637.8,BR039,RM_097,Savings
ACC_012628,CUST_09863,Current,2024-11-23,18137.15,BR024,RM_093,Current
ACC_012629,CUST_01471,Savings,2025-01-20,4749.31,BR045,RM_083,Savings
ACC_012630,CUST_02147,Savings,2024-10-17,10747.49,BR049,RM_088,Savings
ACC_012631,CUST_07446,Savings,2024-11-21,10082.19,BR048,RM_026,Savings
ACC_012632,CUST_03729,Salary,2026-06-02,86746.57,BR030,RM_083,Salary
ACC_012633,CUST_03578,Salary,2026-04-28,7879.93,BR029,RM_045,Salary
ACC_012634,CUST_10158,Savings,2024-08-08,56057.28,BR010,RM_019,Savings
ACC_012635,CUST_08024,Current,2025-08-20,73586.14,BR004,RM_044,Current
ACC_012636,CUST_03858,Savings,2024-04-04,10135.48,BR008,RM_010,Savings
ACC_012637,CUST_05131,Salary,2025-01-28,18061.77,BR023,RM_087,Salary
ACC_012638,CUST_08291,Savings,2026-01-16,5926.93,BR049,RM_048,Savings
ACC_012639,CUST_02350,Savings,2026-08-04,15995.34,BR023,RM_040,Savings
ACC_012640,CUST_01595,Savings,2026-02-13,18096.53,BR046,RM_063,Savings
ACC_012641,CUST_02459,Savings,2026-06-26,10759.85,BR040,RM_017,Savings
ACC_012642,CUST_09834,Salary,2023-08-27,1833.65,BR028,RM_079,Salary
ACC_012643,CUST_01841,Savings,2026-05-16,40288.27,BR018,RM_032,Savings
ACC_012644,CUST_07131,Savings,2023-10-27,2793.05,BR049,RM_009,Savings
ACC_012645,CUST_07292,Current,2025-10-07,313609.98,BR039,RM_062,Current
ACC_012646,CUST_02360,Salary,2026-02-07,10751.7,BR024,RM_013,Salary
ACC_012647,CUST_07842,Savings,2022-05-09,3691.96,BR040,RM_094,Savings
ACC_012648,CUST_09703,Salary,2023-11-15,18474.01,BR018,RM_040,Salary
ACC_012649,CUST_08156,Savings,2025-08-27,4468.4,BR020,RM_069,Savings
ACC_012650,CUST_10194,Savings,2023-11-23,7712.38,BR031,RM_011,Savings
ACC_012651,CUST_06350,Savings,2024-07-05,4484.5,BR048,RM_087,Savings
ACC_012652,CUST_07006,Current,2026-03-05,146373.42,BR022,RM_073,Current
ACC_012653,CUST_07230,Savings,2026-03-04,4513.52,BR017,RM_030,Savings
ACC_012654,CUST_07389,Savings,2025-12-17,104805.73,BR028,RM_084,Savings
ACC_012655,CUST_02186,Savings,2024-12-20,42232.37,BR042,RM_007,Savings
ACC_012656,CUST_07675,Salary,2026-06-23,35800.75,BR009,RM_085,Salary
ACC_012657,CUST_01721,Savings,2026-03-05,219654.4,BR016,RM_021,Savings
ACC_012658,CUST_06408,Current,2026-05-26,19332.95,BR009,RM_088,Current
ACC_012659,CUST_06838,Current,2026-07-15,91298.01,BR019,RM_085,Current
ACC_012660,CUST_10066,Salary,2023-02-18,6282.83,BR038,RM_042,Salary
ACC_012661,CUST_09489,Savings,2023-02-03,3390.59,BR004,RM_008,Savings
ACC_012662,CUST_05367,Current,2026-08-10,6335.9,BR003,RM_041,Current
ACC_012663,CUST_07149,Savings,2025-02-21,9185.38,BR042,RM_085,Savings
ACC_012664,CUST_08104,Savings,2026-07-15,85980.34,BR030,RM_032,Savings
ACC_012665,CUST_05437,Current,2025-12-02,95127.23,BR035,RM_074,Current
ACC_012666,CUST_05734,Savings,2024-10-08,24124.61,BR018,RM_078,Savings
ACC_012667,CUST_07370,Savings,2025-07-25,5459.74,BR005,RM_091,Savings
ACC_012668,CUST_07269,Savings,2025-12-02,3501.15,BR050,RM_097,Savings
ACC_012669,CUST_05096,Current,2025-02-24,3958.12,BR013,RM_010,Current
ACC_012670,CUST_04762,Savings,2024-10-17,13398.58,BR044,RM_015,Savings
ACC_012671,CUST_00935,Savings,2026-04-28,30167.27,BR038,RM_008,Savings
ACC_012672,CUST_07427,Savings,2026-03-13,563902.72,BR012,RM_017,Savings
ACC_012673,CUST_00387,Savings,2021-10-16,58343.58,BR011,RM_062,Savings
ACC_012674,CUST_00880,Savings,2025-10-07,48806.15,BR032,RM_081,Savings
ACC_012675,CUST_04808,Savings,2025-05-10,2518.33,BR034,RM_097,Savings
ACC_012676,CUST_09448,Savings,2025-04-17,13973.76,BR037,RM_030,Savings
ACC_012677,CUST_08505,Savings,2023-08-04,605.81,BR006,RM_051,Savings
ACC_012678,CUST_09831,Savings,2023-12-09,179443.93,BR005,RM_025,Savings
ACC_012679,CUST_07743,Current,2026-06-21,17296.76,BR047,RM_085,Current
ACC_012680,CUST_07939,Savings,2025-12-23,8290.75,BR035,RM_055,Savings
ACC_012681,CUST_06696,Savings,2026-06-24,24480.15,BR010,RM_067,Savings
ACC_012682,CUST_07212,Savings,2023-10-06,15240.57,BR033,RM_025,Savings
ACC_012683,CUST_09579,Current,2025-05-31,83461.08,BR026,RM_082,Current
ACC_012684,CUST_01134,Savings,2026-01-11,353808.39,BR030,RM_084,Savings
ACC_012685,CUST_00085,Savings,2025-06-11,57730.12,BR027,RM_048,Savings
ACC_012686,CUST_07935,Salary,2026-01-24,1454.46,BR010,RM_080,Salary
ACC_012687,CUST_03094,Savings,2024-09-11,88244.69,BR032,RM_012,Savings
ACC_012688,CUST_01140,Savings,2025-07-31,67565.28,BR034,RM_066,Savings
ACC_012689,CUST_06576,Savings,2024-10-16,11924.24,BR036,RM_032,Savings
ACC_012690,CUST_00951,Savings,2025-07-28,17583.16,BR010,RM_060,Savings
ACC_012691,CUST_02606,Salary,2026-04-11,673197.91,BR028,RM_024,Salary
ACC_012692,CUST_08930,Savings,2024-05-20,5640.83,BR006,RM_074,Savings
ACC_012693,CUST_03368,Savings,2026-04-23,192078.07,BR001,RM_027,Savings
ACC_012694,CUST_01052,Savings,2023-05-31,12856.53,BR014,RM_058,Savings
ACC_012695,CUST_06395,Salary,2025-04-28,143065.59,BR020,RM_040,Salary
ACC_012696,CUST_05861,Savings,2026-01-03,115313.09,BR007,RM_012,Savings
ACC_012697,CUST_01317,Current,2025-03-09,3776.08,BR040,RM_058,Current
ACC_012698,CUST_07304,Savings,2026-01-12,15940.13,BR011,RM_068,Savings
ACC_012699,CUST_01527,Savings,2023-01-18,2844.56,BR010,RM_028,Savings
ACC_012700,CUST_04493,Salary,2023-04-22,42777.73,BR045,RM_006,Salary
ACC_012701,CUST_05175,Current,2024-12-16,5234.11,BR046,RM_050,Current
ACC_012702,CUST_04720,Savings,2024-10-23,11280.04,BR021,RM_027,Savings
ACC_012703,CUST_06856,Savings,2026-06-06,3893.08,BR013,RM_040,Savings
ACC_012704,CUST_05345,Savings,2025-12-20,150378.53,BR036,RM_071,Savings
ACC_012705,CUST_09426,Savings,2024-12-09,15138.59,BR018,RM_007,Savings
ACC_012706,CUST_01617,Savings,2024-03-16,26593.67,BR025,RM_059,Savings
ACC_012707,CUST_03052,Savings,2026-07-03,54318.83,BR046,RM_066,Savings
ACC_012708,CUST_05082,Salary,2022-03-31,113921.9,BR047,RM_031,Salary
ACC_012709,CUST_05961,Savings,2026-07-05,8239.71,BR013,RM_058,Savings
ACC_012710,CUST_02943,Current,2025-01-02,3629.35,BR015,RM_014,Current
ACC_012711,CUST_09631,Savings,2023-12-22,24952.74,BR026,RM_042,Savings
ACC_012712,CUST_00933,Current,2022-03-18,31481.01,BR025,RM_085,Current
ACC_012713,CUST_03141,Savings,2026-06-14,96310.23,BR018,RM_020,Savings
ACC_012714,CUST_07177,Salary,2026-03-08,25384.69,BR029,RM_052,Salary
ACC_012715,CUST_09797,Savings,2025-12-15,41431.61,BR030,RM_034,Savings
ACC_012716,CUST_02877,Savings,2026-05-17,1873.58,BR035,RM_038,Savings
ACC_012717,CUST_01305,Savings,2024-03-20,43600.18,BR041,RM_017,Savings
ACC_012718,CUST_03475,Savings,2024-01-05,14948.15,BR027,RM_052,Savings
ACC_012719,CUST_04874,Savings,2024-06-28,34247.78,BR030,RM_097,Savings
ACC_012720,CUST_00947,Salary,2025-06-19,17615.85,BR040,RM_009,Salary
ACC_012721,CUST_03929,Savings,2026-04-29,18547.96,BR026,RM_095,Savings
ACC_012722,CUST_02966,Current,2026-02-20,3920.72,BR027,RM_013,Current
ACC_012723,CUST_03945,Savings,2026-02-13,8449.66,BR038,RM_006,Savings
ACC_012724,CUST_04624,Salary,2025-11-20,27238.96,BR013,RM_096,Salary
ACC_012725,CUST_10133,Savings,2026-01-28,95469.61,BR020,RM_008,Savings
ACC_012726,CUST_04949,Current,2023-10-08,19229.05,BR029,RM_051,Current
ACC_012727,CUST_04933,Savings,2026-07-07,33755.23,BR007,RM_091,Savings
ACC_012728,CUST_01681,Savings,2026-08-03,137495.14,BR009,RM_036,Savings
ACC_012729,CUST_04779,Current,2024-05-06,9685.65,BR039,RM_042,Current
ACC_012730,CUST_02611,Savings,2025-07-03,155817.97,BR009,RM_006,Savings
ACC_012731,CUST_05355,Savings,2025-08-30,8559.07,BR030,RM_017,Savings
ACC_012732,CUST_09968,Savings,2022-11-20,94201.2,BR040,RM_021,Savings
ACC_012733,CUST_02375,Savings,2023-04-03,558677.69,BR049,RM_092,Savings
ACC_012734,CUST_02199,Savings,2026-05-20,22315.72,BR031,RM_039,Savings
ACC_012735,CUST_09528,Savings,2026-08-08,33700.83,BR007,RM_065,Savings
ACC_012736,CUST_03078,Salary,2024-04-11,19071.23,BR049,RM_010,Salary
ACC_012737,CUST_02181,Savings,2025-12-18,30237.54,BR005,RM_088,Savings
ACC_012738,CUST_03085,Savings,2026-06-01,817267.16,BR001,RM_098,Savings
ACC_012739,CUST_00258,Savings,2026-07-18,47236.99,BR036,RM_081,Savings
ACC_012740,CUST_05846,Current,2024-04-27,3060.72,BR044,RM_018,Current
ACC_012741,CUST_07213,Savings,2025-03-01,31922.58,BR021,RM_066,Savings
ACC_012742,CUST_05895,Current,2025-12-24,120698.68,BR045,RM_015,Current
ACC_012743,CUST_03635,Savings,2026-07-14,19715.99,BR020,RM_055,Savings
ACC_012744,CUST_07017,Savings,2024-09-23,69978.88,BR014,RM_078,Savings
ACC_012745,CUST_02918,Savings,2025-03-14,5094.93,BR012,RM_052,Savings
ACC_012746,CUST_04263,Savings,2023-12-22,6748.21,BR046,RM_025,Savings
ACC_012747,CUST_06666,Savings,2026-08-05,68789.56,BR028,RM_081,Savings
ACC_012748,CUST_03700,Savings,2021-07-20,9312.72,BR028,RM_048,Savings
ACC_012749,CUST_03245,Savings,2025-09-27,8514.71,BR028,RM_030,Savings
ACC_012750,CUST_08609,Savings,2025-01-27,10035.19,BR002,RM_040,Savings
ACC_012751,CUST_08082,Savings,2026-04-11,11843.58,BR009,RM_073,Savings
ACC_012752,CUST_03373,Savings,2024-06-17,12142.27,BR029,RM_023,Savings
ACC_012753,CUST_03629,Current,2024-10-03,86836.39,BR005,RM_017,Current
ACC_012754,CUST_02922,Savings,2024-07-06,78719.58,BR010,RM_030,Savings
ACC_012755,CUST_06035,Savings,2025-05-06,5574.28,BR045,RM_080,Savings
ACC_012756,CUST_01125,Current,2026-03-09,22631.48,BR042,RM_006,Current
ACC_012757,CUST_02242,Savings,2026-02-26,6085.26,BR013,RM_073,Savings
ACC_012758,CUST_03343,Salary,2024-11-05,57965.63,BR012,RM_088,Salary
ACC_012759,CUST_02024,Savings,2025-05-17,396790.1,BR017,RM_073,Savings
ACC_012760,CUST_04270,Savings,2026-01-07,17257.87,BR044,RM_032,Savings
ACC_012761,CUST_09818,Savings,2025-05-30,15939.51,BR028,RM_009,Savings
ACC_012762,CUST_01647,Savings,2026-05-11,17427.69,BR039,RM_012,Savings
ACC_012763,CUST_09850,Savings,2024-04-23,95956.85,BR050,RM_026,Savings
ACC_012764,CUST_05379,Current,2026-08-01,1340.62,BR039,RM_016,Current
ACC_012765,CUST_04524,Savings,2025-04-13,7472.72,BR037,RM_071,Savings
ACC_012766,CUST_04865,Savings,2023-07-15,28510.87,BR018,RM_065,Savings
ACC_012767,CUST_03495,Savings,2024-04-21,10667.4,BR037,RM_082,Savings
ACC_012768,CUST_04702,Savings,2026-06-29,18984.81,BR048,RM_018,Savings
ACC_012769,CUST_00778,Savings,2023-12-25,5032.99,BR046,RM_095,Savings
ACC_012770,CUST_01705,Savings,2024-05-08,185494.37,BR044,RM_042,Savings
ACC_012771,CUST_04654,Savings,2026-01-11,17552.2,BR042,RM_059,Savings
ACC_012772,CUST_05094,Savings,2025-03-17,18847.19,BR031,RM_011,Savings
ACC_012773,CUST_05582,Savings,2024-07-06,291353.6,BR019,RM_051,Savings
ACC_012774,CUST_05285,Savings,2025-12-08,2812.82,BR016,RM_028,Savings
ACC_012775,CUST_02866,Savings,2024-05-26,16768.3,BR044,RM_064,Savings
ACC_012776,CUST_03610,Savings,2024-09-08,40633.88,BR024,RM_080,Savings
ACC_012777,CUST_08308,Savings,2022-10-26,3102.34,BR009,RM_024,Savings
ACC_012778,CUST_06925,Savings,2025-02-17,4429.29,BR038,RM_078,Savings
ACC_012779,CUST_05450,Savings,2026-01-26,722820.78,BR002,RM_068,Savings
ACC_012780,CUST_06486,Savings,2022-06-12,14955.4,BR005,RM_040,Savings
ACC_012781,CUST_02483,Savings,2022-02-03,10567.55,BR023,RM_087,Savings
ACC_012782,CUST_02152,Savings,2025-09-25,134678.82,BR023,RM_076,Savings
ACC_012783,CUST_10164,Savings,2022-06-01,5644.67,BR015,RM_042,Savings
ACC_012784,CUST_07428,Savings,2026-06-22,14340.53,BR040,RM_071,Savings
ACC_012785,CUST_00457,Salary,2023-11-12,32418.65,BR023,RM_087,Salary
ACC_012786,CUST_04478,Savings,2023-06-14,185155.21,BR021,RM_016,Savings
ACC_012787,CUST_03463,Current,2024-05-19,23721.14,BR013,RM_038,Current
ACC_012788,CUST_03214,Savings,2026-02-02,13583.22,BR040,RM_052,Savings
ACC_012789,CUST_01937,Savings,2024-08-23,48184.61,BR050,RM_069,Savings
ACC_012790,CUST_09665,Current,2026-08-09,59647.95,BR009,RM_080,Current
ACC_012791,CUST_08869,Savings,2023-06-19,57481.34,BR013,RM_032,Savings
ACC_012792,CUST_10127,Savings,2025-08-01,9832.43,BR013,RM_045,Savings
ACC_012793,CUST_04440,Salary,2026-04-03,99918.45,BR042,RM_076,Salary
ACC_012794,CUST_05312,Savings,2024-01-31,8315.63,BR049,RM_030,Savings
ACC_012795,CUST_09984,Savings,2024-10-30,2721.8,BR050,RM_040,Savings
ACC_012796,CUST_07170,Savings,2025-11-01,914.63,BR049,RM_018,Savings
ACC_012797,CUST_04097,Savings,2023-12-26,28683.17,BR049,RM_026,Savings
ACC_012798,CUST_02101,Salary,2024-06-26,898020.44,BR047,RM_035,Salary
ACC_012799,CUST_06210,Savings,2026-01-20,26479.62,BR039,RM_005,Savings
ACC_012800,CUST_02866,Savings,2025-11-14,19367.54,BR034,RM_020,Savings
ACC_012801,CUST_06193,Current,2025-08-08,32355.33,BR050,RM_064,Current
ACC_012802,CUST_03189,Savings,2026-05-05,311744.48,BR038,RM_092,Savings
ACC_012803,CUST_00101,Savings,2025-05-28,39417.04,BR015,RM_054,Savings
ACC_012804,CUST_02563,Current,2026-02-08,10485.11,BR027,RM_044,Current
ACC_012805,CUST_04154,Savings,2026-03-30,17051.28,BR012,RM_065,Savings
ACC_012806,CUST_09199,Savings,2024-04-12,32771.71,BR013,RM_074,Savings
ACC_012807,CUST_00845,Savings,2025-11-02,58928.96,BR033,RM_081,Savings
ACC_012808,CUST_00726,Savings,2025-08-02,25684.57,BR047,RM_038,Savings
ACC_012809,CUST_04710,Savings,2022-06-20,45336.27,BR025,RM_082,Savings
ACC_012810,CUST_10165,Current,2025-02-24,79598.68,BR050,RM_092,Current
ACC_012811,CUST_04959,Savings,2026-03-30,2949.47,BR030,RM_085,Savings
ACC_012812,CUST_09411,Savings,2025-10-24,40234.87,BR045,RM_083,Savings
ACC_012813,CUST_07981,Savings,2025-10-22,26259.25,BR005,RM_024,Savings
ACC_012814,CUST_08392,Salary,2021-11-20,39437.71,BR049,RM_017,Salary
ACC_012815,CUST_04217,Savings,2026-03-24,32017.05,BR025,RM_079,Savings
ACC_012816,CUST_05070,Savings,2024-03-25,25503.34,BR016,RM_072,Savings
ACC_012817,CUST_01890,Savings,2024-05-01,11819.28,BR032,RM_088,Savings
ACC_012818,CUST_01551,Savings,2024-10-24,9127.14,BR005,RM_084,Savings
ACC_012819,CUST_09827,Savings,2025-06-17,51152.17,BR039,RM_011,Savings
ACC_012820,CUST_08522,Savings,2026-04-08,18593.32,BR034,RM_062,Savings
ACC_012821,CUST_05279,Current,2025-07-28,524.39,BR046,RM_076,Current
ACC_012822,CUST_08111,Savings,2026-01-30,600259.71,BR015,RM_090,Savings
ACC_012823,CUST_06331,Current,2025-06-29,3954.77,BR017,RM_083,Current
ACC_012824,CUST_06506,Savings,2023-10-18,7082.05,BR044,RM_100,Savings
ACC_012825,CUST_03254,Savings,2025-06-03,47637.86,BR041,RM_038,Savings
ACC_012826,CUST_08790,Current,2023-12-26,13443.94,BR022,RM_072,Current
ACC_012827,CUST_08653,Current,2023-11-12,6535.99,BR017,RM_082,Current
ACC_012828,CUST_10197,Savings,2024-06-12,13260.31,BR042,RM_021,Savings
ACC_012829,CUST_03937,Salary,2026-08-08,49422.48,BR010,RM_019,Salary
ACC_012830,CUST_02504,Savings,2026-06-17,98756.92,BR045,RM_010,Savings
ACC_012831,CUST_06907,Current,2025-10-31,2547.22,BR030,RM_052,Current
ACC_012832,CUST_08886,Savings,2026-01-26,19021.42,BR003,RM_070,Savings
ACC_012833,CUST_01537,Current,2025-03-12,10652.58,BR010,RM_036,Current
ACC_012834,CUST_08789,Savings,2025-02-19,17000.43,BR036,RM_007,Savings
ACC_012835,CUST_00143,Savings,2026-08-12,40006.57,BR046,RM_070,Savings
ACC_012836,CUST_09454,Savings,2025-10-02,60028.46,BR004,RM_085,Savings
ACC_012837,CUST_00093,Savings,2022-11-02,23796.78,BR016,RM_001,Savings
ACC_012838,CUST_05344,Salary,2026-11-10,13568.04,BR028,RM_087,Salary
ACC_012839,CUST_10158,Savings,2023-08-30,292620.23,BR015,RM_050,Savings
ACC_012840,CUST_08714,Savings,2026-01-16,16775.23,BR031,RM_009,Savings
ACC_012841,CUST_02810,Savings,2026-06-29,206830.42,BR027,RM_062,Savings
ACC_012842,CUST_07261,Savings,2024-12-12,2209.48,BR011,RM_041,Savings
ACC_012843,CUST_04151,Savings,2026-06-09,32273.87,BR042,RM_061,Savings
ACC_012844,CUST_05602,Savings,2026-07-16,22840.93,BR002,RM_024,Savings
ACC_012845,CUST_05244,Savings,2026-06-05,109286.79,BR045,RM_065,Savings
ACC_012846,CUST_00711,Current,2024-04-30,11311.04,BR045,RM_100,Current
ACC_012847,CUST_05483,Savings,2024-07-03,5915.15,BR022,RM_035,Savings
ACC_012848,CUST_00271,Savings,2026-06-19,41892.23,BR034,RM_093,Savings
ACC_012849,CUST_07600,Savings,2023-12-03,6129.03,BR019,RM_076,Savings
ACC_012850,CUST_06243,Current,2026-01-01,17500.51,BR015,RM_079,Current
ACC_012851,CUST_08930,Current,2026-04-30,31556.32,BR037,RM_033,Current
ACC_012852,CUST_04486,Current,2026-06-13,12969.25,BR015,RM_083,Current
ACC_012853,CUST_07441,Savings,2025-08-11,10730.9,BR027,RM_063,Savings
ACC_012854,CUST_01062,Current,2025-02-25,23950.14,BR008,RM_035,Current
ACC_012855,CUST_00852,Savings,2026-07-29,8808.96,BR047,RM_098,Savings
ACC_012856,CUST_09507,Savings,2025-08-30,12809.71,BR010,RM_094,Savings
ACC_012857,CUST_08967,Savings,2025-11-02,10685.73,BR044,RM_038,Savings
ACC_012858,CUST_09908,Savings,2025-03-08,8395.85,BR033,RM_035,Savings
ACC_012859,CUST_03301,Savings,2023-03-16,3388.05,BR042,RM_048,Savings
ACC_012860,CUST_08715,Salary,2026-01-31,80359.81,BR004,RM_018,Salary
ACC_012861,CUST_04203,Savings,2025-03-11,254025.3,BR019,RM_079,Savings
ACC_012862,CUST_07485,Savings,2023-11-04,13398.33,BR008,RM_067,Savings
ACC_012863,CUST_08678,Savings,2026-07-01,2317.46,BR001,RM_051,Savings
ACC_012864,CUST_07091,Savings,2024-03-13,59857.39,BR030,RM_015,Savings
ACC_012865,CUST_07507,Savings,2026-07-10,20292.35,BR035,RM_080,Savings
ACC_012866,CUST_03403,Savings,2024-04-27,11716.21,BR024,RM_047,Savings
ACC_012867,CUST_02507,Savings,2026-07-08,5759.64,BR043,RM_016,Savings
ACC_012868,CUST_01431,Savings,2024-04-22,13845.62,BR037,RM_097,Savings
ACC_012869,CUST_07374,Savings,2026-07-09,6816.65,BR006,RM_033,Savings
ACC_012870,CUST_02748,Savings,2024-03-10,11359.01,BR024,RM_018,Savings
ACC_012871,CUST_01056,Savings,2025-03-20,25179.18,BR005,RM_088,Savings
ACC_012872,CUST_04622,Savings,2023-11-01,4658.94,BR020,RM_007,Savings
ACC_012873,CUST_05293,Savings,2026-05-19,28163.27,BR024,RM_049,Savings
ACC_012874,CUST_00287,Savings,2024-08-06,78416.03,BR017,RM_045,Savings
ACC_012875,CUST_08225,Savings,2024-03-21,6684.24,BR027,RM_047,Savings
ACC_012876,CUST_00328,Savings,2026-07-20,7960.17,BR017,RM_050,Savings
ACC_012877,CUST_06335,Savings,2024-02-27,5370.78,BR022,RM_052,Savings
ACC_012878,CUST_03567,Savings,2023-10-31,14310.32,BR023,RM_053,Savings
ACC_012879,CUST_01772,Savings,2024-12-20,285095.22,BR025,RM_023,Savings
ACC_012880,CUST_02770,Savings,2025-08-10,34873.3,BR037,RM_071,Savings
ACC_012881,CUST_09878,Current,2026-01-27,16489.14,BR001,RM_077,Current
ACC_012882,CUST_00660,Savings,2025-11-25,2832.48,BR002,RM_066,Savings
ACC_012883,CUST_03348,Salary,2026-08-10,18741.87,BR029,RM_065,Salary
ACC_012884,CUST_03787,Current,2025-04-29,1922.9,BR048,RM_086,Current
ACC_012885,CUST_03921,Salary,2025-10-02,18260.06,BR009,RM_073,Salary
ACC_012886,CUST_04726,Savings,2026-05-09,22854.57,BR046,RM_061,Savings
ACC_012887,CUST_04332,Savings,2022-12-09,11027.86,BR003,RM_089,Savings
ACC_012888,CUST_02397,Savings,2026-05-26,12146.64,BR031,RM_011,Savings
ACC_012889,CUST_09268,Savings,2025-11-04,60297.51,BR008,RM_047,Savings
ACC_012890,CUST_00940,Savings,2026-04-30,136800.66,BR034,RM_068,Savings
ACC_012891,CUST_05671,Savings,2026-08-02,3497.23,BR003,RM_032,Savings
ACC_012892,CUST_05776,Savings,2026-06-29,25429.89,BR002,RM_046,Savings
ACC_012893,CUST_06147,Current,2026-03-10,26473.86,BR029,RM_020,Current
ACC_012894,CUST_06049,Savings,2026-08-04,20285.67,BR026,RM_021,Savings
ACC_012895,CUST_00646,Current,2025-01-28,12215.06,BR019,RM_026,Current
ACC_012896,CUST_05537,Savings,2022-09-11,2951.08,BR047,RM_048,Savings
ACC_012897,CUST_06932,Savings,2026-04-23,21187.1,BR040,RM_019,Savings
ACC_012898,CUST_09797,Current,2023-03-14,10183.42,BR018,RM_095,Current
ACC_012899,CUST_05467,Savings,2022-02-12,13471.61,BR002,RM_078,Savings
ACC_012900,CUST_04105,Salary,2025-08-01,4786.95,BR015,RM_011,Salary
ACC_012901,CUST_01551,Savings,2026-06-29,5591.81,BR005,RM_066,Savings
ACC_012902,CUST_06192,Savings,2025-04-01,74255.8,BR020,RM_028,Savings
ACC_012903,CUST_02390,Savings,2022-05-02,27733.69,BR025,RM_080,Savings
ACC_012904,CUST_04173,Salary,2025-03-23,6384.7,BR015,RM_052,Salary
ACC_012905,CUST_06463,Savings,2025-08-10,131820.81,BR049,RM_082,Savings
ACC_012906,CUST_04761,Salary,2026-05-08,71084.99,BR012,RM_094,Salary
ACC_012907,CUST_00351,Savings,2026-05-23,108677.54,BR040,RM_062,Savings
ACC_012908,CUST_04009,Savings,2026-07-03,53942.67,BR012,RM_023,Savings
ACC_012909,CUST_04999,Savings,2026-05-26,40379.93,BR028,RM_072,Savings
ACC_012910,CUST_08581,Salary,2023-11-01,9074.45,BR025,RM_099,Salary
ACC_012911,CUST_06844,Savings,2024-02-27,341576.92,BR035,RM_013,Savings
ACC_012912,CUST_04397,Salary,2023-08-26,1066.18,BR049,RM_080,Salary
ACC_012913,CUST_09932,Savings,2026-03-16,437695.67,BR050,RM_069,Savings
ACC_012914,CUST_05419,Savings,2025-03-18,71874.77,BR047,RM_069,Savings
ACC_012915,CUST_01895,Savings,2024-03-28,24038.83,BR020,RM_027,Savings
ACC_012916,CUST_04438,Current,2025-10-18,7719.29,BR022,RM_057,Current
ACC_012917,CUST_03802,Salary,2025-10-05,29156.94,BR016,RM_083,Salary
ACC_012918,CUST_09439,Savings,2026-06-09,6368.79,BR044,RM_090,Savings
ACC_012919,CUST_04368,Savings,2024-11-08,5379.3,BR036,RM_032,Savings
ACC_012920,CUST_09418,Savings,2024-07-09,729.69,BR019,RM_088,Savings
ACC_012921,CUST_06262,Savings,2026-06-03,9911.83,BR027,RM_078,Savings
ACC_012922,CUST_00881,Savings,2025-06-28,43259.48,BR022,RM_025,Savings
ACC_012923,CUST_00239,Savings,2026-08-08,41439.87,BR033,RM_003,Savings
ACC_012924,CUST_08903,Savings,2027-01-20,7188.1,BR027,RM_071,Savings
ACC_012925,CUST_07560,Savings,2026-06-03,70524.69,BR023,RM_033,Savings
ACC_012926,CUST_09548,Salary,2026-03-11,4225.04,BR046,RM_067,Salary
ACC_012927,CUST_00879,Salary,2026-01-06,5678.13,BR048,RM_054,Salary
ACC_012928,CUST_03524,Savings,2022-09-18,55182.02,BR004,RM_041,Savings
ACC_012929,CUST_03929,Savings,2026-05-19,92886.75,BR001,RM_063,Savings
ACC_012930,CUST_09879,Current,2026-07-21,49195.01,BR005,RM_039,Current
ACC_012931,CUST_05442,Savings,2025-02-25,9260.1,BR040,RM_056,Savings
ACC_012932,CUST_01182,Salary,2023-10-24,13079.61,BR037,RM_052,Salary
ACC_012933,CUST_01403,Savings,2026-06-24,-4609.92,BR032,RM_023,Savings
ACC_012934,CUST_09232,Savings,2026-05-06,40907.99,BR025,RM_050,Savings
ACC_012935,CUST_05715,Savings,2025-06-19,24888.96,BR009,RM_038,Savings
ACC_012936,CUST_04608,Savings,2026-07-12,321449.29,BR014,RM_038,Savings
ACC_012937,CUST_03944,Savings,2025-11-01,27383.29,BR001,RM_019,Savings
ACC_012938,CUST_05272,Salary,2026-07-20,2548.37,BR029,RM_089,Salary
ACC_012939,CUST_08451,Savings,2025-02-21,30176.94,BR010,RM_014,Savings
ACC_012940,CUST_00705,Current,2026-01-18,3558.27,BR042,RM_084,Current
ACC_012941,CUST_08004,Savings,2026-07-27,13147.22,BR028,RM_012,Savings
ACC_012942,CUST_08521,Savings,2025-10-04,3597.2,BR043,RM_094,Savings
ACC_012943,CUST_02446,Savings,2024-12-19,465957.17,BR030,RM_058,Savings
ACC_012944,CUST_04956,Savings,2023-04-30,1938.13,BR003,RM_095,Savings
ACC_012945,CUST_07693,Savings,2026-07-20,33370.04,BR023,RM_086,Savings
ACC_012946,CUST_09441,Savings,2026-04-07,8362.43,BR005,RM_007,Savings
ACC_012947,CUST_04047,Salary,2025-11-29,67492.78,BR017,RM_077,Salary
ACC_012948,CUST_05897,Salary,2025-12-17,31392.57,BR044,RM_025,Salary
ACC_012949,CUST_04854,Savings,2026-02-13,7791.34,BR019,RM_059,Savings
ACC_012950,CUST_05152,Salary,2025-12-11,7181.75,BR014,RM_042,Salary
ACC_012951,CUST_02039,Savings,2025-10-04,2229.49,BR018,RM_056,Savings
ACC_012952,CUST_07215,Savings,2023-03-30,6272.17,BR045,RM_018,Savings
ACC_012953,CUST_09409,Salary,2026-05-11,4283.75,BR007,RM_029,Salary
ACC_012954,CUST_06641,Savings,2023-04-23,203305.05,BR035,RM_091,Savings
ACC_012955,CUST_04020,Current,2026-08-12,7893.27,BR014,RM_057,Current
ACC_012956,CUST_07742,Salary,2026-06-20,11451.49,BR014,RM_099,Salary
ACC_012957,CUST_01227,Savings,2025-04-19,13614.92,BR018,RM_065,Savings
ACC_012958,CUST_04809,Current,2026-03-16,43120.32,BR011,RM_072,Current
ACC_012959,CUST_06938,Savings,2025-07-13,19432.78,BR021,RM_014,Savings
ACC_012960,CUST_08955,Savings,2025-11-15,29375.45,BR023,RM_070,Savings
ACC_012961,CUST_08650,Savings,2025-04-01,13792.48,BR017,RM_006,Savings
ACC_012962,CUST_05111,Salary,2025-01-07,1824944.61,BR014,RM_100,Salary
ACC_012963,CUST_02791,Savings,2026-05-13,19027.74,BR019,RM_036,Savings
ACC_012964,CUST_06908,Savings,2024-12-28,81153.28,BR033,RM_042,Savings
ACC_012965,CUST_05359,Salary,2026-07-20,3343.69,BR045,RM_013,Salary
ACC_012966,CUST_01463,Savings,2025-06-04,8377.12,BR034,RM_033,Savings
ACC_012967,CUST_06308,Savings,2025-06-09,2675.07,BR033,RM_067,Savings
ACC_012968,CUST_07880,Current,2026-04-24,26001.31,BR022,RM_003,Current
ACC_012969,CUST_07026,Savings,2023-02-27,12774.01,BR004,RM_076,Savings
ACC_012970,CUST_00512,Savings,2026-05-18,26315.72,BR006,RM_062,Savings
ACC_012971,CUST_06713,Current,2024-01-27,33385.94,BR029,RM_028,Current
ACC_012972,CUST_07391,Savings,2026-04-14,7706.18,BR031,RM_015,Savings
ACC_012973,CUST_04862,Savings,2026-05-23,34485.65,BR027,RM_003,Savings
ACC_012974,CUST_08524,Salary,2026-02-17,152672.68,BR016,RM_062,Salary
ACC_012975,CUST_09034,Savings,2021-09-17,23786.66,BR031,RM_043,Savings
ACC_012976,CUST_08135,Savings,2024-07-21,23781.06,BR012,RM_066,Savings
ACC_012977,CUST_03735,Savings,2025-12-18,97440.56,BR003,RM_024,Savings
ACC_012978,CUST_04579,Savings,2023-11-27,87081.0,BR050,RM_090,Savings
ACC_012979,CUST_00216,Savings,2026-05-19,1161.22,BR040,RM_060,Savings
ACC_012980,CUST_04931,Savings,2023-08-10,37945.49,BR048,RM_100,Savings
ACC_012981,CUST_07609,Savings,2026-03-25,31761.57,BR008,RM_054,Savings
ACC_012982,CUST_07306,Savings,2026-02-20,3271.6,BR040,RM_014,Savings
ACC_012983,CUST_03764,Savings,2026-03-01,4554.74,BR028,RM_047,Savings
ACC_012984,CUST_01434,Current,2025-07-08,10355.93,BR008,RM_087,Current
ACC_012985,CUST_03607,Savings,2025-07-31,87305.9,BR032,RM_087,Savings
ACC_012986,CUST_03357,Savings,2026-05-10,1056344.82,BR025,RM_035,Savings
ACC_012987,CUST_09533,Current,2026-08-09,4695.19,BR002,RM_094,Current
ACC_012988,CUST_08592,Current,2024-05-15,547.95,BR025,RM_067,Current
ACC_012989,CUST_01886,Savings,2021-04-25,9349.18,BR036,RM_064,Savings
ACC_012990,CUST_09408,Savings,2026-04-20,6830.03,BR020,RM_027,Savings
ACC_012991,CUST_04022,Savings,2024-12-29,24182.17,BR014,RM_100,Savings
ACC_012992,CUST_01158,Savings,2026-08-13,19813.45,BR022,RM_006,Savings
ACC_012993,CUST_03919,Savings,2024-11-22,194595.85,BR043,RM_016,Savings
ACC_012994,CUST_06735,Savings,2024-06-29,5852.0,BR040,RM_040,Savings
ACC_012995,CUST_09424,Savings,2024-11-01,5107.43,BR016,RM_064,Savings
ACC_012996,CUST_09068,Savings,2026-07-26,9233.35,BR040,RM_021,Savings
ACC_012997,CUST_09120,Savings,2025-10-20,147867.05,BR047,RM_045,Savings
ACC_012998,CUST_01961,Savings,2024-12-02,8221.97,BR015,RM_009,Savings
ACC_012999,CUST_06434,Current,2024-08-08,17577.84,BR036,RM_042,Current
ACC_013000,CUST_01810,Salary,2025-10-22,86193.64,BR047,RM_049,Salary
ACC_013001,CUST_09942,Savings,2023-11-27,8027.5,BR029,RM_010,Savings
ACC_013002,CUST_09507,Savings,2025-06-12,8477.57,BR003,RM_059,Savings
ACC_013003,CUST_08099,Savings,2025-05-13,4120.17,BR007,RM_078,Savings
ACC_013004,CUST_05676,Current,2025-09-16,19294.31,BR045,RM_034,Current
ACC_013005,CUST_07140,Salary,2024-02-22,2231.94,BR021,RM_068,Salary
ACC_013006,CUST_01412,Savings,2026-05-22,4577.58,BR023,RM_070,Savings
ACC_013007,CUST_07595,Savings,2024-03-28,19515.41,BR028,RM_064,Savings
ACC_013008,CUST_09791,Savings,2023-03-18,103793.9,BR046,RM_094,Savings
ACC_013009,CUST_08028,Current,2024-12-26,3553.4,BR010,RM_084,Current
ACC_013010,CUST_03852,Savings,2024-12-14,5016.33,BR027,RM_047,Savings
ACC_013011,CUST_02108,Salary,2026-08-07,145663.37,BR050,RM_075,Salary
ACC_013012,CUST_07495,Savings,2021-05-08,18448.94,BR031,RM_075,Savings
ACC_013013,CUST_08212,Savings,2024-09-08,165193.6,BR009,RM_063,Savings
ACC_013014,CUST_05500,Savings,2025-11-08,15344.09,BR040,RM_050,Savings
ACC_013015,CUST_09788,Savings,2026-04-15,1042.22,BR025,RM_016,Savings
ACC_013016,CUST_01160,Savings,2025-12-26,4447.11,BR008,RM_004,Savings
ACC_013017,CUST_09835,Savings,2022-07-08,1457.21,BR024,RM_004,Savings
ACC_013018,CUST_05137,Salary,2026-05-05,133647.01,BR043,RM_009,Salary
ACC_013019,CUST_00835,Savings,2026-04-23,19726.2,BR027,RM_060,Savings
ACC_013020,CUST_02694,Savings,2026-01-01,15826.01,BR021,RM_030,Savings
ACC_013021,CUST_03650,Savings,2026-06-16,115362.03,BR031,RM_014,Savings
ACC_013022,CUST_09915,Savings,2026-05-26,7193.46,BR019,RM_093,Savings
ACC_013023,CUST_09558,Savings,2024-11-30,95868.05,BR013,RM_037,Savings
ACC_013024,CUST_01792,Salary,2025-10-15,1140595.23,BR050,RM_008,Salary
ACC_013025,CUST_02596,Savings,2025-10-12,139914.41,BR004,RM_007,Savings
ACC_013026,CUST_03033,Savings,2026-07-28,63371.31,BR041,RM_060,Savings
ACC_013027,CUST_02889,Salary,2025-01-14,6105.73,BR031,RM_061,Salary
ACC_013028,CUST_09700,Savings,2025-06-19,305515.28,BR008,RM_080,Savings
ACC_013029,CUST_03461,Savings,2025-05-24,1482375.05,BR002,RM_088,Savings
ACC_013030,CUST_01679,Current,2024-07-29,438810.7,BR025,RM_027,Current
ACC_013031,CUST_02107,Savings,2024-09-28,3851.82,BR023,RM_085,Savings
ACC_013032,CUST_03375,Savings,2025-02-15,1377.0,BR014,RM_035,Savings
ACC_013033,CUST_02171,Savings,2021-10-15,5889.24,BR019,RM_078,Savings
ACC_013034,CUST_07923,Savings,2021-12-25,3555.82,BR048,RM_027,Savings
ACC_013035,CUST_08074,Savings,2024-08-26,101087.94,BR009,RM_028,Savings
ACC_013036,CUST_08461,Savings,2026-07-11,19643.85,BR049,RM_003,Savings
ACC_013037,CUST_04323,Current,2026-04-04,8862.1,BR037,RM_014,Current
ACC_013038,CUST_07433,Salary,2026-08-06,12831.36,BR036,RM_071,Salary
ACC_013039,CUST_05175,Savings,2024-08-30,68033.36,BR043,RM_056,Savings
ACC_013040,CUST_02298,Current,2025-01-15,52412.04,BR028,RM_029,Current
ACC_013041,CUST_09119,Salary,2024-09-10,2715.12,BR050,RM_086,Salary
ACC_013042,CUST_01229,Savings,2026-03-07,57855.44,BR032,RM_075,Savings
ACC_013043,CUST_06512,Savings,2026-06-21,8733.71,BR018,RM_062,Savings
ACC_013044,CUST_04628,Savings,2026-06-25,77968.6,BR043,RM_091,Savings
ACC_013045,CUST_07606,Savings,2026-08-07,45180.35,BR023,RM_065,Savings
ACC_013046,CUST_02406,Savings,2023-08-15,22312.42,BR003,RM_089,Savings
ACC_013047,CUST_09195,Savings,2023-04-26,91931.92,BR048,RM_001,Savings
ACC_013048,CUST_00084,Savings,2026-03-04,3029.77,BR021,RM_037,Savings
ACC_013049,CUST_06433,Savings,2026-07-09,27861.17,BR045,RM_077,Savings
ACC_013050,CUST_06830,Savings,2025-12-07,7560.95,BR050,RM_059,Savings
ACC_013051,CUST_08400,Savings,2024-11-05,45350.71,BR042,RM_099,Savings
ACC_013052,CUST_07153,Salary,2022-08-13,22068.73,BR006,RM_058,Salary
ACC_013053,CUST_00992,Salary,2024-11-19,5266.52,BR013,RM_085,Salary
ACC_013054,CUST_07362,Savings,2025-12-18,18778.16,BR022,RM_065,Savings
ACC_013055,CUST_05278,Savings,2025-05-15,4949.36,BR034,RM_071,Savings
ACC_013056,CUST_01544,Savings,2024-08-07,12854.01,BR022,RM_083,Savings
ACC_013057,CUST_00183,Savings,2026-06-01,85613.68,BR022,RM_026,Savings
ACC_013058,CUST_08394,Savings,2025-08-06,10688.92,BR009,RM_086,Savings
ACC_013059,CUST_03779,Savings,2026-01-19,27076.94,BR029,RM_075,Savings
ACC_013060,CUST_06401,Savings,2023-09-12,12601.17,BR047,RM_080,Savings
ACC_013061,CUST_10070,Savings,2026-02-13,40516.13,BR016,RM_021,Savings
ACC_013062,CUST_05868,Savings,2026-05-21,5313.87,BR012,RM_034,Savings
ACC_013063,CUST_05210,Savings,2025-05-06,5237.36,BR021,RM_077,Savings
ACC_013064,CUST_03387,Savings,2026-07-11,2414.96,BR040,RM_083,Savings
ACC_013065,CUST_08564,Savings,2022-03-31,16645.53,BR036,RM_023,Savings
ACC_013066,CUST_06539,Savings,2025-06-25,116297.66,BR029,RM_008,Savings
ACC_013067,CUST_04466,Savings,2025-03-27,16873.84,BR029,RM_088,Savings
ACC_013068,CUST_03186,Savings,2023-06-24,2119.25,BR034,RM_051,Savings
ACC_013069,CUST_08378,Salary,2022-07-24,11143.42,BR005,RM_063,Salary
ACC_013070,CUST_06284,Savings,2025-12-22,33968.38,BR015,RM_082,Savings
ACC_013071,CUST_03471,Salary,2026-03-10,1223.89,BR031,RM_094,Salary
ACC_013072,CUST_02858,Savings,2025-06-16,21331.79,BR031,RM_032,Savings
ACC_013073,CUST_02213,Savings,2026-05-13,720159.88,BR014,RM_043,Savings
ACC_013074,CUST_03251,Savings,2023-06-25,2641.64,BR037,RM_001,Savings
ACC_013075,CUST_00984,Savings,2026-06-06,34413.32,BR032,RM_054,Savings
ACC_013076,CUST_08013,Savings,2026-04-08,11687.69,BR021,RM_056,Savings
ACC_013077,CUST_09776,Savings,2024-05-27,28789.78,BR016,RM_017,Savings
ACC_013078,CUST_03482,Savings,2026-07-28,2812.94,BR019,RM_017,Savings
ACC_013079,CUST_02914,Salary,2025-01-17,11751.06,BR011,RM_022,Salary
ACC_013080,CUST_10054,Current,2023-11-02,7538.57,BR033,RM_002,Current
ACC_013081,CUST_05187,Savings,2026-02-04,9353.76,BR011,RM_064,Savings
ACC_013082,CUST_07514,Savings,2026-03-31,107951.54,BR001,RM_043,Savings
ACC_013083,CUST_09573,Current,2024-08-07,9613.44,BR042,RM_029,Current
ACC_013084,CUST_08791,Savings,2023-10-17,6964.9,BR048,RM_070,Savings
ACC_013085,CUST_04917,Savings,2026-01-09,3321.39,BR008,RM_030,Savings
ACC_013086,CUST_00784,Savings,2026-03-03,24951.07,BR002,RM_073,Savings
ACC_013087,CUST_01372,Savings,2022-10-20,4867.29,BR027,RM_056,Savings
ACC_013088,CUST_08343,Savings,2026-06-12,6890.32,BR018,RM_013,Savings
ACC_013089,CUST_04388,Savings,2025-11-01,60129.47,BR021,RM_062,Savings
ACC_013090,CUST_06274,Savings,2021-09-08,89629.44,BR021,RM_023,Savings
ACC_013091,CUST_06407,Current,2025-01-14,198642.79,BR040,RM_030,Current
ACC_013092,CUST_03127,Salary,2025-02-24,20518.66,BR048,RM_048,Salary
ACC_013093,CUST_02110,Savings,2026-04-28,68902.91,BR014,RM_034,Savings
ACC_013094,CUST_00612,Savings,2024-02-02,3732.74,BR010,RM_001,Savings
ACC_013095,CUST_08683,Savings,2025-05-30,108029.23,BR049,RM_033,Savings
ACC_013096,CUST_07528,Salary,2026-06-28,14792.01,BR038,RM_089,Salary
ACC_013097,CUST_01035,Savings,2026-02-17,23754.91,BR041,RM_047,Savings
ACC_013098,CUST_03537,Savings,2026-06-25,15346.94,BR022,RM_100,Savings
ACC_013099,CUST_00873,Current,2024-02-18,5884.49,BR026,RM_072,Current
ACC_013100,CUST_06075,Current,2025-08-07,294146.36,BR027,RM_018,Current
ACC_013101,CUST_02713,Current,2025-12-27,9945.13,BR019,RM_013,Current
ACC_013102,CUST_01651,Savings,2025-04-02,458.76,BR013,RM_080,Savings
ACC_013103,CUST_08872,Savings,2023-04-15,1837.58,BR019,RM_014,Savings
ACC_013104,CUST_02922,Savings,2025-12-09,22074.21,BR041,RM_048,Savings
ACC_013105,CUST_00458,Salary,2026-02-02,6095.28,BR023,RM_026,Salary
ACC_013106,CUST_07575,Savings,2025-11-20,30448.76,BR010,RM_010,Savings
ACC_013107,CUST_02108,Savings,2026-02-09,22888.98,BR010,RM_055,Savings
ACC_013108,CUST_06987,Savings,2025-05-16,-529.36,BR031,RM_001,Savings
ACC_013109,CUST_03436,Savings,2024-03-25,111174.56,BR018,RM_053,Savings
ACC_013110,CUST_09183,Salary,2025-11-30,30801.92,BR031,RM_017,Salary
ACC_013111,CUST_07196,Savings,2022-07-22,15058.71,BR048,RM_086,Savings
ACC_013112,CUST_02585,Salary,2024-09-10,1738.9,BR011,RM_029,Salary
ACC_013113,CUST_04530,Salary,2021-11-02,19487.98,BR037,RM_018,Salary
ACC_013114,CUST_05871,Salary,2026-06-02,11426.65,BR006,RM_090,Salary
ACC_013115,CUST_01933,Savings,2023-08-14,1082.21,BR049,RM_066,Savings
ACC_013116,CUST_08091,Savings,2025-10-11,84296.43,BR035,RM_055,Savings
ACC_013117,CUST_02528,Savings,2023-10-26,29431.05,BR037,RM_013,Savings
ACC_013118,CUST_02037,Savings,2025-09-20,62091.79,BR025,RM_092,Savings
ACC_013119,CUST_06349,Savings,2026-03-11,7775.35,BR031,RM_055,Savings
ACC_013120,CUST_00891,Current,2025-01-17,697.31,BR034,RM_012,Current
ACC_013121,CUST_00153,Current,2025-12-26,2104.3,BR045,RM_041,Current
ACC_013122,CUST_09698,Savings,2025-09-07,30380.29,BR036,RM_045,Savings
ACC_013123,CUST_06807,Savings,2026-06-07,2548.21,BR026,RM_097,Savings
ACC_013124,CUST_03304,Savings,2026-07-15,10842.91,BR002,RM_074,Savings
ACC_013125,CUST_04888,Savings,2026-06-24,990.99,BR026,RM_097,Savings
ACC_013126,CUST_09742,Savings,2026-07-11,37696.41,BR002,RM_038,Savings
ACC_013127,CUST_02351,Savings,2026-04-07,10885.89,BR046,RM_075,Savings
ACC_013128,CUST_02850,Savings,2026-05-10,7530.09,BR006,RM_054,Savings
ACC_013129,CUST_02843,Savings,2021-05-21,16649.04,BR022,RM_016,Savings
ACC_013130,CUST_02597,Savings,2025-01-17,4407.26,BR004,RM_001,Savings
ACC_013131,CUST_07384,Savings,2026-04-30,3604.85,BR046,RM_010,Savings
ACC_013132,CUST_06420,Savings,2026-04-18,7606.53,BR015,RM_038,Savings
ACC_013133,CUST_09956,Savings,2026-07-11,99729.01,BR007,RM_030,Savings
ACC_013134,CUST_04152,Savings,2024-03-25,37570.94,BR027,RM_018,Savings
ACC_013135,CUST_04499,Savings,2025-07-21,5676.71,BR015,RM_084,Savings
ACC_013136,CUST_08642,Savings,2021-11-22,28908.85,BR043,RM_058,Savings
ACC_013137,CUST_00580,Savings,2023-08-19,444145.08,BR046,RM_042,Savings
ACC_013138,CUST_00200,Savings,2022-11-16,2250.52,BR032,RM_039,Savings
ACC_013139,CUST_09344,Savings,2024-07-26,39805.61,BR010,RM_011,Savings
ACC_013140,CUST_07008,Savings,2026-06-17,9133.43,BR034,RM_078,Savings
ACC_013141,CUST_07364,Savings,2025-01-10,5747.17,BR024,RM_041,Savings
ACC_013142,CUST_05072,Savings,2022-08-29,12352.38,BR044,RM_072,Savings
ACC_013143,CUST_00758,Salary,2025-05-20,44578.98,BR041,RM_052,Salary
ACC_013144,CUST_04843,Savings,2025-03-18,8743.28,BR044,RM_018,Savings
ACC_013145,CUST_02742,Savings,2026-07-03,8901.23,BR034,RM_047,Savings
ACC_013146,CUST_05391,Savings,2025-10-05,11501.63,BR003,RM_079,Savings
ACC_013147,CUST_07716,Savings,2023-12-15,23030.98,BR007,RM_012,Savings
ACC_013148,CUST_05485,Savings,2026-08-12,6151.13,BR033,RM_061,Savings
ACC_013149,CUST_05108,Savings,2026-02-07,7589.41,BR035,RM_005,Savings
ACC_013150,CUST_06006,Savings,2022-06-05,26154.37,BR017,RM_019,Savings
ACC_013151,CUST_04236,Savings,2025-12-06,15916.08,BR037,RM_044,Savings
ACC_013152,CUST_07043,Savings,2026-07-19,26749.48,BR009,RM_089,Savings
ACC_013153,CUST_01205,Savings,2025-10-08,195090.7,BR011,RM_006,Savings
ACC_013154,CUST_05081,Savings,2026-01-02,4908.57,BR014,RM_066,Savings
ACC_013155,CUST_02239,Savings,2024-11-16,21189.22,BR016,RM_091,Savings
ACC_013156,CUST_09548,Savings,2025-10-25,35832.78,BR024,RM_073,Savings
ACC_013157,CUST_03997,Savings,2025-07-12,18946.34,BR002,RM_078,Savings
ACC_013158,CUST_01726,Savings,2026-08-10,115352.78,BR019,RM_073,Savings
ACC_013159,CUST_06679,Salary,2021-11-01,11607.37,BR036,RM_015,Salary
ACC_013160,CUST_08903,Savings,2027-01-20,509.55,BR044,RM_022,Savings
ACC_013161,CUST_07557,Savings,2023-02-04,114561.17,BR002,RM_086,Savings
ACC_013162,CUST_06615,Savings,2025-03-27,4186.15,BR044,RM_015,Savings
ACC_013163,CUST_05413,Savings,2026-02-17,14328.51,BR019,RM_005,Savings
ACC_013164,CUST_03856,Current,2026-04-27,166513.02,BR040,RM_047,Current
ACC_013165,CUST_07884,Savings,2023-09-06,149056.21,BR023,RM_021,Savings
ACC_013166,CUST_03133,Salary,2024-06-30,30568.63,BR004,RM_031,Salary
ACC_013167,CUST_04788,Savings,2024-04-02,68297.09,BR048,RM_082,Savings
ACC_013168,CUST_03800,Salary,2026-01-09,565562.98,BR050,RM_073,Salary
ACC_013169,CUST_00649,Salary,2024-07-15,3151.75,BR038,RM_056,Salary
ACC_013170,CUST_08220,Savings,2023-04-04,68172.25,BR004,RM_054,Savings
ACC_013171,CUST_04688,Savings,2024-08-01,20368.81,BR043,RM_042,Savings
ACC_013172,CUST_06709,Salary,2024-02-22,73016.38,BR027,RM_037,Salary
ACC_013173,CUST_09174,Savings,2022-11-20,8916.83,BR015,RM_066,Savings
ACC_013174,CUST_05017,Salary,2024-05-22,13080.31,BR034,RM_053,Salary
ACC_013175,CUST_03492,Savings,2023-06-02,10561.5,BR029,RM_087,Savings
ACC_013176,CUST_05389,Savings,2025-03-19,11045.49,BR049,RM_024,Savings
ACC_013177,CUST_09878,Savings,2026-03-17,21530.44,BR003,RM_024,Savings
ACC_013178,CUST_03791,Savings,2026-07-09,165048.16,BR022,RM_046,Savings
ACC_013179,CUST_08007,Savings,2021-12-02,6015.85,BR024,RM_073,Savings
ACC_013180,CUST_09001,Savings,2026-04-24,491621.11,BR013,RM_065,Savings
ACC_013181,CUST_09734,Salary,2024-07-09,5461.67,BR022,RM_018,Salary
ACC_013182,CUST_03072,Current,2025-11-23,15002.61,BR021,RM_092,Current
ACC_013183,CUST_02331,Salary,2022-05-20,6335.64,BR025,RM_069,Salary
ACC_013184,CUST_08839,Salary,2026-08-13,41201.21,BR019,RM_019,Salary
ACC_013185,CUST_01145,Savings,2025-05-02,60166.95,BR022,RM_081,Savings
ACC_013186,CUST_08399,Savings,2023-02-17,22244.53,BR046,RM_010,Savings
ACC_013187,CUST_09276,Savings,2025-12-02,41513.43,BR024,RM_057,Savings
ACC_013188,CUST_07100,Savings,2026-05-25,2594.45,BR028,RM_026,Savings
ACC_013189,CUST_01642,Savings,2024-11-27,92769.26,BR022,RM_037,Savings
ACC_013190,CUST_04749,Salary,2025-05-16,12349.21,BR020,RM_050,Salary
ACC_013191,CUST_01293,Salary,2025-08-06,22750.15,BR038,RM_011,Salary
ACC_013192,CUST_09109,Savings,2024-11-11,19442.09,BR043,RM_084,Savings
ACC_013193,CUST_05236,Salary,2026-05-27,2790.19,BR021,RM_037,Salary
ACC_013194,CUST_03574,Savings,2025-04-14,28948.76,BR018,RM_038,Savings
ACC_013195,CUST_01662,Savings,2025-02-24,7746.53,BR032,RM_088,Savings
ACC_013196,CUST_07302,Salary,2027-03-31,459540.85,BR014,RM_098,Salary
ACC_013197,CUST_03373,Salary,2024-04-08,12057.13,BR024,RM_088,Salary
ACC_013198,CUST_03501,Savings,2026-03-11,239076.21,BR020,RM_080,Savings
ACC_013199,CUST_02278,Savings,2026-06-18,34379.32,BR020,RM_047,Savings
ACC_013200,CUST_03939,Savings,2026-05-02,59809.48,BR013,RM_063,Savings
ACC_013201,CUST_01099,Savings,2025-07-04,7601.2,BR031,RM_039,Savings
ACC_013202,CUST_03317,Savings,2026-06-13,-4407.45,BR036,RM_045,Savings
ACC_013203,CUST_04871,Salary,2025-11-17,111388.67,BR029,RM_049,Salary
ACC_013204,CUST_02810,Savings,2025-07-12,45582.2,BR031,RM_100,Savings
ACC_013205,CUST_02455,Savings,2026-04-27,13185.26,BR044,RM_016,Savings
ACC_013206,CUST_00133,Savings,2026-06-28,11189.96,BR008,RM_082,Savings
ACC_013207,CUST_08991,Savings,2026-07-25,1901.67,BR005,RM_031,Savings
ACC_013208,CUST_07475,Savings,2024-07-15,4755.72,BR040,RM_063,Savings
ACC_013209,CUST_06765,Salary,2024-04-25,25008.57,BR045,RM_010,Salary
ACC_013210,CUST_02144,Savings,2026-04-09,1288.08,BR006,RM_050,Savings
ACC_013211,CUST_04375,Current,2026-02-10,36235.1,BR040,RM_084,Current
ACC_013212,CUST_07208,Savings,2026-06-04,30520.21,BR041,RM_001,Savings
ACC_013213,CUST_06945,Savings,2026-06-13,2317.91,BR024,RM_050,Savings
ACC_013214,CUST_08664,Savings,2025-10-26,6278.95,BR035,RM_094,Savings
ACC_013215,CUST_02458,Savings,2023-03-09,11353.74,BR001,RM_033,Savings
ACC_013216,CUST_08963,Savings,2025-09-03,95413.9,BR025,RM_039,Savings
ACC_013217,CUST_04964,Savings,2025-01-12,38137.09,BR046,RM_014,Savings
ACC_013218,CUST_00719,Savings,2026-04-12,19435.23,BR021,RM_094,Savings
ACC_013219,CUST_05661,Savings,2023-06-23,36785.34,BR034,RM_087,Savings
ACC_013220,CUST_02827,Savings,2025-12-26,19704.52,BR015,RM_053,Savings
ACC_013221,CUST_06946,Savings,2024-06-06,29715.27,BR035,RM_074,Savings
ACC_013222,CUST_05024,Savings,2024-11-16,46725.5,BR005,RM_043,Savings
ACC_013223,CUST_06244,Savings,2025-09-13,3432.19,BR029,RM_046,Savings
ACC_013224,CUST_00280,Savings,2026-01-13,1713.94,BR030,RM_043,Savings
ACC_013225,CUST_04422,Salary,2023-07-24,143560.49,BR009,RM_014,Salary
ACC_013226,CUST_04721,Current,2025-12-30,98156.32,BR043,RM_011,Current
ACC_013227,CUST_04438,Savings,2024-04-14,55693.44,BR034,RM_077,Savings
ACC_013228,CUST_04918,Current,2023-08-22,1348.84,BR028,RM_044,Current
ACC_013229,CUST_01068,Savings,2025-08-10,19414.57,BR025,RM_042,Savings
ACC_013230,CUST_05961,Savings,2026-08-06,7200.24,BR009,RM_063,Savings
ACC_013231,CUST_06135,Savings,2025-08-08,45839.77,BR033,RM_017,Savings
ACC_013232,CUST_02928,Savings,2026-07-30,20923.21,BR043,RM_063,Savings
ACC_013233,CUST_05568,Savings,2025-11-06,3763.3,BR046,RM_051,Savings
ACC_013234,CUST_08309,Savings,2023-10-23,9820.75,BR041,RM_042,Savings
ACC_013235,CUST_02888,Salary,2025-03-15,3123.71,BR031,RM_057,Salary
ACC_013236,CUST_08693,Savings,2024-06-13,132913.39,BR038,RM_062,Savings
ACC_013237,CUST_03965,Current,2022-06-20,33078.86,BR012,RM_045,Current
ACC_013238,CUST_06326,Savings,2025-04-25,3324.22,BR026,RM_036,Savings
ACC_013239,CUST_08173,Current,2025-02-25,8231.1,BR017,RM_021,Current
ACC_013240,CUST_03084,Savings,2026-05-22,67854.67,BR022,RM_047,Savings
ACC_013241,CUST_07218,Savings,2025-12-29,27516.96,BR034,RM_021,Savings
ACC_013242,CUST_05233,Savings,2024-03-27,32775.41,BR024,RM_078,Savings
ACC_013243,CUST_03080,Savings,2022-07-12,4100.62,BR038,RM_015,Savings
ACC_013244,CUST_03543,Savings,2024-10-05,5425.47,BR050,RM_094,Savings
ACC_013245,CUST_09054,Savings,2025-01-31,28527.18,BR033,RM_076,Savings
ACC_013246,CUST_00702,Savings,2025-12-22,6280.54,BR035,RM_003,Savings
ACC_013247,CUST_08392,Savings,2023-05-19,33916.78,BR007,RM_067,Savings
ACC_013248,CUST_01677,Savings,2022-04-28,1959.5,BR024,RM_050,Savings
ACC_013249,CUST_02911,Salary,2025-06-27,1834927.19,BR022,RM_099,Salary
ACC_013250,CUST_02025,Savings,2025-10-30,241954.51,BR043,RM_028,Savings
ACC_013251,CUST_03478,Current,2025-07-26,62823.71,BR034,RM_069,Current
ACC_013252,CUST_03738,Salary,2024-10-17,3682.67,BR046,RM_018,Salary
ACC_013253,CUST_01203,Savings,2026-08-03,29543.52,BR034,RM_082,Savings
ACC_013254,CUST_05998,Savings,2026-03-31,51681.26,BR029,RM_032,Savings
ACC_013255,CUST_00697,Savings,2024-07-07,13502.59,BR021,RM_070,Savings
ACC_013256,CUST_04241,Savings,2026-08-03,15054.25,BR048,RM_022,Savings
ACC_013257,CUST_07490,Savings,2024-10-01,23807.35,BR019,RM_072,Savings
ACC_013258,CUST_10197,Current,2026-04-20,2296.69,BR009,RM_062,Current
ACC_013259,CUST_05763,Savings,2025-04-01,116874.01,BR014,RM_066,Savings
ACC_013260,CUST_00575,Savings,2025-04-11,12735.7,BR001,RM_031,Savings
ACC_013261,CUST_07397,Savings,2025-05-15,57756.41,BR009,RM_053,Savings
ACC_013262,CUST_07585,Savings,2025-12-29,121244.17,BR008,RM_096,Savings
ACC_013263,CUST_02914,Savings,2022-11-28,42928.33,BR027,RM_047,Savings
ACC_013264,CUST_09472,Savings,2026-07-06,1391967.72,BR047,RM_019,Savings
ACC_013265,CUST_03452,Current,2025-04-05,33989.5,BR040,RM_020,Current
ACC_013266,CUST_09512,Salary,2026-07-22,2265597.57,BR020,RM_031,Salary
ACC_013267,CUST_08918,Savings,2025-10-15,1296.77,BR028,RM_066,Savings
ACC_013268,CUST_02361,Salary,2023-11-02,127768.81,BR024,RM_057,Salary
ACC_013269,CUST_06738,Savings,2026-01-19,7529.92,BR021,RM_038,Savings
ACC_013270,CUST_02483,Salary,2021-08-28,18335.76,BR011,RM_067,Salary
ACC_013271,CUST_05001,Savings,2024-01-02,9229.69,BR032,RM_026,Savings
ACC_013272,CUST_00337,Savings,2026-07-11,52359.44,BR040,RM_051,Savings
ACC_013273,CUST_06824,Savings,2025-10-29,42708.24,BR050,RM_017,Savings
ACC_013274,CUST_07313,Savings,2025-08-04,35008.16,BR047,RM_019,Savings
ACC_013275,CUST_01456,Savings,2024-07-13,13138.54,BR046,RM_048,Savings
ACC_013276,CUST_09084,Salary,2026-06-07,266860.32,BR021,RM_047,Salary
ACC_013277,CUST_06224,Savings,2025-12-28,-4207.36,BR023,RM_002,Savings
ACC_013278,CUST_09000,Savings,2025-10-29,119504.81,BR017,RM_044,Savings
ACC_013279,CUST_01700,Savings,2026-02-16,6818.08,BR035,RM_049,Savings
ACC_013280,CUST_05689,Savings,2025-11-15,14464.28,BR005,RM_100,Savings
ACC_013281,CUST_03496,Savings,2025-09-05,9849.19,BR028,RM_076,Savings
ACC_013282,CUST_07709,Savings,2026-07-28,109248.3,BR030,RM_034,Savings
ACC_013283,CUST_06147,Savings,2025-06-19,4306.82,BR017,RM_018,Savings
ACC_013284,CUST_04738,Savings,2025-11-19,2159.6,BR020,RM_059,Savings
ACC_013285,CUST_02561,Savings,2026-08-05,1603.13,BR050,RM_009,Savings
ACC_013286,CUST_02001,Savings,2026-06-09,240015.56,BR030,RM_085,Savings
ACC_013287,CUST_07912,Savings,2023-02-19,18192.52,BR003,RM_069,Savings
ACC_013288,CUST_05260,Savings,2024-07-14,3753.4,BR027,RM_021,Savings
ACC_013289,CUST_09394,Savings,2026-02-26,7509.79,BR005,RM_053,Savings
ACC_013290,CUST_00979,Savings,2025-10-19,2390.25,BR041,RM_062,Savings
ACC_013291,CUST_08518,Salary,2025-01-04,1146.44,BR038,RM_064,Salary
ACC_013292,CUST_02878,Current,2026-05-01,23035.89,BR046,RM_070,Current
ACC_013293,CUST_02138,Savings,2024-12-27,12733.5,BR006,RM_076,Savings
ACC_013294,CUST_02083,Salary,2022-12-29,10677.47,BR019,RM_074,Salary
ACC_013295,CUST_00445,Savings,2027-05-02,33993.24,BR032,RM_011,Savings
ACC_013296,CUST_01811,Savings,2025-08-11,3766.11,BR012,RM_059,Savings
ACC_013297,CUST_10199,Salary,2024-04-28,76004.87,BR039,RM_066,Salary
ACC_013298,CUST_09352,Savings,2024-06-21,10637.39,BR044,RM_001,Savings
ACC_013299,CUST_08142,Savings,2026-08-07,5412.87,BR020,RM_052,Savings
ACC_013300,CUST_04124,Salary,2024-07-31,272875.75,BR039,RM_053,Salary
ACC_013301,CUST_04013,Savings,2023-03-22,2090.21,BR011,RM_064,Savings
ACC_013302,CUST_03840,Salary,2026-07-20,8990.36,BR006,RM_070,Salary
ACC_013303,CUST_09117,Savings,2026-07-30,499643.87,BR001,RM_034,Savings
ACC_013304,CUST_06767,Salary,2025-12-03,10857.07,BR044,RM_081,Salary
ACC_013305,CUST_08097,Savings,2026-11-23,6123.77,BR050,RM_025,Savings
ACC_013306,CUST_04958,Savings,2024-04-30,116669.54,BR012,RM_096,Savings
ACC_013307,CUST_03920,Savings,2024-07-26,1596.3,BR007,RM_093,Savings
ACC_013308,CUST_09675,Current,2023-04-01,1507.9,BR022,RM_099,Current
ACC_013309,CUST_07517,Savings,2026-04-25,505764.19,BR002,RM_088,Savings
ACC_013310,CUST_05290,Savings,2022-02-10,2558.87,BR047,RM_056,Savings
ACC_013311,CUST_03266,Savings,2022-10-11,46118.25,BR008,RM_061,Savings
ACC_013312,CUST_05977,Savings,2024-05-26,69151.01,BR021,RM_023,Savings
ACC_013313,CUST_06810,Salary,2025-08-12,8710.17,BR030,RM_016,Salary
ACC_013314,CUST_02032,Savings,2023-06-22,23937.41,BR042,RM_088,Savings
ACC_013315,CUST_02851,Savings,2024-09-06,41193.77,BR042,RM_057,Savings
ACC_013316,CUST_09702,Savings,2025-06-29,11196.09,BR044,RM_050,Savings
ACC_013317,CUST_00707,Savings,2025-06-14,17802.67,BR041,RM_087,Savings
ACC_013318,CUST_04536,Savings,2023-01-29,1576.07,BR032,RM_094,Savings
ACC_013319,CUST_06665,Savings,2026-06-13,6214.63,BR009,RM_022,Savings
ACC_013320,CUST_01010,Savings,2021-10-22,8671.21,BR046,RM_064,Savings
ACC_013321,CUST_01740,Current,2025-04-05,849.21,BR030,RM_016,Current
ACC_013322,CUST_05593,Savings,2024-07-31,3899.04,BR024,RM_056,Savings
ACC_013323,CUST_05749,Savings,2023-01-16,77764.19,BR039,RM_087,Savings
ACC_013324,CUST_03198,Savings,2026-07-01,8063.97,BR022,RM_009,Savings
ACC_013325,CUST_05949,Savings,2024-10-29,2161.74,BR026,RM_092,Savings
ACC_013326,CUST_05296,Savings,2025-02-17,35459.73,BR006,RM_004,Savings
ACC_013327,CUST_00155,Current,2024-04-10,85950.04,BR011,RM_031,Current
ACC_013328,CUST_00031,Salary,2026-07-06,5472.01,BR007,RM_044,Salary
ACC_013329,CUST_09124,Current,2026-04-01,3407.95,BR021,RM_065,Current
ACC_013330,CUST_01084,Savings,2024-01-15,52501.81,BR045,RM_004,Savings
ACC_013331,CUST_01841,Savings,2026-05-31,1588.26,BR017,RM_018,Savings
ACC_013332,CUST_00750,Salary,2025-03-22,29181.9,BR018,RM_073,Salary
ACC_013333,CUST_01038,Savings,2025-02-20,14982.54,BR028,RM_037,Savings
ACC_013334,CUST_07553,Savings,2026-04-26,7415.87,BR003,RM_002,Savings
ACC_013335,CUST_04766,Savings,2026-07-28,1012.18,BR027,RM_048,Savings
ACC_013336,CUST_01300,Savings,2026-04-10,7344.76,BR013,RM_023,Savings
ACC_013337,CUST_09339,Salary,2025-11-13,45010.18,BR039,RM_028,Salary
ACC_013338,CUST_02427,Savings,2024-06-11,172717.81,BR026,RM_091,Savings
ACC_013339,CUST_03361,Savings,2026-08-11,16594.67,BR049,RM_014,Savings
ACC_013340,CUST_02255,Savings,2024-10-23,43574.92,BR035,RM_084,Savings
ACC_013341,CUST_03258,Savings,2024-11-21,79841.77,BR003,RM_016,Savings
ACC_013342,CUST_09304,Current,2025-04-18,9555.65,BR025,RM_043,Current
ACC_013343,CUST_07691,Salary,2023-12-15,1383.36,BR010,RM_018,Salary
ACC_013344,CUST_09405,Savings,2026-04-14,33973.48,BR014,RM_054,Savings
ACC_013345,CUST_08823,Savings,2026-08-01,20473.17,BR040,RM_036,Savings
ACC_013346,CUST_00777,Savings,2025-04-07,1973.39,BR045,RM_047,Savings
ACC_013347,CUST_07722,Current,2026-02-15,16730.06,BR050,RM_042,Current
ACC_013348,CUST_07904,Savings,2025-04-25,-3184.8,BR005,RM_091,Savings
ACC_013349,CUST_01796,Savings,2025-05-28,20519.44,BR007,RM_037,Savings
ACC_013350,CUST_02541,Savings,2023-11-12,898.75,BR050,RM_044,Savings
ACC_013351,CUST_08941,Savings,2026-08-02,20324.64,BR045,RM_027,Savings
ACC_013352,CUST_00121,Savings,2026-07-06,12092.67,BR028,RM_025,Savings
ACC_013353,CUST_02738,Savings,2024-03-15,18847.39,BR050,RM_050,Savings
ACC_013354,CUST_00560,Savings,2025-05-29,491.56,BR020,RM_031,Savings
ACC_013355,CUST_09579,Salary,2026-03-28,58278.36,BR026,RM_056,Salary
ACC_013356,CUST_06657,Salary,2026-01-19,20484.37,BR041,RM_085,Salary
ACC_013357,CUST_05828,Savings,2022-02-13,23380.92,BR035,RM_083,Savings
ACC_013358,CUST_04218,Current,2021-12-20,43107.99,BR025,RM_008,Current
ACC_013359,CUST_03106,Savings,2025-03-17,80726.71,BR020,RM_048,Savings
ACC_013360,CUST_07647,Current,2024-08-25,190039.54,BR036,RM_098,Current
ACC_013361,CUST_04408,Current,2025-02-24,27047.78,BR034,RM_064,Current
ACC_013362,CUST_09956,Savings,2026-07-28,4066.33,BR010,RM_012,Savings
ACC_013363,CUST_07249,Savings,2023-03-02,5400.65,BR015,RM_055,Savings
ACC_013364,CUST_05493,Current,2025-10-24,508.79,BR046,RM_055,Current
ACC_013365,CUST_04437,Savings,2025-07-27,62556.12,BR042,RM_021,Savings
ACC_013366,CUST_01361,Savings,2025-12-31,60213.9,BR007,RM_017,Savings
ACC_013367,CUST_01036,Salary,2024-06-15,83016.64,BR032,RM_014,Salary
ACC_013368,CUST_03795,Savings,2026-04-10,2935.74,BR005,RM_040,Savings
ACC_013369,CUST_01864,Savings,2024-07-18,28146.42,BR009,RM_036,Savings
ACC_013370,CUST_02853,Current,2025-05-19,26973.82,BR001,RM_083,Current
ACC_013371,CUST_03410,Current,2025-04-21,88737.17,BR032,RM_034,Current
ACC_013372,CUST_07520,Current,2023-06-24,22812.88,BR031,RM_072,Current
ACC_013373,CUST_04436,Savings,2023-12-10,222340.7,BR038,RM_053,Savings
ACC_013374,CUST_09574,Savings,2026-07-08,6559.44,BR033,RM_080,Savings
ACC_013375,CUST_01365,Current,2023-01-01,2328.31,BR042,RM_035,Current
ACC_013376,CUST_00787,Savings,2023-04-11,32694.35,BR024,RM_048,Savings
ACC_013377,CUST_07552,Savings,2025-03-18,103088.84,BR008,RM_080,Savings
ACC_013378,CUST_00244,Savings,2023-07-17,38528.94,BR017,RM_052,Savings
ACC_013379,CUST_01595,Current,2025-06-13,7794.51,BR005,RM_073,Current
ACC_013380,CUST_00908,Savings,2025-08-21,4036.84,BR050,RM_014,Savings
ACC_013381,CUST_03182,Savings,2026-08-14,29336.5,BR048,RM_001,Savings
ACC_013382,CUST_10112,Savings,2026-03-24,12783.92,BR010,RM_007,Savings
ACC_013383,CUST_09144,Current,2025-03-07,1480293.09,BR005,RM_042,Current
ACC_013384,CUST_04831,Current,2026-01-18,7528.35,BR014,RM_070,Current
ACC_013385,CUST_04250,Savings,2025-02-04,3887.21,BR012,RM_065,Savings
ACC_013386,CUST_07036,Savings,2026-03-08,22697.22,BR018,RM_070,Savings
ACC_013387,CUST_01669,Savings,2025-07-31,7893.28,BR010,RM_085,Savings
ACC_013388,CUST_08194,Savings,2025-03-20,11043.6,BR030,RM_003,Savings
ACC_013389,CUST_00802,Savings,2026-02-14,16217.29,BR026,RM_021,Savings
ACC_013390,CUST_01628,Current,2024-02-17,133000.59,BR005,RM_066,Current
ACC_013391,CUST_00576,Savings,2022-10-18,83338.83,BR025,RM_086,Savings
ACC_013392,CUST_02327,Savings,2024-01-21,732.11,BR024,RM_096,Savings
ACC_013393,CUST_05698,Savings,2024-12-16,90314.37,BR009,RM_092,Savings
ACC_013394,CUST_09968,Current,2025-01-05,153869.07,BR021,RM_070,Current
ACC_013395,CUST_00808,Savings,2025-04-03,9812.14,BR030,RM_076,Savings
ACC_013396,CUST_06838,Savings,2025-11-05,217415.33,BR030,RM_063,Savings
ACC_013397,CUST_08189,Current,2024-03-03,3049.0,BR006,RM_082,Current
ACC_013398,CUST_05966,Current,2024-09-25,6690.88,BR022,RM_021,Current
ACC_013399,CUST_00197,Savings,2026-04-03,5784.85,BR012,RM_041,Savings
ACC_013400,CUST_09537,Savings,2026-06-26,15143.09,BR033,RM_067,Savings
ACC_013401,CUST_00660,Salary,2025-12-19,1089.55,BR002,RM_022,Salary
ACC_013402,CUST_07641,Savings,2026-05-02,45720.05,BR015,RM_033,Savings
ACC_013403,CUST_01030,Salary,2025-06-23,74841.75,BR035,RM_005,Salary
ACC_013404,CUST_08867,Savings,2023-02-23,37961.86,BR016,RM_023,Savings
ACC_013405,CUST_04680,Savings,2024-08-20,21756.83,BR026,RM_013,Savings
ACC_013406,CUST_08308,Savings,2023-08-02,21429.54,BR004,RM_094,Savings
ACC_013407,CUST_09696,Savings,2024-11-02,221855.37,BR019,RM_016,Savings
ACC_013408,CUST_01014,Savings,2025-12-30,1070.81,BR005,RM_056,Savings
ACC_013409,CUST_08946,Savings,2024-10-30,1600.04,BR028,RM_075,Savings
ACC_013410,CUST_05735,Current,2024-08-29,411313.81,BR037,RM_010,Current
ACC_013411,CUST_03808,Current,2026-01-13,44175.54,BR023,RM_026,Current
ACC_013412,CUST_00110,Savings,2023-05-24,25423.14,BR046,RM_087,Savings
ACC_013413,CUST_09707,Savings,2026-07-07,18259.81,BR011,RM_050,Savings
ACC_013414,CUST_02609,Savings,2025-08-05,2204.35,BR042,RM_068,Savings
ACC_013415,CUST_08816,Savings,2025-06-05,324475.52,BR046,RM_063,Savings
ACC_013416,CUST_00776,Savings,2025-03-05,19113.77,BR016,RM_048,Savings
ACC_013417,CUST_07563,Savings,2022-10-25,3236.65,BR044,RM_042,Savings
ACC_013418,CUST_08376,Savings,2024-11-28,243514.26,BR042,RM_028,Savings
ACC_013419,CUST_00292,Savings,2025-11-03,9687.15,BR031,RM_072,Savings
ACC_013420,CUST_08609,Salary,2025-11-27,23444.12,BR010,RM_054,Salary
ACC_013421,CUST_05874,Current,2024-06-27,18938.22,BR047,RM_097,Current
ACC_013422,CUST_01766,Savings,2026-05-12,7219.48,BR037,RM_066,Savings
ACC_013423,CUST_00473,Current,2024-11-07,11510.79,BR001,RM_039,Current
ACC_013424,CUST_04520,Savings,2026-06-30,10338.45,BR038,RM_074,Savings
ACC_013425,CUST_08296,Savings,2024-06-10,19025.1,BR039,RM_055,Savings
ACC_013426,CUST_07293,Savings,2025-06-21,33744.02,BR019,RM_040,Savings
ACC_013427,CUST_00092,Current,2026-04-06,35045.04,BR009,RM_066,Current
ACC_013428,CUST_00104,Savings,2023-05-14,171277.92,BR018,RM_049,Savings
ACC_013429,CUST_02210,Savings,2021-12-21,7094.53,BR040,RM_096,Savings
ACC_013430,CUST_04614,Savings,2025-06-18,13473.74,BR040,RM_064,Savings
ACC_013431,CUST_06926,Salary,2025-11-18,103053.53,BR022,RM_025,Salary
ACC_013432,CUST_00831,Salary,2021-11-19,5069.86,BR018,RM_059,Salary
ACC_013433,CUST_05286,Savings,2024-12-18,62157.94,BR021,RM_008,Savings
ACC_013434,CUST_04121,Savings,2023-04-21,8544.16,BR028,RM_005,Savings
ACC_013435,CUST_00003,Savings,2025-10-31,16763.24,BR048,RM_011,Savings
ACC_013436,CUST_05674,Savings,2025-07-24,455598.07,BR030,RM_045,Savings
ACC_013437,CUST_05831,Salary,2023-01-01,-687.05,BR030,RM_084,Salary
ACC_013438,CUST_05167,Savings,2024-10-02,6944.36,BR040,RM_065,Savings
ACC_013439,CUST_02108,Savings,2025-01-26,10986.24,BR035,RM_078,Savings
ACC_013440,CUST_06244,Savings,2026-05-25,13645.27,BR017,RM_028,Savings
ACC_013441,CUST_07687,Savings,2024-12-08,47818.25,BR027,RM_017,Savings
ACC_013442,CUST_00849,Salary,2026-01-22,31957.39,BR050,RM_046,Salary
ACC_013443,CUST_01907,Salary,2024-11-07,32197.3,BR011,RM_039,Salary
ACC_013444,CUST_05395,Savings,2024-04-02,10625.07,BR048,RM_047,Savings
ACC_013445,CUST_01100,Savings,2026-03-10,2281.31,BR035,RM_068,Savings
ACC_013446,CUST_08313,Savings,2026-09-09,962.77,BR007,RM_031,Savings
ACC_013447,CUST_07006,Salary,2025-08-05,14763.83,BR002,RM_031,Salary
ACC_013448,CUST_08019,Current,2025-10-22,30228.8,BR049,RM_092,Current
ACC_013449,CUST_02236,Savings,2026-01-15,16245.95,BR035,RM_013,Savings
ACC_013450,CUST_05998,Savings,2026-06-06,7094.08,BR001,RM_064,Savings
ACC_013451,CUST_03595,Savings,2025-01-07,1378.85,BR025,RM_027,Savings
ACC_013452,CUST_06674,Savings,2025-10-21,2353.0,BR038,RM_005,Savings
ACC_013453,CUST_07782,Savings,2024-08-01,2499.66,BR012,RM_033,Savings
ACC_013454,CUST_03299,Savings,2023-12-23,533153.05,BR048,RM_064,Savings
ACC_013455,CUST_09082,Current,2025-08-20,73069.5,BR032,RM_090,Current
ACC_013456,CUST_07311,Savings,2026-04-04,128197.4,BR006,RM_007,Savings
ACC_013457,CUST_04436,Current,2022-07-10,1737511.14,BR037,RM_061,Current
ACC_013458,CUST_09358,Savings,2026-02-23,80632.5,BR017,RM_080,Savings
ACC_013459,CUST_03084,Savings,2026-03-10,394171.02,BR001,RM_049,Savings
ACC_013460,CUST_03563,Current,2026-07-14,27193.63,BR008,RM_026,Current
ACC_013461,CUST_04659,Current,2022-07-20,5102.8,BR035,RM_078,Current
ACC_013462,CUST_09786,Savings,2024-07-17,8387.79,BR009,RM_065,Savings
ACC_013463,CUST_08477,Savings,2026-08-07,2944.35,BR010,RM_060,Savings
ACC_013464,CUST_05957,Savings,2024-10-23,155492.82,BR046,RM_010,Savings
ACC_013465,CUST_08101,Current,2026-01-12,15035.26,BR008,RM_009,Current
ACC_013466,CUST_07132,Savings,2025-02-18,36519.09,BR035,RM_073,Savings
ACC_013467,CUST_07868,Savings,2024-11-12,1182234.6,BR037,RM_031,Savings
ACC_013468,CUST_01024,Salary,2022-10-20,4712.76,BR024,RM_046,Salary
ACC_013469,CUST_05545,Current,2025-10-29,27774.3,BR022,RM_096,Current
ACC_013470,CUST_00983,Savings,2026-03-18,2521.75,BR049,RM_075,Savings
ACC_013471,CUST_00130,Savings,2026-06-25,45576.54,BR024,RM_013,Savings
ACC_013472,CUST_09381,Savings,2026-06-18,1970.72,BR022,RM_044,Savings
ACC_013473,CUST_02137,Salary,2026-03-13,5569.32,BR014,RM_091,Salary
ACC_013474,CUST_05017,Savings,2026-01-12,7225.08,BR040,RM_097,Savings
ACC_013475,CUST_04008,Salary,2026-01-03,2359.9,BR004,RM_085,Salary
ACC_013476,CUST_02254,Savings,2026-07-22,16026.87,BR028,RM_017,Savings
ACC_013477,CUST_07449,Savings,2021-09-26,1943.04,BR017,RM_045,Savings
ACC_013478,CUST_07349,Savings,2025-01-19,601.42,BR017,RM_096,Savings
ACC_013479,CUST_02145,Savings,2025-01-10,32612.31,BR049,RM_070,Savings
ACC_013480,CUST_05530,Savings,2023-12-21,2381.43,BR013,RM_075,Savings
ACC_013481,CUST_09123,Savings,2026-02-23,11250.93,BR049,RM_098,Savings
ACC_013482,CUST_05988,Savings,2024-02-29,2536.87,BR018,RM_025,Savings
ACC_013483,CUST_06854,Savings,2023-08-20,75961.97,BR048,RM_049,Savings
ACC_013484,CUST_03167,Current,2026-01-26,6149.82,BR012,RM_047,Current
ACC_013485,CUST_03064,Savings,2023-10-06,21079.84,BR048,RM_005,Savings
ACC_013486,CUST_00756,Current,2023-11-06,17238.23,BR029,RM_023,Current
ACC_013487,CUST_03523,Savings,2025-10-12,4850.39,BR015,RM_059,Savings
ACC_013488,CUST_01408,Savings,2026-07-17,3281.04,BR041,RM_061,Savings
ACC_013489,CUST_09645,Savings,2025-04-24,28448.53,BR049,RM_040,Savings
ACC_013490,CUST_09168,Salary,2026-01-05,8890.8,BR029,RM_025,Salary
ACC_013491,CUST_06993,Savings,2025-08-29,1707.36,BR001,RM_041,Savings
ACC_013492,CUST_04365,Savings,2023-08-19,21669.93,BR032,RM_098,Savings
ACC_013493,CUST_07061,Savings,2024-06-17,23515.07,BR001,RM_051,Savings
ACC_013494,CUST_08390,Savings,2024-10-30,201523.52,BR032,RM_067,Savings
ACC_013495,CUST_08347,Savings,2025-01-25,229310.65,BR011,RM_020,Savings
ACC_013496,CUST_05735,Savings,2024-03-28,251342.3,BR028,RM_055,Savings
ACC_013497,CUST_06373,Savings,2023-10-19,10648.35,BR012,RM_027,Savings
ACC_013498,CUST_00301,Savings,2024-02-28,315916.87,BR035,RM_074,Savings
ACC_013499,CUST_02045,Savings,2026-04-06,66587.97,BR039,RM_071,Savings
ACC_013500,CUST_08402,Salary,2025-08-01,36519.64,BR048,RM_064,Salary
ACC_013501,CUST_05180,Savings,2022-08-04,22537.75,BR026,RM_043,Savings
ACC_013502,CUST_04429,Savings,2025-08-03,63014.94,BR028,RM_072,Savings
ACC_013503,CUST_10155,Savings,2024-09-04,18303.02,BR028,RM_085,Savings
ACC_013504,CUST_01050,Savings,2026-04-29,45506.54,BR003,RM_025,Savings
ACC_013505,CUST_05147,Savings,2024-02-19,2155.58,BR029,RM_006,Savings
ACC_013506,CUST_08384,Savings,2026-01-02,14904.76,BR016,RM_075,Savings
ACC_013507,CUST_00289,Savings,2022-01-22,14873.49,BR038,RM_092,Savings
ACC_013508,CUST_08228,Savings,2025-11-15,42789.24,BR006,RM_034,Savings
ACC_013509,CUST_09939,Savings,2026-01-17,24173.99,BR036,RM_051,Savings
ACC_013510,CUST_05569,Current,2024-07-13,53706.56,BR035,RM_027,Current
ACC_013511,CUST_06449,Savings,2026-05-21,8426.0,BR012,RM_057,Savings
ACC_013512,CUST_09021,Savings,2025-09-10,80504.4,BR005,RM_015,Savings
ACC_013513,CUST_09949,Savings,2025-11-12,16615.23,BR008,RM_001,Savings
ACC_013514,CUST_02433,Current,2026-03-19,2215.34,BR044,RM_041,Current
ACC_013515,CUST_06171,Savings,2026-04-01,9677.56,BR044,RM_080,Savings
ACC_013516,CUST_07721,Savings,2025-08-26,162300.52,BR016,RM_019,Savings
ACC_013517,CUST_07275,Savings,2025-05-23,23578.15,BR044,RM_012,Savings
ACC_013518,CUST_02091,Savings,2023-06-19,196077.98,BR040,RM_054,Savings
ACC_013519,CUST_02280,Savings,2026-08-12,7417.12,BR037,RM_095,Savings
ACC_013520,CUST_04710,Savings,2023-11-28,4816.68,BR001,RM_080,Savings
ACC_013521,CUST_09529,Salary,2025-12-25,158770.78,BR014,RM_054,Salary
ACC_013522,CUST_06421,Salary,2022-01-10,26800.01,BR017,RM_023,Salary
ACC_013523,CUST_04854,Current,2026-03-11,1490.0,BR018,RM_041,Current
ACC_013524,CUST_08870,Savings,2023-09-14,34398.87,BR042,RM_066,Savings
ACC_013525,CUST_06975,Current,2026-01-06,2757.89,BR039,RM_069,Current
ACC_013526,CUST_09036,Savings,2026-05-31,304193.59,BR048,RM_001,Savings
ACC_013527,CUST_03331,Savings,2024-06-30,2032.89,BR036,RM_043,Savings
ACC_013528,CUST_02474,Savings,2022-08-25,20315.67,BR006,RM_077,Savings
ACC_013529,CUST_04028,Salary,2025-11-03,20578.05,BR037,RM_017,Salary
ACC_013530,CUST_06440,Savings,2026-04-17,78529.3,BR034,RM_016,Savings
ACC_013531,CUST_05715,Savings,2025-08-07,40240.78,BR018,RM_098,Savings
ACC_013532,CUST_05298,Current,2026-07-27,73613.72,BR003,RM_055,Current
ACC_013533,CUST_08852,Savings,2023-12-03,9508.09,BR048,RM_045,Savings
ACC_013534,CUST_00547,Savings,2026-01-16,62648.72,BR002,RM_090,Savings
ACC_013535,CUST_09706,Salary,2026-05-03,140953.34,BR044,RM_031,Salary
ACC_013536,CUST_06736,Savings,2022-09-29,431526.62,BR012,RM_064,Savings
ACC_013537,CUST_03944,Savings,2025-11-15,9419.87,BR015,RM_012,Savings
ACC_013538,CUST_06394,Salary,2025-08-22,61421.68,BR022,RM_050,Salary
ACC_013539,CUST_03922,Savings,2025-03-26,2506.64,BR015,RM_035,Savings
ACC_013540,CUST_00617,Savings,2023-01-19,12199.3,BR012,RM_075,Savings
ACC_013541,CUST_01669,Current,2025-11-01,3080.14,BR004,RM_039,Current
ACC_013542,CUST_00377,Savings,2023-11-20,25641.04,BR022,RM_013,Savings
ACC_013543,CUST_05224,Salary,2022-12-13,10815.38,BR007,RM_062,Salary
ACC_013544,CUST_04613,Savings,2026-06-13,2003.51,BR010,RM_083,Savings
ACC_013545,CUST_05937,Savings,2024-01-14,6045.89,BR042,RM_038,Savings
ACC_013546,CUST_02465,Savings,2026-05-10,46712.51,BR009,RM_058,Savings
ACC_013547,CUST_03448,Salary,2025-06-09,33415.77,BR030,RM_037,Salary
ACC_013548,CUST_06763,Savings,2022-09-21,85775.53,BR021,RM_092,Savings
ACC_013549,CUST_03065,Savings,2026-04-01,3284.13,BR013,RM_028,Savings
ACC_013550,CUST_00448,Current,2025-02-24,41920.71,BR037,RM_095,Current
ACC_013551,CUST_08839,Current,2026-02-25,7619.44,BR010,RM_089,Current
ACC_013552,CUST_01368,Salary,2025-12-01,73832.2,BR037,RM_087,Salary
ACC_013553,CUST_00699,Salary,2026-05-25,3618.55,BR005,RM_037,Salary
ACC_013554,CUST_02395,Savings,2024-03-20,6358.38,BR042,RM_021,Savings
ACC_013555,CUST_07259,Savings,2025-06-15,1222.56,BR043,RM_071,Savings
ACC_013556,CUST_10168,Savings,2021-04-16,21708.03,BR029,RM_060,Savings
ACC_013557,CUST_02336,Savings,2026-06-26,2059.12,BR024,RM_033,Savings
ACC_013558,CUST_06591,Salary,2024-12-29,17913.11,BR023,RM_058,Salary
ACC_013559,CUST_03474,Current,2025-04-29,16734.25,BR009,RM_098,Current
ACC_013560,CUST_02762,Current,2026-03-01,4977.4,BR030,RM_039,Current
ACC_013561,CUST_09993,Savings,2026-01-03,4561752.27,BR019,RM_093,Savings
ACC_013562,CUST_04802,Salary,2024-04-09,9074.94,BR038,RM_072,Salary
ACC_013563,CUST_00406,Savings,2024-12-16,42883.83,BR041,RM_052,Savings
ACC_013564,CUST_03172,Savings,2025-06-11,2385.68,BR045,RM_022,Savings
ACC_013565,CUST_09980,Savings,2026-05-19,12211.74,BR028,RM_080,Savings
ACC_013566,CUST_08442,Savings,2026-02-07,4711.99,BR003,RM_037,Savings
ACC_013567,CUST_09092,Current,2025-01-04,17040.57,BR023,RM_033,Current
ACC_013568,CUST_06785,Savings,2024-06-08,90906.73,BR042,RM_045,Savings
ACC_013569,CUST_07359,Salary,2023-08-17,40331.38,BR039,RM_083,Salary
ACC_013570,CUST_07103,Savings,2025-08-06,9482.17,BR026,RM_026,Savings
ACC_013571,CUST_00121,Savings,2023-02-12,48135.35,BR033,RM_010,Savings
ACC_013572,CUST_08670,Savings,2024-03-20,6224.06,BR013,RM_015,Savings
ACC_013573,CUST_00862,Savings,2025-02-16,3677.71,BR032,RM_028,Savings
ACC_013574,CUST_09304,Savings,2026-03-15,302246.39,BR004,RM_055,Savings
ACC_013575,CUST_05362,Salary,2025-06-12,26870.84,BR007,RM_027,Salary
ACC_013576,CUST_03139,Current,2025-09-16,2037.51,BR040,RM_011,Current
ACC_013577,CUST_00451,Salary,2023-08-18,13781.72,BR025,RM_086,Salary
ACC_013578,CUST_00976,Savings,2025-03-26,2913.73,BR037,RM_100,Savings
ACC_013579,CUST_05959,Savings,2026-02-24,115520.11,BR020,RM_096,Savings
ACC_013580,CUST_03040,Savings,2025-05-13,6400.81,BR034,RM_075,Savings
ACC_013581,CUST_03771,Savings,2025-07-01,129681.34,BR045,RM_007,Savings
ACC_013582,CUST_07529,Salary,2023-06-19,8320.84,BR011,RM_010,Salary
ACC_013583,CUST_05253,Current,2025-06-08,13163.81,BR011,RM_019,Current
ACC_013584,CUST_03507,Current,2023-09-04,82671.2,BR033,RM_036,Current
ACC_013585,CUST_09264,Salary,2026-03-17,21758.12,BR037,RM_083,Salary
ACC_013586,CUST_00604,Savings,2026-03-15,8030.61,BR045,RM_063,Savings
ACC_013587,CUST_05596,Savings,2024-03-10,2850.92,BR016,RM_100,Savings
ACC_013588,CUST_06009,Savings,2024-05-21,4695.61,BR004,RM_012,Savings
ACC_013589,CUST_03571,Savings,2025-03-09,34992.05,BR041,RM_100,Savings
ACC_013590,CUST_07589,Savings,2025-02-12,6876.64,BR014,RM_025,Savings
ACC_013591,CUST_06123,Savings,2024-09-13,10375.45,BR038,RM_029,Savings
ACC_013592,CUST_09693,Salary,2025-10-27,46779.4,BR031,RM_011,Salary
ACC_013593,CUST_03802,Savings,2025-10-25,7055.8,BR038,RM_098,Savings
ACC_013594,CUST_01405,Savings,2026-07-02,293600.55,BR049,RM_051,Savings
ACC_013595,CUST_04172,Current,2026-01-19,1316.36,BR004,RM_042,Current
ACC_013596,CUST_01681,Current,2026-05-13,265359.78,BR026,RM_075,Current
ACC_013597,CUST_03783,Savings,2025-10-07,99053.15,BR046,RM_057,Savings
ACC_013598,CUST_03646,Savings,2026-01-16,7908.89,BR028,RM_006,Savings
ACC_013599,CUST_09800,Salary,2023-03-28,29245.85,BR047,RM_055,Salary
ACC_013600,CUST_06409,Savings,2026-05-25,8784.33,BR039,RM_039,Savings
ACC_013601,CUST_02531,Savings,2025-06-26,6388.84,BR017,RM_056,Savings
ACC_013602,CUST_00862,Savings,2025-08-09,9915.9,BR008,RM_099,Savings
ACC_013603,CUST_02412,Savings,2025-11-15,6502.87,BR037,RM_077,Savings
ACC_013604,CUST_05136,Current,2024-12-21,3961.28,BR039,RM_072,Current
ACC_013605,CUST_03783,Savings,2025-04-25,79686.25,BR008,RM_019,Savings
ACC_013606,CUST_04447,Savings,2024-12-01,673957.4,BR046,RM_023,Savings
ACC_013607,CUST_04506,Savings,2026-08-02,1956.95,BR005,RM_036,Savings
ACC_013608,CUST_05800,Savings,2023-07-28,50395.77,BR049,RM_072,Savings
ACC_013609,CUST_01294,Current,2023-11-02,8486.4,BR007,RM_019,Current
ACC_013610,CUST_09064,Savings,2026-07-26,-4996.11,BR015,RM_060,Savings
ACC_013611,CUST_05429,Salary,2025-10-15,338648.63,BR006,RM_007,Salary
ACC_013612,CUST_08061,Savings,2025-02-16,13202.88,BR008,RM_042,Savings
ACC_013613,CUST_00450,Savings,2024-01-23,13153.15,BR038,RM_003,Savings
ACC_013614,CUST_05015,Savings,2025-10-17,42652.3,BR003,RM_083,Savings
ACC_013615,CUST_07966,Savings,2024-11-08,14734.43,BR025,RM_085,Savings
ACC_013616,CUST_05353,Current,2025-07-29,1047.61,BR012,RM_009,Current
ACC_013617,CUST_06906,Savings,2026-06-16,30664.36,BR005,RM_009,Savings
ACC_013618,CUST_01545,Savings,2023-02-15,56269.63,BR036,RM_007,Savings
ACC_013619,CUST_00490,Savings,2024-09-23,67919.45,BR045,RM_029,Savings
ACC_013620,CUST_08770,Savings,2026-05-06,198468.46,BR047,RM_069,Savings
ACC_013621,CUST_06177,Savings,2026-03-02,11939.08,BR024,RM_020,Savings
ACC_013622,CUST_05487,Savings,2021-09-07,55645.5,BR006,RM_023,Savings
ACC_013623,CUST_01090,Salary,2026-02-27,29231.29,BR028,RM_005,Salary
ACC_013624,CUST_08872,Savings,2022-12-07,1517.48,BR045,RM_098,Savings
ACC_013625,CUST_00242,Savings,2026-05-01,8865.79,BR013,RM_044,Savings
ACC_013626,CUST_05857,Savings,2025-03-30,13493.28,BR047,RM_026,Savings
ACC_013627,CUST_01899,Savings,2022-04-06,12862.42,BR030,RM_044,Savings
ACC_013628,CUST_08299,Savings,2025-06-02,7400.6,BR028,RM_077,Savings
ACC_013629,CUST_04942,Savings,2025-09-22,126287.24,BR012,RM_068,Savings
ACC_013630,CUST_01654,Savings,2026-04-12,22820.13,BR020,RM_043,Savings
ACC_013631,CUST_05415,Savings,2026-08-09,30760.46,BR026,RM_011,Savings
ACC_013632,CUST_06508,Savings,2024-04-02,2278.77,BR021,RM_064,Savings
ACC_013633,CUST_04293,Savings,2025-11-04,4973.43,BR020,RM_040,Savings
ACC_013634,CUST_08760,Savings,2025-02-08,329017.31,BR013,RM_017,Savings
ACC_013635,CUST_00002,Savings,2026-03-13,1723.05,BR033,RM_067,Savings
ACC_013636,CUST_08771,Savings,2026-05-06,1670.49,BR029,RM_022,Savings
ACC_013637,CUST_01856,Savings,2024-12-03,11361.05,BR002,RM_074,Savings
ACC_013638,CUST_08102,Savings,2026-08-19,92036.94,BR008,RM_058,Savings
ACC_013639,CUST_01711,Savings,2024-12-15,21844.42,BR044,RM_092,Savings
ACC_013640,CUST_09446,Current,2022-08-16,2999.89,BR010,RM_097,Current
ACC_013641,CUST_07332,Savings,2023-07-27,356263.6,BR036,RM_086,Savings
ACC_013642,CUST_02467,Savings,2025-07-09,118454.9,BR031,RM_029,Savings
ACC_013643,CUST_09713,Savings,2026-06-12,15814.98,BR035,RM_001,Savings
ACC_013644,CUST_00964,Savings,2024-02-07,15111.0,BR040,RM_089,Savings
ACC_013645,CUST_06543,Savings,2026-05-09,20974.59,BR010,RM_093,Savings
ACC_013646,CUST_09150,Savings,2026-06-08,45741.28,BR035,RM_092,Savings
ACC_013647,CUST_00003,Savings,2026-02-04,51954.59,BR047,RM_100,Savings
ACC_013648,CUST_06654,Current,2026-06-26,378621.87,BR012,RM_026,Current
ACC_013649,CUST_05334,Salary,2025-01-28,3022.58,BR035,RM_009,Salary
ACC_013650,CUST_04146,Current,2023-11-03,10578.36,BR008,RM_059,Current
ACC_013651,CUST_02592,Current,2025-04-30,1992.88,BR027,RM_041,Current
ACC_013652,CUST_00155,Current,2025-02-23,12393.62,BR021,RM_005,Current
ACC_013653,CUST_07443,Savings,2024-12-19,48123.72,BR050,RM_031,Savings
ACC_013654,CUST_05675,Savings,2023-03-25,15797.71,BR004,RM_039,Savings
ACC_013655,CUST_05412,Savings,2024-08-02,11014.31,BR042,RM_095,Savings
ACC_013656,CUST_07776,Savings,2025-08-11,5352.77,BR049,RM_018,Savings
ACC_013657,CUST_06760,Savings,2025-02-11,21717.52,BR027,RM_026,Savings
ACC_013658,CUST_01828,Salary,2026-07-21,51707.27,BR030,RM_025,Salary
ACC_013659,CUST_04385,Savings,2024-11-07,92814.89,BR026,RM_012,Savings
ACC_013660,CUST_09020,Savings,2026-05-26,15544.29,BR029,RM_089,Savings
ACC_013661,CUST_06353,Salary,2026-04-14,4429.08,BR023,RM_090,Salary
ACC_013662,CUST_05933,Current,2026-05-06,73359.93,BR013,RM_016,Current
ACC_013663,CUST_09489,Savings,2025-09-18,27060.06,BR038,RM_052,Savings
ACC_013664,CUST_04402,Current,2024-09-30,41880.65,BR025,RM_066,Current
ACC_013665,CUST_09335,Salary,2026-02-12,28916.3,BR049,RM_072,Salary
ACC_013666,CUST_05091,Current,2025-04-04,1116.35,BR037,RM_004,Current
ACC_013667,CUST_00306,Current,2025-05-23,8310.65,BR007,RM_068,Current
ACC_013668,CUST_05164,Savings,2025-04-26,20669.34,BR040,RM_036,Savings
ACC_013669,CUST_09970,Savings,2024-07-26,3526.27,BR043,RM_100,Savings
ACC_013670,CUST_00171,Salary,2024-08-23,372441.44,BR031,RM_028,Salary
ACC_013671,CUST_08906,Salary,2024-02-17,5115.26,BR024,RM_017,Salary
ACC_013672,CUST_07312,Savings,2022-11-18,21523.33,BR040,RM_032,Savings
ACC_013673,CUST_08236,Savings,2025-08-27,7550.17,BR026,RM_091,Savings
ACC_013674,CUST_05047,Savings,2024-10-09,10706.06,BR049,RM_030,Savings
ACC_013675,CUST_04771,Savings,2025-07-24,19547.98,BR022,RM_001,Savings
ACC_013676,CUST_00627,Savings,2026-07-12,122186.69,BR011,RM_023,Savings
ACC_013677,CUST_09494,Current,2023-06-06,44777.3,BR017,RM_073,Current
ACC_013678,CUST_08170,Savings,2026-05-17,936.93,BR003,RM_053,Savings
ACC_013679,CUST_04333,Savings,2023-11-04,1294.74,BR023,RM_094,Savings
ACC_013680,CUST_04364,Savings,2026-03-05,2810.26,BR050,RM_083,Savings
ACC_013681,CUST_04916,Savings,2024-12-23,23587.58,BR007,RM_091,Savings
ACC_013682,CUST_09541,Savings,2024-10-15,11936.83,BR037,RM_085,Savings
ACC_013683,CUST_00264,Savings,2025-05-06,106779.44,BR048,RM_026,Savings
ACC_013684,CUST_06053,Salary,2023-10-28,8171.41,BR011,RM_052,Salary
ACC_013685,CUST_08202,Savings,2025-02-15,4288.17,BR014,RM_020,Savings
ACC_013686,CUST_02980,Savings,2025-11-16,18348.05,BR026,RM_094,Savings
ACC_013687,CUST_02505,Savings,2022-10-01,11388.31,BR027,RM_035,Savings
ACC_013688,CUST_04204,Savings,2023-10-19,31957.7,BR023,RM_048,Savings
ACC_013689,CUST_01939,Savings,2025-07-23,3416.66,BR046,RM_091,Savings
ACC_013690,CUST_03664,Savings,2025-10-04,1500.25,BR022,RM_079,Savings
ACC_013691,CUST_07802,Savings,2026-06-17,13905.75,BR012,RM_012,Savings
ACC_013692,CUST_07893,Savings,2025-08-21,5656.65,BR034,RM_053,Savings
ACC_013693,CUST_05662,Savings,2026-05-26,2865.27,BR026,RM_024,Savings
ACC_013694,CUST_09665,Savings,2026-07-23,53281.62,BR049,RM_079,Savings
ACC_013695,CUST_06204,Salary,2025-11-25,48436.58,BR026,RM_024,Salary
ACC_013696,CUST_04176,Salary,2026-05-13,13734.35,BR014,RM_026,Salary
ACC_013697,CUST_08996,Savings,2024-04-03,-1454.65,BR012,RM_058,Savings
ACC_013698,CUST_07215,Savings,2022-10-21,7272.8,BR026,RM_044,Savings
ACC_013699,CUST_02613,Savings,2026-04-25,59397.42,BR039,RM_098,Savings
ACC_013700,CUST_04207,Salary,2025-08-07,27728.16,BR036,RM_049,Salary
ACC_013701,CUST_02965,Salary,2026-06-10,223788.11,BR001,RM_045,Salary
ACC_013702,CUST_00348,Savings,2026-06-24,164457.31,BR040,RM_011,Savings
ACC_013703,CUST_02188,Salary,2022-10-18,72926.0,BR002,RM_060,Salary
ACC_013704,CUST_07547,Savings,2026-04-20,185124.94,BR005,RM_092,Savings
ACC_013705,CUST_01624,Savings,2026-06-20,9592.35,BR034,RM_057,Savings
ACC_013706,CUST_02225,Current,2025-03-11,21761.71,BR048,RM_076,Current
ACC_013707,CUST_06120,Savings,2025-12-17,3224.23,BR032,RM_050,Savings
ACC_013708,CUST_01559,Savings,2025-01-13,17971.75,BR025,RM_039,Savings
ACC_013709,CUST_03267,Savings,2025-10-27,102612.44,BR021,RM_020,Savings
ACC_013710,CUST_00109,Savings,2023-02-14,16733.95,BR010,RM_016,Savings
ACC_013711,CUST_10111,Savings,2025-11-30,1499.75,BR037,RM_054,Savings
ACC_013712,CUST_04124,Savings,2023-07-16,88226.42,BR027,RM_084,Savings
ACC_013713,CUST_02183,Salary,2024-08-24,9530.86,BR038,RM_066,Salary
ACC_013714,CUST_08142,Current,2022-09-14,31526.3,BR026,RM_025,Current
ACC_013715,CUST_01324,Savings,2024-11-25,15280.55,BR002,RM_047,Savings
ACC_013716,CUST_07921,Savings,2023-02-24,12542.98,BR048,RM_028,Savings
ACC_013717,CUST_09919,Savings,2025-08-08,5288.3,BR029,RM_038,Savings
ACC_013718,CUST_04356,Salary,2025-04-27,53581.84,BR019,RM_006,Salary
ACC_013719,CUST_02529,Savings,2021-10-25,18015.11,BR026,RM_025,Savings
ACC_013720,CUST_01008,Savings,2026-04-07,134457.47,BR011,RM_040,Savings
ACC_013721,CUST_01054,Savings,2025-06-19,4815.55,BR030,RM_010,Savings
ACC_013722,CUST_07319,Salary,2026-05-05,9476.42,BR004,RM_018,Salary
ACC_013723,CUST_03965,Savings,2022-06-24,405293.16,BR010,RM_016,Savings
ACC_013724,CUST_05687,Savings,2026-06-27,15910.33,BR002,RM_096,Savings
ACC_013725,CUST_06780,Salary,2026-07-02,156077.36,BR008,RM_066,Salary
ACC_013726,CUST_04606,Savings,2025-02-20,16395.07,BR022,RM_046,Savings
ACC_013727,CUST_09350,Savings,2025-08-28,96313.2,BR022,RM_032,Savings
ACC_013728,CUST_08945,Savings,2023-08-15,7601.77,BR010,RM_056,Savings
ACC_013729,CUST_07991,Savings,2024-05-23,34648.24,BR018,RM_027,Savings
ACC_013730,CUST_09758,Savings,2024-11-27,26125.31,BR044,RM_067,Savings
ACC_013731,CUST_09740,Savings,2026-02-13,58224.86,BR005,RM_069,Savings
ACC_013732,CUST_06204,Salary,2026-08-06,3147.73,BR030,RM_006,Salary
ACC_013733,CUST_00376,Salary,2025-08-16,50445.14,BR028,RM_049,Salary
ACC_013734,CUST_05411,Salary,2026-06-21,20315.7,BR049,RM_026,Salary
ACC_013735,CUST_08007,Savings,2023-02-17,14343.61,BR016,RM_004,Savings
ACC_013736,CUST_05425,Savings,2026-05-14,10370.4,BR035,RM_099,Savings
ACC_013737,CUST_07238,Current,2021-08-09,53414.15,BR038,RM_084,Current
ACC_013738,CUST_02729,Savings,2025-09-20,5292.28,BR033,RM_037,Savings
ACC_013739,CUST_01291,Savings,2025-10-31,7486.79,BR033,RM_026,Savings
ACC_013740,CUST_04965,Savings,2025-10-03,2867.68,BR008,RM_075,Savings
ACC_013741,CUST_00777,Savings,2026-07-04,9455.46,BR036,RM_070,Savings
ACC_013742,CUST_09277,Savings,2025-12-25,21417.42,BR004,RM_015,Savings
ACC_013743,CUST_03741,Savings,2024-01-06,7270.2,BR035,RM_032,Savings
ACC_013744,CUST_03381,Savings,2023-07-20,134483.98,BR047,RM_018,Savings
ACC_013745,CUST_01710,Savings,2025-08-08,13040.96,BR019,RM_069,Savings
ACC_013746,CUST_02433,Savings,2026-02-26,5429.33,BR037,RM_003,Savings
ACC_013747,CUST_07192,Current,2026-07-26,40266.13,BR009,RM_097,Current
ACC_013748,CUST_04045,Savings,2026-05-28,29016.19,BR045,RM_025,Savings
ACC_013749,CUST_05621,Savings,2026-03-14,1147.56,BR007,RM_070,Savings
ACC_013750,CUST_03454,Salary,2024-07-27,37791.71,BR002,RM_048,Salary
ACC_013751,CUST_02781,Current,2026-02-18,202137.73,BR035,RM_032,Current
ACC_013752,CUST_09854,Savings,2026-07-05,103824.43,BR028,RM_059,Savings
ACC_013753,CUST_09073,Savings,2024-03-02,11252.43,BR021,RM_002,Savings
ACC_013754,CUST_07706,Savings,2026-08-04,64155.67,BR006,RM_017,Savings
ACC_013755,CUST_03667,Current,2026-03-17,12690.72,BR044,RM_033,Current
ACC_013756,CUST_00572,Savings,2024-12-16,4811.02,BR010,RM_031,Savings
ACC_013757,CUST_10193,Savings,2024-11-12,5781.13,BR041,RM_005,Savings
ACC_013758,CUST_02499,Salary,2024-05-25,102965.78,BR036,RM_024,Salary
ACC_013759,CUST_03948,Current,2026-08-11,5507.1,BR007,RM_017,Current
ACC_013760,CUST_07057,Savings,2026-07-02,9134.69,BR020,RM_059,Savings
ACC_013761,CUST_08992,Current,2023-09-19,5037.94,BR036,RM_053,Current
ACC_013762,CUST_06224,Savings,2022-09-16,2337.63,BR010,RM_092,Savings
ACC_013763,CUST_01152,Savings,2022-01-16,1710.07,BR047,RM_016,Savings
ACC_013764,CUST_08446,Savings,2025-11-09,11889.31,BR015,RM_021,Savings
ACC_013765,CUST_09182,Savings,2021-10-24,8058.16,BR024,RM_077,Savings
ACC_013766,CUST_01735,Current,2022-06-03,12735.45,BR005,RM_099,Current
ACC_013767,CUST_09464,Savings,2026-07-23,19483.82,BR029,RM_030,Savings
ACC_013768,CUST_09294,Savings,2026-08-04,2288.8,BR013,RM_049,Savings
ACC_013769,CUST_03338,Savings,2026-07-14,31795.32,BR014,RM_046,Savings
ACC_013770,CUST_08973,Savings,2026-04-30,23812.16,BR048,RM_080,Savings
ACC_013771,CUST_06642,Savings,2023-04-14,7693.75,BR014,RM_031,Savings
ACC_013772,CUST_02463,Savings,2024-12-25,5596.05,BR009,RM_076,Savings
ACC_013773,CUST_00979,Savings,2025-08-04,2746.92,BR034,RM_042,Savings
ACC_013774,CUST_08890,Savings,2026-06-26,34419.87,BR007,RM_097,Savings
ACC_013775,CUST_07319,Savings,2025-11-11,5767.0,BR028,RM_079,Savings
ACC_013776,CUST_09602,Savings,2025-11-21,49028.4,BR015,RM_055,Savings
ACC_013777,CUST_09846,Salary,2026-03-26,15878.16,BR018,RM_052,Salary
ACC_013778,CUST_00389,Salary,2026-05-31,112228.55,BR048,RM_097,Salary
ACC_013779,CUST_04915,Current,2024-08-02,56260.88,BR041,RM_023,Current
ACC_013780,CUST_01516,Salary,2023-05-16,12088.62,BR011,RM_079,Salary
ACC_013781,CUST_02637,Savings,2022-10-03,19918.84,BR038,RM_096,Savings
ACC_013782,CUST_01174,Savings,2022-10-31,4601.84,BR019,RM_038,Savings
ACC_013783,CUST_04093,Savings,2024-12-03,11794.61,BR037,RM_028,Savings
ACC_013784,CUST_02532,Current,2025-07-20,3957.04,BR017,RM_015,Current
ACC_013785,CUST_09563,Savings,2026-07-25,118124.34,BR043,RM_085,Savings
ACC_013786,CUST_02478,Savings,2026-08-13,10449.3,BR004,RM_033,Savings
ACC_013787,CUST_08146,Savings,2022-09-28,10650.15,BR007,RM_078,Savings
ACC_013788,CUST_03483,Savings,2024-11-01,6610.31,BR006,RM_028,Savings
ACC_013789,CUST_04631,Savings,2024-01-04,3728.39,BR019,RM_077,Savings
ACC_013790,CUST_05749,Savings,2025-08-19,540827.52,BR045,RM_051,Savings
ACC_013791,CUST_06145,Savings,2026-04-15,39550.55,BR037,RM_067,Savings
ACC_013792,CUST_06989,Savings,2025-02-22,121851.89,BR019,RM_005,Savings
ACC_013793,CUST_06436,Savings,2026-06-01,41711.19,BR020,RM_069,Savings
ACC_013794,CUST_07436,Savings,2025-04-01,1407.69,BR031,RM_041,Savings
ACC_013795,CUST_00180,Savings,2026-08-13,14850.71,BR029,RM_008,Savings
ACC_013796,CUST_06546,Savings,2025-03-15,22501.1,BR016,RM_066,Savings
ACC_013797,CUST_05898,Salary,2023-12-04,57302.69,BR048,RM_009,Salary
ACC_013798,CUST_08854,Savings,2026-04-21,2817.99,BR039,RM_045,Savings
ACC_013799,CUST_00522,Savings,2026-02-21,76983.31,BR014,RM_063,Savings
ACC_013800,CUST_00500,Salary,2026-05-13,5471.73,BR025,RM_046,Salary
ACC_013801,CUST_08605,Savings,2023-08-03,33791.63,BR047,RM_081,Savings
ACC_013802,CUST_00152,Savings,2025-12-01,146135.3,BR032,RM_077,Savings
ACC_013803,CUST_10056,Savings,2025-04-26,135381.19,BR034,RM_040,Savings
ACC_013804,CUST_06673,Salary,2025-10-30,6314.55,BR044,RM_046,Salary
ACC_013805,CUST_04601,Salary,2024-03-08,13417.04,BR046,RM_050,Salary
ACC_013806,CUST_01208,Savings,2025-07-22,31844.81,BR028,RM_027,Savings
ACC_013807,CUST_09353,Current,2023-12-17,41274.58,BR040,RM_040,Current
ACC_013808,CUST_08622,Savings,2023-12-30,14616.42,BR012,RM_031,Savings
ACC_013809,CUST_09396,Current,2023-06-04,215367.64,BR044,RM_066,Current
ACC_013810,CUST_07718,Salary,2024-12-04,7150.29,BR023,RM_098,Salary
ACC_013811,CUST_06623,Savings,2026-02-25,173111.15,BR027,RM_067,Savings
ACC_013812,CUST_05342,Savings,2023-04-06,7398.66,BR019,RM_047,Savings
ACC_013813,CUST_00965,Savings,2025-06-29,4853.56,BR020,RM_061,Savings
ACC_013814,CUST_08317,Savings,2025-06-10,29270.5,BR035,RM_018,Savings
ACC_013815,CUST_08583,Salary,2023-12-03,18805.21,BR030,RM_041,Salary
ACC_013816,CUST_02078,Savings,2025-04-13,2068.54,BR045,RM_063,Savings
ACC_013817,CUST_04241,Savings,2026-04-28,61008.03,BR033,RM_008,Savings
ACC_013818,CUST_03217,Salary,2026-03-27,967776.22,BR047,RM_089,Salary
ACC_013819,CUST_05548,Savings,2025-09-30,16375.38,BR029,RM_019,Savings
ACC_013820,CUST_04946,Savings,2026-01-05,33153.9,BR012,RM_014,Savings
ACC_013821,CUST_08959,Savings,2023-08-20,4713.95,BR019,RM_049,Savings
ACC_013822,CUST_05036,Savings,2023-10-10,24498.64,BR018,RM_091,Savings
ACC_013823,CUST_00942,Savings,2025-10-22,2867.52,BR004,RM_009,Savings
ACC_013824,CUST_02859,Savings,2022-07-01,897.65,BR030,RM_006,Savings
ACC_013825,CUST_05664,Savings,2025-11-02,36599.36,BR013,RM_077,Savings
ACC_013826,CUST_04075,Savings,2024-05-24,2458.74,BR041,RM_032,Savings
ACC_013827,CUST_07563,Savings,2025-06-13,13352.61,BR032,RM_062,Savings
ACC_013828,CUST_03671,Savings,2026-08-13,41560.71,BR036,RM_019,Savings
ACC_013829,CUST_02664,Savings,2023-12-25,11650.89,BR011,RM_012,Savings
ACC_013830,CUST_07068,Savings,2023-01-17,9847.05,BR048,RM_048,Savings
ACC_013831,CUST_06213,Savings,2023-12-14,353618.62,BR041,RM_009,Savings
ACC_013832,CUST_06492,Current,2024-02-23,26161.11,BR015,RM_090,Current
ACC_013833,CUST_07149,Savings,2024-05-21,4868.37,BR043,RM_084,Savings
ACC_013834,CUST_06547,Savings,2026-05-14,5470.92,BR046,RM_051,Savings
ACC_013835,CUST_05453,Savings,2023-12-11,413739.86,BR020,RM_040,Savings
ACC_013836,CUST_09924,Savings,2026-08-01,42036.17,BR034,RM_075,Savings
ACC_013837,CUST_06807,Savings,2022-09-03,41196.95,BR031,RM_060,Savings
ACC_013838,CUST_06749,Savings,2022-04-28,6965.34,BR011,RM_077,Savings
ACC_013839,CUST_08932,Savings,2026-06-08,13449.85,BR039,RM_085,Savings
ACC_013840,CUST_02528,Savings,2025-07-18,39825.22,BR047,RM_096,Savings
ACC_013841,CUST_00931,Savings,2026-05-23,112986.97,BR045,RM_079,Savings
ACC_013842,CUST_03393,Current,2026-02-21,19706.54,BR008,RM_070,Current
ACC_013843,CUST_00590,Savings,2024-09-09,22495.66,BR026,RM_024,Savings
ACC_013844,CUST_00224,Savings,2024-11-12,6674.3,BR002,RM_052,Savings
ACC_013845,CUST_09289,Savings,2024-08-11,1061.87,BR014,RM_054,Savings
ACC_013846,CUST_06291,Current,2025-08-25,1313.33,BR004,RM_086,Current
ACC_013847,CUST_05917,Savings,2021-11-17,36571.15,BR019,RM_037,Savings
ACC_013848,CUST_06112,Current,2024-09-23,24800.73,BR010,RM_010,Current
ACC_013849,CUST_02991,Salary,2025-08-18,6117.83,BR002,RM_014,Salary
ACC_013850,CUST_00241,Savings,2024-07-11,2212.13,BR031,RM_064,Savings
ACC_013851,CUST_01321,Salary,2026-04-20,12124.7,BR018,RM_033,Salary
ACC_013852,CUST_10042,Savings,2025-10-25,37417.52,BR016,RM_070,Savings
ACC_013853,CUST_05500,Savings,2026-06-27,63972.28,BR041,RM_090,Savings
ACC_013854,CUST_05837,Savings,2026-02-12,1421.55,BR022,RM_077,Savings
ACC_013855,CUST_01648,Current,2025-07-19,5615.44,BR022,RM_068,Current
ACC_013856,CUST_05904,Savings,2025-11-11,5646.54,BR026,RM_015,Savings
ACC_013857,CUST_06244,Savings,2025-09-19,2697.89,BR008,RM_069,Savings
ACC_013858,CUST_02019,Savings,2026-08-08,90602.1,BR005,RM_075,Savings
ACC_013859,CUST_05314,Savings,2025-03-07,949.02,BR019,RM_065,Savings
ACC_013860,CUST_01792,Salary,2024-10-30,999354.19,BR032,RM_067,Salary
ACC_013861,CUST_01596,Salary,2026-03-27,2472.76,BR047,RM_098,Salary
ACC_013862,CUST_00158,Savings,2026-03-06,34271.37,BR023,RM_005,Savings
ACC_013863,CUST_00608,Savings,2023-11-30,316516.6,BR039,RM_044,Savings
ACC_013864,CUST_05263,Savings,2026-06-04,5888.21,BR003,RM_026,Savings
ACC_013865,CUST_02622,Salary,2026-05-16,1416.74,BR035,RM_028,Salary
ACC_013866,CUST_00474,Salary,2026-03-28,14618.58,BR041,RM_057,Salary
ACC_013867,CUST_07383,Savings,2025-09-22,2145.59,BR018,RM_032,Savings
ACC_013868,CUST_09888,Savings,2026-08-07,2381155.22,BR039,RM_091,Savings
ACC_013869,CUST_01375,Savings,2025-08-12,90891.33,BR036,RM_024,Savings
ACC_013870,CUST_06298,Current,2023-10-28,202566.0,BR041,RM_047,Current
ACC_013871,CUST_03082,Current,2024-02-09,12477.52,BR050,RM_005,Current
ACC_013872,CUST_05478,Savings,2025-08-19,2735.97,BR012,RM_047,Savings
ACC_013873,CUST_02783,Savings,2026-10-28,12733.84,BR029,RM_098,Savings
ACC_013874,CUST_09079,Savings,2026-07-29,86342.65,BR005,RM_095,Savings
ACC_013875,CUST_06487,Current,2025-06-08,17571.08,BR012,RM_059,Current
ACC_013876,CUST_03467,Savings,2025-03-15,9258.74,BR011,RM_011,Savings
ACC_013877,CUST_05154,Salary,2022-03-21,9393.12,BR041,RM_032,Salary
ACC_013878,CUST_02120,Savings,2025-10-05,52605.32,BR014,RM_005,Savings
ACC_013879,CUST_03248,Salary,2026-06-18,1805.24,BR037,RM_018,Salary
ACC_013880,CUST_07773,Salary,2025-02-09,5972.87,BR028,RM_071,Salary
ACC_013881,CUST_10118,Savings,2026-04-02,2415.08,BR007,RM_056,Savings
ACC_013882,CUST_08954,Salary,2026-05-25,60754.64,BR028,RM_027,Salary
ACC_013883,CUST_03769,Savings,2025-08-31,11446.77,BR014,RM_033,Savings
ACC_013884,CUST_02810,Savings,2026-02-22,6905.65,BR020,RM_025,Savings
ACC_013885,CUST_07550,Salary,2025-12-13,77800.65,BR031,RM_073,Salary
ACC_013886,CUST_08101,Savings,2024-04-08,2952.27,BR025,RM_093,Savings
ACC_013887,CUST_08531,Savings,2026-04-18,25608.29,BR022,RM_082,Savings
ACC_013888,CUST_05455,Savings,2024-09-26,9459.47,BR011,RM_051,Savings
ACC_013889,CUST_00527,Savings,2023-06-19,9809.38,BR003,RM_056,Savings
ACC_013890,CUST_07116,Savings,2026-03-27,448.21,BR045,RM_004,Savings
ACC_013891,CUST_05348,Savings,2022-12-27,10499.78,BR017,RM_013,Savings
ACC_013892,CUST_09484,Current,2023-06-20,341878.85,BR030,RM_046,Current
ACC_013893,CUST_04276,Salary,2026-07-04,2769.24,BR006,RM_058,Salary
ACC_013894,CUST_06455,Savings,2026-05-06,7354.62,BR034,RM_021,Savings
ACC_013895,CUST_00836,Current,2024-01-13,12075.2,BR041,RM_003,Current
ACC_013896,CUST_02016,Savings,2026-06-29,8293.77,BR040,RM_024,Savings
ACC_013897,CUST_01540,Savings,2025-07-01,1133.96,BR013,RM_012,Savings
ACC_013898,CUST_04814,Savings,2025-09-08,14374.02,BR041,RM_032,Savings
ACC_013899,CUST_09221,Salary,2026-07-15,5428.05,BR019,RM_069,Salary
ACC_013900,CUST_06535,Savings,2026-07-30,9018.72,BR024,RM_013,Savings
ACC_013901,CUST_07178,Savings,2026-06-08,1895.69,BR015,RM_033,Savings
ACC_013902,CUST_04420,Savings,2023-11-23,15206.45,BR036,RM_025,Savings
ACC_013903,CUST_09131,Savings,2026-07-23,4350.0,BR016,RM_030,Savings
ACC_013904,CUST_10085,Savings,2026-05-13,9834.56,BR013,RM_003,Savings
ACC_013905,CUST_03396,Savings,2024-10-09,1362.81,BR031,RM_081,Savings
ACC_013906,CUST_05091,Salary,2024-08-12,5499.28,BR045,RM_091,Salary
ACC_013907,CUST_04246,Savings,2025-12-06,22213.69,BR014,RM_098,Savings
ACC_013908,CUST_05703,Savings,2025-09-12,-4486.54,BR004,RM_085,Savings
ACC_013909,CUST_01553,Savings,2022-05-25,80864.99,BR040,RM_005,Savings
ACC_013910,CUST_02465,Savings,2025-07-21,184543.5,BR008,RM_063,Savings
ACC_013911,CUST_08103,Current,2026-07-05,947.38,BR006,RM_072,Current
ACC_013912,CUST_05113,Salary,2021-09-21,169431.91,BR035,RM_086,Salary
ACC_013913,CUST_04796,Salary,2022-10-24,20946.01,BR037,RM_008,Salary
ACC_013914,CUST_10008,Salary,2026-04-12,76154.95,BR013,RM_026,Salary
ACC_013915,CUST_02094,Savings,2026-07-26,6972.31,BR029,RM_014,Savings
ACC_013916,CUST_04510,Savings,2025-02-17,43879.73,BR002,RM_031,Savings
ACC_013917,CUST_04700,Savings,2025-08-10,6991.23,BR032,RM_058,Savings
ACC_013918,CUST_08958,Salary,2024-09-29,9841.78,BR028,RM_098,Salary
ACC_013919,CUST_04956,Savings,2026-02-20,1942.66,BR016,RM_043,Savings
ACC_013920,CUST_03946,Savings,2024-10-08,46444.78,BR039,RM_097,Savings
ACC_013921,CUST_05553,Savings,2026-05-11,102104.09,BR007,RM_028,Savings
ACC_013922,CUST_07934,Savings,2023-11-14,3665.35,BR040,RM_022,Savings
ACC_013923,CUST_04993,Salary,2025-11-06,8717.02,BR005,RM_054,Salary
ACC_013924,CUST_06872,Current,2025-06-02,3552.52,BR017,RM_069,Current
ACC_013925,CUST_09274,Savings,2025-02-28,188116.46,BR010,RM_054,Savings
ACC_013926,CUST_07202,Savings,2026-05-31,12577.42,BR046,RM_071,Savings
ACC_013927,CUST_06526,Savings,2023-06-04,91701.37,BR001,RM_071,Savings
ACC_013928,CUST_08351,Savings,2026-02-11,74564.37,BR045,RM_032,Savings
ACC_013929,CUST_05294,Savings,2025-11-11,7734.16,BR020,RM_065,Savings
ACC_013930,CUST_02738,Savings,2023-01-12,64138.97,BR023,RM_094,Savings
ACC_013931,CUST_05742,Savings,2026-07-06,9960.83,BR047,RM_067,Savings
ACC_013932,CUST_06792,Savings,2025-08-21,211490.79,BR028,RM_091,Savings
ACC_013933,CUST_07270,Salary,2024-03-12,33307.59,BR039,RM_066,Salary
ACC_013934,CUST_02376,Savings,2025-03-29,20788.62,BR022,RM_008,Savings
ACC_013935,CUST_05322,Savings,2026-01-21,10343.84,BR008,RM_030,Savings
ACC_013936,CUST_00176,Current,2026-06-28,8172.6,BR044,RM_096,Current
ACC_013937,CUST_05088,Savings,2026-06-25,335807.63,BR049,RM_085,Savings
ACC_013938,CUST_07579,Savings,2026-07-07,69473.25,BR023,RM_052,Savings
ACC_013939,CUST_00159,Savings,2025-09-12,1124.4,BR047,RM_082,Savings
ACC_013940,CUST_06425,Current,2024-04-16,5584.38,BR035,RM_054,Current
ACC_013941,CUST_03484,Savings,2024-02-23,-3977.77,BR043,RM_073,Savings
ACC_013942,CUST_08128,Savings,2026-05-07,194247.66,BR010,RM_012,Savings
ACC_013943,CUST_04359,Savings,2025-10-13,519074.75,BR030,RM_041,Savings
ACC_013944,CUST_03140,Current,2025-06-18,2695.24,BR003,RM_017,Current
ACC_013945,CUST_04054,Savings,2024-10-22,249419.33,BR039,RM_081,Savings
ACC_013946,CUST_04740,Savings,2024-12-04,14815.8,BR046,RM_059,Savings
ACC_013947,CUST_00287,Savings,2025-03-25,112347.55,BR033,RM_080,Savings
ACC_013948,CUST_04296,Salary,2023-09-11,14213.71,BR024,RM_035,Salary
ACC_013949,CUST_07057,Savings,2023-07-06,16047.62,BR021,RM_079,Savings
ACC_013950,CUST_02111,Salary,2024-12-13,3867.48,BR010,RM_076,Salary
ACC_013951,CUST_01242,Savings,2025-02-24,2161.91,BR026,RM_053,Savings
ACC_013952,CUST_06963,Savings,2024-05-11,60618.91,BR002,RM_087,Savings
ACC_013953,CUST_00914,Savings,2026-01-14,43040.45,BR021,RM_092,Savings
ACC_013954,CUST_02190,Savings,2026-07-10,1550.39,BR026,RM_064,Savings
ACC_013955,CUST_09293,Savings,2023-10-22,3908.72,BR004,RM_013,Savings
ACC_013956,CUST_08221,Savings,2026-05-06,608464.1,BR033,RM_059,Savings
ACC_013957,CUST_09845,Savings,2023-11-27,13103.72,BR003,RM_072,Savings
ACC_013958,CUST_01435,Savings,2025-12-13,14353.5,BR044,RM_083,Savings
ACC_013959,CUST_06711,Current,2023-08-13,2618.66,BR016,RM_094,Current
ACC_013960,CUST_00078,Savings,2026-06-16,30991.41,BR030,RM_010,Savings
ACC_013961,CUST_01678,Salary,2025-02-09,83971.51,BR031,RM_039,Salary
ACC_013962,CUST_02242,Savings,2026-06-07,8386.7,BR045,RM_027,Savings
ACC_013963,CUST_03052,Savings,2026-06-30,72395.65,BR009,RM_099,Savings
ACC_013964,CUST_01673,Savings,2026-07-21,9871.47,BR011,RM_034,Savings
ACC_013965,CUST_03885,Savings,2023-08-23,130720.21,BR010,RM_056,Savings
ACC_013966,CUST_06702,Current,2026-01-05,29109.5,BR024,RM_022,Current
ACC_013967,CUST_03284,Savings,2026-05-23,11438.36,BR010,RM_024,Savings
ACC_013968,CUST_00814,Salary,2023-02-11,9308.49,BR036,RM_082,Salary
ACC_013969,CUST_07743,Current,2026-07-10,7080.66,BR026,RM_067,Current
ACC_013970,CUST_02941,Savings,2022-12-26,17841.31,BR008,RM_078,Savings
ACC_013971,CUST_03558,Salary,2025-09-02,42264.66,BR015,RM_100,Salary
ACC_013972,CUST_09241,Savings,2024-10-18,8731.78,BR032,RM_085,Savings
ACC_013973,CUST_07147,Savings,2025-11-18,21716.82,BR013,RM_033,Savings
ACC_013974,CUST_03304,Savings,2026-02-21,7389.01,BR047,RM_037,Savings
ACC_013975,CUST_01315,Savings,2026-03-01,25728.98,BR022,RM_093,Savings
ACC_013976,CUST_03886,Savings,2025-09-23,2289.11,BR011,RM_074,Savings
ACC_013977,CUST_04227,Savings,2026-01-03,9013.9,BR002,RM_096,Savings
ACC_013978,CUST_08210,Salary,2024-08-13,3057.83,BR037,RM_035,Salary
ACC_013979,CUST_05935,Savings,2025-05-18,138368.46,BR006,RM_003,Savings
ACC_013980,CUST_00482,Savings,2025-06-17,61937.22,BR032,RM_018,Savings
ACC_013981,CUST_05877,Savings,2025-01-09,686435.81,BR030,RM_100,Savings
ACC_013982,CUST_06800,Salary,2024-04-28,8626.71,BR011,RM_042,Salary
ACC_013983,CUST_05817,Savings,2026-01-03,19205.81,BR046,RM_011,Savings
ACC_013984,CUST_08679,Savings,2026-01-23,430686.73,BR026,RM_091,Savings
ACC_013985,CUST_09702,Savings,2024-03-20,92121.45,BR041,RM_061,Savings
ACC_013986,CUST_03229,Savings,2025-05-02,59901.37,BR045,RM_045,Savings
ACC_013987,CUST_09397,Savings,2025-10-16,59266.79,BR026,RM_054,Savings
ACC_013988,CUST_08621,Salary,2026-02-19,1990.69,BR014,RM_100,Salary
ACC_013989,CUST_04164,Savings,2022-05-06,4768.17,BR047,RM_077,Savings
ACC_013990,CUST_08794,Current,2024-12-08,9239.86,BR022,RM_049,Current
ACC_013991,CUST_07224,Savings,2025-04-10,3818.39,BR011,RM_045,Savings
ACC_013992,CUST_04983,Savings,2026-07-26,63379.75,BR021,RM_025,Savings
ACC_013993,CUST_05524,Savings,2026-06-23,92172.65,BR030,RM_066,Savings
ACC_013994,CUST_08532,Savings,2026-01-28,159423.29,BR033,RM_093,Savings
ACC_013995,CUST_04746,Salary,2025-06-05,14876.49,BR037,RM_001,Salary
ACC_013996,CUST_06351,Savings,2025-05-10,4455.32,BR004,RM_039,Savings
ACC_013997,CUST_03123,Savings,2025-03-22,1148591.11,BR036,RM_094,Savings
ACC_013998,CUST_04462,Savings,2021-03-12,5857.19,BR035,RM_022,Savings
ACC_013999,CUST_06757,Savings,2024-03-19,731.1,BR005,RM_081,Savings
ACC_014000,CUST_07627,Savings,2025-08-27,178718.03,BR005,RM_024,Savings
