Loan_ID,Customer_ID,Product,Disbursement_Date,Loan_Amount,Interest_Rate,Tenure,DPD_Days,NPA_Flag,NPA_Flag_raw
LOAN_0000001,CUST_01326,Education,2021-01-30,1790242.44,11.54,120,3,N,N
LOAN_0000002,CUST_9999,Personal,2026-03-18,669397.87,13.1,36,8,N,N
LOAN_0000003,CUST_08936,Home,2023-09-03,7053458.84,7.77,120,9,N,N
LOAN_0000004,CUST_04779,Home,2024-06-21,6376472.95,7.32,120,15,N,N
LOAN_0000005,CUST_01816,Personal,2025-02-06,1450768.89,12.73,60,1,N,N
LOAN_0000006,CUST_09838,Home,2021-01-07,8172122.22,7.89,180,6,N,N
LOAN_0000007,CUST_05661,Home,2026-05-30,7044913.17,9.08,300,12,N,N
LOAN_0000008,CUST_05404,Home,2026-05-04,8037235.85,9.87,180,2,N,N
LOAN_0000009,CUST_00854,Personal,2021-08-09,126520.2,16.97,24,4,N,N
LOAN_0000010,CUST_02159,Personal,2022-04-21,1495851.57,12.63,60,22,N,N
LOAN_0000011,CUST_06440,Personal,2022-11-20,1364495.23,14.36,48,2,N,N
LOAN_0000012,CUST_03302,Auto,2022-01-28,1776748.21,11.22,48,9,N,N
LOAN_0000013,CUST_01129,Home,2025-12-22,3188854.44,7.63,300,3,N,N
LOAN_0000014,CUST_05677,Auto,2025-09-20,1379446.47,10.5,60,7,N,N
LOAN_0000015,CUST_04737,Education,2021-10-15,1357618.67,7.7,120,6,N,N
LOAN_0000016,CUST_09102,Auto,2022-01-15,2142035.97,9.21,72,6,N,N
LOAN_0000017,CUST_03576,Auto,2023-02-23,2232083.66,9.73,72,14,N,N
LOAN_0000018,CUST_00002,Home,2023-11-21,6412229.63,7.93,300,27,N,N
LOAN_0000019,CUST_08301,Personal,2024-06-01,1433253.42,16.89,24,12,N,N
LOAN_0000020,CUST_01624,Home,2024-08-22,8927455.01,7.79,240,1,N,N
LOAN_0000021,CUST_02902,Personal,2024-10-24,319631.4,12.23,48,2,N,N
LOAN_0000022,CUST_05176,Home,2026-03-16,6963442.82,9.62,240,4,N,N
LOAN_0000023,CUST_08551,Personal,2024-05-23,679876.58,10.78,24,3,N,N
LOAN_0000024,CUST_01443,Personal,2021-11-06,1406152.38,15.78,36,90,Y,Y
LOAN_0000025,CUST_07114,Personal,2023-10-07,1108924.78,16.93,36,2,N,N
LOAN_0000026,CUST_05039,Home,2022-02-11,7229239.08,9.39,240,22,N,N
LOAN_0000027,CUST_02287,Education,2021-01-09,675756.47,9.16,120,3,N,N
LOAN_0000028,CUST_10150,Auto,2025-08-09,1287844.07,10.96,72,6,N,N
LOAN_0000029,CUST_07526,Personal,2021-03-17,145999.33,16.3,36,5,N,N
LOAN_0000030,CUST_00144,Home,2023-06-11,4367484.41,7.41,240,5,N,N
LOAN_0000031,CUST_03719,Auto,2026-06-22,2037540.58,8.77,48,14,N,N
LOAN_0000032,CUST_00283,Personal,2023-01-02,724494.66,10.77,36,9,N,N
LOAN_0000033,CUST_04081,Auto,2021-07-21,1939703.64,8.49,60,3,N,N
LOAN_0000034,CUST_08315,Personal,2025-05-06,425653.32,11.52,24,34,N,N
LOAN_0000035,CUST_08646,Education,2021-08-10,422698.6,11.25,84,2,N,N
LOAN_0000036,CUST_01655,Personal,2021-02-14,749585.84,11.5,60,4,N,N
LOAN_0000037,CUST_05821,Education,2024-11-10,1983629.53,7.7,60,5,N,N
LOAN_0000038,CUST_02724,Personal,2023-12-12,553433.11,10.76,36,4,N,N
LOAN_0000039,CUST_08073,Personal,2022-11-21,993839.03,15.34,36,48,N,N
LOAN_0000040,CUST_03625,Personal,2022-05-31,862900.91,14.52,24,7,N,N
LOAN_0000041,CUST_05342,Personal,2026-01-21,948866.5,14.15,60,9,N,N
LOAN_0000042,CUST_05139,Home,2022-04-23,4038508.84,9.25,300,95,Y,Y
LOAN_0000043,CUST_01185,Personal,2026-06-26,295426.99,16.18,48,4,N,N
LOAN_0000044,CUST_01962,Home,2023-11-05,6246973.08,8.62,300,4,N,N
LOAN_0000045,CUST_01883,Auto,2023-09-03,1045142.91,9.36,48,3,N,N
LOAN_0000046,CUST_00415,Home,2022-01-05,2092650.19,8.67,120,9,N,N
LOAN_0000047,CUST_09593,Education,2024-08-09,1118647.91,11.77,60,12,N,N
LOAN_0000048,CUST_03388,Auto,2022-12-20,573442.85,12.31,36,9,N,N
LOAN_0000049,CUST_02070,Home,2024-09-21,6885488.87,10.16,300,12,N,N
LOAN_0000050,CUST_00516,Auto,2024-06-29,403156.18,8.42,36,0,N,N
LOAN_0000051,CUST_03630,Home,2022-12-09,5636105.89,9.74,300,19,N,N
LOAN_0000052,CUST_04417,Education,2023-05-15,585322.81,10.2,84,4,N,N
LOAN_0000053,CUST_09203,Personal,2025-07-24,1294946.19,14.78,24,5,N,N
LOAN_0000054,CUST_04729,Personal,2024-08-15,978999.35,14.05,24,0,N,N
LOAN_0000055,CUST_01728,Personal,2021-08-07,1064450.75,17.47,48,17,N,N
LOAN_0000056,CUST_02924,Personal,2024-11-04,462450.07,17.4,60,13,N,N
LOAN_0000057,CUST_04442,Personal,2025-02-24,519932.79,17.39,60,2,N,N
LOAN_0000058,CUST_04728,Auto,2025-05-20,2030367.53,10.11,60,6,N,N
LOAN_0000059,CUST_08972,Home,2023-08-19,4920479.15,8.71,120,5,N,N
LOAN_0000060,CUST_02809,Personal,2022-05-10,849992.41,15.35,36,4,N,N
LOAN_0000061,CUST_08424,Home,2023-10-01,9894144.41,7.83,180,3,N,N
LOAN_0000062,CUST_02422,Personal,2025-08-24,387667.37,15.86,24,0,N,N
LOAN_0000063,CUST_04372,Home,2025-03-09,5427552.43,7.44,300,5,N,N
LOAN_0000064,CUST_07199,Home,2024-01-16,9825362.93,9.19,180,0,N,N
LOAN_0000065,CUST_06329,Home,2022-08-22,3116866.79,8.29,240,6,N,N
LOAN_0000066,CUST_01790,Home,2023-09-11,5915395.58,7.88,240,5,N,N
LOAN_0000067,CUST_10148,Personal,2026-01-17,644234.88,14.21,48,5,N,N
LOAN_0000068,CUST_04210,Home,2026-04-20,3486372.45,9.11,300,1,N,N
LOAN_0000069,CUST_08498,Home,2022-12-06,5354522.75,8.3,120,1,N,N
LOAN_0000070,CUST_04619,Personal,2021-11-13,241404.11,15.42,24,10,N,N
LOAN_0000071,CUST_08203,Personal,2024-04-21,631703.96,15.33,24,17,N,N
LOAN_0000072,CUST_03234,Home,2021-10-07,3174747.29,8.25,120,0,N,N
LOAN_0000073,CUST_07144,Home,2021-05-04,9894533.36,9.92,120,3,N,N
LOAN_0000074,CUST_03674,Personal,2022-09-28,413957.15,13.5,24,9,N,N
LOAN_0000075,CUST_08254,Personal,2025-04-21,248543.82,13.46,36,120,Y,Y
LOAN_0000076,CUST_02436,Personal,2023-07-25,1041875.28,13.28,48,0,N,N
LOAN_0000077,CUST_08590,Home,2026-03-27,3314518.9,10.02,240,120,Y,Y
LOAN_0000078,CUST_07207,Auto,2022-05-09,1442728.93,10.04,48,3,N,N
LOAN_0000079,CUST_04581,Home,2025-11-28,8124921.33,9.41,240,4,N,N
LOAN_0000080,CUST_06939,Education,2025-10-24,665385.06,10.27,120,3,N,N
LOAN_0000081,CUST_03328,Personal,2025-06-13,1135208.26,11.57,24,21,N,N
LOAN_0000082,CUST_02514,Education,2021-01-23,1729218.72,9.02,84,6,N,N
LOAN_0000083,CUST_04958,Home,2022-04-05,8586039.55,7.9,120,25,N,N
LOAN_0000084,CUST_08776,Education,2024-02-06,555508.16,9.69,120,1,N,N
LOAN_0000085,CUST_06063,Home,2023-04-19,6537038.83,10.38,240,4,N,N
LOAN_0000086,CUST_08179,Personal,2021-08-14,808776.42,10.91,48,1,N,N
LOAN_0000087,CUST_09479,Personal,2025-01-21,1224791.28,15.3,36,1,N,N
LOAN_0000088,CUST_02583,Personal,2023-10-18,262644.07,15.41,60,1,N,N
LOAN_0000089,CUST_05690,Auto,2025-12-12,449999.3,10.54,60,11,N,N
LOAN_0000090,CUST_06333,Personal,2022-07-19,268680.79,14.59,24,6,N,N
LOAN_0000091,CUST_08859,Home,2024-09-30,2832197.98,8.0,120,3,N,N
LOAN_0000092,CUST_05863,Auto,2023-02-13,2050449.77,9.74,48,3,N,N
LOAN_0000093,CUST_03663,Home,2024-01-29,5153678.8,8.13,240,3,N,N
LOAN_0000094,CUST_09133,Personal,2024-04-12,631873.28,16.09,48,4,N,N
LOAN_0000095,CUST_09352,Auto,2025-12-22,1747232.86,11.75,72,7,N,N
LOAN_0000096,CUST_04205,Home,2022-09-12,2686117.85,7.2,120,8,N,N
LOAN_0000097,CUST_06495,Home,2022-01-09,9457579.88,10.43,300,17,N,N
LOAN_0000098,CUST_00401,Personal,2023-11-28,436877.26,12.63,48,6,N,N
LOAN_0000099,CUST_00304,Home,2022-12-24,8511598.74,7.79,120,2,N,N
LOAN_0000100,CUST_06256,Auto,2024-10-04,1136746.49,8.98,48,0,N,N
LOAN_0000101,CUST_05599,Personal,2023-03-01,320237.37,11.98,60,5,N,N
LOAN_0000102,CUST_09636,Auto,2022-10-17,2414473.63,11.21,36,11,N,N
LOAN_0000103,CUST_02089,Education,2021-08-08,1637706.67,8.62,84,1,N,N
LOAN_0000104,CUST_08060,Auto,2026-04-03,460660.98,9.52,36,0,N,N
LOAN_0000105,CUST_00030,Home,2023-05-31,4718198.58,9.33,180,5,N,N
LOAN_0000106,CUST_01987,Auto,2021-11-01,2014960.69,8.54,48,10,N,N
LOAN_0000107,CUST_02150,Personal,2025-04-17,942489.56,17.97,36,32,N,N
LOAN_0000108,CUST_08474,Personal,2021-11-05,1087810.13,17.01,36,5,N,N
LOAN_0000109,CUST_04907,Home,2022-05-11,2889193.63,9.82,180,17,N,N
LOAN_0000110,CUST_07546,Home,2024-02-29,8142683.59,9.68,120,2,N,N
LOAN_0000111,CUST_01192,Home,2024-10-08,9770783.23,7.27,180,12,N,N
LOAN_0000112,CUST_02106,Personal,2022-12-15,532047.3,13.8,24,14,N,N
LOAN_0000113,CUST_05004,Auto,2024-04-13,2329540.8,11.12,72,2,N,N
LOAN_0000114,CUST_06863,Personal,2024-02-15,1498693.41,16.49,36,8,N,N
LOAN_0000115,CUST_00217,Auto,2021-02-27,473261.7,9.38,48,2,N,N
LOAN_0000116,CUST_02193,Home,2025-11-21,5835288.6,9.99,300,4,N,N
LOAN_0000117,CUST_02434,Home,2021-12-18,3127603.12,8.87,240,1,N,N
LOAN_0000118,CUST_08039,Home,2023-11-11,5818204.38,7.07,300,0,N,N
LOAN_0000119,CUST_05051,Education,2025-04-18,1163299.14,11.6,60,1,N,N
LOAN_0000120,CUST_04443,Education,2025-06-10,1963604.15,10.72,60,1,N,N
LOAN_0000121,CUST_02298,Home,2021-04-12,8787485.44,9.72,240,8,N,N
LOAN_0000122,CUST_06556,Home,2025-09-02,4198453.18,9.84,240,19,N,N
LOAN_0000123,CUST_01923,Auto,2024-07-05,740558.4,12.22,72,9,N,N
LOAN_0000124,CUST_00040,Personal,2023-04-10,351165.33,13.58,24,2,N,N
LOAN_0000125,CUST_07261,Home,2024-01-04,3752206.29,8.92,180,120,Y,Y
LOAN_0000126,CUST_05597,Personal,2022-06-06,1182280.28,16.8,48,0,N,N
LOAN_0000127,CUST_03707,Home,2025-12-05,6080291.54,10.32,300,1,N,N
LOAN_0000128,CUST_07980,Auto,2022-08-27,1656636.61,10.13,72,5,N,N
LOAN_0000129,CUST_06064,Personal,2023-06-17,587865.39,13.07,36,1,N,N
LOAN_0000130,CUST_00953,Personal,2025-12-23,1008363.75,15.2,24,5,N,N
LOAN_0000131,CUST_03131,Auto,2023-09-04,411740.28,9.21,60,12,N,N
LOAN_0000132,CUST_02706,Home,2026-03-15,9549718.44,9.52,240,0,N,N
LOAN_0000133,CUST_07692,Home,2025-12-18,8666753.38,9.96,240,1,N,N
LOAN_0000134,CUST_05827,Home,2022-04-09,8414659.63,7.69,240,3,N,N
LOAN_0000135,CUST_08311,Auto,2022-09-18,402693.7,10.8,36,120,Y,Y
LOAN_0000136,CUST_10006,Home,2024-03-05,8783286.09,8.71,120,0,N,N
LOAN_0000137,CUST_07108,Education,2022-02-02,1626598.92,9.07,120,2,N,N
LOAN_0000138,CUST_08517,Auto,2022-06-06,1533918.53,8.72,72,6,N,N
LOAN_0000139,CUST_04448,Home,2022-01-23,6454693.45,8.81,120,8,N,N
LOAN_0000140,CUST_00290,Personal,2021-08-03,537798.41,17.78,36,10,N,N
LOAN_0000141,CUST_04815,Home,2024-12-16,5151020.4,9.53,300,5,N,N
LOAN_0000142,CUST_04496,Home,2026-03-18,7732271.97,7.31,120,8,N,N
LOAN_0000143,CUST_06795,Auto,2021-09-05,639155.93,11.69,60,0,N,N
LOAN_0000144,CUST_08700,Personal,2025-05-20,1490532.14,12.96,24,6,N,N
LOAN_0000145,CUST_09288,Personal,2023-05-07,676612.49,16.39,36,5,N,N
LOAN_0000146,CUST_08765,Personal,2026-06-28,819314.88,17.65,36,2,N,N
LOAN_0000147,CUST_09495,Home,2022-10-26,5411896.0,7.82,180,3,N,N
LOAN_0000148,CUST_06454,Personal,2021-12-26,546320.7,14.29,48,0,N,N
LOAN_0000149,CUST_00714,Auto,2025-11-04,2352807.36,10.67,48,4,N,N
LOAN_0000150,CUST_04518,Personal,2026-03-01,1281057.45,17.62,48,2,N,N
LOAN_0000151,CUST_04489,Education,2023-08-28,1853978.2,8.19,84,16,N,N
LOAN_0000152,CUST_04223,Home,2024-12-17,6121156.12,8.2,300,7,N,N
LOAN_0000153,CUST_08923,Education,2023-06-07,726470.22,10.99,84,5,N,N
LOAN_0000154,CUST_09694,Home,2024-10-24,8409330.27,10.3,180,6,N,N
LOAN_0000155,CUST_02970,Home,2022-11-25,7847921.97,9.02,120,1,N,N
LOAN_0000156,CUST_07831,Home,2024-01-21,3498470.47,9.59,120,8,N,N
LOAN_0000157,CUST_07304,Personal,2021-05-07,975486.3,12.81,48,5,N,N
LOAN_0000158,CUST_03483,Home,2023-04-06,6008305.3,8.51,300,1,N,N
LOAN_0000159,CUST_10059,Personal,2026-03-11,1275557.8,12.04,24,2,N,N
LOAN_0000160,CUST_03824,Personal,2026-06-15,414100.4,13.0,36,1,N,N
LOAN_0000161,CUST_08956,Education,2022-09-03,402600.11,11.16,84,0,N,N
LOAN_0000162,CUST_03393,Auto,2025-08-11,1078194.53,9.03,72,0,N,N
LOAN_0000163,CUST_06177,Home,2024-12-28,9903427.18,10.33,180,7,N,N
LOAN_0000164,CUST_04406,Home,2024-12-07,7260691.88,7.71,240,3,N,N
LOAN_0000165,CUST_01454,Personal,2024-09-09,906775.41,15.77,24,1,N,N
LOAN_0000166,CUST_10132,Education,2026-06-27,1243438.52,10.64,84,1,N,N
LOAN_0000167,CUST_09738,Education,2024-04-19,1938664.42,11.7,120,8,N,N
LOAN_0000168,CUST_09376,Home,2022-06-05,2255139.43,10.17,300,2,N,N
LOAN_0000169,CUST_01573,Home,2023-03-30,9818553.65,8.95,240,0,N,N
LOAN_0000170,CUST_09831,Home,2025-01-06,6414403.67,8.19,240,3,N,N
LOAN_0000171,CUST_01583,Personal,2023-06-17,394422.36,10.91,36,2,N,N
LOAN_0000172,CUST_00562,Education,2021-11-27,1480521.12,10.18,120,6,N,N
LOAN_0000173,CUST_01635,Home,2022-07-18,2587779.8,9.89,240,4,N,N
LOAN_0000174,CUST_06294,Education,2022-08-28,1569200.59,11.33,84,0,N,N
LOAN_0000175,CUST_10198,Education,2025-03-11,1423911.18,10.24,84,1,N,N
LOAN_0000176,CUST_02510,Education,2026-03-11,694837.18,10.26,84,1,N,N
LOAN_0000177,CUST_03667,Personal,2026-02-24,292656.41,17.09,48,1,N,N
LOAN_0000178,CUST_09131,Home,2023-08-20,4762893.14,8.51,240,6,N,N
LOAN_0000179,CUST_09076,Auto,2022-02-12,1691642.62,11.73,36,8,N,N
LOAN_0000180,CUST_04245,Home,2025-11-27,2952707.45,10.17,240,2,N,N
LOAN_0000181,CUST_08673,Personal,2025-12-26,1129198.91,14.14,24,7,N,N
LOAN_0000182,CUST_04395,Personal,2025-12-13,106636.77,11.52,48,10,N,N
LOAN_0000183,CUST_07428,Personal,2024-03-12,1002422.84,16.27,36,15,N,N
LOAN_0000184,CUST_05938,Auto,2023-09-24,2452751.89,9.3,60,8,N,N
LOAN_0000185,CUST_09813,Auto,2024-09-05,2229777.43,10.32,60,2,N,N
LOAN_0000186,CUST_04402,Home,2024-05-28,7670251.29,7.97,180,0,N,N
LOAN_0000187,CUST_01208,Home,2024-04-09,2546768.35,8.51,300,15,N,N
LOAN_0000188,CUST_05171,Home,2022-04-21,6586800.33,7.73,180,6,N,N
LOAN_0000189,CUST_09561,Personal,2024-07-17,1467059.61,16.37,60,1,N,N
LOAN_0000190,CUST_02586,Auto,2026-01-22,2377927.85,9.22,48,0,N,N
LOAN_0000191,CUST_04924,Home,2021-05-13,8903748.73,7.94,300,2,N,N
LOAN_0000192,CUST_02755,Home,2021-08-11,9480031.79,9.2,180,0,N,N
LOAN_0000193,CUST_03719,Home,2024-09-15,3755235.78,8.66,180,14,N,N
LOAN_0000194,CUST_09429,Personal,2021-01-27,1360747.99,13.49,24,21,N,N
LOAN_0000195,CUST_08587,Home,2026-04-06,8421162.11,10.35,300,16,N,N
LOAN_0000196,CUST_04503,Auto,2025-12-17,2354544.66,9.96,36,1,N,N
LOAN_0000197,CUST_05536,Home,2026-06-24,2981121.79,8.66,240,5,N,N
LOAN_0000198,CUST_03462,Personal,2023-08-15,981549.03,16.12,48,7,N,N
LOAN_0000199,CUST_05299,Personal,2026-03-28,760133.17,12.49,24,31,N,N
LOAN_0000200,CUST_02349,Education,2022-02-07,414708.19,9.9,60,6,N,N
LOAN_0000201,CUST_05364,Home,2024-01-05,3133912.73,10.35,180,2,N,N
LOAN_0000202,CUST_09150,Personal,2022-08-26,605089.69,15.82,24,1,N,N
LOAN_0000203,CUST_00250,Personal,2022-06-14,936791.5,13.83,36,3,N,N
LOAN_0000204,CUST_06731,Personal,2025-04-06,1406155.22,11.03,24,15,N,N
LOAN_0000205,CUST_09424,Personal,2021-10-14,743727.99,10.94,60,3,N,N
LOAN_0000206,CUST_03036,Auto,2025-05-20,536907.18,11.51,60,10,N,N
LOAN_0000207,CUST_01573,Education,2023-06-24,1846710.87,8.57,120,5,N,N
LOAN_0000208,CUST_08005,Home,2021-02-20,6527169.34,8.26,120,1,N,N
LOAN_0000209,CUST_08366,Home,2021-08-16,5460325.82,7.67,240,0,N,N
LOAN_0000210,CUST_08955,Auto,2021-11-04,2470129.55,10.8,48,0,N,N
LOAN_0000211,CUST_00896,Home,2025-10-09,9558026.1,9.54,120,9,N,N
LOAN_0000212,CUST_06543,Home,2023-11-25,3941392.78,7.1,240,0,N,N
LOAN_0000213,CUST_07071,Personal,2021-06-22,788501.52,13.01,60,1,N,N
LOAN_0000214,CUST_08399,Personal,2024-01-17,1017459.03,12.63,36,8,N,N
LOAN_0000215,CUST_08197,Personal,2025-03-14,670787.89,13.45,60,4,N,N
LOAN_0000216,CUST_07096,Auto,2022-06-28,2209069.41,9.24,72,2,N,N
LOAN_0000217,CUST_07001,Personal,2021-02-14,1035808.08,14.6,60,11,N,N
LOAN_0000218,CUST_00163,Personal,2025-11-29,1186553.59,15.69,24,20,N,N
LOAN_0000219,CUST_01584,Home,2021-09-09,7539812.83,7.93,180,7,N,N
LOAN_0000220,CUST_02774,Personal,2024-04-19,1000764.87,16.13,60,12,N,N
LOAN_0000221,CUST_02874,Personal,2022-01-22,485073.59,10.58,36,1,N,N
LOAN_0000222,CUST_05450,Personal,2023-06-22,1224774.36,15.08,60,14,N,N
LOAN_0000223,CUST_05394,Auto,2023-03-21,1740897.29,9.85,48,7,N,N
LOAN_0000224,CUST_04841,Personal,2026-03-28,1206932.65,14.39,24,19,N,N
LOAN_0000225,CUST_02490,Home,2022-09-15,7955597.98,10.14,300,17,N,N
LOAN_0000226,CUST_09566,Auto,2022-04-29,996867.6,11.09,60,10,N,N
LOAN_0000227,CUST_05207,Education,2025-09-14,233128.55,10.2,60,19,N,N
LOAN_0000228,CUST_04733,Auto,2024-11-25,1253801.47,12.09,60,0,N,N
LOAN_0000229,CUST_07379,Personal,2022-08-19,908434.2,13.72,36,0,N,N
LOAN_0000230,CUST_08841,Home,2021-06-12,7146805.98,9.69,120,3,N,N
LOAN_0000231,CUST_00366,Education,2023-08-01,287413.07,9.26,120,0,N,N
LOAN_0000232,CUST_02749,Personal,2026-06-21,121195.95,16.7,48,2,N,N
LOAN_0000233,CUST_08139,Home,2023-02-20,4610116.43,8.12,300,20,N,N
LOAN_0000234,CUST_03828,Personal,2025-10-28,1066557.67,13.82,48,1,N,N
LOAN_0000235,CUST_05684,Auto,2025-01-25,1740899.11,10.68,48,2,N,N
LOAN_0000236,CUST_08811,Auto,2024-06-21,447942.66,11.08,72,9,N,N
LOAN_0000237,CUST_05779,Personal,2024-07-14,526716.4,11.22,48,7,N,N
LOAN_0000238,CUST_00338,Personal,2023-08-05,1345030.04,15.95,24,10,N,N
LOAN_0000239,CUST_01879,Personal,2021-11-17,788704.16,14.73,48,19,N,N
LOAN_0000240,CUST_06028,Auto,2025-10-31,1339457.34,10.11,72,0,N,N
LOAN_0000241,CUST_05767,Home,2022-08-16,3177480.38,9.21,240,13,N,N
LOAN_0000242,CUST_00874,Auto,2025-09-05,1688129.34,11.36,72,1,N,N
LOAN_0000243,CUST_00415,Home,2021-01-16,2689804.72,9.13,240,2,N,N
LOAN_0000244,CUST_06168,Home,2023-09-13,2763810.02,10.23,240,4,N,N
LOAN_0000245,CUST_03798,Education,2025-04-28,407727.54,11.21,84,5,N,N
LOAN_0000246,CUST_08510,Home,2021-08-31,4817235.01,7.67,240,3,N,N
LOAN_0000247,CUST_06600,Auto,2022-11-27,1445169.87,12.51,60,11,N,N
LOAN_0000248,CUST_00769,Auto,2023-10-21,1879200.58,11.3,36,16,N,N
LOAN_0000249,CUST_04678,Home,2021-06-08,3820858.38,9.43,240,0,N,N
LOAN_0000250,CUST_01878,Personal,2022-08-20,643657.26,14.39,36,0,N,N
LOAN_0000251,CUST_00245,Education,2025-05-29,993052.55,11.17,120,0,N,N
LOAN_0000252,CUST_01306,Auto,2024-01-08,1083500.01,12.44,60,6,N,N
LOAN_0000253,CUST_04857,Home,2023-04-25,2999197.79,8.57,300,3,N,N
LOAN_0000254,CUST_09331,Personal,2024-02-26,1268455.1,17.86,36,4,N,N
LOAN_0000255,CUST_01304,Home,2021-07-21,6985298.28,10.03,180,0,N,N
LOAN_0000256,CUST_09418,Home,2025-08-02,4542644.24,7.79,240,1,N,N
LOAN_0000257,CUST_04828,Auto,2024-04-06,1484217.28,9.76,48,12,N,N
LOAN_0000258,CUST_09829,Personal,2025-09-27,285834.97,16.32,48,0,N,N
LOAN_0000259,CUST_05340,Personal,2023-12-21,892767.56,17.59,48,75,N,N
LOAN_0000260,CUST_09999,Personal,2021-09-25,308387.91,14.21,24,3,N,N
LOAN_0000261,CUST_07348,Auto,2023-09-12,1924104.36,12.58,60,13,N,N
LOAN_0000262,CUST_03182,Education,2026-04-03,1019678.6,9.57,120,0,N,N
LOAN_0000263,CUST_02932,Personal,2025-05-05,961437.33,12.94,48,0,N,N
LOAN_0000264,CUST_03448,Education,2023-10-30,1296650.31,12.08,84,3,N,N
LOAN_0000265,CUST_06640,Personal,2026-03-19,876045.55,12.87,48,5,N,N
LOAN_0000266,CUST_00466,Personal,2023-01-17,619926.01,12.06,24,16,N,N
LOAN_0000267,CUST_03017,Personal,2023-03-28,956471.1,13.29,36,5,N,N
LOAN_0000268,CUST_01826,Home,2021-03-13,7101520.07,8.75,300,10,N,N
LOAN_0000269,CUST_08657,Auto,2025-08-07,2390641.21,10.93,36,2,N,N
LOAN_0000270,CUST_00756,Personal,2025-02-14,1353570.43,15.96,48,2,N,N
LOAN_0000271,CUST_04373,Education,2024-12-27,1483675.96,8.44,84,12,N,N
LOAN_0000272,CUST_06463,Auto,2026-05-03,1710008.07,9.62,72,1,N,N
LOAN_0000273,CUST_02138,Personal,2026-02-20,1444705.42,16.41,36,15,N,N
LOAN_0000274,CUST_08398,Auto,2023-06-07,482625.88,11.63,48,0,N,N
LOAN_0000275,CUST_06286,Personal,2021-07-26,1348519.25,15.13,36,32,N,N
LOAN_0000276,CUST_06756,Home,2021-08-28,6281084.02,9.05,300,5,N,N
LOAN_0000277,CUST_03915,Personal,2023-09-28,1125929.14,10.97,60,0,N,N
LOAN_0000278,CUST_03564,Home,2024-08-13,9587141.26,9.69,120,8,N,N
LOAN_0000279,CUST_09226,Personal,2023-02-10,651539.84,15.43,24,2,N,N
LOAN_0000280,CUST_06587,Auto,2026-04-15,1725037.67,8.68,72,14,N,N
LOAN_0000281,CUST_02196,Home,2022-06-16,8821313.7,10.04,300,0,N,N
LOAN_0000282,CUST_08285,Auto,2025-01-06,1977148.88,9.99,60,1,N,N
LOAN_0000283,CUST_02592,Personal,2023-06-21,179196.57,17.12,24,2,N,N
LOAN_0000284,CUST_07378,Home,2025-09-06,5720069.04,10.26,300,120,Y,Y
LOAN_0000285,CUST_06630,Home,2026-04-21,6508071.95,7.77,120,2,N,N
LOAN_0000286,CUST_02030,Auto,2022-05-01,995830.77,11.66,36,0,N,N
LOAN_0000287,CUST_02303,Auto,2023-10-05,1263846.56,9.76,72,3,N,N
LOAN_0000288,CUST_01179,Personal,2022-08-18,614977.99,11.09,24,16,N,N
LOAN_0000289,CUST_02629,Education,2025-06-06,1752982.91,11.23,84,18,N,N
LOAN_0000290,CUST_09264,Home,2021-12-13,4152304.35,8.12,240,9,N,N
LOAN_0000291,CUST_00394,Auto,2022-04-14,1639535.28,9.93,72,11,N,N
LOAN_0000292,CUST_07767,Personal,2023-06-18,304518.53,10.55,24,4,N,N
LOAN_0000293,CUST_09101,Personal,2021-01-04,821690.2,17.19,48,3,N,N
LOAN_0000294,CUST_04401,Personal,2021-09-15,611051.76,12.26,36,3,N,N
LOAN_0000295,CUST_02250,Personal,2025-09-21,226742.17,11.46,36,0,N,N
LOAN_0000296,CUST_09959,Home,2022-03-25,2853253.31,7.27,120,5,N,N
LOAN_0000297,CUST_00019,Personal,2022-10-08,180383.58,17.14,48,1,N,N
LOAN_0000298,CUST_07127,Home,2026-06-22,2607310.91,7.24,300,6,N,N
LOAN_0000299,CUST_02367,Auto,2026-01-09,1030517.09,10.34,36,7,N,N
LOAN_0000300,CUST_06421,Home,2023-11-22,3489370.44,10.32,180,14,N,N
LOAN_0000301,CUST_09815,Education,2024-12-18,1393209.39,12.42,84,3,N,N
LOAN_0000302,CUST_06716,Home,2024-07-22,4657355.96,9.02,300,10,N,N
LOAN_0000303,CUST_01498,Home,2024-10-27,5209081.05,7.78,240,6,N,N
LOAN_0000304,CUST_00136,Home,2024-04-05,5266756.57,9.71,300,1,N,N
LOAN_0000305,CUST_02165,Home,2024-12-07,4319122.52,8.88,300,0,N,N
LOAN_0000306,CUST_02256,Personal,2026-07-05,189373.68,12.75,60,17,N,N
LOAN_0000307,CUST_03687,Personal,2022-05-11,1261519.71,12.36,60,3,N,N
LOAN_0000308,CUST_03943,Personal,2024-06-19,291248.42,14.2,24,2,N,N
LOAN_0000309,CUST_02525,Education,2026-02-27,924546.52,9.19,60,3,N,N
LOAN_0000310,CUST_03873,Auto,2023-07-18,844478.97,11.13,48,2,N,N
LOAN_0000311,CUST_04719,Home,2024-03-09,9578802.5,10.08,180,3,N,N
LOAN_0000312,CUST_06349,Education,2024-09-18,1052600.47,10.68,120,9,N,N
LOAN_0000313,CUST_06363,Auto,2026-06-04,704724.46,9.1,60,0,N,N
LOAN_0000314,CUST_08317,Personal,2023-12-11,277718.53,13.03,48,9,N,N
LOAN_0000315,CUST_08765,Home,2023-10-19,3169498.32,9.31,240,3,N,N
LOAN_0000316,CUST_01622,Home,2025-08-06,2832052.02,10.43,120,2,N,N
LOAN_0000317,CUST_06871,Auto,2025-12-28,2412685.27,12.63,36,1,N,N
LOAN_0000318,CUST_03336,Home,2022-08-23,8530270.06,9.1,300,95,Y,Y
LOAN_0000319,CUST_05188,Auto,2024-10-21,997280.44,12.96,60,1,N,N
LOAN_0000320,CUST_05837,Education,2024-12-12,1432459.94,12.41,84,12,N,N
LOAN_0000321,CUST_06809,Personal,2026-04-24,238461.56,11.67,60,5,N,N
LOAN_0000322,CUST_04665,Education,2021-08-06,1129542.87,8.82,84,150,Y,Y
LOAN_0000323,CUST_08812,Auto,2021-08-10,2414737.97,12.82,72,2,N,N
LOAN_0000324,CUST_02133,Home,2022-05-19,9916559.71,8.85,180,4,N,N
LOAN_0000325,CUST_05066,Personal,2021-11-25,253411.8,13.5,36,2,N,N
LOAN_0000326,CUST_00690,Auto,2024-04-27,636487.97,8.24,60,10,N,N
LOAN_0000327,CUST_05762,Education,2022-10-11,477598.17,9.87,120,5,N,N
LOAN_0000328,CUST_07723,Personal,2022-06-15,1472564.66,13.01,60,4,N,N
LOAN_0000329,CUST_06200,Auto,2022-10-15,1564145.48,12.35,72,20,N,N
LOAN_0000330,CUST_09711,Auto,2022-02-19,620507.94,12.54,72,0,N,N
LOAN_0000331,CUST_04150,Personal,2021-12-27,745129.01,12.36,24,3,N,N
LOAN_0000332,CUST_01236,Personal,2024-08-27,416525.48,16.66,48,1,N,N
LOAN_0000333,CUST_00817,Personal,2024-02-10,846604.71,15.67,48,17,N,N
LOAN_0000334,CUST_09459,Personal,2024-07-27,930799.65,17.03,24,60,N,N
LOAN_0000335,CUST_06192,Auto,2022-05-27,451747.79,8.85,72,1,N,N
LOAN_0000336,CUST_03592,Personal,2024-12-23,424498.41,17.63,48,8,N,N
LOAN_0000337,CUST_03418,Personal,2022-02-12,1038971.7,17.47,48,4,N,N
LOAN_0000338,CUST_08665,Auto,2025-10-12,1013098.69,12.69,36,2,N,N
LOAN_0000339,CUST_00306,Auto,2026-02-16,1519968.79,12.17,60,6,N,N
LOAN_0000340,CUST_02609,Personal,2022-05-22,671519.37,12.93,60,3,N,N
LOAN_0000341,CUST_04524,Personal,2023-10-16,1451799.96,15.15,48,9,N,N
LOAN_0000342,CUST_08837,Education,2023-06-02,960369.09,12.0,60,1,N,N
LOAN_0000343,CUST_03076,Home,2023-03-31,9568219.68,8.98,120,9,N,N
LOAN_0000344,CUST_09259,Personal,2023-09-03,1399160.48,17.13,60,3,N,N
LOAN_0000345,CUST_04482,Home,2024-05-10,4925048.75,8.86,180,1,N,N
LOAN_0000346,CUST_01700,Personal,2025-11-20,1195808.46,12.8,60,2,N,N
LOAN_0000347,CUST_9999,Home,2025-01-16,4812681.86,9.93,240,0,N,N
LOAN_0000348,CUST_07355,Personal,2023-11-30,647653.23,11.22,60,5,N,N
LOAN_0000349,CUST_07830,Education,2024-10-16,1243591.26,9.09,120,5,N,N
LOAN_0000350,CUST_02232,Home,2022-01-22,6501097.71,8.67,240,14,N,N
LOAN_0000351,CUST_05297,Home,2023-08-06,5778525.04,9.38,240,0,N,N
LOAN_0000352,CUST_01113,Auto,2026-07-14,1997283.47,9.72,72,3,N,N
LOAN_0000353,CUST_09756,Auto,2022-02-01,949147.63,9.59,60,12,N,N
LOAN_0000354,CUST_04198,Home,2021-08-05,5158325.77,8.17,120,1,N,N
LOAN_0000355,CUST_05534,Personal,2023-11-29,756915.29,12.94,36,9,N,N
LOAN_0000356,CUST_09243,Auto,2023-11-07,1723882.03,12.46,48,1,N,N
LOAN_0000357,CUST_02571,Auto,2021-03-04,1652459.94,10.18,72,6,N,N
LOAN_0000358,CUST_06054,Auto,2024-04-15,1911419.67,9.26,36,23,N,N
LOAN_0000359,CUST_03906,Auto,2023-03-17,1193224.11,8.63,36,0,N,N
LOAN_0000360,CUST_02123,Home,2024-05-24,6191094.64,10.11,180,2,N,N
LOAN_0000361,CUST_06467,Personal,2023-02-21,1305802.22,16.04,36,10,N,N
LOAN_0000362,CUST_00761,Personal,2025-03-23,573364.79,15.49,48,4,N,N
LOAN_0000363,CUST_04906,Auto,2022-08-19,1494526.98,12.25,48,9,N,N
LOAN_0000364,CUST_09650,Education,2022-05-29,1885313.94,8.55,84,0,N,N
LOAN_0000365,CUST_07286,Personal,2025-11-15,1182917.12,12.22,24,5,N,N
LOAN_0000366,CUST_05216,Auto,2025-01-03,1275045.64,10.71,48,2,N,N
LOAN_0000367,CUST_09410,Home,2024-08-17,6410764.81,10.43,180,0,N,N
LOAN_0000368,CUST_07853,Home,2025-08-22,3656490.63,7.85,120,38,N,N
LOAN_0000369,CUST_08662,Home,2023-01-22,4061664.7,9.16,180,1,N,N
LOAN_0000370,CUST_02841,Home,2023-09-09,2892479.46,10.14,240,4,N,N
LOAN_0000371,CUST_09697,Auto,2024-09-06,580559.67,12.08,36,19,N,N
LOAN_0000372,CUST_01716,Auto,2025-08-28,1662392.75,11.88,48,0,N,N
LOAN_0000373,CUST_08066,Personal,2025-04-02,786913.35,12.27,36,41,N,N
LOAN_0000374,CUST_05466,Personal,2023-01-27,1310222.1,17.63,60,17,N,N
LOAN_0000375,CUST_02195,Auto,2021-09-27,716932.58,10.75,60,1,N,N
LOAN_0000376,CUST_01404,Personal,2022-11-19,1234599.28,17.84,24,8,N,N
LOAN_0000377,CUST_08119,Auto,2025-12-04,1816851.04,8.92,72,0,N,N
LOAN_0000378,CUST_07883,Home,2022-03-29,9289545.33,7.28,240,7,N,N
LOAN_0000379,CUST_06168,Personal,2022-07-31,937250.44,17.65,24,1,N,N
LOAN_0000380,CUST_02824,Education,2022-02-28,1961829.85,9.51,60,2,N,N
LOAN_0000381,CUST_06236,Personal,2022-12-05,1226904.06,11.86,48,1,N,N
LOAN_0000382,CUST_02322,Home,2025-04-06,6730843.37,7.2,300,5,N,N
LOAN_0000383,CUST_04927,Personal,2021-12-06,223960.3,13.65,48,7,N,N
LOAN_0000384,CUST_03824,Personal,2023-10-26,1425393.11,16.2,24,20,N,N
LOAN_0000385,CUST_01723,Auto,2023-01-26,2100708.13,8.86,36,2,N,N
LOAN_0000386,CUST_02998,Home,2021-08-31,6628461.4,10.06,240,1,N,N
LOAN_0000387,CUST_04789,Home,2021-08-02,7621542.1,7.8,180,1,N,N
LOAN_0000388,CUST_03107,Home,2026-06-03,6874244.91,7.94,300,12,N,N
LOAN_0000389,CUST_07775,Auto,2026-04-23,747098.72,8.9,60,2,N,N
LOAN_0000390,CUST_05164,Home,2026-01-23,6289415.7,8.02,180,6,N,N
LOAN_0000391,CUST_03237,Personal,2023-04-18,102272.99,11.84,36,5,N,N
LOAN_0000392,CUST_08625,Personal,2021-02-17,457016.81,15.74,48,9,N,N
LOAN_0000393,CUST_09998,Personal,2023-08-25,395814.74,14.96,60,2,N,N
LOAN_0000394,CUST_05197,Personal,2026-02-12,1092681.94,11.75,24,7,N,N
LOAN_0000395,CUST_03363,Education,2021-12-02,1862360.6,9.92,84,3,N,N
LOAN_0000396,CUST_06148,Personal,2023-04-08,200982.78,13.63,36,10,N,N
LOAN_0000397,CUST_03962,Home,2023-11-23,2336078.45,8.43,180,9,N,N
LOAN_0000398,CUST_04824,Personal,2022-07-08,364224.87,14.8,60,24,N,N
LOAN_0000399,CUST_04673,Personal,2026-02-22,575199.5,15.15,36,120,Y,Y
LOAN_0000400,CUST_08847,Home,2025-10-12,7291225.1,8.19,300,6,N,N
LOAN_0000401,CUST_07328,Home,2025-02-16,4110146.55,9.95,120,0,N,N
LOAN_0000402,CUST_00041,Home,2024-03-24,7745181.03,8.54,120,5,N,N
LOAN_0000403,CUST_06143,Education,2023-02-18,1162866.89,9.92,84,2,N,N
LOAN_0000404,CUST_08329,Personal,2026-02-22,996380.99,16.69,60,5,N,N
LOAN_0000405,CUST_05790,Personal,2026-03-11,344751.79,16.58,48,10,N,N
LOAN_0000406,CUST_05921,Personal,2025-09-11,813167.33,17.36,60,13,N,N
LOAN_0000407,CUST_07199,Auto,2025-04-08,444147.0,10.22,72,75,N,N
LOAN_0000408,CUST_03851,Auto,2022-11-27,1712102.06,10.16,60,8,N,N
LOAN_0000409,CUST_06714,Home,2025-09-11,2985731.04,8.86,180,9,N,N
LOAN_0000410,CUST_08826,Home,2024-01-27,4859391.86,10.23,120,7,N,N
LOAN_0000411,CUST_06718,Home,2023-07-27,3549679.5,8.46,120,3,N,N
LOAN_0000412,CUST_09521,Home,2024-10-21,8156516.72,7.03,300,13,N,N
LOAN_0000413,CUST_04626,Home,2021-07-06,8761671.06,8.42,120,6,N,N
LOAN_0000414,CUST_00072,Personal,2021-12-28,1069313.73,15.87,48,0,N,N
LOAN_0000415,CUST_03210,Home,2021-01-09,4305016.75,7.83,300,28,N,N
LOAN_0000416,CUST_07354,Home,2023-06-12,9823231.76,7.02,300,0,N,N
LOAN_0000417,CUST_10069,Personal,2024-05-19,265806.39,12.18,60,6,N,N
LOAN_0000418,CUST_00201,Home,2023-07-01,4961682.51,9.23,180,12,N,N
LOAN_0000419,CUST_04735,Home,2025-08-10,3881723.6,9.38,240,1,N,N
LOAN_0000420,CUST_07807,Home,2024-10-03,7102161.12,8.78,120,1,N,N
LOAN_0000421,CUST_02582,Home,2021-10-28,6256829.81,10.0,300,6,N,N
LOAN_0000422,CUST_09301,Education,2021-09-24,453484.01,11.27,120,2,N,N
LOAN_0000423,CUST_03422,Personal,2023-04-24,147719.05,15.85,48,0,N,N
LOAN_0000424,CUST_01545,Auto,2022-09-13,979387.9,10.01,36,6,N,N
LOAN_0000425,CUST_08325,Auto,2022-09-17,683602.95,11.49,72,0,N,N
LOAN_0000426,CUST_00469,Personal,2021-02-22,762456.95,15.57,60,4,N,N
LOAN_0000427,CUST_00623,Home,2022-02-13,4731230.69,10.25,300,1,N,N
LOAN_0000428,CUST_01579,Education,2025-06-05,888516.04,7.66,84,3,N,N
LOAN_0000429,CUST_04115,Home,2021-02-18,6859840.44,7.35,180,0,N,N
LOAN_0000430,CUST_02699,Personal,2024-12-10,1286076.08,15.73,48,6,N,N
LOAN_0000431,CUST_06020,Auto,2025-10-01,1384181.65,8.33,48,0,N,N
LOAN_0000432,CUST_03880,Personal,2024-02-13,1146886.52,12.24,36,95,Y,Y
LOAN_0000433,CUST_08683,Personal,2025-12-20,313689.62,12.64,24,8,N,N
LOAN_0000434,CUST_04232,Personal,2023-07-02,1065010.77,14.49,60,9,N,N
LOAN_0000435,CUST_06827,Home,2025-04-09,9942653.17,8.45,300,13,N,N
LOAN_0000436,CUST_07906,Auto,2026-01-21,1028631.17,8.46,36,4,N,N
LOAN_0000437,CUST_05558,Home,2022-03-21,7354233.77,9.04,240,52,N,N
LOAN_0000438,CUST_05513,Personal,2023-01-12,872543.76,16.87,60,1,N,N
LOAN_0000439,CUST_06957,Education,2022-06-11,762204.18,10.3,84,1,N,N
LOAN_0000440,CUST_08384,Personal,2023-05-19,242539.23,16.71,24,150,Y,Y
LOAN_0000441,CUST_02054,Education,2025-07-28,1305743.53,8.67,84,17,N,N
LOAN_0000442,CUST_03517,Auto,2026-01-01,1722309.34,9.48,72,25,N,N
LOAN_0000443,CUST_06417,Auto,2023-05-18,1267329.04,9.3,60,7,N,N
LOAN_0000444,CUST_09369,Personal,2023-02-07,1041921.8,17.34,36,1,N,N
LOAN_0000445,CUST_05857,Personal,2021-08-24,434343.47,16.03,60,1,N,N
LOAN_0000446,CUST_02202,Home,2023-09-21,3049321.04,8.92,120,11,N,N
LOAN_0000447,CUST_09645,Home,2025-07-03,3009732.88,7.77,180,5,N,N
LOAN_0000448,CUST_06638,Personal,2025-10-14,1069814.05,14.89,48,1,N,N
LOAN_0000449,CUST_04247,Personal,2022-06-16,505525.76,16.07,36,3,N,N
LOAN_0000450,CUST_04050,Personal,2023-04-27,327477.26,14.07,60,17,N,N
LOAN_0000451,CUST_07310,Home,2022-02-06,7293216.49,9.11,180,2,N,N
LOAN_0000452,CUST_03736,Personal,2024-05-30,1216185.45,15.92,60,0,N,N
LOAN_0000453,CUST_09851,Home,2026-06-29,2025459.83,9.96,180,15,N,N
LOAN_0000454,CUST_08256,Personal,2025-06-23,965382.18,14.28,36,2,N,N
LOAN_0000455,CUST_06110,Education,2024-01-15,577632.07,11.02,84,0,N,N
LOAN_0000456,CUST_08758,Home,2023-06-13,7827869.43,9.0,180,19,N,N
LOAN_0000457,CUST_08644,Home,2026-06-29,8229111.12,9.93,300,4,N,N
LOAN_0000458,CUST_05330,Personal,2021-12-11,1018712.73,17.62,48,6,N,N
LOAN_0000459,CUST_07454,Auto,2022-04-08,1878805.95,11.31,36,1,N,N
LOAN_0000460,CUST_06169,Home,2021-05-04,4488057.69,7.24,120,0,N,N
LOAN_0000461,CUST_07066,Personal,2026-02-13,1440573.37,16.99,48,7,N,N
LOAN_0000462,CUST_07773,Home,2021-01-26,7785759.21,10.17,180,19,N,N
LOAN_0000463,CUST_05241,Auto,2021-08-22,1137702.6,8.74,60,7,N,N
LOAN_0000464,CUST_00011,Home,2023-05-15,3638192.54,7.16,180,120,Y,Y
LOAN_0000465,CUST_10034,Home,2024-04-24,6004466.33,10.01,300,2,N,N
LOAN_0000466,CUST_02145,Auto,2024-01-31,1208775.44,8.62,72,2,N,N
LOAN_0000467,CUST_02866,Home,2021-06-22,6274546.75,9.3,240,150,Y,Y
LOAN_0000468,CUST_05893,Auto,2025-04-15,1108570.55,10.52,72,0,N,N
LOAN_0000469,CUST_02639,Education,2024-11-29,282110.2,12.33,84,18,N,N
LOAN_0000470,CUST_08726,Home,2025-01-11,7775442.25,8.52,240,0,N,N
LOAN_0000471,CUST_00255,Auto,2023-09-23,2286200.54,11.1,60,1,N,N
LOAN_0000472,CUST_01596,Home,2024-08-20,8050218.52,10.09,120,5,N,N
LOAN_0000473,CUST_09437,Personal,2021-10-20,905444.11,15.66,24,4,N,N
LOAN_0000474,CUST_00903,Home,2025-01-25,6121916.13,9.91,240,2,N,N
LOAN_0000475,CUST_06260,Home,2024-08-07,5126598.6,8.09,300,5,N,N
LOAN_0000476,CUST_03066,Auto,2024-11-06,960167.09,10.49,36,3,N,N
LOAN_0000477,CUST_03833,Personal,2026-06-24,882990.48,16.2,60,3,N,N
LOAN_0000478,CUST_01700,Home,2023-10-04,8341586.7,7.7,180,75,N,N
LOAN_0000479,CUST_06088,Home,2025-09-03,2059658.29,8.04,180,0,N,N
LOAN_0000480,CUST_01712,Home,2021-01-23,6132592.04,8.99,240,1,N,N
LOAN_0000481,CUST_09215,Education,2026-06-19,1477757.37,9.32,60,7,N,N
LOAN_0000482,CUST_01073,Auto,2021-10-04,2427775.88,9.47,48,7,N,N
LOAN_0000483,CUST_02269,Personal,2026-06-11,1171957.86,13.9,36,5,N,N
LOAN_0000484,CUST_00908,Personal,2022-02-25,1215167.41,16.95,48,5,N,N
LOAN_0000485,CUST_07639,Home,2021-02-21,6836344.65,9.07,180,7,N,N
LOAN_0000486,CUST_10011,Personal,2021-10-29,675732.8,12.16,60,11,N,N
LOAN_0000487,CUST_05738,Auto,2022-08-16,1147798.52,9.28,60,0,N,N
LOAN_0000488,CUST_06586,Home,2022-12-27,7409611.62,10.19,240,11,N,N
LOAN_0000489,CUST_00483,Home,2023-04-19,5014914.31,8.22,240,6,N,N
LOAN_0000490,CUST_08638,Personal,2024-07-16,142918.85,14.96,24,26,N,N
LOAN_0000491,CUST_07930,Personal,2023-11-03,554059.39,17.53,48,41,N,N
LOAN_0000492,CUST_09285,Auto,2025-06-15,1008688.87,12.65,60,1,N,N
LOAN_0000493,CUST_06828,Home,2022-11-20,2587667.68,7.23,120,5,N,N
LOAN_0000494,CUST_00498,Home,2022-03-21,9543285.84,9.79,180,2,N,N
LOAN_0000495,CUST_05893,Personal,2022-07-05,883606.42,16.5,36,1,N,N
LOAN_0000496,CUST_08622,Home,2025-12-19,4073006.57,8.51,300,3,N,N
LOAN_0000497,CUST_05212,Personal,2023-03-24,889056.32,13.65,48,22,N,N
LOAN_0000498,CUST_04587,Personal,2026-02-21,461250.75,17.91,36,0,N,N
LOAN_0000499,CUST_09561,Home,2023-04-22,8217609.95,8.7,120,23,N,N
LOAN_0000500,CUST_05849,Auto,2021-12-04,1952879.54,12.17,60,14,N,N
LOAN_0000501,CUST_05449,Education,2021-03-05,465990.31,10.59,120,7,N,N
LOAN_0000502,CUST_07918,Education,2021-11-28,200519.95,10.52,84,8,N,N
LOAN_0000503,CUST_00432,Education,2025-08-12,375905.15,10.28,120,1,N,N
LOAN_0000504,CUST_01843,Home,2023-12-20,5508866.4,9.11,240,1,N,N
LOAN_0000505,CUST_00730,Education,2026-06-24,1192734.41,9.59,120,2,N,N
LOAN_0000506,CUST_06982,Education,2023-12-21,1468064.2,11.05,120,3,N,N
LOAN_0000507,CUST_07104,Auto,2023-03-30,2302905.41,10.67,72,1,N,N
LOAN_0000508,CUST_00765,Home,2024-12-16,2266473.37,7.35,300,15,N,N
LOAN_0000509,CUST_00782,Auto,2022-04-11,1533119.19,9.02,36,4,N,N
LOAN_0000510,CUST_00854,Personal,2026-01-11,653390.17,15.11,48,1,N,N
LOAN_0000511,CUST_03063,Education,2025-06-18,429396.52,11.95,84,10,N,N
LOAN_0000512,CUST_09451,Personal,2022-09-05,1356037.6,12.36,48,1,N,N
LOAN_0000513,CUST_00310,Home,2023-05-20,7726455.43,7.2,300,2,N,N
LOAN_0000514,CUST_07256,Auto,2025-11-13,537440.68,11.83,72,3,N,N
LOAN_0000515,CUST_03369,Personal,2023-11-12,628728.91,11.94,48,14,N,N
LOAN_0000516,CUST_04631,Personal,2023-01-19,237129.91,12.96,48,3,N,N
LOAN_0000517,CUST_04993,Auto,2025-10-13,852711.96,8.19,60,11,N,N
LOAN_0000518,CUST_01955,Home,2023-06-10,5176734.43,8.2,240,0,N,N
LOAN_0000519,CUST_07837,Personal,2023-02-22,1287862.68,14.94,24,6,N,N
LOAN_0000520,CUST_00178,Home,2025-04-22,7711633.58,9.12,120,13,N,N
LOAN_0000521,CUST_02903,Auto,2023-05-16,957848.44,11.09,72,15,N,N
LOAN_0000522,CUST_05229,Education,2021-04-19,1887296.68,10.87,84,4,N,N
LOAN_0000523,CUST_01913,Personal,2023-09-24,1395465.97,12.28,48,0,N,N
LOAN_0000524,CUST_06491,Home,2023-06-16,7182449.97,9.18,180,4,N,N
LOAN_0000525,CUST_01809,Auto,2023-07-07,2131735.52,8.89,60,1,N,N
LOAN_0000526,CUST_07913,Auto,2024-04-02,1722102.76,9.15,36,24,N,N
LOAN_0000527,CUST_02639,Personal,2025-06-20,572339.13,15.24,36,1,N,N
LOAN_0000528,CUST_09800,Auto,2023-07-01,1613965.18,9.41,72,12,N,N
LOAN_0000529,CUST_00889,Home,2026-07-03,4902384.27,7.34,180,6,N,N
LOAN_0000530,CUST_02064,Education,2023-02-03,552241.82,9.63,84,24,N,N
LOAN_0000531,CUST_07767,Personal,2022-10-22,255982.16,14.2,60,6,N,N
LOAN_0000532,CUST_06307,Home,2026-02-26,6190814.34,8.56,180,2,N,N
LOAN_0000533,CUST_05850,Auto,2024-01-24,1720324.35,11.4,36,21,N,N
LOAN_0000534,CUST_10190,Education,2025-03-26,543120.0,8.37,60,1,N,N
LOAN_0000535,CUST_02016,Home,2023-07-08,3802274.23,8.06,240,2,N,N
LOAN_0000536,CUST_00749,Auto,2024-03-02,2029439.99,10.41,60,3,N,N
LOAN_0000537,CUST_04318,Personal,2025-03-22,1481436.36,16.54,48,22,N,N
LOAN_0000538,CUST_04256,Personal,2022-11-01,436854.54,16.35,48,18,N,N
LOAN_0000539,CUST_08381,Personal,2024-10-26,1459284.57,12.58,24,1,N,N
LOAN_0000540,CUST_01697,Home,2024-06-06,2185892.47,8.08,180,2,N,N
LOAN_0000541,CUST_06046,Personal,2022-02-15,954516.56,14.37,60,1,N,N
LOAN_0000542,CUST_08228,Auto,2024-04-28,617187.32,9.01,48,34,N,N
LOAN_0000543,CUST_01583,Home,2025-10-22,6766257.73,7.58,300,3,N,N
LOAN_0000544,CUST_03106,Home,2023-04-22,2202149.62,7.53,180,11,N,N
LOAN_0000545,CUST_00168,Personal,2026-01-28,1462016.9,14.56,60,18,N,N
LOAN_0000546,CUST_09065,Education,2025-07-25,1603057.64,11.05,120,1,N,N
LOAN_0000547,CUST_05225,Auto,2023-11-15,448519.67,12.58,36,9,N,N
LOAN_0000548,CUST_08004,Personal,2022-05-22,1282742.34,13.13,48,3,N,N
LOAN_0000549,CUST_06549,Home,2022-04-15,8876671.8,7.68,180,0,N,N
LOAN_0000550,CUST_07155,Home,2023-01-21,7293811.01,8.39,240,3,N,N
LOAN_0000551,CUST_05375,Personal,2026-05-26,191616.69,17.06,48,1,N,N
LOAN_0000552,CUST_05653,Personal,2023-08-25,797171.93,16.99,60,8,N,N
LOAN_0000553,CUST_01274,Home,2026-02-15,2700839.96,9.79,240,1,N,N
LOAN_0000554,CUST_04787,Personal,2025-12-11,634766.68,16.58,48,0,N,N
LOAN_0000555,CUST_06743,Home,2023-06-02,9282690.63,9.21,300,1,N,N
LOAN_0000556,CUST_02798,Personal,2025-02-01,120610.69,16.15,36,27,N,N
LOAN_0000557,CUST_00469,Auto,2023-02-05,2087953.51,10.79,36,2,N,N
LOAN_0000558,CUST_09889,Auto,2022-03-20,2182361.52,10.14,48,24,N,N
LOAN_0000559,CUST_05400,Auto,2021-06-17,781912.65,12.07,36,14,N,N
LOAN_0000560,CUST_02601,Personal,2022-08-11,999611.56,17.56,36,6,N,N
LOAN_0000561,CUST_05042,Education,2023-10-16,414145.07,8.95,60,7,N,N
LOAN_0000562,CUST_07327,Personal,2024-04-16,183541.24,10.76,24,12,N,N
LOAN_0000563,CUST_10138,Auto,2024-06-29,1332600.16,9.02,36,0,N,N
LOAN_0000564,CUST_06100,Home,2024-02-22,7923409.82,7.14,240,3,N,N
LOAN_0000565,CUST_02159,Home,2025-10-30,4691410.79,7.68,120,3,N,N
LOAN_0000566,CUST_07049,Home,2025-03-20,2993888.86,9.99,180,5,N,N
LOAN_0000567,CUST_09977,Personal,2023-10-06,1174684.39,12.35,48,1,N,N
LOAN_0000568,CUST_07431,Personal,2024-06-29,1136899.84,10.82,48,3,N,N
LOAN_0000569,CUST_06359,Personal,2024-05-01,388825.99,17.38,48,9,N,N
LOAN_0000570,CUST_00293,Personal,2026-01-11,514809.71,16.6,36,150,Y,Y
LOAN_0000571,CUST_07171,Auto,2025-08-28,1845663.32,11.71,72,3,N,N
LOAN_0000572,CUST_10118,Home,2023-03-05,3704603.16,10.33,120,9,N,N
LOAN_0000573,CUST_08542,Personal,2024-09-19,121865.44,11.84,48,16,N,N
LOAN_0000574,CUST_08170,Auto,2021-04-25,904436.96,10.92,60,1,N,N
LOAN_0000575,CUST_09184,Personal,2024-06-18,881173.19,16.68,36,0,N,N
LOAN_0000576,CUST_02092,Home,2022-11-12,7497242.9,8.2,180,5,N,N
LOAN_0000577,CUST_04748,Auto,2021-04-24,1665257.56,10.75,72,4,N,N
LOAN_0000578,CUST_10057,Home,2025-09-28,9225862.66,8.04,300,9,N,N
LOAN_0000579,CUST_00712,Education,2023-10-13,1375962.18,8.48,60,4,N,N
LOAN_0000580,CUST_02995,Home,2022-06-13,8521445.11,10.15,300,5,N,N
LOAN_0000581,CUST_05950,Personal,2026-06-06,1136440.43,12.37,36,6,N,N
LOAN_0000582,CUST_09972,Home,2023-09-16,8238886.09,9.69,240,17,N,N
LOAN_0000583,CUST_03454,Education,2022-07-22,1459731.69,12.01,84,47,N,N
LOAN_0000584,CUST_06017,Auto,2026-04-20,1931692.11,12.67,60,13,N,N
LOAN_0000585,CUST_00249,Personal,2022-07-18,856690.43,14.42,36,30,N,N
LOAN_0000586,CUST_01900,Education,2023-02-15,1109285.16,8.16,120,30,N,N
LOAN_0000587,CUST_01501,Home,2024-09-30,4714717.38,9.31,300,0,N,N
LOAN_0000588,CUST_10132,Personal,2022-02-28,103037.09,17.93,36,8,N,N
LOAN_0000589,CUST_07247,Home,2024-07-22,9133886.3,8.08,240,1,N,N
LOAN_0000590,CUST_07654,Personal,2024-10-07,326719.4,16.95,48,3,N,N
LOAN_0000591,CUST_04070,Home,2021-12-09,9800781.47,9.8,120,14,N,N
LOAN_0000592,CUST_08045,Personal,2022-06-13,1190353.64,12.72,48,2,N,N
LOAN_0000593,CUST_06610,Home,2023-03-02,6402023.36,9.46,120,3,N,N
LOAN_0000594,CUST_02457,Home,2025-11-18,8427431.58,9.56,180,10,N,N
LOAN_0000595,CUST_01046,Home,2021-04-15,5689513.78,9.01,300,7,N,N
LOAN_0000596,CUST_03299,Personal,2021-01-10,1207674.55,12.58,48,3,N,N
LOAN_0000597,CUST_02784,Personal,2021-05-16,497378.24,13.69,36,9,N,N
LOAN_0000598,CUST_08968,Personal,2024-05-11,1276673.32,16.7,48,8,N,N
LOAN_0000599,CUST_00098,Personal,2024-05-28,1090601.84,12.62,48,11,N,N
LOAN_0000600,CUST_03011,Education,2025-07-29,825045.63,8.82,60,3,N,N
LOAN_0000601,CUST_01375,Home,2026-03-14,2566484.02,8.88,180,5,N,N
LOAN_0000602,CUST_07958,Auto,2024-12-21,1162242.89,9.98,48,6,N,N
LOAN_0000603,CUST_04162,Auto,2024-09-06,2244333.26,12.59,60,4,N,N
LOAN_0000604,CUST_06863,Home,2022-07-22,5494041.96,7.34,240,8,N,N
LOAN_0000605,CUST_06723,Personal,2023-08-27,333407.66,14.39,60,5,N,N
LOAN_0000606,CUST_01017,Personal,2024-03-18,550835.76,13.3,36,11,N,N
LOAN_0000607,CUST_00305,Education,2026-01-22,1178462.88,11.55,120,0,N,N
LOAN_0000608,CUST_09411,Auto,2026-03-01,1022419.75,11.41,60,0,N,N
LOAN_0000609,CUST_03752,Home,2022-07-23,4948357.01,9.78,240,4,N,N
LOAN_0000610,CUST_04457,Auto,2022-06-01,847331.55,12.71,72,0,N,N
LOAN_0000611,CUST_06025,Personal,2021-05-29,294047.06,13.6,48,13,N,N
LOAN_0000612,CUST_01823,Home,2025-04-01,3941192.95,8.68,240,5,N,N
LOAN_0000613,CUST_04231,Personal,2021-02-24,1006225.72,10.97,60,9,N,N
LOAN_0000614,CUST_06526,Home,2025-07-26,5800502.79,7.35,180,22,N,N
LOAN_0000615,CUST_09951,Home,2021-06-17,8125086.98,10.33,240,6,N,N
LOAN_0000616,CUST_06969,Home,2022-10-08,6930642.37,9.92,120,16,N,N
LOAN_0000617,CUST_06256,Auto,2025-02-11,1565096.22,11.14,36,19,N,N
LOAN_0000618,CUST_05106,Home,2026-02-13,3920615.19,7.8,180,2,N,N
LOAN_0000619,CUST_05082,Auto,2021-06-18,572255.66,11.27,60,9,N,N
LOAN_0000620,CUST_07067,Personal,2023-11-23,581502.76,17.58,24,23,N,N
LOAN_0000621,CUST_02235,Home,2022-07-04,4491138.28,7.31,240,15,N,N
LOAN_0000622,CUST_09598,Home,2023-09-22,6591574.12,7.85,300,14,N,N
LOAN_0000623,CUST_02162,Auto,2021-10-25,490920.11,9.22,36,0,N,N
LOAN_0000624,CUST_03646,Auto,2026-06-11,949019.41,11.63,36,2,N,N
LOAN_0000625,CUST_05115,Auto,2025-09-03,1918974.2,8.61,36,1,N,N
LOAN_0000626,CUST_09363,Auto,2021-12-02,1805193.9,10.41,48,1,N,N
LOAN_0000627,CUST_00785,Personal,2021-09-04,574657.69,13.89,24,17,N,N
LOAN_0000628,CUST_01642,Home,2025-07-08,5964098.83,9.77,180,8,N,N
LOAN_0000629,CUST_05820,Auto,2025-12-04,2228210.92,11.48,72,7,N,N
LOAN_0000630,CUST_06550,Home,2024-04-06,9106521.98,7.95,180,0,N,N
LOAN_0000631,CUST_01379,Home,2024-11-29,7120679.64,8.16,180,1,N,N
LOAN_0000632,CUST_09208,Home,2026-03-01,5677978.21,8.8,300,5,N,N
LOAN_0000633,CUST_06358,Education,2025-05-03,1875105.26,8.52,120,0,N,N
LOAN_0000634,CUST_00452,Home,2022-01-11,9398948.99,10.23,240,0,N,N
LOAN_0000635,CUST_09502,Auto,2022-12-05,589199.73,11.56,48,2,N,N
LOAN_0000636,CUST_09528,Personal,2024-07-06,533921.41,15.5,60,150,Y,Y
LOAN_0000637,CUST_05727,Auto,2022-07-18,1908092.28,8.13,48,3,N,N
LOAN_0000638,CUST_04019,Home,2025-02-21,9295343.25,7.92,240,20,N,N
LOAN_0000639,CUST_05219,Personal,2025-03-08,1179831.57,12.04,60,14,N,N
LOAN_0000640,CUST_00324,Personal,2024-08-30,819771.71,17.4,24,6,N,N
LOAN_0000641,CUST_07735,Home,2026-05-26,9550162.88,9.2,240,0,N,N
LOAN_0000642,CUST_07272,Home,2021-02-13,3733405.93,9.82,240,7,N,N
LOAN_0000643,CUST_03476,Home,2022-07-17,5727815.28,10.08,180,5,N,N
LOAN_0000644,CUST_08603,Education,2025-01-22,228141.77,8.23,60,0,N,N
LOAN_0000645,CUST_07201,Personal,2024-01-16,1170072.27,10.54,48,3,N,N
LOAN_0000646,CUST_02845,Home,2026-04-25,7968389.65,9.96,120,15,N,N
LOAN_0000647,CUST_07696,Auto,2022-12-01,1168144.26,10.77,36,5,N,N
LOAN_0000648,CUST_01793,Personal,2024-06-28,388348.67,10.82,60,8,N,N
LOAN_0000649,CUST_02310,Auto,2021-11-17,2276436.86,10.63,72,10,N,N
LOAN_0000650,CUST_05551,Personal,2024-03-26,402511.79,17.05,48,6,N,N
LOAN_0000651,CUST_01154,Personal,2022-07-14,815720.94,15.21,60,6,N,N
LOAN_0000652,CUST_09824,Personal,2023-03-29,201403.65,15.16,24,4,N,N
LOAN_0000653,CUST_04466,Education,2025-07-06,1556385.04,9.15,120,4,N,N
LOAN_0000654,CUST_02104,Home,2023-09-05,2866900.02,7.71,300,2,N,N
LOAN_0000655,CUST_08058,Auto,2025-06-05,1027725.83,8.97,72,4,N,N
LOAN_0000656,CUST_03898,Home,2021-10-17,7323652.09,7.46,240,0,N,N
LOAN_0000657,CUST_04471,Auto,2023-10-07,842133.65,11.93,60,7,N,N
LOAN_0000658,CUST_04719,Education,2022-10-19,1332294.12,11.49,60,3,N,N
LOAN_0000659,CUST_01971,Home,2025-02-17,9157179.48,8.96,180,4,N,N
LOAN_0000660,CUST_00181,Personal,2021-08-10,532814.68,14.33,24,3,N,N
LOAN_0000661,CUST_00204,Education,2025-08-09,378166.12,7.51,60,3,N,N
LOAN_0000662,CUST_06401,Home,2024-07-30,3416482.95,8.97,180,7,N,N
LOAN_0000663,CUST_04398,Home,2024-09-03,6333003.07,7.53,300,12,N,N
LOAN_0000664,CUST_05498,Education,2021-07-15,1475345.7,7.92,120,1,N,N
LOAN_0000665,CUST_06484,Home,2024-09-12,6508183.61,7.76,240,12,N,N
LOAN_0000666,CUST_04545,Home,2021-05-29,9059243.06,8.09,120,11,N,N
LOAN_0000667,CUST_03687,Home,2025-05-11,4557668.98,10.2,120,3,N,N
LOAN_0000668,CUST_03990,Auto,2023-07-29,1782192.84,10.06,36,5,N,N
LOAN_0000669,CUST_03371,Education,2021-04-01,1233158.69,8.0,60,7,N,N
LOAN_0000670,CUST_04327,Personal,2022-05-08,1166757.57,11.17,48,8,N,N
LOAN_0000671,CUST_03227,Education,2021-03-14,1166107.87,10.51,120,60,N,N
LOAN_0000672,CUST_08802,Home,2026-02-11,3132845.31,8.03,300,5,N,N
LOAN_0000673,CUST_05827,Home,2022-11-23,4250136.61,7.55,180,2,N,N
LOAN_0000674,CUST_05082,Personal,2022-11-25,1242641.88,17.16,24,0,N,N
LOAN_0000675,CUST_07935,Auto,2023-02-21,1216541.59,11.21,60,0,N,N
LOAN_0000676,CUST_07408,Personal,2022-02-03,1160810.6,12.33,60,39,N,N
LOAN_0000677,CUST_07285,Auto,2021-08-19,1678290.05,11.99,48,10,N,N
LOAN_0000678,CUST_03251,Personal,2025-06-20,876676.11,17.97,24,6,N,N
LOAN_0000679,CUST_08396,Auto,2023-12-15,763187.64,10.1,72,15,N,N
LOAN_0000680,CUST_08266,Home,2021-02-22,9724415.82,7.97,120,6,N,N
LOAN_0000681,CUST_01208,Auto,2021-02-13,1566540.28,8.35,48,22,N,N
LOAN_0000682,CUST_03493,Auto,2022-10-05,1069853.26,12.61,72,29,N,N
LOAN_0000683,CUST_03657,Home,2023-04-01,4884665.3,10.12,300,25,N,N
LOAN_0000684,CUST_08618,Home,2022-08-18,2023447.29,7.48,180,8,N,N
LOAN_0000685,CUST_05493,Home,2024-11-21,2234224.19,7.28,180,10,N,N
LOAN_0000686,CUST_08922,Education,2025-03-05,1323000.58,9.25,60,8,N,N
LOAN_0000687,CUST_05908,Education,2021-09-30,795636.55,10.31,60,3,N,N
LOAN_0000688,CUST_06654,Personal,2023-03-28,1023867.89,17.16,48,12,N,N
LOAN_0000689,CUST_06516,Education,2021-03-21,1910429.62,7.77,60,3,N,N
LOAN_0000690,CUST_03158,Auto,2021-04-18,928733.27,12.35,60,14,N,N
LOAN_0000691,CUST_06501,Home,2025-07-23,6694583.03,8.55,180,16,N,N
LOAN_0000692,CUST_02885,Education,2026-02-07,933189.71,8.02,60,9,N,N
LOAN_0000693,CUST_07897,Home,2023-04-22,4034954.36,9.98,240,7,N,N
LOAN_0000694,CUST_08827,Home,2023-10-05,7554275.21,9.97,120,2,N,N
LOAN_0000695,CUST_08331,Home,2025-03-09,6989708.49,9.4,240,6,N,N
LOAN_0000696,CUST_09729,Home,2022-03-19,9461300.33,9.93,120,13,N,N
LOAN_0000697,CUST_07694,Home,2023-04-19,4093122.14,9.11,120,11,N,N
LOAN_0000698,CUST_02155,Home,2022-07-29,4129646.77,9.83,300,75,N,N
LOAN_0000699,CUST_04619,Personal,2023-12-10,303682.36,12.03,48,6,N,N
LOAN_0000700,CUST_07423,Home,2025-09-28,6076536.26,9.55,120,11,N,N
LOAN_0000701,CUST_04195,Personal,2026-07-15,1177076.0,15.25,60,2,N,N
LOAN_0000702,CUST_04639,Auto,2021-06-20,2192662.76,11.54,36,11,N,N
LOAN_0000703,CUST_05903,Personal,2025-09-30,178666.0,17.17,24,10,N,N
LOAN_0000704,CUST_01533,Personal,2026-05-01,526838.91,14.96,36,29,N,N
LOAN_0000705,CUST_00390,Home,2026-02-12,6315121.56,8.74,180,4,N,N
LOAN_0000706,CUST_01062,Personal,2026-04-28,683606.13,17.33,60,7,N,N
LOAN_0000707,CUST_04999,Home,2026-02-18,9074235.09,8.23,180,3,N,N
LOAN_0000708,CUST_09972,Auto,2021-09-29,1387623.36,11.85,72,10,N,N
LOAN_0000709,CUST_02641,Home,2026-06-16,6336489.79,8.91,300,2,N,N
LOAN_0000710,CUST_02400,Personal,2023-05-23,1346066.84,15.99,60,2,N,N
LOAN_0000711,CUST_06414,Home,2025-10-22,9451687.56,7.51,300,26,N,N
LOAN_0000712,CUST_08677,Home,2022-11-03,4126512.44,9.68,120,3,N,N
LOAN_0000713,CUST_01547,Personal,2023-01-08,542636.75,17.95,48,2,N,N
LOAN_0000714,CUST_06214,Education,2024-01-05,735281.57,10.91,60,2,N,N
LOAN_0000715,CUST_04449,Education,2023-11-23,253720.79,8.76,120,8,N,N
LOAN_0000716,CUST_06844,Education,2022-01-05,1000225.35,10.95,120,1,N,N
LOAN_0000717,CUST_08394,Personal,2021-08-23,1323117.5,10.59,60,2,N,N
LOAN_0000718,CUST_04740,Personal,2023-11-26,890722.73,11.28,36,7,N,N
LOAN_0000719,CUST_09811,Personal,2021-12-16,737860.82,15.83,60,3,N,N
LOAN_0000720,CUST_00071,Home,2024-05-11,7918149.14,8.32,180,19,N,N
LOAN_0000721,CUST_00823,Personal,2024-08-17,929569.44,16.61,36,8,N,N
LOAN_0000722,CUST_10013,Auto,2021-07-10,1593750.1,9.37,72,1,N,N
LOAN_0000723,CUST_04971,Auto,2025-01-08,1276390.96,11.82,36,4,N,N
LOAN_0000724,CUST_02839,Personal,2024-04-04,1357142.71,16.47,24,11,N,N
LOAN_0000725,CUST_05528,Education,2022-11-03,1997702.6,11.27,84,14,N,N
LOAN_0000726,CUST_06442,Personal,2022-12-11,598837.6,16.59,60,2,N,N
LOAN_0000727,CUST_06846,Personal,2021-05-04,835061.07,15.74,60,1,N,N
LOAN_0000728,CUST_03995,Education,2022-08-07,914740.83,9.81,84,1,N,N
LOAN_0000729,CUST_02134,Personal,2026-01-27,617983.67,14.89,60,15,N,N
LOAN_0000730,CUST_01044,Education,2024-01-06,1047971.4,10.7,60,2,N,N
LOAN_0000731,CUST_09419,Auto,2022-09-24,1798427.45,10.11,60,1,N,N
LOAN_0000732,CUST_08546,Education,2021-03-26,1191407.88,12.03,120,0,N,N
LOAN_0000733,CUST_02973,Personal,2024-02-18,188327.97,14.96,48,1,N,N
LOAN_0000734,CUST_09550,Personal,2023-02-28,745520.49,16.66,36,12,N,N
LOAN_0000735,CUST_07886,Home,2022-07-26,6074107.2,8.4,120,10,N,N
LOAN_0000736,CUST_08986,Auto,2021-06-08,1217936.73,9.57,48,12,N,N
LOAN_0000737,CUST_06421,Personal,2025-02-13,941445.14,17.89,48,4,N,N
LOAN_0000738,CUST_06933,Auto,2025-08-12,806899.88,11.61,36,15,N,N
LOAN_0000739,CUST_05269,Personal,2024-12-16,1440537.11,17.08,60,3,N,N
LOAN_0000740,CUST_02215,Home,2022-09-13,6247706.86,7.14,120,4,N,N
LOAN_0000741,CUST_03953,Personal,2024-12-02,233155.03,11.65,60,8,N,N
LOAN_0000742,CUST_07219,Home,2023-12-19,3235850.14,7.18,240,4,N,N
LOAN_0000743,CUST_07307,Personal,2021-08-07,272389.19,12.62,36,12,N,N
LOAN_0000744,CUST_08220,Personal,2024-02-03,205627.51,14.04,36,3,N,N
LOAN_0000745,CUST_08109,Auto,2023-07-16,1298934.63,10.12,60,12,N,N
LOAN_0000746,CUST_06525,Personal,2025-02-14,789983.2,15.84,60,2,N,N
LOAN_0000747,CUST_07274,Personal,2023-02-13,1035358.32,12.68,48,1,N,N
LOAN_0000748,CUST_06925,Personal,2025-06-01,924946.86,13.6,60,11,N,N
LOAN_0000749,CUST_06580,Education,2023-04-14,282529.34,11.05,120,4,N,N
LOAN_0000750,CUST_09432,Personal,2026-04-21,491656.07,11.6,60,2,N,N
LOAN_0000751,CUST_07773,Auto,2024-09-25,1800379.78,12.82,60,0,N,N
LOAN_0000752,CUST_05918,Education,2024-08-21,1892833.19,8.07,120,15,N,N
LOAN_0000753,CUST_06859,Auto,2023-07-12,2398478.96,12.34,72,4,N,N
LOAN_0000754,CUST_02221,Personal,2024-12-17,625336.17,11.05,36,7,N,N
LOAN_0000755,CUST_08678,Personal,2021-08-16,860569.94,14.59,24,4,N,N
LOAN_0000756,CUST_01755,Education,2023-04-25,508111.69,11.88,60,12,N,N
LOAN_0000757,CUST_00268,Auto,2023-03-09,1627339.46,8.46,72,3,N,N
LOAN_0000758,CUST_00127,Home,2022-09-27,2968902.03,9.42,180,8,N,N
LOAN_0000759,CUST_02956,Personal,2021-03-27,593275.45,12.12,48,8,N,N
LOAN_0000760,CUST_00479,Auto,2025-06-07,979672.22,11.45,72,6,N,N
LOAN_0000761,CUST_05787,Auto,2021-05-18,934978.19,9.58,60,3,N,N
LOAN_0000762,CUST_08420,Personal,2026-05-12,1426033.86,11.98,24,3,N,N
LOAN_0000763,CUST_09934,Home,2022-04-15,2986772.26,9.67,300,22,N,N
LOAN_0000764,CUST_04316,Home,2022-01-20,2566927.82,10.14,180,4,N,N
LOAN_0000765,CUST_02028,Personal,2024-03-25,667777.73,11.3,24,15,N,N
LOAN_0000766,CUST_03783,Home,2023-07-20,9231568.4,9.6,300,14,N,N
LOAN_0000767,CUST_09408,Home,2024-10-28,4248563.78,7.8,240,1,N,N
LOAN_0000768,CUST_09578,Personal,2023-05-21,1300937.73,13.27,24,5,N,N
LOAN_0000769,CUST_06004,Personal,2022-10-24,1108077.3,12.61,60,3,N,N
LOAN_0000770,CUST_10083,Education,2023-01-04,1397338.99,11.69,84,6,N,N
LOAN_0000771,CUST_02558,Personal,2022-12-26,1012341.91,13.5,48,4,N,N
LOAN_0000772,CUST_09795,Auto,2021-06-03,1678931.35,11.81,48,5,N,N
LOAN_0000773,CUST_08538,Personal,2022-12-21,169098.72,13.04,48,11,N,N
LOAN_0000774,CUST_08711,Personal,2024-09-06,1208729.33,11.47,48,0,N,N
LOAN_0000775,CUST_04181,Personal,2023-03-27,1264991.52,16.66,48,2,N,N
LOAN_0000776,CUST_08509,Personal,2023-02-15,1269957.47,17.55,36,3,N,N
LOAN_0000777,CUST_02992,Education,2022-09-09,272727.88,11.01,120,1,N,N
LOAN_0000778,CUST_07752,Personal,2025-08-11,190428.14,12.68,24,3,N,N
LOAN_0000779,CUST_05974,Personal,2021-06-25,1052789.44,10.89,48,1,N,N
LOAN_0000780,CUST_04913,Personal,2022-06-27,498356.28,15.05,24,0,N,N
LOAN_0000781,CUST_04762,Home,2025-09-12,3598004.6,9.0,180,4,N,N
LOAN_0000782,CUST_05297,Home,2025-11-07,8965582.64,7.71,120,13,N,N
LOAN_0000783,CUST_08273,Personal,2025-01-13,958389.69,17.83,60,12,N,N
LOAN_0000784,CUST_08459,Home,2025-12-02,4176705.94,9.6,300,2,N,N
LOAN_0000785,CUST_07032,Auto,2025-06-02,2308980.51,11.63,72,0,N,N
LOAN_0000786,CUST_07897,Home,2023-03-22,6565543.49,9.59,240,6,N,N
LOAN_0000787,CUST_10197,Auto,2021-05-11,583097.31,8.05,72,1,N,N
LOAN_0000788,CUST_08463,Personal,2025-09-09,1390924.32,15.81,60,1,N,N
LOAN_0000789,CUST_08081,Auto,2024-02-12,1581838.24,10.57,60,2,N,N
LOAN_0000790,CUST_01835,Home,2022-11-08,8885588.83,8.89,120,4,N,N
LOAN_0000791,CUST_01123,Home,2021-06-07,8295947.96,10.16,180,13,N,N
LOAN_0000792,CUST_03554,Home,2024-08-24,8952180.55,9.16,120,9,N,N
LOAN_0000793,CUST_05729,Home,2021-02-22,7813817.85,9.97,240,10,N,N
LOAN_0000794,CUST_01266,Education,2021-05-09,1912768.31,10.5,120,7,N,N
LOAN_0000795,CUST_06292,Home,2024-06-15,2249586.95,10.09,120,0,N,N
LOAN_0000796,CUST_06299,Personal,2026-01-02,1248783.73,13.14,24,10,N,N
LOAN_0000797,CUST_09436,Home,2021-12-21,3082978.42,7.05,240,5,N,N
LOAN_0000798,CUST_03888,Education,2026-06-09,908758.32,12.06,60,6,N,N
LOAN_0000799,CUST_05625,Auto,2024-11-29,2415671.33,9.89,72,24,N,N
LOAN_0000800,CUST_10155,Personal,2024-02-17,366433.33,16.86,48,5,N,N
LOAN_0000801,CUST_10001,Personal,2023-09-21,1310188.07,14.27,48,1,N,N
LOAN_0000802,CUST_07188,Home,2021-09-19,5854154.12,10.06,120,0,N,N
LOAN_0000803,CUST_04766,Personal,2021-03-19,651155.69,14.31,48,95,Y,Y
LOAN_0000804,CUST_9999,Auto,2023-03-07,2262122.9,9.73,72,4,N,N
LOAN_0000805,CUST_08995,Home,2024-10-21,9086298.31,8.14,180,11,N,N
LOAN_0000806,CUST_06975,Home,2021-07-14,5144320.27,8.94,300,8,N,N
LOAN_0000807,CUST_07948,Home,2023-11-16,7781492.13,9.78,240,17,N,N
LOAN_0000808,CUST_07668,Home,2026-03-20,8142481.34,9.26,240,1,N,N
LOAN_0000809,CUST_05419,Education,2026-05-27,1158807.84,9.3,84,8,N,N
LOAN_0000810,CUST_01359,Personal,2024-04-19,450393.39,16.94,60,8,N,N
LOAN_0000811,CUST_09583,Home,2023-08-16,4614170.65,10.33,300,0,N,N
LOAN_0000812,CUST_04545,Home,2022-07-19,4134334.19,8.38,240,1,N,N
LOAN_0000813,CUST_07560,Auto,2026-02-17,2025534.03,11.62,72,8,N,N
LOAN_0000814,CUST_00722,Home,2024-06-26,7448535.16,7.61,180,7,N,N
LOAN_0000815,CUST_06863,Home,2021-07-26,6637659.91,9.39,180,2,N,N
LOAN_0000816,CUST_08443,Auto,2021-09-22,2317084.54,8.62,36,0,N,N
LOAN_0000817,CUST_07150,Education,2023-05-29,1237750.46,10.56,84,14,N,N
LOAN_0000818,CUST_07275,Home,2024-02-23,9462736.16,10.49,240,6,N,N
LOAN_0000819,CUST_04889,Auto,2023-02-08,2349561.86,10.86,48,2,N,N
LOAN_0000820,CUST_07629,Home,2025-03-17,2283619.31,7.27,300,6,N,N
LOAN_0000821,CUST_03227,Education,2021-07-07,986304.14,11.57,120,25,N,N
LOAN_0000822,CUST_03562,Auto,2024-04-10,1076289.03,11.15,36,4,N,N
LOAN_0000823,CUST_03091,Personal,2023-09-06,814883.39,13.69,48,53,N,N
LOAN_0000824,CUST_01468,Personal,2022-11-01,842476.58,11.49,60,4,N,N
LOAN_0000825,CUST_07471,Home,2022-05-17,8131022.8,8.26,180,3,N,N
LOAN_0000826,CUST_04551,Home,2023-06-21,2669304.32,9.75,180,15,N,N
LOAN_0000827,CUST_05151,Home,2022-01-11,2226465.46,8.08,240,5,N,N
LOAN_0000828,CUST_06272,Auto,2024-02-02,2427201.7,8.63,72,10,N,N
LOAN_0000829,CUST_08012,Auto,2026-01-09,1437828.91,8.8,60,4,N,N
LOAN_0000830,CUST_06961,Auto,2024-04-08,1301824.6,12.9,36,9,N,N
LOAN_0000831,CUST_03656,Education,2025-11-01,905726.51,8.36,60,14,N,N
LOAN_0000832,CUST_07119,Home,2025-04-18,3471567.92,7.08,300,22,N,N
LOAN_0000833,CUST_01576,Education,2022-08-10,869595.11,10.34,60,12,N,N
LOAN_0000834,CUST_01757,Personal,2026-04-15,901615.46,16.03,48,21,N,N
LOAN_0000835,CUST_04049,Auto,2022-09-30,1599794.58,9.31,60,3,N,N
LOAN_0000836,CUST_00291,Home,2023-05-01,7461647.36,8.23,240,12,N,N
LOAN_0000837,CUST_08639,Home,2021-01-21,7041644.73,8.28,180,1,N,N
LOAN_0000838,CUST_02277,Personal,2026-04-28,490795.51,15.87,48,3,N,N
LOAN_0000839,CUST_04702,Personal,2024-09-04,929338.82,10.64,48,6,N,N
LOAN_0000840,CUST_05845,Personal,2022-06-06,989916.96,14.12,60,7,N,N
LOAN_0000841,CUST_05832,Auto,2024-03-23,1939933.84,8.3,48,0,N,N
LOAN_0000842,CUST_09710,Personal,2025-09-17,376480.16,16.76,60,10,N,N
LOAN_0000843,CUST_01189,Education,2026-04-30,587663.28,11.66,60,9,N,N
LOAN_0000844,CUST_04281,Personal,2024-01-01,760047.53,12.83,36,1,N,N
LOAN_0000845,CUST_02608,Home,2021-12-22,9573865.57,7.4,300,2,N,N
LOAN_0000846,CUST_09453,Auto,2025-03-11,1735063.04,12.14,60,3,N,N
LOAN_0000847,CUST_10100,Auto,2022-10-20,535825.46,10.29,36,1,N,N
LOAN_0000848,CUST_04453,Home,2021-06-23,9623076.69,9.04,240,2,N,N
LOAN_0000849,CUST_00623,Education,2022-01-23,1047755.72,12.21,84,0,N,N
LOAN_0000850,CUST_04711,Personal,2026-03-26,179706.48,17.79,24,8,N,N
LOAN_0000851,CUST_03883,Education,2023-03-14,1891752.07,11.86,60,23,N,N
LOAN_0000852,CUST_07041,Personal,2025-12-08,801007.43,17.94,24,4,N,N
LOAN_0000853,CUST_07471,Personal,2022-05-24,1141597.12,14.99,60,2,N,N
LOAN_0000854,CUST_06778,Personal,2022-10-04,1319844.81,17.11,36,1,N,N
LOAN_0000855,CUST_05291,Auto,2025-04-30,2352048.67,9.41,60,6,N,N
LOAN_0000856,CUST_07291,Auto,2026-06-23,2007067.39,12.8,72,3,N,N
LOAN_0000857,CUST_06520,Personal,2022-09-04,138747.78,12.95,60,3,N,N
LOAN_0000858,CUST_03625,Personal,2022-08-24,239780.44,12.34,60,4,N,N
LOAN_0000859,CUST_04773,Home,2022-11-01,6261266.41,10.48,120,10,N,N
LOAN_0000860,CUST_09125,Auto,2023-05-01,2348042.6,9.14,72,2,N,N
LOAN_0000861,CUST_07194,Auto,2021-10-09,2347815.26,8.9,72,0,N,N
LOAN_0000862,CUST_05107,Auto,2021-10-22,2040760.54,11.64,48,1,N,N
LOAN_0000863,CUST_00301,Personal,2025-09-08,335330.19,17.85,48,9,N,N
LOAN_0000864,CUST_10133,Education,2022-12-28,468252.28,10.14,84,7,N,N
LOAN_0000865,CUST_02488,Home,2026-05-22,5707684.81,10.47,300,3,N,N
LOAN_0000866,CUST_07224,Education,2025-05-04,1381706.79,9.46,84,5,N,N
LOAN_0000867,CUST_07575,Auto,2024-06-28,1945933.62,11.84,48,3,N,N
LOAN_0000868,CUST_03956,Education,2025-10-15,374494.72,8.56,60,4,N,N
LOAN_0000869,CUST_01250,Personal,2024-08-07,183676.98,13.35,24,2,N,N
LOAN_0000870,CUST_05951,Home,2026-05-15,5396583.98,10.03,240,3,N,N
LOAN_0000871,CUST_06290,Personal,2023-09-04,661363.31,17.89,36,9,N,N
LOAN_0000872,CUST_07347,Education,2025-03-13,1048360.15,11.77,120,17,N,N
LOAN_0000873,CUST_02992,Auto,2022-05-19,2479819.05,12.8,60,5,N,N
LOAN_0000874,CUST_02101,Home,2025-03-23,9137173.96,8.54,300,12,N,N
LOAN_0000875,CUST_02562,Home,2024-05-31,7175766.06,9.55,120,23,N,N
LOAN_0000876,CUST_02987,Education,2025-10-16,1743159.1,11.41,60,4,N,N
LOAN_0000877,CUST_09747,Personal,2021-12-08,865801.08,13.08,36,4,N,N
LOAN_0000878,CUST_02856,Auto,2026-03-23,2000075.93,9.02,72,7,N,N
LOAN_0000879,CUST_06905,Personal,2022-10-10,730445.65,11.23,48,14,N,N
LOAN_0000880,CUST_01486,Personal,2021-06-01,126544.12,11.12,48,0,N,N
LOAN_0000881,CUST_00155,Home,2021-01-28,3910499.1,8.18,240,18,N,N
LOAN_0000882,CUST_08608,Auto,2026-04-12,1057173.62,9.81,36,4,N,N
LOAN_0000883,CUST_05726,Home,2021-09-19,5591768.26,9.42,240,0,N,N
LOAN_0000884,CUST_08171,Home,2024-07-15,6986123.95,8.06,120,17,N,N
LOAN_0000885,CUST_06578,Auto,2026-01-21,1625927.19,8.2,72,75,N,N
LOAN_0000886,CUST_09497,Auto,2023-05-15,1981764.05,10.22,72,0,N,N
LOAN_0000887,CUST_10050,Personal,2024-03-29,724557.94,11.6,24,4,N,N
LOAN_0000888,CUST_01572,Home,2023-08-15,9338178.08,8.12,300,16,N,N
LOAN_0000889,CUST_04407,Auto,2021-02-26,2474317.27,8.41,36,2,N,N
LOAN_0000890,CUST_05936,Personal,2021-12-14,362311.21,16.39,24,10,N,N
LOAN_0000891,CUST_03446,Personal,2026-02-09,244745.34,13.98,36,8,N,N
LOAN_0000892,CUST_08704,Home,2025-12-20,6550373.08,9.25,300,5,N,N
LOAN_0000893,CUST_00452,Personal,2021-06-18,473366.65,17.52,60,3,N,N
LOAN_0000894,CUST_05706,Home,2022-03-20,2324789.3,9.58,180,7,N,N
LOAN_0000895,CUST_00002,Personal,2024-06-06,470299.6,17.03,48,7,N,N
LOAN_0000896,CUST_01690,Auto,2023-09-23,2465971.78,11.15,72,7,N,N
LOAN_0000897,CUST_00827,Personal,2021-12-20,611187.56,16.74,48,6,N,N
LOAN_0000898,CUST_01382,Personal,2026-06-12,253446.11,12.93,24,1,N,N
LOAN_0000899,CUST_09359,Personal,2023-03-10,1357705.26,17.66,24,10,N,N
LOAN_0000900,CUST_01698,Auto,2024-04-19,1463946.26,8.34,48,0,N,N
LOAN_0000901,CUST_02195,Education,2021-03-28,1706567.39,8.63,120,0,N,N
LOAN_0000902,CUST_01254,Auto,2026-04-19,2496617.63,9.47,48,10,N,N
LOAN_0000903,CUST_04258,Auto,2022-11-11,791356.41,8.06,48,6,N,N
LOAN_0000904,CUST_02700,Home,2024-05-21,6956853.72,7.23,120,16,N,N
LOAN_0000905,CUST_03051,Home,2025-05-04,4202934.43,9.66,300,6,N,N
LOAN_0000906,CUST_08062,Auto,2021-10-26,1135572.79,9.95,36,5,N,N
LOAN_0000907,CUST_06720,Home,2024-06-08,3001934.78,9.0,180,9,N,N
LOAN_0000908,CUST_06786,Personal,2026-03-01,1172379.39,17.33,36,11,N,N
LOAN_0000909,CUST_03684,Home,2021-07-02,7291389.04,9.12,300,11,N,N
LOAN_0000910,CUST_01085,Education,2026-02-19,552696.73,9.74,60,5,N,N
LOAN_0000911,CUST_02047,Home,2023-01-29,7447386.62,7.34,240,2,N,N
LOAN_0000912,CUST_04507,Auto,2022-07-01,1998716.67,11.66,36,8,N,N
LOAN_0000913,CUST_00836,Home,2023-11-19,2601161.89,9.0,300,7,N,N
LOAN_0000914,CUST_02828,Home,2022-06-17,4273578.84,8.34,240,25,N,N
LOAN_0000915,CUST_07627,Home,2023-11-30,2946705.0,8.02,240,6,N,N
LOAN_0000916,CUST_09309,Home,2026-04-25,3871111.22,7.92,240,11,N,N
LOAN_0000917,CUST_07965,Personal,2022-02-06,194809.48,14.56,36,6,N,N
LOAN_0000918,CUST_05717,Personal,2022-07-12,1403596.73,14.82,48,3,N,N
LOAN_0000919,CUST_00239,Personal,2022-07-28,611781.73,17.3,60,6,N,N
LOAN_0000920,CUST_03887,Home,2024-01-23,5504105.58,10.16,180,0,N,N
LOAN_0000921,CUST_08732,Education,2023-01-31,1890651.3,10.67,60,60,N,N
LOAN_0000922,CUST_09546,Education,2025-09-04,1206611.32,8.15,84,17,N,N
LOAN_0000923,CUST_01324,Education,2025-12-31,599096.01,8.74,84,18,N,N
LOAN_0000924,CUST_06213,Home,2024-02-25,5920619.95,8.34,120,9,N,N
LOAN_0000925,CUST_00864,Home,2023-06-02,7344659.31,9.78,300,1,N,N
LOAN_0000926,CUST_04004,Auto,2024-07-13,2458016.57,11.11,60,1,N,N
LOAN_0000927,CUST_03215,Home,2025-10-04,4923547.99,9.26,240,10,N,N
LOAN_0000928,CUST_02454,Home,2023-06-26,4101866.82,7.16,120,9,N,N
LOAN_0000929,CUST_03693,Home,2021-06-26,5700142.82,7.48,240,24,N,N
LOAN_0000930,CUST_00892,Personal,2021-11-22,1375187.18,15.6,36,12,N,N
LOAN_0000931,CUST_05250,Education,2025-01-11,337591.03,11.76,60,2,N,N
LOAN_0000932,CUST_02902,Personal,2022-04-20,471595.48,15.6,48,16,N,N
LOAN_0000933,CUST_9999,Education,2026-01-09,1467690.18,11.21,84,3,N,N
LOAN_0000934,CUST_06437,Home,2022-02-12,7339595.75,7.37,120,4,N,N
LOAN_0000935,CUST_03196,Auto,2024-04-09,2201634.9,9.61,72,7,N,N
LOAN_0000936,CUST_02073,Personal,2023-06-15,866694.52,13.42,36,16,N,N
LOAN_0000937,CUST_03792,Auto,2025-12-18,889513.08,9.1,72,20,N,N
LOAN_0000938,CUST_9999,Home,2026-02-03,2984200.92,7.08,240,0,N,N
LOAN_0000939,CUST_02332,Auto,2025-07-06,2136105.22,12.16,60,12,N,N
LOAN_0000940,CUST_08410,Education,2022-09-25,741552.24,7.89,84,25,N,N
LOAN_0000941,CUST_06289,Home,2025-08-03,9300748.09,8.28,240,9,N,N
LOAN_0000942,CUST_03187,Auto,2023-02-15,1508133.68,12.67,48,90,Y,Y
LOAN_0000943,CUST_00451,Education,2025-09-06,1959752.34,7.63,60,10,N,N
LOAN_0000944,CUST_02264,Personal,2023-06-06,898029.04,17.56,36,6,N,N
LOAN_0000945,CUST_07778,Personal,2026-02-23,1469076.94,16.3,36,5,N,N
LOAN_0000946,CUST_06176,Personal,2025-01-07,1248976.43,16.72,60,1,N,N
LOAN_0000947,CUST_08146,Home,2022-06-05,4443398.66,8.44,180,5,N,N
LOAN_0000948,CUST_07062,Education,2022-08-25,1277116.17,11.43,120,5,N,N
LOAN_0000949,CUST_02335,Auto,2023-10-07,2028939.99,12.41,36,14,N,N
LOAN_0000950,CUST_04815,Auto,2025-11-03,2427429.08,11.34,72,5,N,N
LOAN_0000951,CUST_01941,Home,2021-07-10,7064838.99,8.4,300,3,N,N
LOAN_0000952,CUST_00693,Auto,2023-12-10,2278646.77,8.24,36,1,N,N
LOAN_0000953,CUST_03244,Home,2024-09-14,6000371.37,7.57,180,150,Y,Y
LOAN_0000954,CUST_01729,Personal,2021-09-24,1411475.93,12.51,24,12,N,N
LOAN_0000955,CUST_04705,Auto,2024-09-02,429236.65,9.01,48,0,N,N
LOAN_0000956,CUST_00927,Personal,2021-11-14,967846.62,12.21,48,12,N,N
LOAN_0000957,CUST_08650,Home,2023-10-25,3400243.56,8.96,240,15,N,N
LOAN_0000958,CUST_05984,Personal,2026-02-10,778986.65,14.84,60,0,N,N
LOAN_0000959,CUST_10038,Home,2024-01-19,5140148.66,7.6,120,0,N,N
LOAN_0000960,CUST_04522,Personal,2026-05-29,1470012.99,11.84,60,27,N,N
LOAN_0000961,CUST_04844,Home,2021-02-03,7487218.51,8.05,300,1,N,N
LOAN_0000962,CUST_04844,Personal,2022-06-05,1077666.94,11.91,24,1,N,N
LOAN_0000963,CUST_02702,Personal,2026-02-22,1411574.03,12.47,48,1,N,N
LOAN_0000964,CUST_04128,Personal,2025-12-01,814287.67,15.21,24,2,N,N
LOAN_0000965,CUST_01495,Home,2022-10-30,4787043.21,8.27,120,0,N,N
LOAN_0000966,CUST_10123,Personal,2023-10-22,880628.76,14.75,36,6,N,N
LOAN_0000967,CUST_07732,Personal,2025-02-20,585051.3,17.52,48,5,N,N
LOAN_0000968,CUST_04841,Education,2026-07-11,553260.95,11.35,120,18,N,N
LOAN_0000969,CUST_02888,Home,2021-11-18,7257534.51,9.42,300,3,N,N
LOAN_0000970,CUST_02418,Home,2026-05-18,4685167.05,9.99,120,2,N,N
LOAN_0000971,CUST_04063,Education,2024-04-12,956232.26,7.75,84,4,N,N
LOAN_0000972,CUST_09732,Education,2025-08-05,1758939.46,9.67,84,1,N,N
LOAN_0000973,CUST_02764,Home,2022-04-30,3328361.79,7.43,180,11,N,N
LOAN_0000974,CUST_09718,Home,2024-12-15,9300777.51,8.46,240,10,N,N
LOAN_0000975,CUST_04151,Auto,2024-11-05,881137.19,8.06,60,31,N,N
LOAN_0000976,CUST_10050,Home,2023-09-10,3710398.87,7.58,240,3,N,N
LOAN_0000977,CUST_09914,Education,2022-09-21,1163495.57,8.18,120,4,N,N
LOAN_0000978,CUST_05932,Education,2021-07-06,995336.52,9.36,60,2,N,N
LOAN_0000979,CUST_08785,Home,2026-03-09,4103148.58,9.75,180,6,N,N
LOAN_0000980,CUST_03338,Home,2021-11-24,6559000.8,8.37,180,10,N,N
LOAN_0000981,CUST_10026,Auto,2023-01-19,2473180.65,9.11,72,1,N,N
LOAN_0000982,CUST_06936,Home,2022-07-22,8044455.41,7.73,300,6,N,N
LOAN_0000983,CUST_06285,Personal,2023-03-25,241978.53,13.83,48,9,N,N
LOAN_0000984,CUST_02552,Personal,2026-03-04,1161245.78,15.25,24,2,N,N
LOAN_0000985,CUST_09808,Auto,2026-06-14,535030.46,8.94,60,2,N,N
LOAN_0000986,CUST_09559,Personal,2021-10-20,171869.43,11.04,36,7,N,N
LOAN_0000987,CUST_09690,Personal,2023-05-26,384281.68,11.06,48,7,N,N
LOAN_0000988,CUST_08912,Personal,2021-11-24,163643.01,13.26,24,8,N,N
LOAN_0000989,CUST_02451,Home,2022-06-08,6359943.69,8.57,180,7,N,N
LOAN_0000990,CUST_08892,Home,2022-01-07,7922533.95,7.11,120,0,N,N
LOAN_0000991,CUST_08651,Home,2021-05-10,8402395.97,8.18,180,0,N,N
LOAN_0000992,CUST_02241,Personal,2021-11-18,1232685.54,13.77,60,11,N,N
LOAN_0000993,CUST_09911,Home,2026-01-29,3712961.64,7.8,240,1,N,N
LOAN_0000994,CUST_06171,Auto,2023-09-02,2165988.26,11.42,36,18,N,N
LOAN_0000995,CUST_00503,Education,2026-04-06,235878.38,10.97,120,0,N,N
LOAN_0000996,CUST_00353,Personal,2023-05-16,1335780.11,10.78,48,16,N,N
LOAN_0000997,CUST_09752,Personal,2025-02-01,807732.89,11.76,36,2,N,N
LOAN_0000998,CUST_09197,Education,2024-04-16,879470.16,8.95,84,4,N,N
LOAN_0000999,CUST_02784,Home,2023-10-01,6944159.44,10.01,240,21,N,N
LOAN_0001000,CUST_10126,Personal,2024-05-08,884782.17,14.07,60,4,N,N
LOAN_0001001,CUST_06099,Personal,2023-02-25,1294608.01,10.96,48,1,N,N
LOAN_0001002,CUST_03397,Personal,2026-02-04,1120744.88,14.21,60,1,N,N
LOAN_0001003,CUST_09208,Home,2024-07-20,3516989.52,8.63,240,8,N,N
LOAN_0001004,CUST_09016,Home,2023-11-03,3141281.57,8.68,240,6,N,N
LOAN_0001005,CUST_05764,Personal,2021-08-28,1021301.41,11.37,48,2,N,N
LOAN_0001006,CUST_06801,Personal,2024-08-18,851424.85,12.79,24,5,N,N
LOAN_0001007,CUST_09736,Personal,2023-09-10,1257287.74,16.2,48,1,N,N
LOAN_0001008,CUST_08254,Auto,2026-04-09,1765425.84,8.88,60,3,N,N
LOAN_0001009,CUST_01072,Personal,2021-09-19,1126022.8,12.43,36,7,N,N
LOAN_0001010,CUST_09484,Personal,2021-02-03,515267.13,13.28,48,12,N,N
LOAN_0001011,CUST_05372,Personal,2021-04-07,1179642.5,15.18,36,90,Y,Y
LOAN_0001012,CUST_02971,Home,2021-08-04,7835138.83,9.27,240,1,N,N
LOAN_0001013,CUST_01675,Home,2023-01-29,3563103.47,7.64,180,7,N,N
LOAN_0001014,CUST_01752,Home,2025-07-12,6804302.05,8.97,180,3,N,N
LOAN_0001015,CUST_01817,Home,2024-07-02,8302416.35,7.17,180,2,N,N
LOAN_0001016,CUST_03270,Home,2022-07-08,2497177.88,9.56,180,6,N,N
LOAN_0001017,CUST_09455,Personal,2026-02-03,180354.54,10.85,36,2,N,N
LOAN_0001018,CUST_08048,Personal,2021-08-28,493340.69,15.42,24,1,N,N
LOAN_0001019,CUST_04665,Education,2024-11-20,1957972.13,12.17,120,6,N,N
LOAN_0001020,CUST_04055,Home,2022-03-06,5377954.24,8.39,240,5,N,N
LOAN_0001021,CUST_03067,Education,2025-08-05,1220528.96,11.37,60,9,N,N
LOAN_0001022,CUST_02562,Education,2021-03-26,289970.16,12.08,60,10,N,N
LOAN_0001023,CUST_00747,Personal,2026-06-18,888459.03,14.0,60,3,N,N
LOAN_0001024,CUST_04015,Auto,2025-06-06,789365.96,11.02,72,5,N,N
LOAN_0001025,CUST_07446,Auto,2024-08-06,1513971.9,10.71,48,25,N,N
LOAN_0001026,CUST_06405,Home,2025-12-04,5242202.82,7.35,240,8,N,N
LOAN_0001027,CUST_03502,Personal,2022-06-18,695693.12,16.17,24,19,N,N
LOAN_0001028,CUST_08024,Auto,2024-02-02,1444165.8,12.65,60,6,N,N
LOAN_0001029,CUST_03588,Personal,2024-03-01,121358.58,14.93,24,0,N,N
LOAN_0001030,CUST_07624,Auto,2025-04-09,2233613.92,8.27,72,0,N,N
LOAN_0001031,CUST_09607,Home,2023-09-02,9868262.55,7.16,120,2,N,N
LOAN_0001032,CUST_01210,Home,2022-07-07,2693478.23,9.21,180,2,N,N
LOAN_0001033,CUST_03026,Personal,2022-10-17,1099251.82,12.44,36,15,N,N
LOAN_0001034,CUST_00336,Auto,2024-09-05,2008831.97,8.77,48,1,N,N
LOAN_0001035,CUST_00348,Home,2021-05-01,6593947.84,7.04,120,3,N,N
LOAN_0001036,CUST_06842,Home,2022-08-11,8429221.97,9.67,180,3,N,N
LOAN_0001037,CUST_03907,Education,2021-06-09,1905962.35,7.79,60,8,N,N
LOAN_0001038,CUST_07638,Personal,2023-01-06,575141.63,12.47,48,90,Y,Y
LOAN_0001039,CUST_04498,Home,2024-07-23,7571691.3,9.69,180,10,N,N
LOAN_0001040,CUST_04776,Personal,2024-06-13,1095017.03,16.68,60,2,N,N
LOAN_0001041,CUST_04190,Auto,2023-01-15,450441.56,11.46,60,3,N,N
LOAN_0001042,CUST_07566,Auto,2023-02-19,1153972.54,8.11,72,0,N,N
LOAN_0001043,CUST_09926,Auto,2024-11-14,1812395.46,8.4,72,8,N,N
LOAN_0001044,CUST_08894,Personal,2025-01-17,512863.67,16.83,48,0,N,N
LOAN_0001045,CUST_01046,Home,2026-02-15,4569341.06,7.76,180,4,N,N
LOAN_0001046,CUST_06705,Home,2026-07-14,7269471.26,7.99,300,10,N,N
LOAN_0001047,CUST_05688,Personal,2022-05-21,447106.6,11.41,48,15,N,N
LOAN_0001048,CUST_01625,Personal,2025-02-08,329113.24,15.53,24,4,N,N
LOAN_0001049,CUST_01303,Home,2024-01-21,9336947.83,8.1,300,1,N,N
LOAN_0001050,CUST_05583,Personal,2023-01-13,1110447.23,10.98,36,14,N,N
LOAN_0001051,CUST_07946,Home,2022-06-25,9569704.75,7.36,300,3,N,N
LOAN_0001052,CUST_08880,Home,2023-10-10,3040861.89,9.64,240,19,N,N
LOAN_0001053,CUST_02229,Home,2023-01-16,6517476.52,9.34,120,26,N,N
LOAN_0001054,CUST_00921,Home,2024-03-25,9770161.19,7.3,300,0,N,N
LOAN_0001055,CUST_04480,Home,2024-11-26,4710020.53,8.43,300,2,N,N
LOAN_0001056,CUST_01438,Personal,2023-10-13,1121637.66,16.79,48,0,N,N
LOAN_0001057,CUST_06326,Auto,2022-06-20,2410867.21,10.3,72,9,N,N
LOAN_0001058,CUST_04722,Personal,2025-06-20,320298.75,16.18,24,10,N,N
LOAN_0001059,CUST_03818,Personal,2025-12-28,651243.21,11.54,24,0,N,N
LOAN_0001060,CUST_03749,Personal,2024-05-10,707179.67,16.99,48,1,N,N
LOAN_0001061,CUST_00888,Home,2021-07-25,8969143.71,8.05,120,10,N,N
LOAN_0001062,CUST_09120,Home,2026-02-23,6013569.5,9.35,180,75,N,N
LOAN_0001063,CUST_03740,Education,2026-02-24,1785644.37,11.48,120,5,N,N
LOAN_0001064,CUST_05405,Education,2025-07-04,1843672.84,9.68,60,2,N,N
LOAN_0001065,CUST_06699,Home,2024-08-22,2327700.9,7.35,240,0,N,N
LOAN_0001066,CUST_06495,Home,2025-12-25,3758450.87,9.31,120,4,N,N
LOAN_0001067,CUST_06032,Auto,2022-02-14,1646530.37,10.02,72,3,N,N
LOAN_0001068,CUST_09674,Auto,2024-04-03,2018086.76,12.45,60,0,N,N
LOAN_0001069,CUST_02251,Home,2021-03-04,9666320.42,8.3,300,4,N,N
LOAN_0001070,CUST_04583,Personal,2021-04-22,640607.3,10.76,48,8,N,N
LOAN_0001071,CUST_04940,Personal,2021-09-16,695882.98,10.7,24,28,N,N
LOAN_0001072,CUST_07302,Personal,2024-12-31,1012314.09,13.32,24,7,N,N
LOAN_0001073,CUST_06916,Auto,2022-12-08,747835.31,8.5,48,2,N,N
LOAN_0001074,CUST_03298,Home,2024-08-18,9893970.53,9.4,240,120,Y,Y
LOAN_0001075,CUST_08464,Auto,2024-04-11,496446.03,8.33,36,1,N,N
LOAN_0001076,CUST_03687,Home,2026-02-27,5739435.34,9.71,300,2,N,N
LOAN_0001077,CUST_00509,Personal,2025-11-08,415674.76,14.39,24,6,N,N
LOAN_0001078,CUST_02980,Personal,2025-09-11,380444.57,17.11,48,12,N,N
LOAN_0001079,CUST_06710,Personal,2025-07-22,310921.38,14.5,48,6,N,N
LOAN_0001080,CUST_07290,Personal,2021-03-22,1338942.36,17.72,24,11,N,N
LOAN_0001081,CUST_04893,Auto,2021-05-03,799185.64,11.79,36,23,N,N
LOAN_0001082,CUST_03650,Home,2024-10-16,8695547.83,7.29,240,1,N,N
LOAN_0001083,CUST_03528,Auto,2023-02-04,1782685.85,10.53,36,16,N,N
LOAN_0001084,CUST_00570,Auto,2026-03-05,2106523.41,12.85,60,1,N,N
LOAN_0001085,CUST_08334,Home,2024-03-27,4946624.69,10.28,240,5,N,N
LOAN_0001086,CUST_03799,Personal,2025-05-29,478751.75,13.97,48,6,N,N
LOAN_0001087,CUST_01223,Education,2024-11-09,1124438.61,10.05,84,13,N,N
LOAN_0001088,CUST_05388,Home,2023-03-01,9348066.6,10.26,180,2,N,N
LOAN_0001089,CUST_06461,Personal,2023-11-03,263959.41,16.93,60,2,N,N
LOAN_0001090,CUST_01812,Auto,2023-12-25,1514878.13,10.52,72,0,N,N
LOAN_0001091,CUST_07526,Auto,2022-04-24,587857.28,12.68,36,1,N,N
LOAN_0001092,CUST_00761,Personal,2025-06-19,956366.68,16.94,60,4,N,N
LOAN_0001093,CUST_05226,Auto,2021-01-09,1625132.51,12.32,48,2,N,N
LOAN_0001094,CUST_09627,Auto,2022-09-02,823093.66,8.8,48,4,N,N
LOAN_0001095,CUST_01909,Home,2021-03-21,7673836.54,9.79,120,8,N,N
LOAN_0001096,CUST_01855,Auto,2026-05-27,1447263.43,10.5,48,7,N,N
LOAN_0001097,CUST_04215,Home,2023-09-03,3376606.22,7.46,300,8,N,N
LOAN_0001098,CUST_01520,Home,2025-12-17,8774455.12,8.26,300,1,N,N
LOAN_0001099,CUST_06012,Home,2022-09-04,4107547.25,10.15,240,16,N,N
LOAN_0001100,CUST_01056,Home,2025-12-25,5320783.06,8.92,180,2,N,N
LOAN_0001101,CUST_10190,Auto,2025-07-21,1670163.11,12.88,48,8,N,N
LOAN_0001102,CUST_01497,Auto,2024-08-03,1402639.16,9.53,48,1,N,N
LOAN_0001103,CUST_07790,Personal,2022-10-15,209650.32,16.34,36,4,N,N
LOAN_0001104,CUST_01422,Home,2025-10-18,2865481.62,9.26,300,0,N,N
LOAN_0001105,CUST_07159,Personal,2024-11-06,1429418.36,13.27,48,0,N,N
LOAN_0001106,CUST_00094,Personal,2021-02-24,1255669.59,13.69,48,18,N,N
LOAN_0001107,CUST_02504,Personal,2025-07-14,712617.8,12.39,48,2,N,N
LOAN_0001108,CUST_08582,Education,2025-08-22,533152.09,11.86,84,3,N,N
LOAN_0001109,CUST_07179,Auto,2021-07-12,1641695.07,12.12,60,27,N,N
LOAN_0001110,CUST_05319,Auto,2021-03-10,422167.46,11.6,72,8,N,N
LOAN_0001111,CUST_01913,Education,2026-06-13,1319542.8,12.08,60,12,N,N
LOAN_0001112,CUST_00718,Auto,2024-05-27,1959884.18,8.51,72,4,N,N
LOAN_0001113,CUST_05734,Auto,2025-11-05,2070892.97,11.31,36,25,N,N
LOAN_0001114,CUST_03401,Education,2026-05-03,323096.35,11.47,60,9,N,N
LOAN_0001115,CUST_05672,Education,2026-01-11,383210.37,10.66,60,7,N,N
LOAN_0001116,CUST_01139,Education,2021-01-10,802580.73,8.35,60,2,N,N
LOAN_0001117,CUST_05012,Home,2022-05-17,2739966.65,7.32,300,6,N,N
LOAN_0001118,CUST_06545,Personal,2021-10-11,1122620.53,13.54,48,0,N,N
LOAN_0001119,CUST_08474,Home,2025-06-16,2041651.57,7.24,120,1,N,N
LOAN_0001120,CUST_06060,Home,2022-12-21,7893120.06,9.69,180,3,N,N
LOAN_0001121,CUST_06673,Education,2023-12-07,1446883.39,7.58,120,3,N,N
LOAN_0001122,CUST_09646,Personal,2023-09-10,574050.38,12.55,60,4,N,N
LOAN_0001123,CUST_04599,Home,2023-02-09,9115101.11,8.68,300,10,N,N
LOAN_0001124,CUST_03720,Personal,2023-05-28,461956.82,17.93,60,4,N,N
LOAN_0001125,CUST_07417,Auto,2022-06-19,1747170.44,11.42,60,12,N,N
LOAN_0001126,CUST_09031,Home,2021-08-06,4471870.52,10.2,300,10,N,N
LOAN_0001127,CUST_08157,Personal,2023-11-29,781391.61,16.56,60,8,N,N
LOAN_0001128,CUST_02748,Auto,2021-04-11,2243957.71,8.5,72,5,N,N
LOAN_0001129,CUST_09410,Auto,2021-01-10,1583387.27,12.15,36,8,N,N
LOAN_0001130,CUST_05291,Education,2025-08-08,380275.3,9.23,60,60,N,N
LOAN_0001131,CUST_07448,Home,2023-12-11,2125604.43,7.92,240,9,N,N
LOAN_0001132,CUST_06688,Home,2025-11-04,8613405.67,9.97,300,7,N,N
LOAN_0001133,CUST_06005,Education,2026-05-07,304179.04,9.68,120,1,N,N
LOAN_0001134,CUST_04430,Personal,2021-02-14,353023.94,17.85,36,1,N,N
LOAN_0001135,CUST_04742,Home,2023-04-16,9648175.32,8.48,240,2,N,N
LOAN_0001136,CUST_01057,Home,2022-10-06,6859883.04,7.73,240,5,N,N
LOAN_0001137,CUST_09172,Personal,2026-05-28,123010.44,10.57,24,1,N,N
LOAN_0001138,CUST_01886,Personal,2022-12-22,1012062.23,12.25,36,3,N,N
LOAN_0001139,CUST_05757,Home,2026-06-18,4133363.44,9.03,240,4,N,N
LOAN_0001140,CUST_01353,Personal,2023-04-28,927293.18,13.17,48,20,N,N
LOAN_0001141,CUST_08245,Home,2025-02-02,8215021.07,9.59,180,1,N,N
LOAN_0001142,CUST_08098,Education,2024-11-08,1106025.36,8.22,120,0,N,N
LOAN_0001143,CUST_03171,Auto,2026-03-07,698255.19,9.13,60,3,N,N
LOAN_0001144,CUST_06013,Personal,2024-08-27,404242.99,15.8,48,5,N,N
LOAN_0001145,CUST_04160,Home,2022-09-25,8258838.76,7.18,180,22,N,N
LOAN_0001146,CUST_09532,Auto,2026-06-06,1051339.85,8.67,36,1,N,N
LOAN_0001147,CUST_03410,Auto,2024-05-25,2066101.02,10.3,72,6,N,N
LOAN_0001148,CUST_02638,Personal,2024-03-11,1100737.05,11.95,60,8,N,N
LOAN_0001149,CUST_00038,Home,2023-07-31,2011280.41,9.28,300,4,N,N
LOAN_0001150,CUST_06247,Auto,2022-02-08,2101961.43,12.7,72,12,N,N
LOAN_0001151,CUST_03394,Home,2023-01-27,6750396.23,7.32,120,6,N,N
LOAN_0001152,CUST_07395,Personal,2021-07-19,1211306.63,16.31,36,12,N,N
LOAN_0001153,CUST_04864,Auto,2024-09-04,2047711.0,9.75,72,3,N,N
LOAN_0001154,CUST_01990,Personal,2021-12-23,468694.52,12.08,36,7,N,N
LOAN_0001155,CUST_06761,Home,2021-01-07,6988063.42,8.2,300,14,N,N
LOAN_0001156,CUST_01430,Personal,2026-03-30,1155187.14,14.12,36,0,N,N
LOAN_0001157,CUST_07896,Home,2022-01-02,7654886.67,8.89,300,7,N,N
LOAN_0001158,CUST_08107,Personal,2023-10-11,324821.33,13.98,24,0,N,N
LOAN_0001159,CUST_05804,Personal,2022-03-12,548308.71,11.66,24,9,N,N
LOAN_0001160,CUST_06199,Auto,2024-06-24,1492580.8,10.09,36,21,N,N
LOAN_0001161,CUST_08280,Personal,2021-01-24,1100139.4,13.23,24,1,N,N
LOAN_0001162,CUST_05311,Auto,2025-10-07,2306518.91,12.2,60,2,N,N
LOAN_0001163,CUST_10018,Auto,2022-03-29,553139.68,10.39,60,1,N,N
LOAN_0001164,CUST_04314,Home,2024-10-03,9085758.14,10.32,300,1,N,N
LOAN_0001165,CUST_02802,Home,2026-02-02,9944413.02,7.37,240,3,N,N
LOAN_0001166,CUST_08779,Home,2024-12-19,8400608.71,9.46,240,4,N,N
LOAN_0001167,CUST_01730,Auto,2025-01-28,1947135.63,11.87,60,1,N,N
LOAN_0001168,CUST_07000,Personal,2023-07-20,618845.6,16.35,48,9,N,N
LOAN_0001169,CUST_04396,Home,2023-05-20,4208055.14,8.52,300,4,N,N
LOAN_0001170,CUST_05775,Personal,2026-03-13,639336.33,12.89,60,9,N,N
LOAN_0001171,CUST_05145,Auto,2022-10-16,812290.74,11.2,72,2,N,N
LOAN_0001172,CUST_00387,Education,2025-02-09,556232.97,8.97,120,4,N,N
LOAN_0001173,CUST_06645,Auto,2022-05-28,1644191.39,10.33,72,18,N,N
LOAN_0001174,CUST_09210,Education,2023-10-12,949561.52,9.6,84,6,N,N
LOAN_0001175,CUST_02689,Home,2026-01-21,3452727.49,9.61,120,17,N,N
LOAN_0001176,CUST_01527,Home,2024-06-07,2125347.99,7.07,300,14,N,N
LOAN_0001177,CUST_01957,Home,2025-10-24,7468438.27,7.55,300,7,N,N
LOAN_0001178,CUST_04873,Personal,2022-11-16,1200151.9,17.29,24,47,N,N
LOAN_0001179,CUST_09388,Home,2023-04-23,6504014.82,8.96,120,3,N,N
LOAN_0001180,CUST_08174,Personal,2023-07-03,437540.86,10.72,36,12,N,N
LOAN_0001181,CUST_04724,Home,2022-10-06,8422497.16,7.34,180,0,N,N
LOAN_0001182,CUST_00884,Auto,2026-03-16,2402886.35,8.64,36,5,N,N
LOAN_0001183,CUST_00265,Education,2023-07-16,679920.97,9.15,60,0,N,N
LOAN_0001184,CUST_08876,Personal,2022-03-02,246130.24,13.09,24,15,N,N
LOAN_0001185,CUST_03513,Home,2026-04-12,6729307.44,10.19,120,10,N,N
LOAN_0001186,CUST_09142,Personal,2023-07-11,1434508.48,17.43,60,3,N,N
LOAN_0001187,CUST_08944,Auto,2022-04-07,1459369.81,8.59,36,30,N,N
LOAN_0001188,CUST_06627,Auto,2022-12-30,1997801.54,9.62,36,18,N,N
LOAN_0001189,CUST_01327,Personal,2026-01-11,1440053.18,10.89,36,5,N,N
LOAN_0001190,CUST_02037,Personal,2024-08-16,1061025.54,16.98,60,0,N,N
LOAN_0001191,CUST_00818,Home,2022-07-25,8257999.43,10.27,120,1,N,N
LOAN_0001192,CUST_02797,Education,2024-03-08,1441930.98,8.65,84,75,N,N
LOAN_0001193,CUST_08113,Personal,2021-08-04,701885.56,13.74,36,0,N,N
LOAN_0001194,CUST_08192,Home,2024-06-30,3866212.59,7.23,180,5,N,N
LOAN_0001195,CUST_00077,Auto,2021-01-04,1524055.53,9.68,60,44,N,N
LOAN_0001196,CUST_09007,Personal,2021-10-29,827248.68,16.29,24,4,N,N
LOAN_0001197,CUST_06854,Personal,2026-05-20,518064.47,16.98,60,4,N,N
LOAN_0001198,CUST_03274,Personal,2023-12-02,183174.22,10.73,36,0,N,N
LOAN_0001199,CUST_04075,Home,2024-07-03,8581526.4,7.36,180,4,N,N
LOAN_0001200,CUST_05982,Home,2025-05-06,8864103.28,8.9,120,1,N,N
LOAN_0001201,CUST_08492,Auto,2026-01-10,1262839.55,12.24,36,3,N,N
LOAN_0001202,CUST_07636,Home,2025-06-29,5982492.66,9.91,240,4,N,N
LOAN_0001203,CUST_02549,Home,2022-01-13,4505601.73,7.32,180,7,N,N
LOAN_0001204,CUST_02367,Home,2024-01-20,4390737.05,7.94,240,10,N,N
LOAN_0001205,CUST_04157,Education,2022-01-25,876554.99,10.44,60,18,N,N
LOAN_0001206,CUST_01735,Personal,2023-01-06,182260.6,12.05,48,1,N,N
LOAN_0001207,CUST_09304,Home,2025-10-16,5837620.57,9.83,240,6,N,N
LOAN_0001208,CUST_00320,Home,2026-04-11,9397520.27,8.13,240,0,N,N
LOAN_0001209,CUST_03553,Personal,2025-03-16,539164.15,15.22,60,7,N,N
LOAN_0001210,CUST_02610,Personal,2024-02-12,1073715.37,14.76,48,2,N,N
LOAN_0001211,CUST_03789,Education,2023-09-01,713710.12,11.8,84,8,N,N
LOAN_0001212,CUST_06445,Home,2023-03-10,6325258.63,8.02,120,9,N,N
LOAN_0001213,CUST_05139,Home,2025-06-13,4278525.37,9.35,120,10,N,N
LOAN_0001214,CUST_01784,Auto,2021-10-30,1941674.5,9.95,60,23,N,N
LOAN_0001215,CUST_06880,Auto,2023-10-27,1082619.62,11.66,60,9,N,N
LOAN_0001216,CUST_08315,Education,2023-01-19,524696.49,8.76,120,14,N,N
LOAN_0001217,CUST_08916,Home,2022-08-08,3414102.45,9.6,120,14,N,N
LOAN_0001218,CUST_10102,Auto,2022-11-28,1701872.98,11.16,48,10,N,N
LOAN_0001219,CUST_05904,Home,2025-01-27,2075410.13,7.05,240,6,N,N
LOAN_0001220,CUST_02102,Personal,2025-11-07,847887.92,11.16,24,1,N,N
LOAN_0001221,CUST_02785,Education,2022-02-23,483892.72,8.65,120,0,N,N
LOAN_0001222,CUST_05379,Auto,2021-07-06,1622402.98,10.42,36,2,N,N
LOAN_0001223,CUST_06023,Personal,2023-10-01,985257.39,12.99,36,5,N,N
LOAN_0001224,CUST_06348,Home,2025-09-05,5277360.32,7.82,240,0,N,N
LOAN_0001225,CUST_02151,Education,2022-01-12,881906.93,10.02,60,9,N,N
LOAN_0001226,CUST_00013,Personal,2024-07-22,1117242.06,11.78,60,0,N,N
LOAN_0001227,CUST_01613,Home,2021-08-04,9679557.36,10.2,180,5,N,N
LOAN_0001228,CUST_10073,Auto,2022-08-13,2058051.9,12.09,60,3,N,N
LOAN_0001229,CUST_02081,Personal,2021-04-09,201249.72,17.48,36,7,N,N
LOAN_0001230,CUST_07214,Personal,2022-05-29,412820.58,15.39,48,5,N,N
LOAN_0001231,CUST_02266,Home,2021-11-29,6805487.61,8.12,120,0,N,N
LOAN_0001232,CUST_01255,Personal,2021-03-26,354748.78,11.2,60,32,N,N
LOAN_0001233,CUST_05696,Auto,2023-07-22,1485481.84,8.64,36,6,N,N
LOAN_0001234,CUST_08024,Personal,2023-07-03,260833.75,15.2,48,20,N,N
LOAN_0001235,CUST_09175,Personal,2026-03-08,1227242.3,14.42,48,17,N,N
LOAN_0001236,CUST_09738,Home,2023-09-16,7377290.69,9.56,240,14,N,N
LOAN_0001237,CUST_06487,Education,2022-10-10,1015781.67,8.89,60,12,N,N
LOAN_0001238,CUST_03805,Home,2022-10-23,9456744.28,9.11,120,2,N,N
LOAN_0001239,CUST_01364,Auto,2021-03-16,447642.17,11.13,36,3,N,N
LOAN_0001240,CUST_10172,Personal,2021-02-15,618384.79,15.26,36,0,N,N
LOAN_0001241,CUST_04741,Personal,2023-01-17,1396897.67,11.0,24,1,N,N
LOAN_0001242,CUST_03946,Auto,2023-01-06,1711671.79,10.2,72,4,N,N
LOAN_0001243,CUST_08436,Auto,2022-06-16,1042923.43,8.39,48,10,N,N
LOAN_0001244,CUST_08880,Home,2023-12-26,8604671.33,10.22,240,8,N,N
LOAN_0001245,CUST_04522,Personal,2025-06-24,653191.76,13.63,36,11,N,N
LOAN_0001246,CUST_01271,Home,2021-03-27,7515516.1,9.77,300,0,N,N
LOAN_0001247,CUST_06348,Personal,2025-07-13,641014.83,16.02,60,1,N,N
LOAN_0001248,CUST_03403,Auto,2021-12-02,2006452.38,10.97,36,2,N,N
LOAN_0001249,CUST_04246,Education,2023-08-09,1623576.04,11.51,60,0,N,N
LOAN_0001250,CUST_03492,Home,2021-04-29,5404391.63,7.54,180,6,N,N
LOAN_0001251,CUST_00864,Personal,2026-05-05,321451.5,10.68,48,1,N,N
LOAN_0001252,CUST_09517,Personal,2022-02-22,1389406.74,14.71,60,150,Y,Y
LOAN_0001253,CUST_03117,Home,2024-01-18,5435604.73,7.48,240,5,N,N
LOAN_0001254,CUST_02413,Education,2022-12-04,305298.44,11.28,120,0,N,N
LOAN_0001255,CUST_03148,Personal,2025-12-25,1202018.71,16.34,48,0,N,N
LOAN_0001256,CUST_04728,Personal,2025-10-31,820770.13,10.75,60,16,N,N
LOAN_0001257,CUST_01542,Personal,2021-04-13,375555.3,16.64,36,9,N,N
LOAN_0001258,CUST_02323,Personal,2022-11-16,984278.78,11.24,24,0,N,N
LOAN_0001259,CUST_02588,Personal,2023-11-26,451016.48,11.73,48,2,N,N
LOAN_0001260,CUST_08092,Personal,2022-06-27,931509.03,17.78,48,3,N,N
LOAN_0001261,CUST_02998,Home,2024-05-24,5465411.02,7.05,180,3,N,N
LOAN_0001262,CUST_05732,Home,2022-04-20,4173458.14,8.82,180,11,N,N
LOAN_0001263,CUST_03543,Home,2025-08-14,9833849.67,9.21,120,3,N,N
LOAN_0001264,CUST_02271,Personal,2021-06-29,205983.23,17.45,60,23,N,N
LOAN_0001265,CUST_00390,Home,2025-08-22,8050058.96,8.86,180,5,N,N
LOAN_0001266,CUST_02510,Personal,2023-11-07,599068.01,17.58,24,3,N,N
LOAN_0001267,CUST_04298,Auto,2022-03-26,1779818.62,12.5,48,7,N,N
LOAN_0001268,CUST_10042,Education,2021-02-11,822132.35,11.38,120,7,N,N
LOAN_0001269,CUST_09161,Education,2025-01-03,733603.2,8.07,60,17,N,N
LOAN_0001270,CUST_00811,Personal,2026-03-11,1111443.95,17.57,60,5,N,N
LOAN_0001271,CUST_09232,Home,2023-03-13,2860398.94,7.29,300,150,Y,Y
LOAN_0001272,CUST_03023,Education,2022-12-01,1601095.88,8.09,60,3,N,N
LOAN_0001273,CUST_04786,Education,2023-11-10,1143531.8,12.35,60,3,N,N
LOAN_0001274,CUST_07751,Education,2023-04-13,659968.6,12.2,84,2,N,N
LOAN_0001275,CUST_01763,Home,2024-01-10,8658947.37,7.63,180,20,N,N
LOAN_0001276,CUST_04357,Personal,2022-09-18,825368.64,15.88,24,6,N,N
LOAN_0001277,CUST_00588,Home,2026-07-03,3307353.79,7.42,240,12,N,N
LOAN_0001278,CUST_07225,Auto,2022-10-26,1460835.0,12.55,36,9,N,N
LOAN_0001279,CUST_07523,Education,2024-03-17,1453544.86,7.7,120,6,N,N
LOAN_0001280,CUST_00438,Education,2022-07-27,228070.36,12.31,84,11,N,N
LOAN_0001281,CUST_08825,Home,2021-07-17,4956690.76,8.16,120,15,N,N
LOAN_0001282,CUST_08286,Education,2022-07-10,1171837.37,11.53,60,0,N,N
LOAN_0001283,CUST_04152,Personal,2022-04-30,448750.56,15.54,24,20,N,N
LOAN_0001284,CUST_05882,Home,2025-08-22,9603229.94,9.44,300,7,N,N
LOAN_0001285,CUST_07802,Auto,2023-09-21,655680.79,10.39,72,6,N,N
LOAN_0001286,CUST_02034,Personal,2026-05-28,300681.75,11.68,60,23,N,N
LOAN_0001287,CUST_02333,Auto,2026-03-09,737698.24,10.55,48,0,N,N
LOAN_0001288,CUST_04667,Personal,2022-08-25,359456.13,14.19,36,5,N,N
LOAN_0001289,CUST_06214,Home,2025-08-08,4704005.86,7.2,300,11,N,N
LOAN_0001290,CUST_03613,Personal,2021-11-24,651545.96,16.4,48,2,N,N
LOAN_0001291,CUST_03339,Personal,2022-02-13,1243999.88,14.62,24,9,N,N
LOAN_0001292,CUST_07787,Personal,2022-03-21,1032326.8,13.35,60,7,N,N
LOAN_0001293,CUST_08787,Home,2024-11-07,5735572.28,10.03,240,15,N,N
LOAN_0001294,CUST_09103,Home,2021-10-24,4451060.31,10.0,240,0,N,N
LOAN_0001295,CUST_05762,Home,2021-05-14,4412566.7,10.41,180,8,N,N
LOAN_0001296,CUST_02948,Education,2023-04-05,1950169.02,11.25,84,7,N,N
LOAN_0001297,CUST_08145,Auto,2025-10-02,538187.28,10.94,72,1,N,N
LOAN_0001298,CUST_00260,Auto,2022-05-01,413863.29,12.81,36,0,N,N
LOAN_0001299,CUST_02878,Auto,2022-08-26,1333929.89,9.68,48,3,N,N
LOAN_0001300,CUST_01959,Home,2022-05-11,5733998.01,9.75,300,10,N,N
LOAN_0001301,CUST_08096,Auto,2025-11-21,1182945.37,11.19,60,7,N,N
LOAN_0001302,CUST_00182,Auto,2024-12-05,928224.83,11.84,60,0,N,N
LOAN_0001303,CUST_10120,Personal,2024-11-24,175407.6,12.99,60,60,N,N
LOAN_0001304,CUST_08119,Home,2024-03-10,3318528.25,8.51,180,0,N,N
LOAN_0001305,CUST_03066,Personal,2026-02-24,874237.19,15.59,24,1,N,N
LOAN_0001306,CUST_08352,Education,2022-04-17,399712.19,7.54,60,8,N,N
LOAN_0001307,CUST_03793,Auto,2024-02-18,1185175.73,12.05,48,2,N,N
LOAN_0001308,CUST_01773,Education,2022-05-04,1046144.15,11.88,120,12,N,N
LOAN_0001309,CUST_06133,Personal,2026-01-12,1338312.63,14.57,60,3,N,N
LOAN_0001310,CUST_05906,Personal,2024-01-29,996080.58,12.25,24,14,N,N
LOAN_0001311,CUST_07299,Auto,2023-08-02,1732592.7,10.88,72,16,N,N
LOAN_0001312,CUST_01010,Personal,2025-02-05,1394770.85,15.61,60,3,N,N
LOAN_0001313,CUST_04379,Personal,2023-06-22,533478.5,12.93,24,3,N,N
LOAN_0001314,CUST_04470,Education,2024-06-05,1781877.01,8.56,84,4,N,N
LOAN_0001315,CUST_01796,Home,2023-08-16,4597670.27,9.34,180,6,N,N
LOAN_0001316,CUST_04070,Home,2021-07-24,8141690.11,9.68,300,6,N,N
LOAN_0001317,CUST_05867,Home,2025-04-14,2678325.62,9.47,240,6,N,N
LOAN_0001318,CUST_06254,Home,2021-10-04,9825233.36,9.61,180,31,N,N
LOAN_0001319,CUST_01519,Personal,2023-04-29,357118.62,12.73,24,17,N,N
LOAN_0001320,CUST_02885,Auto,2023-01-17,974935.37,11.34,60,4,N,N
LOAN_0001321,CUST_00110,Auto,2026-03-24,403085.5,11.96,60,7,N,N
LOAN_0001322,CUST_06313,Auto,2022-11-19,1921002.23,8.83,36,19,N,N
LOAN_0001323,CUST_08568,Auto,2021-09-07,2139582.99,8.78,60,0,N,N
LOAN_0001324,CUST_09918,Personal,2021-08-04,1320637.34,15.58,60,0,N,N
LOAN_0001325,CUST_04460,Home,2026-04-26,6965614.86,9.33,120,1,N,N
LOAN_0001326,CUST_01059,Home,2026-06-23,5362235.23,10.25,240,14,N,N
LOAN_0001327,CUST_09423,Home,2023-07-14,9137607.9,8.86,300,0,N,N
LOAN_0001328,CUST_09558,Auto,2021-06-30,1403728.46,10.59,60,4,N,N
LOAN_0001329,CUST_00217,Education,2022-06-19,756836.8,9.48,84,24,N,N
LOAN_0001330,CUST_01697,Home,2025-05-17,9347204.41,7.41,240,5,N,N
LOAN_0001331,CUST_00569,Home,2021-03-22,9455548.58,7.17,300,9,N,N
LOAN_0001332,CUST_09877,Home,2024-09-18,2989230.03,7.31,240,5,N,N
LOAN_0001333,CUST_03878,Personal,2026-05-13,449929.61,13.97,60,0,N,N
LOAN_0001334,CUST_05709,Home,2024-09-27,3244103.49,7.59,240,8,N,N
LOAN_0001335,CUST_08173,Home,2024-04-10,8445358.11,10.41,240,1,N,N
LOAN_0001336,CUST_10035,Auto,2023-10-11,2494737.56,10.65,60,11,N,N
LOAN_0001337,CUST_06375,Auto,2021-02-12,1354091.56,8.75,48,1,N,N
LOAN_0001338,CUST_00607,Personal,2022-11-13,1312695.27,10.84,24,15,N,N
LOAN_0001339,CUST_00065,Personal,2022-08-21,607588.43,12.01,48,4,N,N
LOAN_0001340,CUST_05085,Personal,2021-01-03,1496661.2,12.62,36,0,N,N
LOAN_0001341,CUST_07835,Personal,2025-02-22,860436.86,12.99,36,4,N,N
LOAN_0001342,CUST_07262,Auto,2023-07-02,1919290.01,8.94,60,2,N,N
LOAN_0001343,CUST_00026,Home,2021-10-17,3389331.33,9.98,240,1,N,N
LOAN_0001344,CUST_04458,Auto,2023-05-08,1372730.2,12.89,60,0,N,N
LOAN_0001345,CUST_09386,Education,2021-02-16,1761280.54,11.45,84,20,N,N
LOAN_0001346,CUST_00102,Auto,2021-09-14,1663019.22,9.6,60,10,N,N
LOAN_0001347,CUST_03394,Personal,2021-04-12,1239904.27,13.02,60,11,N,N
LOAN_0001348,CUST_03614,Auto,2024-11-25,2341771.27,10.07,48,10,N,N
LOAN_0001349,CUST_03195,Auto,2025-05-04,1835286.5,11.81,72,4,N,N
LOAN_0001350,CUST_00979,Auto,2026-03-10,1212426.13,11.49,48,0,N,N
LOAN_0001351,CUST_09171,Home,2026-05-16,7222102.44,7.29,300,3,N,N
LOAN_0001352,CUST_09151,Personal,2021-03-22,1330361.05,14.52,48,0,N,N
LOAN_0001353,CUST_00629,Home,2021-04-27,8319418.57,9.37,300,10,N,N
LOAN_0001354,CUST_04985,Education,2024-05-22,1154998.08,12.48,60,0,N,N
LOAN_0001355,CUST_03062,Education,2023-05-18,1566147.69,7.76,60,21,N,N
LOAN_0001356,CUST_03661,Auto,2025-01-23,1574968.96,9.93,72,0,N,N
LOAN_0001357,CUST_00656,Home,2022-09-27,4461462.78,8.85,180,0,N,N
LOAN_0001358,CUST_08584,Home,2022-10-25,9983722.83,7.03,120,1,N,N
LOAN_0001359,CUST_09457,Education,2023-12-01,1552076.98,9.34,60,1,N,N
LOAN_0001360,CUST_09526,Personal,2024-03-13,725726.99,15.02,24,13,N,N
LOAN_0001361,CUST_07974,Home,2022-02-21,9636533.44,7.17,300,95,Y,Y
LOAN_0001362,CUST_03638,Home,2025-07-08,8341865.34,7.03,240,6,N,N
LOAN_0001363,CUST_03077,Auto,2022-01-08,806165.22,8.74,60,26,N,N
LOAN_0001364,CUST_01751,Auto,2023-02-09,1695863.66,10.36,72,32,N,N
LOAN_0001365,CUST_09379,Home,2024-06-10,9366663.56,7.54,240,4,N,N
LOAN_0001366,CUST_05459,Home,2021-11-30,7737886.0,10.28,180,4,N,N
LOAN_0001367,CUST_09590,Personal,2023-12-26,147557.72,12.23,36,12,N,N
LOAN_0001368,CUST_05501,Home,2024-03-03,2247235.43,8.53,240,11,N,N
LOAN_0001369,CUST_00582,Home,2022-09-09,2620710.94,7.65,120,1,N,N
LOAN_0001370,CUST_05194,Education,2023-01-01,752379.81,9.94,60,10,N,N
LOAN_0001371,CUST_04673,Home,2022-06-22,6331681.69,7.63,180,6,N,N
LOAN_0001372,CUST_02928,Home,2022-04-19,8387219.23,9.84,120,2,N,N
LOAN_0001373,CUST_09195,Home,2023-05-27,9825690.07,7.98,240,4,N,N
LOAN_0001374,CUST_05646,Home,2021-01-10,6511953.03,9.53,120,4,N,N
LOAN_0001375,CUST_06295,Auto,2024-08-12,502689.86,9.75,72,10,N,N
LOAN_0001376,CUST_09125,Auto,2022-06-11,457518.16,12.84,60,4,N,N
LOAN_0001377,CUST_05663,Auto,2024-05-22,2081859.9,11.25,36,2,N,N
LOAN_0001378,CUST_00156,Education,2022-05-04,905789.37,9.26,60,10,N,N
LOAN_0001379,CUST_08087,Home,2022-05-29,3751272.14,8.74,120,1,N,N
LOAN_0001380,CUST_06870,Home,2022-04-08,3920523.22,7.6,240,10,N,N
LOAN_0001381,CUST_08350,Personal,2022-02-09,925372.26,11.08,36,9,N,N
LOAN_0001382,CUST_03562,Auto,2025-05-07,1750785.55,12.25,36,60,N,N
LOAN_0001383,CUST_03527,Auto,2021-05-09,1072843.32,11.71,36,1,N,N
LOAN_0001384,CUST_06475,Auto,2022-01-29,963700.04,11.0,60,2,N,N
LOAN_0001385,CUST_07614,Personal,2023-06-19,333014.92,12.53,36,14,N,N
LOAN_0001386,CUST_06997,Personal,2023-02-23,998860.48,15.92,24,7,N,N
LOAN_0001387,CUST_09132,Personal,2025-04-30,594640.97,12.87,36,7,N,N
LOAN_0001388,CUST_07594,Personal,2023-02-27,1186265.28,12.43,48,6,N,N
LOAN_0001389,CUST_09843,Auto,2023-12-23,819929.69,11.79,36,4,N,N
LOAN_0001390,CUST_06841,Personal,2021-07-17,590590.97,14.96,24,16,N,N
LOAN_0001391,CUST_09482,Personal,2023-06-17,1385342.84,13.49,60,15,N,N
LOAN_0001392,CUST_08129,Home,2023-03-25,7209057.14,8.07,240,1,N,N
LOAN_0001393,CUST_04895,Auto,2025-01-26,463204.51,8.94,72,2,N,N
LOAN_0001394,CUST_02735,Personal,2024-07-01,262514.16,10.68,24,14,N,N
LOAN_0001395,CUST_01806,Home,2021-11-16,7675371.92,7.12,240,3,N,N
LOAN_0001396,CUST_09602,Personal,2022-09-15,613498.75,12.44,60,2,N,N
LOAN_0001397,CUST_05457,Personal,2021-09-13,855872.11,15.13,36,20,N,N
LOAN_0001398,CUST_01938,Personal,2026-07-05,484759.84,15.58,36,1,N,N
LOAN_0001399,CUST_01616,Auto,2025-03-30,1520284.98,9.62,60,16,N,N
LOAN_0001400,CUST_08351,Personal,2023-01-29,825278.37,17.84,60,21,N,N
LOAN_0001401,CUST_06288,Home,2022-08-24,6234098.22,7.58,240,50,N,N
LOAN_0001402,CUST_08467,Auto,2026-05-16,1292495.01,12.99,60,4,N,N
LOAN_0001403,CUST_09811,Home,2022-08-28,3882417.02,10.21,120,10,N,N
LOAN_0001404,CUST_10085,Auto,2026-03-08,1991099.0,10.16,48,7,N,N
LOAN_0001405,CUST_03482,Home,2023-03-08,6891430.46,7.96,180,8,N,N
LOAN_0001406,CUST_06312,Home,2024-10-29,7632661.5,7.44,240,3,N,N
LOAN_0001407,CUST_01257,Home,2024-05-09,2438385.95,8.65,240,3,N,N
LOAN_0001408,CUST_00295,Home,2025-09-03,8750256.92,7.78,180,10,N,N
LOAN_0001409,CUST_03468,Personal,2025-08-07,1355485.94,10.9,36,6,N,N
LOAN_0001410,CUST_04988,Education,2025-12-06,1244881.7,10.34,60,0,N,N
LOAN_0001411,CUST_06203,Personal,2022-09-27,161075.93,12.96,36,3,N,N
LOAN_0001412,CUST_10164,Home,2024-03-11,9402836.57,8.76,300,3,N,N
LOAN_0001413,CUST_00193,Personal,2022-04-14,562426.98,15.67,36,2,N,N
LOAN_0001414,CUST_09821,Auto,2026-01-11,1384764.2,11.41,72,3,N,N
LOAN_0001415,CUST_08892,Personal,2024-08-28,233124.43,12.29,36,4,N,N
LOAN_0001416,CUST_06832,Home,2023-06-30,3818792.27,10.05,240,1,N,N
LOAN_0001417,CUST_00612,Personal,2025-01-10,1334638.38,11.48,24,8,N,N
LOAN_0001418,CUST_09272,Personal,2024-06-04,501432.06,14.88,60,0,N,N
LOAN_0001419,CUST_03578,Education,2026-01-01,776713.03,12.39,84,0,N,N
LOAN_0001420,CUST_06971,Home,2026-07-04,9224517.18,9.12,120,6,N,N
LOAN_0001421,CUST_06328,Personal,2023-01-26,1218407.75,14.04,48,7,N,N
LOAN_0001422,CUST_05139,Home,2025-02-22,7917987.7,10.24,180,2,N,N
LOAN_0001423,CUST_03504,Home,2024-05-24,4321816.38,7.33,300,2,N,N
LOAN_0001424,CUST_09655,Home,2021-10-12,2452279.96,7.65,120,10,N,N
LOAN_0001425,CUST_00297,Personal,2023-06-09,473861.68,17.51,36,7,N,N
LOAN_0001426,CUST_03916,Home,2025-12-02,7784090.02,8.31,120,7,N,N
LOAN_0001427,CUST_10038,Home,2025-11-09,9072069.73,8.0,180,4,N,N
LOAN_0001428,CUST_06181,Personal,2022-05-02,1019004.68,16.91,60,21,N,N
LOAN_0001429,CUST_07728,Personal,2022-02-26,455485.66,17.24,36,2,N,N
LOAN_0001430,CUST_08656,Home,2021-12-19,2234182.2,9.92,300,2,N,N
LOAN_0001431,CUST_01404,Home,2024-04-15,4975342.46,9.87,240,1,N,N
LOAN_0001432,CUST_05641,Personal,2024-10-22,1318980.32,11.22,60,3,N,N
LOAN_0001433,CUST_01478,Education,2026-05-04,236264.19,7.59,84,0,N,N
LOAN_0001434,CUST_01206,Education,2024-07-29,1407366.53,9.58,84,3,N,N
LOAN_0001435,CUST_09173,Auto,2021-10-31,1728948.57,10.2,48,4,N,N
LOAN_0001436,CUST_05719,Home,2024-11-23,4546752.56,10.27,180,7,N,N
LOAN_0001437,CUST_05703,Personal,2026-01-20,703881.41,13.54,36,21,N,N
LOAN_0001438,CUST_00235,Personal,2025-12-17,1387006.71,13.11,60,24,N,N
LOAN_0001439,CUST_05752,Home,2025-03-28,5539948.62,7.99,240,13,N,N
LOAN_0001440,CUST_01404,Home,2023-07-21,6890686.16,8.09,180,1,N,N
LOAN_0001441,CUST_00038,Personal,2024-03-14,591735.64,11.72,24,6,N,N
LOAN_0001442,CUST_02460,Auto,2021-02-05,1679768.79,8.59,72,0,N,N
LOAN_0001443,CUST_00114,Home,2024-02-03,2372846.26,7.29,180,8,N,N
LOAN_0001444,CUST_08990,Home,2021-07-21,7388999.0,8.98,300,7,N,N
LOAN_0001445,CUST_09357,Home,2025-12-12,9273331.07,7.08,300,0,N,N
LOAN_0001446,CUST_06193,Personal,2021-12-24,912842.84,15.08,48,150,Y,Y
LOAN_0001447,CUST_01135,Auto,2024-10-22,1823770.6,12.72,72,11,N,N
LOAN_0001448,CUST_03025,Education,2025-11-02,758606.91,11.45,84,5,N,N
LOAN_0001449,CUST_01313,Personal,2022-03-20,686360.43,15.48,24,24,N,N
LOAN_0001450,CUST_00183,Auto,2025-11-16,865990.21,10.94,72,1,N,N
LOAN_0001451,CUST_08570,Personal,2023-10-04,311628.92,16.55,36,3,N,N
LOAN_0001452,CUST_03287,Education,2022-05-23,685938.37,9.34,84,19,N,N
LOAN_0001453,CUST_02525,Auto,2023-04-22,2161667.65,12.14,48,10,N,N
LOAN_0001454,CUST_00502,Home,2024-11-16,5277653.0,10.31,120,90,Y,Y
LOAN_0001455,CUST_07565,Education,2024-04-10,1658698.63,8.07,60,3,N,N
LOAN_0001456,CUST_04397,Education,2024-06-14,507232.57,9.68,60,14,N,N
LOAN_0001457,CUST_08841,Auto,2024-08-02,1027731.49,10.13,48,2,N,N
LOAN_0001458,CUST_03833,Education,2025-09-28,647520.77,9.18,60,2,N,N
LOAN_0001459,CUST_02336,Home,2026-02-02,9630583.69,9.39,300,2,N,N
LOAN_0001460,CUST_02059,Home,2025-05-17,6852957.21,9.48,120,18,N,N
LOAN_0001461,CUST_04158,Home,2025-02-05,8806375.55,9.91,300,8,N,N
LOAN_0001462,CUST_08089,Home,2023-11-28,9217907.13,10.41,300,11,N,N
LOAN_0001463,CUST_03918,Home,2024-11-21,2348510.12,8.44,120,15,N,N
LOAN_0001464,CUST_05637,Personal,2023-09-10,451392.31,15.8,60,0,N,N
LOAN_0001465,CUST_03154,Home,2023-10-11,7072487.92,9.83,180,2,N,N
LOAN_0001466,CUST_03112,Personal,2025-04-14,126302.93,13.29,48,3,N,N
LOAN_0001467,CUST_05992,Personal,2022-04-15,366117.1,13.31,60,12,N,N
LOAN_0001468,CUST_10135,Auto,2022-12-10,2184584.02,9.51,72,12,N,N
LOAN_0001469,CUST_04024,Personal,2021-03-08,411524.68,15.83,36,21,N,N
LOAN_0001470,CUST_01621,Personal,2026-05-22,860007.28,17.54,36,13,N,N
LOAN_0001471,CUST_08616,Auto,2022-07-20,1781901.37,11.72,60,3,N,N
LOAN_0001472,CUST_08469,Auto,2026-07-09,611889.7,11.32,48,6,N,N
LOAN_0001473,CUST_02186,Auto,2025-08-11,1406858.03,12.74,72,11,N,N
LOAN_0001474,CUST_04646,Auto,2025-11-08,1364723.27,12.11,60,1,N,N
LOAN_0001475,CUST_04469,Personal,2022-01-11,839871.38,12.12,36,6,N,N
LOAN_0001476,CUST_08493,Education,2026-07-07,1906345.62,8.9,84,4,N,N
LOAN_0001477,CUST_09891,Auto,2026-01-18,2450076.51,12.94,48,3,N,N
LOAN_0001478,CUST_07486,Auto,2024-01-16,1863950.46,9.82,60,0,N,N
LOAN_0001479,CUST_06596,Home,2021-11-06,8552441.43,7.02,300,0,N,N
LOAN_0001480,CUST_04099,Home,2021-03-27,9364559.7,9.45,300,3,N,N
LOAN_0001481,CUST_07752,Home,2026-06-23,9041884.64,8.47,240,16,N,N
LOAN_0001482,CUST_06571,Personal,2021-06-14,351107.14,14.94,48,9,N,N
LOAN_0001483,CUST_02092,Personal,2021-03-13,818232.51,11.24,24,15,N,N
LOAN_0001484,CUST_03095,Home,2022-03-12,3956530.06,9.46,300,0,N,N
LOAN_0001485,CUST_00295,Home,2024-06-16,6181143.04,10.2,120,2,N,N
LOAN_0001486,CUST_08278,Education,2025-12-31,958095.97,7.57,60,6,N,N
LOAN_0001487,CUST_05283,Auto,2023-07-16,2193086.47,10.18,48,19,N,N
LOAN_0001488,CUST_06926,Personal,2022-01-28,284233.85,12.68,60,4,N,N
LOAN_0001489,CUST_08936,Auto,2021-06-02,733463.15,8.55,48,8,N,N
LOAN_0001490,CUST_08141,Auto,2021-02-09,1344691.56,12.0,72,4,N,N
LOAN_0001491,CUST_02516,Home,2022-02-13,5684250.06,8.53,180,1,N,N
LOAN_0001492,CUST_09281,Auto,2025-03-30,585923.64,12.98,72,3,N,N
LOAN_0001493,CUST_08060,Personal,2023-04-01,591707.75,10.58,24,1,N,N
LOAN_0001494,CUST_05669,Personal,2024-11-30,127339.01,13.82,60,4,N,N
LOAN_0001495,CUST_00432,Home,2025-05-03,8176220.4,8.78,300,1,N,N
LOAN_0001496,CUST_01721,Personal,2024-11-10,154423.86,11.06,60,0,N,N
LOAN_0001497,CUST_03892,Education,2025-01-18,738143.6,11.99,84,4,N,N
LOAN_0001498,CUST_08186,Home,2023-01-19,4872470.84,8.18,120,3,N,N
LOAN_0001499,CUST_00930,Home,2021-03-31,9396759.67,8.88,180,23,N,N
LOAN_0001500,CUST_08838,Personal,2024-09-08,172618.27,16.11,60,4,N,N
LOAN_0001501,CUST_04309,Personal,2021-06-04,1259745.15,16.09,24,4,N,N
LOAN_0001502,CUST_09760,Education,2024-04-30,1603364.06,11.6,60,1,N,N
LOAN_0001503,CUST_09881,Education,2023-10-14,1465591.11,9.15,60,12,N,N
LOAN_0001504,CUST_02881,Education,2023-08-10,703640.08,8.44,120,10,N,N
LOAN_0001505,CUST_06305,Auto,2022-06-10,2021840.28,12.24,36,9,N,N
LOAN_0001506,CUST_03364,Personal,2022-07-16,579626.89,12.88,48,2,N,N
LOAN_0001507,CUST_07463,Personal,2022-09-13,789783.64,10.83,24,10,N,N
LOAN_0001508,CUST_08635,Personal,2026-03-04,833490.44,14.17,36,3,N,N
LOAN_0001509,CUST_08066,Personal,2021-03-26,1404658.84,15.46,24,0,N,N
LOAN_0001510,CUST_10082,Auto,2022-02-15,1585837.04,11.7,36,7,N,N
LOAN_0001511,CUST_03260,Personal,2023-09-11,740383.06,17.07,60,5,N,N
LOAN_0001512,CUST_00896,Home,2021-12-27,6666261.81,10.22,120,7,N,N
LOAN_0001513,CUST_01003,Education,2025-05-04,1742733.06,8.79,60,2,N,N
LOAN_0001514,CUST_07398,Personal,2025-12-07,342855.84,14.4,24,1,N,N
LOAN_0001515,CUST_03183,Personal,2022-09-08,377115.22,11.92,24,0,N,N
LOAN_0001516,CUST_10020,Education,2025-01-13,789019.69,8.31,60,2,N,N
LOAN_0001517,CUST_01906,Personal,2023-12-22,102608.78,14.31,24,2,N,N
LOAN_0001518,CUST_05865,Home,2021-12-04,3778977.92,9.41,300,26,N,N
LOAN_0001519,CUST_05788,Home,2023-06-21,3561611.39,10.2,240,0,N,N
LOAN_0001520,CUST_06680,Education,2025-08-26,857100.12,11.5,84,8,N,N
LOAN_0001521,CUST_00423,Auto,2021-03-13,425666.68,8.63,72,5,N,N
LOAN_0001522,CUST_02433,Home,2022-11-11,7144845.26,8.49,120,9,N,N
LOAN_0001523,CUST_02453,Home,2025-06-21,6905833.22,7.31,240,4,N,N
LOAN_0001524,CUST_03413,Auto,2026-06-16,688885.01,11.79,48,13,N,N
LOAN_0001525,CUST_01841,Home,2021-08-31,6163096.23,7.77,180,75,N,N
LOAN_0001526,CUST_03433,Personal,2025-09-13,839031.46,17.82,48,4,N,N
LOAN_0001527,CUST_07541,Home,2024-01-07,5150677.65,7.31,180,1,N,N
LOAN_0001528,CUST_08526,Personal,2021-06-13,785682.08,17.48,24,10,N,N
LOAN_0001529,CUST_05296,Home,2021-04-11,5498553.36,9.77,180,3,N,N
LOAN_0001530,CUST_01636,Home,2021-09-21,6705216.59,7.55,300,14,N,N
LOAN_0001531,CUST_08921,Personal,2022-02-15,179489.99,16.35,24,3,N,N
LOAN_0001532,CUST_04498,Home,2024-05-22,4827531.09,10.24,300,3,N,N
LOAN_0001533,CUST_03131,Personal,2023-09-20,407251.5,13.75,60,9,N,N
LOAN_0001534,CUST_08894,Personal,2023-02-13,627548.5,14.36,24,7,N,N
LOAN_0001535,CUST_01644,Personal,2026-06-13,1462011.33,15.89,48,7,N,N
LOAN_0001536,CUST_00763,Home,2026-03-24,5471948.85,9.74,240,3,N,N
LOAN_0001537,CUST_09837,Personal,2026-01-20,418827.54,14.52,60,14,N,N
LOAN_0001538,CUST_00155,Home,2024-07-15,3186502.57,8.57,240,14,N,N
LOAN_0001539,CUST_06531,Home,2022-04-03,9596238.6,7.07,240,1,N,N
LOAN_0001540,CUST_07607,Education,2025-07-07,227835.34,12.23,60,5,N,N
LOAN_0001541,CUST_04902,Auto,2025-01-17,2451917.85,11.49,60,13,N,N
LOAN_0001542,CUST_08721,Auto,2021-04-30,416702.84,11.83,48,13,N,N
LOAN_0001543,CUST_02678,Home,2021-09-13,5514206.35,7.99,240,22,N,N
LOAN_0001544,CUST_05402,Auto,2023-02-13,704355.97,9.8,48,8,N,N
LOAN_0001545,CUST_08176,Auto,2024-10-20,1308619.25,9.94,36,3,N,N
LOAN_0001546,CUST_08726,Home,2021-08-01,8056618.34,9.44,180,20,N,N
LOAN_0001547,CUST_09138,Home,2023-03-18,7178448.34,8.46,120,4,N,N
LOAN_0001548,CUST_02690,Home,2026-06-01,3231401.38,7.25,300,2,N,N
LOAN_0001549,CUST_01289,Personal,2022-11-08,1305404.44,13.86,36,3,N,N
LOAN_0001550,CUST_04293,Home,2021-04-29,9281498.07,10.06,180,0,N,N
LOAN_0001551,CUST_06010,Home,2023-06-26,5024179.34,10.47,240,7,N,N
LOAN_0001552,CUST_09618,Education,2022-01-22,1680096.76,9.99,60,1,N,N
LOAN_0001553,CUST_08876,Auto,2023-08-21,1066587.72,8.53,36,1,N,N
LOAN_0001554,CUST_07949,Home,2023-01-22,6783291.8,8.35,120,1,N,N
LOAN_0001555,CUST_00693,Personal,2022-07-22,421326.54,12.13,24,1,N,N
LOAN_0001556,CUST_06829,Personal,2024-07-24,1125236.49,17.15,60,18,N,N
LOAN_0001557,CUST_04361,Auto,2026-06-21,2211072.59,12.46,48,9,N,N
LOAN_0001558,CUST_04141,Home,2026-06-27,8666425.46,7.87,300,6,N,N
LOAN_0001559,CUST_03637,Auto,2026-01-30,2478846.11,10.3,48,3,N,N
LOAN_0001560,CUST_06437,Personal,2025-05-18,188988.98,16.23,36,22,N,N
LOAN_0001561,CUST_08403,Auto,2023-06-27,1986556.61,12.23,48,0,N,N
LOAN_0001562,CUST_04489,Auto,2022-12-20,1899240.3,9.42,72,10,N,N
LOAN_0001563,CUST_06182,Personal,2024-01-10,1442732.13,17.31,60,10,N,N
LOAN_0001564,CUST_00683,Home,2024-05-31,5810582.2,9.98,300,60,N,N
LOAN_0001565,CUST_09147,Personal,2025-10-31,280842.64,14.33,60,0,N,N
LOAN_0001566,CUST_07897,Education,2022-01-20,394540.56,7.71,60,8,N,N
LOAN_0001567,CUST_06709,Auto,2025-10-18,2269810.16,11.54,72,5,N,N
LOAN_0001568,CUST_07491,Education,2024-03-18,1364777.19,10.08,60,14,N,N
LOAN_0001569,CUST_03472,Home,2022-04-13,6405692.73,7.9,300,12,N,N
LOAN_0001570,CUST_07780,Home,2024-10-18,7312864.3,7.49,180,19,N,N
LOAN_0001571,CUST_01711,Auto,2021-07-07,687102.72,11.51,60,1,N,N
LOAN_0001572,CUST_03735,Auto,2022-01-08,1826715.52,10.99,36,0,N,N
LOAN_0001573,CUST_09113,Personal,2021-09-26,1125063.47,17.06,36,1,N,N
LOAN_0001574,CUST_04450,Personal,2024-10-12,371882.22,11.49,48,1,N,N
LOAN_0001575,CUST_06226,Personal,2024-05-04,975031.83,16.14,36,40,N,N
LOAN_0001576,CUST_04417,Auto,2023-02-11,2199276.48,12.08,60,7,N,N
LOAN_0001577,CUST_01820,Personal,2026-02-13,104053.8,12.28,60,0,N,N
LOAN_0001578,CUST_08635,Education,2021-09-09,1327329.38,12.41,120,15,N,N
LOAN_0001579,CUST_06186,Auto,2025-08-26,1472103.2,12.4,48,8,N,N
LOAN_0001580,CUST_06693,Home,2021-04-07,8950161.94,8.35,180,8,N,N
LOAN_0001581,CUST_03418,Auto,2026-02-05,2210780.87,10.97,72,4,N,N
LOAN_0001582,CUST_07055,Auto,2021-10-23,1140387.54,12.75,60,4,N,N
LOAN_0001583,CUST_01608,Personal,2022-10-29,296498.34,12.95,24,0,N,N
LOAN_0001584,CUST_03828,Auto,2022-05-03,572814.9,10.9,60,8,N,N
LOAN_0001585,CUST_02343,Personal,2025-01-24,939481.25,13.29,48,5,N,N
LOAN_0001586,CUST_07721,Home,2022-03-13,9958304.76,10.01,120,1,N,N
LOAN_0001587,CUST_04006,Home,2021-03-24,3392138.58,8.69,300,22,N,N
LOAN_0001588,CUST_09491,Home,2025-04-08,6983283.04,10.21,300,1,N,N
LOAN_0001589,CUST_01738,Personal,2023-03-12,802307.57,13.97,60,1,N,N
LOAN_0001590,CUST_05443,Personal,2022-08-28,910142.16,11.73,36,1,N,N
LOAN_0001591,CUST_00760,Auto,2022-04-27,910287.78,8.81,72,11,N,N
LOAN_0001592,CUST_02769,Personal,2024-04-12,631108.13,17.57,36,2,N,N
LOAN_0001593,CUST_05002,Home,2026-01-09,4771745.45,9.96,180,16,N,N
LOAN_0001594,CUST_00401,Personal,2026-07-13,1228853.08,12.96,60,1,N,N
LOAN_0001595,CUST_02347,Auto,2024-04-27,1584132.76,11.76,60,2,N,N
LOAN_0001596,CUST_05609,Home,2022-03-01,2428026.31,9.52,120,14,N,N
LOAN_0001597,CUST_09071,Home,2022-02-15,7507839.88,10.16,120,11,N,N
LOAN_0001598,CUST_03215,Home,2022-10-16,6414306.47,9.34,180,7,N,N
LOAN_0001599,CUST_08362,Home,2023-06-23,6017964.08,8.41,120,0,N,N
LOAN_0001600,CUST_06010,Personal,2022-10-07,645295.08,16.28,36,17,N,N
LOAN_0001601,CUST_01594,Personal,2021-07-20,912349.0,14.42,48,0,N,N
LOAN_0001602,CUST_06377,Education,2024-02-21,1172496.89,12.25,60,6,N,N
LOAN_0001603,CUST_00727,Personal,2023-10-28,1049302.41,12.6,48,6,N,N
LOAN_0001604,CUST_08531,Personal,2021-10-09,1212029.95,17.91,60,4,N,N
LOAN_0001605,CUST_01860,Home,2023-06-22,9158972.34,8.14,180,1,N,N
LOAN_0001606,CUST_04480,Home,2023-06-27,4019292.56,9.18,180,5,N,N
LOAN_0001607,CUST_09282,Home,2023-05-10,9416189.03,8.32,300,1,N,N
LOAN_0001608,CUST_01101,Personal,2024-04-10,780140.74,12.04,48,0,N,N
LOAN_0001609,CUST_08472,Home,2023-11-08,9934402.12,8.64,300,8,N,N
LOAN_0001610,CUST_08664,Education,2025-08-16,434805.94,7.85,84,3,N,N
LOAN_0001611,CUST_08778,Home,2021-06-19,9716679.23,10.2,180,6,N,N
LOAN_0001612,CUST_03441,Personal,2023-08-13,196453.92,17.77,60,1,N,N
LOAN_0001613,CUST_02831,Auto,2023-11-17,1093212.66,11.05,72,4,N,N
LOAN_0001614,CUST_00462,Auto,2021-04-13,1895729.27,9.15,72,3,N,N
LOAN_0001615,CUST_05845,Education,2026-01-12,614521.04,9.51,60,4,N,N
LOAN_0001616,CUST_07734,Auto,2025-10-10,1037186.07,8.99,36,3,N,N
LOAN_0001617,CUST_06258,Personal,2022-08-10,918323.77,11.16,24,11,N,N
LOAN_0001618,CUST_03053,Personal,2022-12-19,448903.08,14.35,24,3,N,N
LOAN_0001619,CUST_02958,Personal,2026-02-24,935992.15,14.17,48,1,N,N
LOAN_0001620,CUST_04015,Auto,2025-08-28,2158787.67,12.69,36,6,N,N
LOAN_0001621,CUST_02796,Auto,2021-07-23,2494814.79,10.45,36,1,N,N
LOAN_0001622,CUST_04563,Personal,2026-02-27,228666.96,15.84,36,8,N,N
LOAN_0001623,CUST_04935,Home,2025-01-24,7251028.65,9.47,300,0,N,N
LOAN_0001624,CUST_05433,Home,2026-01-27,6277539.21,9.32,120,7,N,N
LOAN_0001625,CUST_09761,Home,2021-07-08,6434908.72,7.12,120,5,N,N
LOAN_0001626,CUST_08174,Home,2021-02-03,4659597.71,10.46,300,13,N,N
LOAN_0001627,CUST_04170,Home,2022-10-08,7415778.54,9.91,240,1,N,N
LOAN_0001628,CUST_02755,Home,2023-01-09,8467542.83,7.08,240,7,N,N
LOAN_0001629,CUST_09191,Home,2023-05-19,7006797.86,7.13,180,10,N,N
LOAN_0001630,CUST_07962,Personal,2025-03-03,556798.34,11.04,36,21,N,N
LOAN_0001631,CUST_06377,Home,2023-01-22,7943612.04,7.75,300,5,N,N
LOAN_0001632,CUST_01458,Personal,2021-05-27,351759.7,15.71,24,0,N,N
LOAN_0001633,CUST_06553,Personal,2024-02-04,1151191.64,12.12,36,17,N,N
LOAN_0001634,CUST_01792,Education,2025-09-09,1436638.69,10.95,120,3,N,N
LOAN_0001635,CUST_02453,Home,2023-10-11,8823804.88,8.2,180,7,N,N
LOAN_0001636,CUST_07756,Auto,2022-06-20,1912960.65,9.07,48,13,N,N
LOAN_0001637,CUST_07733,Personal,2025-10-31,433802.55,17.25,60,9,N,N
LOAN_0001638,CUST_09796,Auto,2021-02-25,727603.25,9.95,60,1,N,N
LOAN_0001639,CUST_02919,Home,2021-01-28,9013056.98,8.35,240,3,N,N
LOAN_0001640,CUST_06286,Auto,2021-08-21,1557685.89,8.75,48,0,N,N
LOAN_0001641,CUST_08525,Personal,2025-02-15,1030555.49,13.64,48,7,N,N
LOAN_0001642,CUST_05938,Personal,2021-06-16,971583.71,13.58,48,2,N,N
LOAN_0001643,CUST_00473,Auto,2026-01-04,2380948.13,11.25,72,3,N,N
LOAN_0001644,CUST_07640,Home,2024-12-17,8264936.01,9.51,180,3,N,N
LOAN_0001645,CUST_08600,Personal,2026-05-28,1349170.37,13.12,60,2,N,N
LOAN_0001646,CUST_05278,Personal,2023-06-01,197199.78,16.96,24,2,N,N
LOAN_0001647,CUST_03423,Personal,2024-06-24,1026514.71,11.26,48,6,N,N
LOAN_0001648,CUST_06565,Personal,2022-12-08,812557.56,13.37,36,5,N,N
LOAN_0001649,CUST_08777,Auto,2021-09-17,2092478.53,11.89,48,2,N,N
LOAN_0001650,CUST_02875,Personal,2024-06-14,508979.04,15.35,48,1,N,N
LOAN_0001651,CUST_01159,Home,2021-07-09,5363920.8,7.53,120,4,N,N
LOAN_0001652,CUST_03026,Education,2025-01-10,1057073.87,8.13,84,3,N,N
LOAN_0001653,CUST_08539,Auto,2022-01-12,1337351.25,11.15,72,5,N,N
LOAN_0001654,CUST_06673,Auto,2025-05-19,1517179.6,12.35,36,2,N,N
LOAN_0001655,CUST_08115,Home,2023-08-16,7628413.0,8.31,180,0,N,N
LOAN_0001656,CUST_08443,Auto,2022-01-25,1635464.77,8.79,36,0,N,N
LOAN_0001657,CUST_08848,Personal,2024-02-18,882363.95,10.91,48,0,N,N
LOAN_0001658,CUST_01285,Home,2023-08-22,9077041.79,8.9,180,10,N,N
LOAN_0001659,CUST_07071,Education,2026-01-10,1688693.58,8.96,84,2,N,N
LOAN_0001660,CUST_06962,Home,2023-07-04,8227170.97,9.73,120,1,N,N
LOAN_0001661,CUST_02517,Education,2024-01-04,1282561.12,10.51,120,2,N,N
LOAN_0001662,CUST_02863,Auto,2021-01-08,1749265.06,9.38,36,7,N,N
LOAN_0001663,CUST_07507,Home,2026-04-17,6656786.7,8.34,240,10,N,N
LOAN_0001664,CUST_03904,Personal,2025-05-12,788056.08,14.22,24,1,N,N
LOAN_0001665,CUST_00776,Home,2024-12-22,3690148.44,9.89,180,90,Y,Y
LOAN_0001666,CUST_07497,Education,2022-11-02,1239928.34,8.79,120,2,N,N
LOAN_0001667,CUST_08815,Auto,2024-07-16,1067207.78,11.79,48,4,N,N
LOAN_0001668,CUST_02780,Auto,2024-02-01,1930035.78,8.51,48,18,N,N
LOAN_0001669,CUST_00809,Home,2024-01-01,7813955.62,7.76,180,11,N,N
LOAN_0001670,CUST_02244,Auto,2022-03-15,455101.52,9.36,72,11,N,N
LOAN_0001671,CUST_09669,Auto,2023-03-21,637804.98,8.25,72,16,N,N
LOAN_0001672,CUST_07549,Home,2022-11-05,5605543.58,7.32,180,1,N,N
LOAN_0001673,CUST_09097,Personal,2025-10-05,334499.8,15.46,36,2,N,N
LOAN_0001674,CUST_03254,Personal,2025-07-04,827998.12,14.02,36,5,N,N
LOAN_0001675,CUST_06692,Personal,2021-10-07,1191673.33,17.02,24,4,N,N
LOAN_0001676,CUST_09729,Auto,2026-01-05,797115.17,10.68,48,1,N,N
LOAN_0001677,CUST_00060,Auto,2021-03-16,2469625.37,12.89,60,7,N,N
LOAN_0001678,CUST_07254,Auto,2022-09-08,1971847.16,12.55,36,3,N,N
LOAN_0001679,CUST_04404,Home,2021-07-26,6549386.95,8.92,180,0,N,N
LOAN_0001680,CUST_02992,Auto,2024-10-03,780712.4,10.82,48,0,N,N
LOAN_0001681,CUST_09028,Home,2021-03-24,7804863.92,8.81,180,6,N,N
LOAN_0001682,CUST_03319,Personal,2021-06-07,511167.39,13.97,36,0,N,N
LOAN_0001683,CUST_03989,Home,2026-03-06,9410998.47,10.25,240,3,N,N
LOAN_0001684,CUST_01403,Home,2021-02-12,5198210.6,7.1,180,2,N,N
LOAN_0001685,CUST_07108,Personal,2022-11-12,1025095.93,10.99,36,3,N,N
LOAN_0001686,CUST_08946,Auto,2026-04-06,1091210.46,12.22,60,6,N,N
LOAN_0001687,CUST_07827,Education,2025-08-19,600223.92,10.55,120,16,N,N
LOAN_0001688,CUST_09703,Education,2022-01-28,1380404.81,10.55,120,14,N,N
LOAN_0001689,CUST_06976,Home,2023-10-21,9445439.73,10.11,120,33,N,N
LOAN_0001690,CUST_08322,Personal,2022-08-25,1437682.03,14.61,60,2,N,N
LOAN_0001691,CUST_01428,Home,2024-12-04,6066091.82,10.08,300,0,N,N
LOAN_0001692,CUST_02150,Education,2023-10-19,965048.27,10.46,120,3,N,N
LOAN_0001693,CUST_09080,Education,2022-03-17,1303725.91,7.72,60,6,N,N
LOAN_0001694,CUST_06268,Personal,2023-01-31,609543.49,11.63,36,8,N,N
LOAN_0001695,CUST_03736,Personal,2024-12-22,317071.98,10.95,36,15,N,N
LOAN_0001696,CUST_08840,Personal,2025-03-25,1244722.73,12.72,24,4,N,N
LOAN_0001697,CUST_07591,Home,2026-03-12,9796237.43,7.88,180,15,N,N
LOAN_0001698,CUST_03179,Auto,2025-08-18,1594203.04,11.47,60,8,N,N
LOAN_0001699,CUST_00265,Personal,2024-11-20,106007.68,15.04,24,14,N,N
LOAN_0001700,CUST_08867,Home,2024-03-01,7169444.18,8.5,180,11,N,N
LOAN_0001701,CUST_08551,Auto,2023-10-07,1571567.95,10.16,48,10,N,N
LOAN_0001702,CUST_06879,Auto,2023-07-21,1700428.81,11.8,36,5,N,N
LOAN_0001703,CUST_08665,Personal,2021-12-15,472610.53,12.36,60,1,N,N
LOAN_0001704,CUST_05202,Auto,2023-04-09,1052437.82,9.95,72,6,N,N
LOAN_0001705,CUST_09854,Home,2023-11-23,7031510.92,10.37,120,6,N,N
LOAN_0001706,CUST_03195,Personal,2021-08-13,1323095.32,13.57,24,4,N,N
LOAN_0001707,CUST_05698,Personal,2026-05-03,814057.62,17.27,48,2,N,N
LOAN_0001708,CUST_10162,Education,2024-09-24,875879.18,11.29,60,13,N,N
LOAN_0001709,CUST_01123,Home,2023-03-11,7183957.74,7.7,300,0,N,N
LOAN_0001710,CUST_00100,Personal,2025-06-21,1145479.74,12.18,24,2,N,N
LOAN_0001711,CUST_08350,Auto,2022-04-23,1635811.71,11.88,48,22,N,N
LOAN_0001712,CUST_01602,Auto,2025-12-11,2173063.69,12.87,36,4,N,N
LOAN_0001713,CUST_00499,Education,2024-05-12,694824.62,11.13,84,0,N,N
LOAN_0001714,CUST_03481,Personal,2024-01-20,300661.67,15.41,60,0,N,N
LOAN_0001715,CUST_04421,Home,2021-09-19,7012907.14,8.55,300,12,N,N
LOAN_0001716,CUST_03083,Home,2025-01-26,7509080.51,9.59,300,0,N,N
LOAN_0001717,CUST_00193,Personal,2022-10-03,1344037.33,16.17,36,6,N,N
LOAN_0001718,CUST_08070,Auto,2025-12-09,1270168.53,10.18,36,0,N,N
LOAN_0001719,CUST_09723,Education,2025-04-09,1568987.46,11.44,120,0,N,N
LOAN_0001720,CUST_10075,Home,2024-09-11,3133838.93,10.0,120,1,N,N
LOAN_0001721,CUST_08622,Auto,2021-01-23,2001379.05,10.16,36,2,N,N
LOAN_0001722,CUST_04986,Home,2024-06-14,8477089.89,7.08,180,2,N,N
LOAN_0001723,CUST_00900,Education,2026-02-16,1446652.79,12.28,120,0,N,N
LOAN_0001724,CUST_06327,Auto,2024-01-09,1527984.39,9.24,48,2,N,N
LOAN_0001725,CUST_00506,Home,2024-07-08,3685661.22,7.57,120,4,N,N
LOAN_0001726,CUST_07472,Education,2023-04-28,1396896.94,8.75,120,4,N,N
LOAN_0001727,CUST_01886,Auto,2021-01-07,480224.01,8.6,48,1,N,N
LOAN_0001728,CUST_07769,Home,2021-01-23,2253783.15,8.86,180,10,N,N
LOAN_0001729,CUST_08345,Home,2024-01-09,4584964.46,9.05,300,1,N,N
LOAN_0001730,CUST_07582,Auto,2021-06-04,1697098.59,10.57,36,15,N,N
LOAN_0001731,CUST_02597,Education,2021-10-14,1128459.93,9.01,84,1,N,N
LOAN_0001732,CUST_01581,Home,2025-01-18,5040767.65,8.68,180,19,N,N
LOAN_0001733,CUST_08885,Home,2026-04-17,5607164.64,8.76,180,1,N,N
LOAN_0001734,CUST_04148,Auto,2026-04-08,1446009.15,9.19,36,2,N,N
LOAN_0001735,CUST_09001,Personal,2025-01-13,856307.5,14.38,36,6,N,N
LOAN_0001736,CUST_01263,Education,2024-05-02,712900.25,9.5,84,8,N,N
LOAN_0001737,CUST_05955,Auto,2023-10-11,1363468.92,12.67,36,16,N,N
LOAN_0001738,CUST_08468,Auto,2021-02-19,2496185.59,10.06,60,0,N,N
LOAN_0001739,CUST_01278,Home,2022-06-14,8519354.92,8.08,300,28,N,N
LOAN_0001740,CUST_00594,Education,2024-11-07,262696.57,8.93,60,13,N,N
LOAN_0001741,CUST_06459,Auto,2025-07-11,2206975.66,10.78,48,1,N,N
LOAN_0001742,CUST_08567,Personal,2023-12-09,1391567.53,12.74,48,5,N,N
LOAN_0001743,CUST_00952,Education,2023-10-21,1354350.78,8.48,60,4,N,N
LOAN_0001744,CUST_08497,Education,2022-10-21,925403.36,8.23,84,17,N,N
LOAN_0001745,CUST_02004,Auto,2021-08-29,1239381.43,8.92,60,10,N,N
LOAN_0001746,CUST_08049,Auto,2022-11-13,2017045.65,11.93,36,0,N,N
LOAN_0001747,CUST_07589,Education,2021-10-17,1066456.3,11.21,60,0,N,N
LOAN_0001748,CUST_08565,Home,2023-11-13,6206176.27,7.45,120,0,N,N
LOAN_0001749,CUST_06178,Personal,2024-11-09,1197666.35,12.03,60,10,N,N
LOAN_0001750,CUST_01293,Personal,2023-09-18,851186.1,17.09,36,1,N,N
LOAN_0001751,CUST_06230,Personal,2024-07-19,889723.8,15.42,36,8,N,N
LOAN_0001752,CUST_07758,Education,2023-06-14,1033100.57,11.32,60,22,N,N
LOAN_0001753,CUST_01573,Home,2025-08-01,8502811.48,7.35,180,18,N,N
LOAN_0001754,CUST_08825,Personal,2022-06-27,800274.79,14.36,48,8,N,N
LOAN_0001755,CUST_04946,Education,2026-05-08,342284.76,8.33,120,0,N,N
LOAN_0001756,CUST_00796,Education,2022-02-16,1758936.49,12.46,84,75,N,N
LOAN_0001757,CUST_05710,Personal,2023-06-03,693770.38,11.39,60,17,N,N
LOAN_0001758,CUST_04869,Home,2023-06-17,7613509.96,7.41,240,28,N,N
LOAN_0001759,CUST_07142,Home,2021-01-27,4339023.88,7.68,180,4,N,N
LOAN_0001760,CUST_03412,Personal,2026-05-25,936081.87,15.84,60,0,N,N
LOAN_0001761,CUST_00831,Auto,2025-05-22,1122700.77,11.41,60,0,N,N
LOAN_0001762,CUST_03543,Home,2022-08-03,6173157.82,8.2,120,8,N,N
LOAN_0001763,CUST_08637,Personal,2023-12-31,477583.24,14.67,36,22,N,N
LOAN_0001764,CUST_01788,Home,2023-11-28,8829526.58,8.61,300,0,N,N
LOAN_0001765,CUST_09439,Home,2025-07-21,6211586.22,10.48,240,0,N,N
LOAN_0001766,CUST_05771,Home,2024-05-12,3797737.26,9.31,240,2,N,N
LOAN_0001767,CUST_07903,Home,2026-06-17,5028151.53,8.77,120,1,N,N
LOAN_0001768,CUST_01258,Auto,2026-06-04,2177428.0,9.89,36,2,N,N
LOAN_0001769,CUST_01007,Home,2023-06-11,5175194.9,9.63,180,1,N,N
LOAN_0001770,CUST_02349,Personal,2022-11-21,567476.16,17.85,24,15,N,N
LOAN_0001771,CUST_04190,Auto,2025-09-04,992266.02,11.58,48,1,N,N
LOAN_0001772,CUST_02159,Personal,2026-06-05,1426688.21,11.06,48,18,N,N
LOAN_0001773,CUST_01629,Personal,2022-12-15,285034.28,17.86,24,1,N,N
LOAN_0001774,CUST_07601,Education,2025-10-08,740525.55,11.2,84,4,N,N
LOAN_0001775,CUST_05323,Auto,2021-08-19,2377509.88,10.64,48,3,N,N
LOAN_0001776,CUST_00945,Home,2023-05-07,2257826.14,9.2,300,7,N,N
LOAN_0001777,CUST_02456,Personal,2025-08-22,106670.71,17.17,36,4,N,N
LOAN_0001778,CUST_08498,Personal,2021-05-25,145608.91,16.68,36,19,N,N
LOAN_0001779,CUST_06553,Auto,2025-01-13,505427.67,9.5,48,1,N,N
LOAN_0001780,CUST_10180,Auto,2026-06-30,1804570.0,10.7,60,8,N,N
LOAN_0001781,CUST_07012,Home,2021-08-21,8690546.06,9.72,240,9,N,N
LOAN_0001782,CUST_02144,Home,2025-08-06,9068008.08,9.9,180,0,N,N
LOAN_0001783,CUST_04424,Home,2026-03-12,2050056.98,9.72,240,5,N,N
LOAN_0001784,CUST_08049,Home,2024-05-09,9342312.55,9.03,180,8,N,N
LOAN_0001785,CUST_07822,Personal,2026-01-03,1201089.15,12.85,24,2,N,N
LOAN_0001786,CUST_05934,Home,2026-04-21,6109911.77,8.04,300,2,N,N
LOAN_0001787,CUST_00575,Auto,2026-05-17,540539.86,10.96,72,0,N,N
LOAN_0001788,CUST_04104,Auto,2021-10-21,510601.91,11.19,48,0,N,N
LOAN_0001789,CUST_02770,Education,2024-09-25,1978452.46,8.68,120,11,N,N
LOAN_0001790,CUST_00632,Home,2024-10-26,6599449.0,8.65,120,3,N,N
LOAN_0001791,CUST_04380,Auto,2026-01-16,1806246.75,11.22,72,6,N,N
LOAN_0001792,CUST_07587,Personal,2024-06-25,299735.59,15.42,36,120,Y,Y
LOAN_0001793,CUST_01879,Auto,2021-08-06,1803883.7,10.27,60,0,N,N
LOAN_0001794,CUST_08213,Personal,2025-03-24,764332.53,15.18,36,10,N,N
LOAN_0001795,CUST_01891,Personal,2025-11-05,552372.32,15.53,48,2,N,N
LOAN_0001796,CUST_09253,Home,2026-04-15,2351092.81,10.02,180,18,N,N
LOAN_0001797,CUST_03530,Home,2025-05-20,8491636.08,8.14,120,7,N,N
LOAN_0001798,CUST_06657,Personal,2021-07-06,216863.23,14.58,60,3,N,N
LOAN_0001799,CUST_02632,Auto,2022-10-04,830893.0,8.88,60,2,N,N
LOAN_0001800,CUST_01961,Home,2021-06-02,5872783.58,9.9,240,1,N,N
LOAN_0001801,CUST_04966,Personal,2022-04-20,801626.24,10.59,60,29,N,N
LOAN_0001802,CUST_02959,Personal,2025-03-05,756039.46,14.34,48,3,N,N
LOAN_0001803,CUST_09827,Home,2024-07-28,3903166.71,9.58,300,2,N,N
LOAN_0001804,CUST_07555,Personal,2021-12-19,1425151.0,13.3,48,1,N,N
LOAN_0001805,CUST_03031,Personal,2024-09-30,1199240.21,12.81,36,5,N,N
LOAN_0001806,CUST_00659,Home,2021-07-06,5717778.04,10.2,180,0,N,N
LOAN_0001807,CUST_08023,Auto,2021-07-21,761304.17,11.46,60,18,N,N
LOAN_0001808,CUST_08600,Personal,2025-07-24,504134.16,15.0,48,6,N,N
LOAN_0001809,CUST_02982,Personal,2022-04-10,447635.49,14.36,48,8,N,N
LOAN_0001810,CUST_04935,Home,2022-02-21,2658446.58,7.68,120,1,N,N
LOAN_0001811,CUST_07981,Personal,2025-03-17,350527.23,12.25,60,5,N,N
LOAN_0001812,CUST_00199,Personal,2024-01-01,1118938.8,12.22,60,10,N,N
LOAN_0001813,CUST_03184,Personal,2024-08-31,607429.53,11.47,48,39,N,N
LOAN_0001814,CUST_05240,Auto,2021-06-03,1063783.17,12.87,72,3,N,N
LOAN_0001815,CUST_09582,Auto,2022-08-23,998644.38,10.47,72,7,N,N
LOAN_0001816,CUST_06421,Auto,2025-05-04,1358055.94,9.38,60,1,N,N
LOAN_0001817,CUST_03655,Education,2022-02-02,1245067.08,10.77,120,1,N,N
LOAN_0001818,CUST_07946,Education,2023-08-21,489666.9,9.26,84,60,N,N
LOAN_0001819,CUST_00302,Auto,2025-03-24,1053856.4,10.81,36,9,N,N
LOAN_0001820,CUST_02080,Home,2023-04-06,8540288.77,10.19,120,0,N,N
LOAN_0001821,CUST_06406,Home,2023-03-02,6919564.86,9.66,300,0,N,N
LOAN_0001822,CUST_02350,Personal,2023-04-10,408619.38,11.79,24,10,N,N
LOAN_0001823,CUST_07933,Education,2022-05-02,867149.67,8.39,60,1,N,N
LOAN_0001824,CUST_00747,Auto,2025-01-17,1121032.0,9.34,36,6,N,N
LOAN_0001825,CUST_03104,Home,2024-02-05,3698252.18,7.47,300,1,N,N
LOAN_0001826,CUST_09381,Personal,2025-07-01,883135.55,17.75,36,13,N,N
LOAN_0001827,CUST_05298,Home,2025-08-28,3299891.2,7.37,240,37,N,N
LOAN_0001828,CUST_04124,Personal,2025-10-14,195027.65,17.43,36,2,N,N
LOAN_0001829,CUST_00327,Personal,2022-06-08,1377888.74,10.71,24,12,N,N
LOAN_0001830,CUST_00424,Auto,2023-11-22,718625.76,8.68,36,7,N,N
LOAN_0001831,CUST_04449,Personal,2021-05-24,389277.18,17.4,24,4,N,N
LOAN_0001832,CUST_02438,Home,2024-03-13,8968160.49,10.45,120,3,N,N
LOAN_0001833,CUST_03849,Personal,2024-05-07,1469848.35,17.54,24,0,N,N
LOAN_0001834,CUST_03354,Auto,2023-12-30,813658.19,8.13,72,0,N,N
LOAN_0001835,CUST_05113,Home,2021-02-26,5480900.9,9.36,240,37,N,N
LOAN_0001836,CUST_05213,Education,2022-08-06,1672003.84,9.14,120,11,N,N
LOAN_0001837,CUST_06536,Auto,2025-09-19,836862.15,8.92,72,43,N,N
LOAN_0001838,CUST_04534,Auto,2026-06-02,806727.21,8.88,72,1,N,N
LOAN_0001839,CUST_07431,Home,2025-11-09,8672399.69,8.2,120,10,N,N
LOAN_0001840,CUST_03495,Personal,2024-07-03,745002.27,10.69,36,1,N,N
LOAN_0001841,CUST_09076,Auto,2021-09-13,1344900.69,12.19,36,2,N,N
LOAN_0001842,CUST_04482,Personal,2026-02-18,681102.38,13.23,60,41,N,N
LOAN_0001843,CUST_06403,Education,2023-06-27,1760246.61,11.36,60,0,N,N
LOAN_0001844,CUST_06745,Home,2025-09-22,5883607.75,9.58,120,4,N,N
LOAN_0001845,CUST_09649,Home,2023-08-08,2550015.84,7.86,300,3,N,N
LOAN_0001846,CUST_01158,Personal,2024-07-22,993505.95,13.15,24,15,N,N
LOAN_0001847,CUST_02377,Auto,2024-06-06,2160821.67,11.07,48,7,N,N
LOAN_0001848,CUST_04025,Home,2021-11-01,8933806.04,8.0,300,10,N,N
LOAN_0001849,CUST_03466,Auto,2023-10-01,818928.88,8.16,60,7,N,N
LOAN_0001850,CUST_08481,Auto,2024-02-05,2494245.7,10.8,60,0,N,N
LOAN_0001851,CUST_06390,Home,2025-11-05,7299652.74,7.24,240,15,N,N
LOAN_0001852,CUST_09267,Education,2023-04-21,769783.3,12.21,60,1,N,N
LOAN_0001853,CUST_05326,Home,2021-01-21,4083997.06,9.13,120,0,N,N
LOAN_0001854,CUST_09284,Education,2025-07-02,1761113.74,7.55,120,3,N,N
LOAN_0001855,CUST_07055,Auto,2024-10-03,723776.49,11.07,48,1,N,N
LOAN_0001856,CUST_02251,Personal,2021-04-21,317525.82,11.55,60,24,N,N
LOAN_0001857,CUST_03405,Personal,2026-04-07,161649.83,12.12,48,12,N,N
LOAN_0001858,CUST_00620,Home,2025-07-26,2132523.38,10.29,120,4,N,N
LOAN_0001859,CUST_05334,Personal,2022-02-04,1121903.96,14.02,24,0,N,N
LOAN_0001860,CUST_06254,Personal,2021-10-18,1107345.39,14.88,24,0,N,N
LOAN_0001861,CUST_06422,Auto,2025-01-12,2420074.8,10.62,60,8,N,N
LOAN_0001862,CUST_04663,Personal,2026-03-16,120755.9,12.75,48,2,N,N
LOAN_0001863,CUST_01392,Education,2023-12-10,847891.27,10.99,60,2,N,N
LOAN_0001864,CUST_04352,Auto,2025-11-16,2330131.38,9.09,72,0,N,N
LOAN_0001865,CUST_07546,Education,2024-03-10,885184.09,8.78,84,4,N,N
LOAN_0001866,CUST_03587,Education,2024-10-09,1171649.76,9.47,120,5,N,N
LOAN_0001867,CUST_06544,Auto,2025-02-19,607459.3,12.37,48,9,N,N
LOAN_0001868,CUST_03183,Personal,2026-01-06,1498731.5,16.45,48,1,N,N
LOAN_0001869,CUST_00643,Home,2022-02-06,8474386.43,8.05,300,3,N,N
LOAN_0001870,CUST_08323,Auto,2021-02-27,1508423.59,9.71,48,1,N,N
LOAN_0001871,CUST_07615,Auto,2023-11-29,643902.37,10.82,60,6,N,N
LOAN_0001872,CUST_07930,Personal,2022-05-06,177483.22,15.34,24,22,N,N
LOAN_0001873,CUST_02113,Home,2023-07-21,4709347.93,10.03,300,3,N,N
LOAN_0001874,CUST_08961,Home,2021-06-21,4365370.33,7.24,180,6,N,N
LOAN_0001875,CUST_03230,Auto,2024-02-21,404173.38,10.63,72,1,N,N
LOAN_0001876,CUST_07887,Personal,2021-08-03,642148.4,14.32,24,5,N,N
LOAN_0001877,CUST_00562,Home,2021-01-08,3535972.44,9.29,120,7,N,N
LOAN_0001878,CUST_01018,Personal,2023-05-27,277411.08,13.22,48,3,N,N
LOAN_0001879,CUST_00992,Personal,2021-06-04,405810.49,11.4,60,1,N,N
LOAN_0001880,CUST_03461,Home,2023-10-08,4954928.78,7.3,240,1,N,N
LOAN_0001881,CUST_09682,Home,2024-05-14,2715897.81,8.24,180,3,N,N
LOAN_0001882,CUST_08270,Personal,2021-11-17,316558.64,12.55,36,8,N,N
LOAN_0001883,CUST_05614,Home,2025-08-02,3796198.22,8.43,120,2,N,N
LOAN_0001884,CUST_07316,Personal,2022-09-24,684160.45,13.0,48,8,N,N
LOAN_0001885,CUST_00884,Auto,2024-09-30,2186581.44,9.98,48,8,N,N
LOAN_0001886,CUST_03512,Personal,2024-03-20,481977.59,13.68,60,5,N,N
LOAN_0001887,CUST_08152,Auto,2022-02-04,2089319.29,9.11,48,3,N,N
LOAN_0001888,CUST_07206,Home,2025-09-07,3043332.19,7.46,180,1,N,N
LOAN_0001889,CUST_03798,Home,2024-08-04,8084618.96,9.51,300,8,N,N
LOAN_0001890,CUST_08891,Personal,2023-04-16,1001758.18,16.65,24,0,N,N
LOAN_0001891,CUST_10073,Auto,2021-06-08,1016334.42,9.09,60,11,N,N
LOAN_0001892,CUST_06231,Education,2026-01-04,351400.4,10.8,84,10,N,N
LOAN_0001893,CUST_03110,Auto,2025-10-13,645148.56,11.81,72,1,N,N
LOAN_0001894,CUST_06665,Education,2024-08-04,451204.15,11.06,60,1,N,N
LOAN_0001895,CUST_05687,Education,2021-07-22,575215.87,12.23,60,3,N,N
LOAN_0001896,CUST_04231,Home,2026-05-31,6484009.11,7.89,180,10,N,N
LOAN_0001897,CUST_01647,Auto,2025-12-01,913657.79,12.43,48,1,N,N
LOAN_0001898,CUST_05153,Home,2025-06-08,3032086.57,7.14,120,1,N,N
LOAN_0001899,CUST_00772,Education,2022-03-17,226371.38,10.73,120,5,N,N
LOAN_0001900,CUST_03786,Home,2025-11-29,6364574.0,7.1,300,1,N,N
LOAN_0001901,CUST_07694,Education,2022-06-07,1483147.05,10.48,120,4,N,N
LOAN_0001902,CUST_01995,Education,2025-03-24,1493638.76,10.59,60,0,N,N
LOAN_0001903,CUST_04494,Home,2024-02-19,6782522.2,8.3,300,0,N,N
LOAN_0001904,CUST_05154,Auto,2026-01-26,1851148.64,8.61,48,0,N,N
LOAN_0001905,CUST_01036,Personal,2021-08-10,815733.21,17.17,48,11,N,N
LOAN_0001906,CUST_09861,Home,2023-05-20,7541423.23,9.59,300,1,N,N
LOAN_0001907,CUST_05570,Auto,2022-05-11,1855154.02,8.17,36,5,N,N
LOAN_0001908,CUST_05082,Education,2021-10-11,314563.77,12.14,120,7,N,N
LOAN_0001909,CUST_07759,Personal,2021-04-18,1323916.32,16.18,48,3,N,N
LOAN_0001910,CUST_07421,Home,2022-02-20,3405871.65,7.79,240,2,N,N
LOAN_0001911,CUST_09759,Personal,2022-07-02,143434.91,15.56,48,5,N,N
LOAN_0001912,CUST_06505,Personal,2023-08-16,1121400.19,13.85,60,5,N,N
LOAN_0001913,CUST_06212,Home,2024-12-14,8664878.31,7.64,180,2,N,N
LOAN_0001914,CUST_01239,Auto,2024-12-06,755263.22,11.35,48,8,N,N
LOAN_0001915,CUST_00137,Home,2026-02-11,3128610.11,8.28,180,1,N,N
LOAN_0001916,CUST_04156,Home,2023-02-24,4443841.06,8.81,120,4,N,N
LOAN_0001917,CUST_08452,Home,2021-05-03,6919456.31,7.49,120,14,N,N
LOAN_0001918,CUST_08562,Auto,2025-01-28,1486583.17,9.52,36,5,N,N
LOAN_0001919,CUST_04053,Personal,2024-10-01,894589.58,17.19,24,2,N,N
LOAN_0001920,CUST_04409,Auto,2021-02-26,1785334.36,8.5,72,1,N,N
LOAN_0001921,CUST_02103,Personal,2026-07-12,1412668.96,17.57,24,7,N,N
LOAN_0001922,CUST_03957,Home,2021-03-16,6271629.49,8.34,180,2,N,N
LOAN_0001923,CUST_00593,Personal,2025-09-28,127941.86,12.31,48,18,N,N
LOAN_0001924,CUST_06291,Personal,2025-11-05,960920.26,12.64,48,13,N,N
LOAN_0001925,CUST_07438,Personal,2022-05-28,1324303.06,13.9,36,9,N,N
LOAN_0001926,CUST_05880,Auto,2023-06-13,1266635.48,9.36,60,1,N,N
LOAN_0001927,CUST_05350,Home,2024-05-17,7423307.86,10.33,180,3,N,N
LOAN_0001928,CUST_08010,Personal,2025-02-16,893880.61,14.98,36,5,N,N
LOAN_0001929,CUST_01370,Auto,2022-08-25,990209.59,11.52,48,2,N,N
LOAN_0001930,CUST_04408,Home,2022-09-04,3977252.45,7.57,240,20,N,N
LOAN_0001931,CUST_07690,Home,2022-11-16,2535651.33,7.95,120,3,N,N
LOAN_0001932,CUST_07142,Home,2026-06-08,2511813.18,7.8,120,2,N,N
LOAN_0001933,CUST_05161,Personal,2022-04-30,803194.91,11.83,48,1,N,N
LOAN_0001934,CUST_03292,Personal,2023-11-19,610333.07,17.48,24,8,N,N
LOAN_0001935,CUST_05206,Home,2023-08-10,4084613.87,9.14,180,24,N,N
LOAN_0001936,CUST_07537,Personal,2022-10-14,714521.16,12.8,36,2,N,N
LOAN_0001937,CUST_01076,Auto,2024-08-01,2156666.88,8.11,72,1,N,N
LOAN_0001938,CUST_03109,Home,2023-02-05,3309982.39,8.36,180,15,N,N
LOAN_0001939,CUST_04669,Auto,2023-08-21,1202639.15,12.29,72,19,N,N
LOAN_0001940,CUST_09027,Personal,2021-01-02,1367674.37,12.49,48,9,N,N
LOAN_0001941,CUST_01369,Home,2021-02-13,3415860.49,8.85,300,28,N,N
LOAN_0001942,CUST_02745,Auto,2024-04-23,553939.46,11.17,36,2,N,N
LOAN_0001943,CUST_01591,Education,2022-06-03,607207.33,8.17,60,3,N,N
LOAN_0001944,CUST_06189,Education,2023-10-04,1766263.85,9.18,120,2,N,N
LOAN_0001945,CUST_02217,Personal,2022-11-18,273246.23,16.94,24,4,N,N
LOAN_0001946,CUST_02870,Auto,2022-06-11,510134.97,9.17,48,3,N,N
LOAN_0001947,CUST_00205,Home,2022-10-19,5857020.43,9.66,300,6,N,N
LOAN_0001948,CUST_00448,Personal,2021-12-16,872775.69,12.29,24,17,N,N
LOAN_0001949,CUST_03789,Home,2026-06-20,4516136.75,8.22,240,4,N,N
LOAN_0001950,CUST_00315,Personal,2023-01-17,776650.78,12.06,60,2,N,N
LOAN_0001951,CUST_00866,Auto,2022-03-05,2438344.2,12.44,60,5,N,N
LOAN_0001952,CUST_03702,Home,2025-03-20,5231706.97,9.57,300,30,N,N
LOAN_0001953,CUST_06984,Home,2024-02-15,6736297.81,7.32,240,6,N,N
LOAN_0001954,CUST_08842,Home,2024-04-09,7513721.16,9.71,180,4,N,N
LOAN_0001955,CUST_06677,Personal,2024-04-13,860850.49,15.97,36,12,N,N
LOAN_0001956,CUST_03087,Auto,2025-07-06,1734007.43,8.69,72,9,N,N
LOAN_0001957,CUST_07563,Personal,2025-05-15,557051.52,12.0,36,4,N,N
LOAN_0001958,CUST_05824,Auto,2024-01-12,1929817.29,11.53,72,4,N,N
LOAN_0001959,CUST_07290,Auto,2025-10-23,1703163.97,11.0,60,1,N,N
LOAN_0001960,CUST_03496,Education,2024-12-07,1931600.09,8.42,84,5,N,N
LOAN_0001961,CUST_08781,Personal,2025-03-31,160579.45,12.67,24,6,N,N
LOAN_0001962,CUST_01330,Home,2022-11-04,4321639.3,9.18,180,1,N,N
LOAN_0001963,CUST_01259,Home,2021-03-14,8310406.74,9.08,300,2,N,N
LOAN_0001964,CUST_02927,Personal,2024-10-28,417272.61,14.51,36,0,N,N
LOAN_0001965,CUST_07274,Personal,2023-01-18,1316760.29,13.31,24,1,N,N
LOAN_0001966,CUST_00473,Home,2022-06-09,9834102.0,9.96,120,0,N,N
LOAN_0001967,CUST_08372,Personal,2023-06-03,870579.22,12.99,48,3,N,N
LOAN_0001968,CUST_04800,Personal,2026-02-07,885118.38,16.99,36,0,N,N
LOAN_0001969,CUST_05319,Education,2022-03-16,1372082.42,8.17,120,2,N,N
LOAN_0001970,CUST_01253,Home,2026-02-22,7871656.76,8.09,240,7,N,N
LOAN_0001971,CUST_04051,Auto,2023-05-30,1917669.59,9.58,36,10,N,N
LOAN_0001972,CUST_04583,Education,2025-10-16,298693.64,9.09,60,4,N,N
LOAN_0001973,CUST_04937,Personal,2025-04-26,676533.89,11.63,60,0,N,N
LOAN_0001974,CUST_00615,Auto,2026-06-28,837145.99,12.71,60,5,N,N
LOAN_0001975,CUST_07661,Personal,2024-11-09,268980.07,13.39,24,150,Y,Y
LOAN_0001976,CUST_10087,Home,2024-01-17,9566243.11,7.45,120,2,N,N
LOAN_0001977,CUST_00513,Education,2024-08-27,1525719.17,8.42,120,5,N,N
LOAN_0001978,CUST_09363,Home,2023-08-25,9355816.4,8.41,240,2,N,N
LOAN_0001979,CUST_03374,Personal,2021-03-05,1139106.47,17.65,24,3,N,N
LOAN_0001980,CUST_06540,Personal,2025-09-09,396741.99,15.56,48,6,N,N
LOAN_0001981,CUST_00802,Home,2026-07-08,4822224.48,7.66,240,13,N,N
LOAN_0001982,CUST_00591,Education,2023-05-01,590131.41,9.37,120,24,N,N
LOAN_0001983,CUST_02786,Personal,2024-12-17,1328539.37,17.77,24,14,N,N
LOAN_0001984,CUST_08082,Auto,2021-11-21,657036.73,10.19,72,4,N,N
LOAN_0001985,CUST_03757,Education,2023-05-16,1340826.33,8.75,84,1,N,N
LOAN_0001986,CUST_00346,Home,2026-03-10,6576012.58,7.54,180,0,N,N
LOAN_0001987,CUST_03829,Education,2024-01-07,1934150.01,9.05,120,15,N,N
LOAN_0001988,CUST_08246,Auto,2024-10-05,1524942.95,12.32,48,4,N,N
LOAN_0001989,CUST_05366,Personal,2023-07-29,238995.0,11.94,36,2,N,N
LOAN_0001990,CUST_07551,Auto,2024-06-21,2407841.52,10.45,36,7,N,N
LOAN_0001991,CUST_00272,Auto,2025-08-27,1900924.44,8.54,48,5,N,N
LOAN_0001992,CUST_00347,Auto,2023-08-05,1152138.7,9.23,36,12,N,N
LOAN_0001993,CUST_04648,Home,2022-08-11,5034541.49,8.45,120,75,N,N
LOAN_0001994,CUST_02243,Personal,2025-03-18,776575.92,14.7,60,4,N,N
LOAN_0001995,CUST_02766,Auto,2026-05-07,501257.57,12.19,60,8,N,N
LOAN_0001996,CUST_01974,Home,2023-11-13,8018140.67,8.26,240,1,N,N
LOAN_0001997,CUST_04850,Education,2024-10-07,1355487.57,9.4,60,5,N,N
LOAN_0001998,CUST_05522,Auto,2022-07-26,595318.87,10.78,36,1,N,N
LOAN_0001999,CUST_09615,Personal,2023-10-21,537861.81,11.16,36,23,N,N
LOAN_0002000,CUST_06119,Personal,2026-03-13,273858.97,11.75,60,2,N,N
LOAN_0002001,CUST_07230,Personal,2024-08-13,1336389.63,17.97,60,21,N,N
LOAN_0002002,CUST_03295,Education,2021-03-08,875111.58,10.82,120,9,N,N
LOAN_0002003,CUST_03185,Home,2025-11-18,9297656.58,10.19,300,7,N,N
LOAN_0002004,CUST_07395,Education,2023-01-26,361263.16,11.38,84,11,N,N
LOAN_0002005,CUST_02311,Education,2026-05-12,1656099.63,11.3,120,0,N,N
LOAN_0002006,CUST_06489,Personal,2025-12-30,1090052.03,14.75,36,0,N,N
LOAN_0002007,CUST_05118,Home,2025-01-20,2355845.61,10.03,120,1,N,N
LOAN_0002008,CUST_00146,Auto,2024-03-20,2438174.12,12.8,36,0,N,N
LOAN_0002009,CUST_00602,Personal,2021-12-11,211623.95,15.97,60,2,N,N
LOAN_0002010,CUST_08813,Auto,2023-12-09,2365322.63,9.65,60,6,N,N
LOAN_0002011,CUST_00908,Personal,2026-04-03,375085.55,12.98,36,5,N,N
LOAN_0002012,CUST_00084,Home,2026-07-10,5471951.57,8.7,120,3,N,N
LOAN_0002013,CUST_04845,Personal,2025-12-22,631370.0,12.81,48,0,N,N
LOAN_0002014,CUST_02685,Home,2025-06-25,2157925.14,7.35,120,0,N,N
LOAN_0002015,CUST_09887,Education,2022-01-10,322064.86,10.36,84,7,N,N
LOAN_0002016,CUST_05491,Home,2023-03-29,7076500.32,9.82,180,6,N,N
LOAN_0002017,CUST_07821,Auto,2021-08-08,650266.36,9.9,36,4,N,N
LOAN_0002018,CUST_04461,Home,2023-06-03,7379461.97,8.26,300,6,N,N
LOAN_0002019,CUST_07795,Personal,2023-04-23,1232790.41,11.91,48,1,N,N
LOAN_0002020,CUST_07104,Personal,2021-05-03,1182317.07,11.0,24,11,N,N
LOAN_0002021,CUST_10190,Personal,2022-11-25,583298.32,14.39,36,5,N,N
LOAN_0002022,CUST_01491,Auto,2021-02-03,1763699.55,8.02,48,4,N,N
LOAN_0002023,CUST_08456,Education,2025-10-17,457050.77,8.01,120,9,N,N
LOAN_0002024,CUST_08538,Home,2021-12-09,9866021.15,8.5,300,2,N,N
LOAN_0002025,CUST_07672,Auto,2023-08-20,2273079.14,9.75,48,2,N,N
LOAN_0002026,CUST_04503,Home,2023-11-13,4321266.29,8.23,180,42,N,N
LOAN_0002027,CUST_00500,Auto,2022-06-07,2241241.24,10.65,72,0,N,N
LOAN_0002028,CUST_00121,Education,2022-07-27,317088.82,11.72,60,0,N,N
LOAN_0002029,CUST_04921,Home,2023-02-04,4218054.65,10.05,240,8,N,N
LOAN_0002030,CUST_09894,Personal,2025-02-01,1021876.49,15.54,60,3,N,N
LOAN_0002031,CUST_08256,Personal,2022-08-08,651494.91,16.79,48,1,N,N
LOAN_0002032,CUST_07185,Home,2023-09-29,9148050.63,8.15,300,5,N,N
LOAN_0002033,CUST_01809,Education,2024-04-14,1380294.41,8.4,84,8,N,N
LOAN_0002034,CUST_01909,Personal,2022-07-14,994230.48,17.61,60,6,N,N
LOAN_0002035,CUST_01716,Home,2022-04-25,6338469.87,8.83,120,3,N,N
LOAN_0002036,CUST_06931,Personal,2023-03-27,1404345.74,15.44,24,1,N,N
LOAN_0002037,CUST_09190,Education,2022-09-07,1292559.23,7.7,84,0,N,N
LOAN_0002038,CUST_01873,Auto,2026-02-25,1911189.5,8.03,60,10,N,N
LOAN_0002039,CUST_02631,Home,2023-08-19,4414784.14,8.09,180,0,N,N
LOAN_0002040,CUST_07323,Home,2022-01-24,5093682.24,9.83,120,2,N,N
LOAN_0002041,CUST_02797,Auto,2022-05-04,1035261.55,12.55,48,90,Y,Y
LOAN_0002042,CUST_01830,Home,2025-11-13,5372776.68,10.02,180,9,N,N
LOAN_0002043,CUST_07673,Auto,2025-03-27,2056295.62,10.57,48,3,N,N
LOAN_0002044,CUST_05621,Auto,2021-12-23,1720545.21,9.5,48,11,N,N
LOAN_0002045,CUST_04148,Personal,2023-05-24,1102209.61,16.62,60,14,N,N
LOAN_0002046,CUST_04936,Home,2026-05-05,6644523.92,8.71,180,8,N,N
LOAN_0002047,CUST_08711,Home,2025-08-28,5071801.16,9.99,180,2,N,N
LOAN_0002048,CUST_03247,Home,2024-04-27,9320227.82,7.4,180,10,N,N
LOAN_0002049,CUST_07877,Auto,2024-11-21,1974809.71,12.84,36,3,N,N
LOAN_0002050,CUST_01072,Personal,2023-03-06,717506.94,14.52,24,3,N,N
LOAN_0002051,CUST_05522,Home,2023-06-15,5627107.93,10.04,120,6,N,N
LOAN_0002052,CUST_08610,Home,2024-03-13,5413097.5,8.57,180,0,N,N
LOAN_0002053,CUST_01018,Personal,2025-08-12,298848.14,11.78,48,1,N,N
LOAN_0002054,CUST_03273,Home,2021-06-11,9249181.77,8.44,120,60,N,N
LOAN_0002055,CUST_09778,Education,2024-11-10,239640.95,8.07,84,7,N,N
LOAN_0002056,CUST_08822,Auto,2025-11-10,1431477.24,11.57,48,0,N,N
LOAN_0002057,CUST_04690,Auto,2026-05-13,2493625.0,11.0,48,3,N,N
LOAN_0002058,CUST_00577,Auto,2021-01-03,603460.86,11.96,60,1,N,N
LOAN_0002059,CUST_08250,Education,2023-12-27,566712.7,10.09,120,7,N,N
LOAN_0002060,CUST_10026,Home,2025-07-10,6829549.26,8.08,240,2,N,N
LOAN_0002061,CUST_07173,Home,2021-09-17,6376148.01,7.34,240,10,N,N
LOAN_0002062,CUST_10183,Home,2024-12-27,3366246.44,10.08,300,0,N,N
LOAN_0002063,CUST_00744,Home,2021-01-03,9480896.95,9.76,120,3,N,N
LOAN_0002064,CUST_05148,Auto,2023-11-14,1310061.67,11.83,60,1,N,N
LOAN_0002065,CUST_06262,Home,2025-07-20,5690042.48,7.04,180,0,N,N
LOAN_0002066,CUST_07346,Education,2021-04-28,1665379.79,8.61,84,4,N,N
LOAN_0002067,CUST_07436,Personal,2022-12-02,1466035.89,10.98,60,15,N,N
LOAN_0002068,CUST_03356,Personal,2026-03-21,1310556.09,16.07,60,0,N,N
LOAN_0002069,CUST_04445,Personal,2022-12-13,1088939.44,14.38,60,1,N,N
LOAN_0002070,CUST_00867,Auto,2021-05-01,461299.97,11.36,36,1,N,N
LOAN_0002071,CUST_08673,Home,2022-01-10,3768271.76,8.41,120,32,N,N
LOAN_0002072,CUST_01718,Personal,2022-12-06,1207045.51,14.8,60,11,N,N
LOAN_0002073,CUST_03350,Education,2021-11-04,1411094.65,10.39,120,19,N,N
LOAN_0002074,CUST_10104,Auto,2026-04-08,2247743.18,10.68,60,7,N,N
LOAN_0002075,CUST_08098,Home,2022-02-16,2263965.58,10.45,240,6,N,N
LOAN_0002076,CUST_08559,Home,2025-05-24,4697150.44,10.3,240,2,N,N
LOAN_0002077,CUST_04379,Education,2023-12-16,1922238.81,7.96,84,6,N,N
LOAN_0002078,CUST_09721,Auto,2022-08-24,601377.81,10.85,36,11,N,N
LOAN_0002079,CUST_09922,Education,2023-01-04,729649.0,12.4,60,1,N,N
LOAN_0002080,CUST_08983,Personal,2024-06-26,410484.83,13.76,48,0,N,N
LOAN_0002081,CUST_07013,Personal,2021-07-21,1470297.94,15.58,36,0,N,N
LOAN_0002082,CUST_06527,Auto,2021-03-19,959545.81,9.42,48,6,N,N
LOAN_0002083,CUST_10059,Personal,2025-11-20,1309883.49,14.52,36,3,N,N
LOAN_0002084,CUST_09393,Home,2023-05-09,9551603.04,9.39,180,15,N,N
LOAN_0002085,CUST_00545,Auto,2021-02-01,1823820.35,12.91,60,4,N,N
LOAN_0002086,CUST_03863,Home,2024-04-02,5634733.48,10.17,180,1,N,N
LOAN_0002087,CUST_02170,Auto,2021-04-20,1507449.22,12.07,72,4,N,N
LOAN_0002088,CUST_06980,Personal,2025-02-28,1083061.91,17.8,36,5,N,N
LOAN_0002089,CUST_06173,Personal,2026-01-01,369847.49,15.2,60,5,N,N
LOAN_0002090,CUST_03376,Personal,2024-01-04,1108916.25,13.52,24,36,N,N
LOAN_0002091,CUST_09478,Education,2023-01-15,1939171.97,10.92,120,3,N,N
LOAN_0002092,CUST_04729,Home,2024-05-20,8447899.64,8.42,240,2,N,N
LOAN_0002093,CUST_03587,Education,2024-07-23,492025.92,10.6,120,5,N,N
LOAN_0002094,CUST_06637,Home,2023-08-12,8254461.12,8.57,240,6,N,N
LOAN_0002095,CUST_07724,Home,2021-08-24,9683098.92,9.27,180,5,N,N
LOAN_0002096,CUST_03044,Home,2022-12-09,2542417.97,8.77,180,3,N,N
LOAN_0002097,CUST_09605,Home,2024-03-31,3198511.34,7.53,240,3,N,N
LOAN_0002098,CUST_08591,Auto,2023-07-14,1343982.85,11.11,48,3,N,N
LOAN_0002099,CUST_04823,Home,2022-03-24,4372431.02,9.51,120,1,N,N
LOAN_0002100,CUST_07777,Home,2022-02-28,6677196.76,7.86,120,17,N,N
LOAN_0002101,CUST_08091,Home,2021-08-19,6378804.31,7.64,180,60,N,N
LOAN_0002102,CUST_07862,Auto,2023-10-13,1529134.61,9.31,60,0,N,N
LOAN_0002103,CUST_00095,Personal,2025-02-13,715240.62,12.6,48,7,N,N
LOAN_0002104,CUST_03476,Personal,2021-12-13,688495.2,17.94,24,2,N,N
LOAN_0002105,CUST_05810,Auto,2022-11-28,1395704.73,12.31,36,0,N,N
LOAN_0002106,CUST_04180,Home,2024-01-27,6225740.2,8.07,120,7,N,N
LOAN_0002107,CUST_06938,Personal,2024-05-18,202212.52,17.96,36,0,N,N
LOAN_0002108,CUST_08837,Personal,2024-09-15,316617.29,12.33,48,2,N,N
LOAN_0002109,CUST_05693,Auto,2022-09-05,2457286.1,11.08,60,0,N,N
LOAN_0002110,CUST_09007,Education,2023-09-06,971588.4,9.59,60,2,N,N
LOAN_0002111,CUST_01985,Personal,2023-12-04,1093307.64,11.65,24,14,N,N
LOAN_0002112,CUST_08748,Home,2024-01-25,8856686.09,8.98,120,0,N,N
LOAN_0002113,CUST_06569,Home,2024-02-05,3824315.59,7.49,120,4,N,N
LOAN_0002114,CUST_08829,Auto,2021-01-05,547039.17,8.91,72,0,N,N
LOAN_0002115,CUST_06071,Home,2022-07-02,7678900.95,8.57,300,120,Y,Y
LOAN_0002116,CUST_06840,Home,2025-08-20,6105060.22,7.72,120,6,N,N
LOAN_0002117,CUST_00123,Auto,2023-07-05,653939.64,12.49,72,6,N,N
LOAN_0002118,CUST_05172,Home,2024-01-09,5815828.47,9.09,180,95,Y,Y
LOAN_0002119,CUST_05563,Home,2022-09-03,2781809.43,7.22,180,21,N,N
LOAN_0002120,CUST_06518,Auto,2022-12-09,1143854.08,12.86,48,8,N,N
LOAN_0002121,CUST_07096,Home,2021-09-16,6747779.55,8.63,120,13,N,N
LOAN_0002122,CUST_08905,Auto,2025-02-15,526512.28,8.02,72,11,N,N
LOAN_0002123,CUST_03312,Auto,2025-06-16,906662.44,9.15,72,2,N,N
LOAN_0002124,CUST_00215,Education,2023-01-19,1600615.87,9.54,84,0,N,N
LOAN_0002125,CUST_08253,Home,2024-02-18,5492508.28,7.37,180,6,N,N
LOAN_0002126,CUST_07630,Auto,2025-11-22,1978028.56,11.92,60,17,N,N
LOAN_0002127,CUST_08066,Auto,2026-05-02,813256.4,10.73,36,3,N,N
LOAN_0002128,CUST_09349,Personal,2022-04-25,1127100.2,10.52,24,7,N,N
LOAN_0002129,CUST_07620,Personal,2024-02-25,1158714.94,15.63,24,0,N,N
LOAN_0002130,CUST_02160,Personal,2021-04-06,1135944.88,12.13,48,7,N,N
LOAN_0002131,CUST_00388,Education,2022-07-16,1427473.29,8.02,120,15,N,N
LOAN_0002132,CUST_02953,Home,2021-07-04,4044328.18,7.89,180,60,N,N
LOAN_0002133,CUST_06379,Auto,2025-04-20,1423704.03,10.21,60,3,N,N
LOAN_0002134,CUST_02670,Auto,2021-09-26,1797415.4,9.87,60,23,N,N
LOAN_0002135,CUST_9999,Home,2023-03-09,5782294.12,9.78,240,4,N,N
LOAN_0002136,CUST_05731,Personal,2023-08-04,1040833.67,16.67,24,5,N,N
LOAN_0002137,CUST_03976,Personal,2022-07-11,402421.2,16.67,48,1,N,N
LOAN_0002138,CUST_07483,Home,2023-01-21,8799148.62,7.58,120,0,N,N
LOAN_0002139,CUST_01926,Personal,2024-12-31,1249844.76,13.79,36,9,N,N
LOAN_0002140,CUST_04364,Personal,2023-01-26,619169.95,13.28,36,5,N,N
LOAN_0002141,CUST_07937,Education,2023-12-05,307740.99,10.71,120,5,N,N
LOAN_0002142,CUST_04690,Auto,2025-12-11,512874.41,10.34,48,0,N,N
LOAN_0002143,CUST_09841,Education,2022-09-15,1496465.62,7.58,84,35,N,N
LOAN_0002144,CUST_06382,Personal,2021-07-09,323013.82,15.9,24,2,N,N
LOAN_0002145,CUST_06848,Home,2024-07-24,2635900.61,8.81,300,5,N,N
LOAN_0002146,CUST_05363,Auto,2024-03-08,1425351.94,12.22,48,2,N,N
LOAN_0002147,CUST_08745,Home,2025-09-26,6184832.74,10.4,300,0,N,N
LOAN_0002148,CUST_00182,Home,2024-08-06,4403382.08,7.26,300,3,N,N
LOAN_0002149,CUST_03199,Education,2021-11-25,1024129.74,11.26,120,3,N,N
LOAN_0002150,CUST_00244,Personal,2024-11-24,842511.34,17.25,48,0,N,N
LOAN_0002151,CUST_00309,Personal,2026-05-20,822884.08,14.61,36,4,N,N
LOAN_0002152,CUST_00459,Auto,2022-04-20,2251618.41,8.32,48,1,N,N
LOAN_0002153,CUST_01089,Home,2024-03-25,8110083.93,7.52,300,0,N,N
LOAN_0002154,CUST_04760,Personal,2025-07-06,283815.2,15.49,36,0,N,N
LOAN_0002155,CUST_05398,Personal,2026-01-11,531202.27,12.88,24,0,N,N
LOAN_0002156,CUST_04680,Personal,2024-10-06,1044512.12,17.78,60,0,N,N
LOAN_0002157,CUST_09263,Personal,2021-05-21,142451.8,15.53,48,32,N,N
LOAN_0002158,CUST_06981,Auto,2026-02-03,701874.16,8.91,48,0,N,N
LOAN_0002159,CUST_03985,Auto,2022-01-24,1976817.22,11.51,60,75,N,N
LOAN_0002160,CUST_09817,Auto,2022-04-06,1379492.3,11.62,48,5,N,N
LOAN_0002161,CUST_10178,Auto,2024-12-18,1317415.34,9.77,60,2,N,N
LOAN_0002162,CUST_04083,Home,2021-04-06,7794088.25,8.34,120,4,N,N
LOAN_0002163,CUST_09049,Personal,2023-10-03,186785.39,14.36,60,3,N,N
LOAN_0002164,CUST_08563,Home,2026-04-05,7914841.02,8.6,240,3,N,N
LOAN_0002165,CUST_04762,Home,2023-08-20,3770993.81,8.56,180,5,N,N
LOAN_0002166,CUST_03824,Home,2022-10-10,9262181.96,7.88,180,2,N,N
LOAN_0002167,CUST_04453,Home,2024-01-30,5336736.09,7.55,120,2,N,N
LOAN_0002168,CUST_01961,Home,2026-06-30,3385486.58,7.02,120,8,N,N
LOAN_0002169,CUST_00831,Auto,2022-10-16,2096909.36,12.13,36,4,N,N
LOAN_0002170,CUST_05573,Personal,2022-08-10,270699.81,12.67,24,4,N,N
LOAN_0002171,CUST_05663,Home,2024-11-19,3089601.24,7.17,300,4,N,N
LOAN_0002172,CUST_07914,Personal,2022-01-04,1471280.52,14.66,60,12,N,N
LOAN_0002173,CUST_00022,Personal,2022-12-12,662298.62,11.03,24,12,N,N
LOAN_0002174,CUST_04454,Home,2021-12-26,7762162.24,8.06,300,0,N,N
LOAN_0002175,CUST_02099,Personal,2025-07-03,1244230.78,10.97,48,1,N,N
LOAN_0002176,CUST_04372,Education,2025-07-23,1711342.61,12.22,120,8,N,N
LOAN_0002177,CUST_08001,Education,2024-05-21,762761.47,9.97,84,6,N,N
LOAN_0002178,CUST_03900,Home,2023-04-11,3816272.79,8.78,300,4,N,N
LOAN_0002179,CUST_09158,Personal,2024-01-31,331500.63,13.03,24,2,N,N
LOAN_0002180,CUST_04845,Personal,2024-12-27,549998.06,14.0,24,9,N,N
LOAN_0002181,CUST_02595,Education,2025-05-04,1228620.88,10.07,120,0,N,N
LOAN_0002182,CUST_09245,Auto,2024-01-10,523738.87,11.42,72,5,N,N
LOAN_0002183,CUST_04250,Personal,2023-12-17,573718.95,16.02,24,8,N,N
LOAN_0002184,CUST_08325,Home,2025-06-14,7254300.24,9.45,180,4,N,N
LOAN_0002185,CUST_03763,Home,2025-04-11,4035637.14,10.21,240,7,N,N
LOAN_0002186,CUST_00355,Personal,2024-05-19,1278858.18,14.89,48,3,N,N
LOAN_0002187,CUST_02843,Auto,2024-01-24,2257164.17,11.94,36,1,N,N
LOAN_0002188,CUST_06466,Education,2021-11-17,1714651.1,8.39,84,75,N,N
LOAN_0002189,CUST_04950,Education,2024-01-03,1158773.22,8.09,60,6,N,N
LOAN_0002190,CUST_05277,Home,2025-06-04,8486022.73,10.19,120,10,N,N
LOAN_0002191,CUST_05441,Home,2025-08-22,4686779.58,9.57,120,2,N,N
LOAN_0002192,CUST_05768,Auto,2023-12-17,444143.95,10.19,48,13,N,N
LOAN_0002193,CUST_00990,Home,2023-03-09,2191215.65,8.45,300,13,N,N
LOAN_0002194,CUST_08393,Home,2022-10-17,6253169.94,10.28,120,3,N,N
LOAN_0002195,CUST_00452,Auto,2023-10-05,1137436.27,11.4,72,9,N,N
LOAN_0002196,CUST_06770,Education,2025-06-30,657151.29,8.69,60,7,N,N
LOAN_0002197,CUST_07648,Personal,2024-03-23,448836.66,14.19,48,1,N,N
LOAN_0002198,CUST_02371,Home,2022-05-02,4322434.79,8.58,300,0,N,N
LOAN_0002199,CUST_09236,Home,2022-11-08,6862981.62,8.74,180,19,N,N
LOAN_0002200,CUST_02180,Auto,2022-05-03,988578.73,9.71,48,13,N,N
LOAN_0002201,CUST_01520,Personal,2023-09-17,319245.04,14.32,24,5,N,N
LOAN_0002202,CUST_07561,Home,2021-02-26,8342521.99,9.62,180,9,N,N
LOAN_0002203,CUST_08665,Personal,2022-07-31,899718.76,13.44,48,9,N,N
LOAN_0002204,CUST_07809,Auto,2023-05-03,1784660.94,10.16,48,14,N,N
LOAN_0002205,CUST_03768,Home,2021-08-28,3078582.86,7.56,120,13,N,N
LOAN_0002206,CUST_04198,Home,2023-11-14,5132366.05,7.48,120,6,N,N
LOAN_0002207,CUST_02240,Personal,2026-02-26,138247.71,14.75,24,8,N,N
LOAN_0002208,CUST_10184,Personal,2025-08-14,994270.01,14.81,36,0,N,N
LOAN_0002209,CUST_03362,Personal,2024-06-26,688053.78,16.74,60,2,N,N
LOAN_0002210,CUST_04046,Personal,2024-09-14,1200323.42,17.83,48,1,N,N
LOAN_0002211,CUST_07751,Home,2022-06-02,4734206.02,9.73,300,9,N,N
LOAN_0002212,CUST_02738,Home,2021-05-22,9101875.62,7.48,120,1,N,N
LOAN_0002213,CUST_00264,Home,2026-06-15,3055227.94,9.26,120,24,N,N
LOAN_0002214,CUST_03519,Home,2023-08-18,5027530.25,7.43,300,4,N,N
LOAN_0002215,CUST_00708,Personal,2026-02-24,457624.94,17.56,36,11,N,N
LOAN_0002216,CUST_06856,Education,2022-12-21,1323209.11,11.96,120,1,N,N
LOAN_0002217,CUST_07375,Home,2024-05-06,3952226.35,10.06,240,1,N,N
LOAN_0002218,CUST_02323,Auto,2021-05-03,1955341.52,9.82,72,0,N,N
LOAN_0002219,CUST_04088,Home,2024-07-24,9706150.3,9.32,300,14,N,N
LOAN_0002220,CUST_09104,Home,2024-09-01,8834039.05,7.63,180,4,N,N
LOAN_0002221,CUST_02036,Home,2025-12-15,8149472.63,9.75,300,23,N,N
LOAN_0002222,CUST_03025,Home,2021-10-05,9557562.34,7.75,180,8,N,N
LOAN_0002223,CUST_04679,Auto,2025-06-16,2352276.54,11.59,60,1,N,N
LOAN_0002224,CUST_06307,Home,2025-03-25,6884824.44,9.28,300,3,N,N
LOAN_0002225,CUST_09989,Home,2025-09-10,8071448.33,10.07,180,8,N,N
LOAN_0002226,CUST_08892,Auto,2025-02-27,479469.06,9.66,36,0,N,N
LOAN_0002227,CUST_05012,Personal,2025-03-19,365747.91,12.34,24,1,N,N
LOAN_0002228,CUST_08875,Home,2023-06-27,2913604.47,7.22,120,5,N,N
LOAN_0002229,CUST_08432,Personal,2023-12-28,1420171.02,11.86,36,10,N,N
LOAN_0002230,CUST_06127,Auto,2022-04-22,1384794.32,8.19,48,4,N,N
LOAN_0002231,CUST_00368,Personal,2023-02-24,1290141.6,15.26,36,12,N,N
LOAN_0002232,CUST_08775,Auto,2023-09-12,2427767.99,9.89,72,11,N,N
LOAN_0002233,CUST_08741,Personal,2025-01-22,642407.85,12.46,48,2,N,N
LOAN_0002234,CUST_09993,Personal,2025-06-17,300050.37,12.62,24,11,N,N
LOAN_0002235,CUST_07796,Auto,2021-11-25,2066658.83,9.96,48,3,N,N
LOAN_0002236,CUST_00688,Auto,2022-06-07,1975650.04,12.97,36,3,N,N
LOAN_0002237,CUST_00202,Personal,2023-05-01,1344485.46,17.25,36,4,N,N
LOAN_0002238,CUST_01596,Education,2021-01-22,1084408.32,11.71,120,0,N,N
LOAN_0002239,CUST_05214,Auto,2021-09-10,1243156.45,11.41,60,1,N,N
LOAN_0002240,CUST_00657,Home,2021-08-08,5411880.69,7.84,240,12,N,N
LOAN_0002241,CUST_02834,Education,2026-01-25,832028.89,11.49,84,5,N,N
LOAN_0002242,CUST_01554,Home,2021-11-28,7874484.23,9.29,240,5,N,N
LOAN_0002243,CUST_05281,Personal,2021-03-18,531228.58,12.02,48,16,N,N
LOAN_0002244,CUST_06037,Personal,2025-04-13,1282476.63,11.22,24,15,N,N
LOAN_0002245,CUST_08255,Auto,2024-11-17,1365981.58,12.01,72,0,N,N
LOAN_0002246,CUST_09847,Home,2024-10-29,6362017.31,8.01,240,10,N,N
LOAN_0002247,CUST_08799,Personal,2025-08-19,758888.27,17.16,60,9,N,N
LOAN_0002248,CUST_08436,Auto,2021-10-15,785472.79,11.24,36,0,N,N
LOAN_0002249,CUST_07674,Home,2021-08-24,8161801.56,9.09,120,1,N,N
LOAN_0002250,CUST_07626,Education,2025-05-28,298753.41,10.86,120,1,N,N
LOAN_0002251,CUST_06070,Personal,2024-09-10,1471956.26,14.48,48,20,N,N
LOAN_0002252,CUST_03985,Home,2026-04-04,8292859.47,9.83,120,13,N,N
LOAN_0002253,CUST_05037,Home,2024-05-20,5860566.62,9.72,180,1,N,N
LOAN_0002254,CUST_05698,Auto,2021-05-23,620565.77,11.39,48,9,N,N
LOAN_0002255,CUST_05305,Home,2022-04-14,3167243.3,9.55,120,60,N,N
LOAN_0002256,CUST_05209,Personal,2026-06-19,639725.11,16.63,60,2,N,N
LOAN_0002257,CUST_08959,Home,2023-09-13,4303742.27,7.79,180,8,N,N
LOAN_0002258,CUST_06998,Home,2024-12-19,5798424.17,8.45,240,12,N,N
LOAN_0002259,CUST_09171,Auto,2023-04-10,518162.02,11.22,72,6,N,N
LOAN_0002260,CUST_00490,Home,2025-05-10,9879280.22,8.78,300,1,N,N
LOAN_0002261,CUST_04294,Home,2024-01-16,5149373.6,7.49,240,9,N,N
LOAN_0002262,CUST_01216,Personal,2024-08-30,242080.37,14.28,48,19,N,N
LOAN_0002263,CUST_07128,Personal,2024-05-16,1445798.72,15.07,60,8,N,N
LOAN_0002264,CUST_00346,Education,2022-11-17,605087.38,12.39,60,21,N,N
LOAN_0002265,CUST_07736,Personal,2026-05-11,830870.41,11.22,36,2,N,N
LOAN_0002266,CUST_01572,Auto,2023-10-03,725413.82,8.2,36,2,N,N
LOAN_0002267,CUST_05915,Education,2025-09-10,780774.57,10.66,120,28,N,N
LOAN_0002268,CUST_08947,Home,2022-09-14,5643628.19,8.33,120,0,N,N
LOAN_0002269,CUST_00740,Personal,2025-08-11,889816.25,16.72,24,6,N,N
LOAN_0002270,CUST_08235,Home,2024-04-04,3434414.17,8.54,120,12,N,N
LOAN_0002271,CUST_04722,Education,2025-01-02,1014208.56,12.0,60,3,N,N
LOAN_0002272,CUST_08902,Home,2024-12-08,4140540.04,8.77,180,10,N,N
LOAN_0002273,CUST_05418,Home,2026-01-10,6760230.93,8.64,120,5,N,N
LOAN_0002274,CUST_01234,Auto,2023-11-06,1280061.58,9.97,36,18,N,N
LOAN_0002275,CUST_07088,Home,2024-02-23,5265317.83,7.04,240,2,N,N
LOAN_0002276,CUST_08324,Home,2023-11-02,7660231.28,7.97,300,5,N,N
LOAN_0002277,CUST_06692,Personal,2022-03-02,1074450.25,16.03,24,2,N,N
LOAN_0002278,CUST_00925,Personal,2025-02-21,732962.21,11.72,60,9,N,N
LOAN_0002279,CUST_07504,Auto,2021-04-27,1879892.71,10.68,60,13,N,N
LOAN_0002280,CUST_00507,Personal,2024-09-01,1020405.88,11.63,48,6,N,N
LOAN_0002281,CUST_06482,Auto,2023-02-06,1703337.97,11.57,48,5,N,N
LOAN_0002282,CUST_06623,Personal,2022-08-15,1236361.6,11.11,36,10,N,N
LOAN_0002283,CUST_08922,Home,2024-09-21,3502996.15,9.51,240,4,N,N
LOAN_0002284,CUST_00055,Personal,2021-10-02,1117949.83,15.45,48,0,N,N
LOAN_0002285,CUST_02560,Auto,2026-02-17,1870173.45,11.48,60,1,N,N
LOAN_0002286,CUST_06218,Home,2024-04-20,5888559.95,7.4,240,8,N,N
LOAN_0002287,CUST_01830,Education,2022-01-29,1243549.89,11.15,60,9,N,N
LOAN_0002288,CUST_03154,Home,2023-06-18,2711668.43,9.3,180,0,N,N
LOAN_0002289,CUST_05685,Personal,2024-10-27,904506.02,17.2,60,0,N,N
LOAN_0002290,CUST_00519,Home,2025-07-01,5739499.19,10.48,300,3,N,N
LOAN_0002291,CUST_03770,Home,2024-07-24,2760092.57,9.94,300,6,N,N
LOAN_0002292,CUST_06258,Auto,2024-01-24,1757936.51,8.93,48,2,N,N
LOAN_0002293,CUST_06450,Home,2024-08-09,9785451.32,9.9,300,16,N,N
LOAN_0002294,CUST_07550,Education,2021-01-02,1457500.83,8.2,120,3,N,N
LOAN_0002295,CUST_10126,Auto,2025-07-25,828102.14,10.13,48,6,N,N
LOAN_0002296,CUST_00045,Personal,2023-02-16,1456174.14,10.94,60,1,N,N
LOAN_0002297,CUST_03610,Home,2022-10-23,4666423.37,9.62,180,0,N,N
LOAN_0002298,CUST_07534,Auto,2025-05-07,1103380.66,12.57,72,4,N,N
LOAN_0002299,CUST_09468,Home,2023-10-10,5314989.91,8.63,240,7,N,N
LOAN_0002300,CUST_08825,Personal,2024-12-01,993648.64,16.58,36,1,N,N
LOAN_0002301,CUST_05250,Home,2023-01-04,8751053.14,10.23,120,2,N,N
LOAN_0002302,CUST_00133,Home,2023-11-21,8822231.39,10.44,300,1,N,N
LOAN_0002303,CUST_02080,Home,2021-12-05,6629158.72,7.0,300,9,N,N
LOAN_0002304,CUST_02720,Auto,2023-01-06,2483424.37,12.37,36,3,N,N
LOAN_0002305,CUST_05451,Home,2021-10-11,6645614.29,8.41,120,3,N,N
LOAN_0002306,CUST_04531,Personal,2023-03-20,1115963.58,12.96,36,5,N,N
LOAN_0002307,CUST_04631,Home,2025-09-08,3441444.67,10.17,180,3,N,N
LOAN_0002308,CUST_08294,Education,2025-01-07,1030770.25,10.92,120,0,N,N
LOAN_0002309,CUST_01042,Home,2024-10-22,6853386.84,7.05,120,10,N,N
LOAN_0002310,CUST_09524,Auto,2023-10-05,1726487.54,9.4,48,37,N,N
LOAN_0002311,CUST_07745,Personal,2025-04-20,161743.9,17.49,48,8,N,N
LOAN_0002312,CUST_02506,Education,2026-03-05,417681.02,8.43,120,0,N,N
LOAN_0002313,CUST_01010,Auto,2021-07-27,1021507.56,11.3,60,20,N,N
LOAN_0002314,CUST_01964,Home,2023-10-27,4162304.18,8.19,300,2,N,N
LOAN_0002315,CUST_00984,Education,2022-04-28,1522469.8,7.7,120,0,N,N
LOAN_0002316,CUST_03672,Home,2025-05-11,3328707.68,7.61,180,0,N,N
LOAN_0002317,CUST_09029,Home,2022-06-02,7063573.71,7.88,240,6,N,N
LOAN_0002318,CUST_03255,Personal,2025-12-08,1121850.17,15.02,24,0,N,N
LOAN_0002319,CUST_00912,Personal,2025-03-20,512179.58,11.69,60,3,N,N
LOAN_0002320,CUST_02941,Personal,2024-11-02,1081483.35,10.96,48,10,N,N
LOAN_0002321,CUST_02653,Personal,2021-08-17,430655.41,14.3,60,16,N,N
LOAN_0002322,CUST_03506,Personal,2022-10-17,274468.44,11.97,48,5,N,N
LOAN_0002323,CUST_03871,Home,2022-10-07,7251895.61,7.14,120,12,N,N
LOAN_0002324,CUST_02810,Home,2024-11-19,4750018.97,7.58,240,0,N,N
LOAN_0002325,CUST_05789,Home,2023-11-21,8283370.58,7.61,300,3,N,N
LOAN_0002326,CUST_02964,Home,2024-12-12,6601619.69,7.44,180,0,N,N
LOAN_0002327,CUST_08787,Auto,2024-07-01,2384725.4,10.74,48,13,N,N
LOAN_0002328,CUST_09355,Education,2024-04-08,434192.46,9.94,84,9,N,N
LOAN_0002329,CUST_05920,Auto,2021-04-27,980172.16,10.12,36,1,N,N
LOAN_0002330,CUST_05075,Personal,2023-05-05,907845.71,10.68,48,1,N,N
LOAN_0002331,CUST_00069,Home,2024-03-18,4766876.98,8.34,180,13,N,N
LOAN_0002332,CUST_04765,Education,2021-01-25,769824.09,9.79,84,8,N,N
LOAN_0002333,CUST_09401,Home,2023-06-18,7526017.47,8.99,300,5,N,N
LOAN_0002334,CUST_02585,Home,2023-01-14,9745750.79,7.09,120,90,Y,Y
LOAN_0002335,CUST_05825,Home,2022-03-22,2732029.62,8.41,240,2,N,N
LOAN_0002336,CUST_03488,Auto,2024-11-18,1041017.26,8.29,72,0,N,N
LOAN_0002337,CUST_00091,Personal,2025-10-15,520041.92,11.45,24,2,N,N
LOAN_0002338,CUST_01196,Personal,2023-06-30,310069.68,12.23,48,2,N,N
LOAN_0002339,CUST_02689,Personal,2022-10-12,577675.43,15.28,36,10,N,N
LOAN_0002340,CUST_00873,Home,2024-09-03,8080941.52,10.34,300,6,N,N
LOAN_0002341,CUST_04358,Personal,2026-03-28,729291.37,12.47,60,2,N,N
LOAN_0002342,CUST_01079,Home,2021-09-24,3520803.81,7.98,120,9,N,N
LOAN_0002343,CUST_09557,Home,2026-03-02,6437014.73,8.6,180,4,N,N
LOAN_0002344,CUST_00230,Home,2024-02-17,4913396.99,8.98,300,10,N,N
LOAN_0002345,CUST_02579,Personal,2023-02-19,164447.07,16.8,24,2,N,N
LOAN_0002346,CUST_00985,Home,2022-05-05,7119955.0,7.82,240,6,N,N
LOAN_0002347,CUST_00074,Auto,2021-05-20,752900.18,12.11,48,15,N,N
LOAN_0002348,CUST_05704,Education,2021-04-11,377748.5,10.16,84,0,N,N
LOAN_0002349,CUST_05006,Home,2022-10-15,6025157.92,9.94,180,0,N,N
LOAN_0002350,CUST_02690,Personal,2022-12-30,300248.75,12.71,24,1,N,N
LOAN_0002351,CUST_01121,Auto,2022-06-15,2448186.99,12.1,60,0,N,N
LOAN_0002352,CUST_06655,Home,2021-01-15,4331749.64,8.26,180,21,N,N
LOAN_0002353,CUST_05573,Home,2021-10-10,3710050.02,7.06,120,6,N,N
LOAN_0002354,CUST_02679,Home,2026-06-05,2135947.22,8.09,300,1,N,N
LOAN_0002355,CUST_00112,Personal,2022-01-22,1275951.24,12.28,36,5,N,N
LOAN_0002356,CUST_09984,Home,2022-04-22,3152851.17,10.32,240,3,N,N
LOAN_0002357,CUST_04475,Personal,2025-10-20,230357.23,15.61,24,1,N,N
LOAN_0002358,CUST_08326,Auto,2024-04-07,2388485.14,8.39,48,60,N,N
LOAN_0002359,CUST_04536,Home,2026-02-28,5478561.08,9.62,240,7,N,N
LOAN_0002360,CUST_08494,Personal,2024-01-26,1486453.48,10.91,24,2,N,N
LOAN_0002361,CUST_01329,Home,2026-01-25,9055969.38,7.35,240,7,N,N
LOAN_0002362,CUST_09724,Education,2021-09-13,1053590.47,8.06,60,3,N,N
LOAN_0002363,CUST_03795,Home,2022-12-25,8556765.68,7.19,180,11,N,N
LOAN_0002364,CUST_03556,Home,2025-09-29,6715649.25,10.29,180,3,N,N
LOAN_0002365,CUST_08611,Personal,2022-01-13,233944.94,11.46,48,0,N,N
LOAN_0002366,CUST_08701,Auto,2023-04-14,1923533.19,12.92,36,6,N,N
LOAN_0002367,CUST_05193,Auto,2026-01-20,681729.86,11.47,48,8,N,N
LOAN_0002368,CUST_03305,Education,2025-09-14,1646783.86,11.92,60,3,N,N
LOAN_0002369,CUST_07727,Personal,2023-02-26,381117.79,15.36,60,11,N,N
LOAN_0002370,CUST_02751,Education,2024-01-12,435318.7,8.53,60,4,N,N
LOAN_0002371,CUST_07648,Home,2022-04-05,2511636.54,8.36,180,12,N,N
LOAN_0002372,CUST_02774,Personal,2024-03-30,1395731.79,13.38,36,2,N,N
LOAN_0002373,CUST_08736,Home,2024-06-01,7839831.18,8.57,240,0,N,N
LOAN_0002374,CUST_02915,Home,2025-12-23,2834736.67,9.22,120,150,Y,Y
LOAN_0002375,CUST_07935,Home,2021-06-07,4333968.57,9.5,180,1,N,N
LOAN_0002376,CUST_02199,Home,2025-08-15,6950686.61,7.95,120,12,N,N
LOAN_0002377,CUST_02210,Home,2025-08-01,6347300.19,8.37,120,2,N,N
LOAN_0002378,CUST_07841,Education,2022-05-12,1690273.08,8.29,120,0,N,N
LOAN_0002379,CUST_06953,Home,2026-01-04,3303200.11,10.37,240,1,N,N
LOAN_0002380,CUST_06567,Home,2024-11-25,9483094.33,7.6,180,3,N,N
LOAN_0002381,CUST_06141,Auto,2022-05-08,1754566.22,10.36,48,1,N,N
LOAN_0002382,CUST_05201,Personal,2023-11-10,299746.49,12.77,24,12,N,N
LOAN_0002383,CUST_00436,Home,2021-10-21,6234588.85,9.55,300,4,N,N
LOAN_0002384,CUST_03837,Personal,2023-06-17,834478.41,16.06,24,3,N,N
LOAN_0002385,CUST_01363,Education,2022-06-18,1866601.74,9.17,60,4,N,N
LOAN_0002386,CUST_05932,Home,2021-09-06,2040043.81,8.36,300,7,N,N
LOAN_0002387,CUST_02812,Auto,2024-05-07,1532779.52,8.81,72,2,N,N
LOAN_0002388,CUST_07919,Home,2023-04-12,3679951.26,8.12,120,14,N,N
LOAN_0002389,CUST_08515,Education,2024-09-13,844266.49,8.07,84,9,N,N
LOAN_0002390,CUST_04832,Home,2022-10-12,6261573.47,9.73,300,2,N,N
LOAN_0002391,CUST_05766,Home,2021-08-24,4980398.0,9.73,300,2,N,N
LOAN_0002392,CUST_07178,Home,2024-03-04,7120461.03,10.02,240,4,N,N
LOAN_0002393,CUST_03273,Education,2022-09-06,1790342.13,9.58,120,75,N,N
LOAN_0002394,CUST_08718,Auto,2025-04-19,1385035.2,11.16,72,0,N,N
LOAN_0002395,CUST_05618,Auto,2023-11-07,2224969.73,9.46,36,3,N,N
LOAN_0002396,CUST_00361,Education,2024-01-04,703992.13,10.01,84,1,N,N
LOAN_0002397,CUST_09023,Auto,2024-10-10,444103.8,8.41,48,3,N,N
LOAN_0002398,CUST_05126,Home,2023-02-09,9974291.01,7.66,180,4,N,N
LOAN_0002399,CUST_05353,Home,2021-04-15,2941921.49,9.51,300,0,N,N
LOAN_0002400,CUST_03205,Home,2024-04-02,6415831.64,7.1,300,1,N,N
LOAN_0002401,CUST_02168,Home,2024-07-22,6796877.46,8.65,300,15,N,N
LOAN_0002402,CUST_06124,Auto,2024-12-06,1893567.91,10.14,60,11,N,N
LOAN_0002403,CUST_01854,Home,2025-05-27,3786016.81,7.48,240,1,N,N
LOAN_0002404,CUST_04150,Auto,2026-02-06,1047009.99,12.05,48,7,N,N
LOAN_0002405,CUST_06087,Auto,2025-01-12,2096542.34,11.3,72,1,N,N
LOAN_0002406,CUST_06951,Auto,2021-04-05,953504.49,11.87,60,3,N,N
LOAN_0002407,CUST_01724,Home,2022-05-29,8681652.17,7.11,120,4,N,N
LOAN_0002408,CUST_00585,Home,2022-03-31,4244021.06,8.35,120,0,N,N
LOAN_0002409,CUST_03861,Education,2022-01-02,1124094.11,9.56,120,3,N,N
LOAN_0002410,CUST_02744,Home,2023-08-29,5352027.79,9.31,300,2,N,N
LOAN_0002411,CUST_05705,Auto,2024-06-18,1146749.91,12.33,72,0,N,N
LOAN_0002412,CUST_03598,Personal,2024-04-01,721228.66,14.59,48,8,N,N
LOAN_0002413,CUST_02652,Education,2026-03-18,1326250.69,10.07,120,17,N,N
LOAN_0002414,CUST_08769,Home,2024-10-24,6852825.05,7.89,180,13,N,N
LOAN_0002415,CUST_03814,Home,2021-10-27,2409632.84,9.38,180,19,N,N
LOAN_0002416,CUST_07223,Auto,2023-12-08,2261691.94,9.56,48,3,N,N
LOAN_0002417,CUST_08554,Home,2023-05-12,9379764.16,7.0,240,4,N,N
LOAN_0002418,CUST_06504,Home,2021-01-13,6117863.43,7.8,120,23,N,N
LOAN_0002419,CUST_06554,Auto,2022-05-18,1426781.05,8.32,60,23,N,N
LOAN_0002420,CUST_04713,Home,2024-06-21,6151604.33,7.42,240,7,N,N
LOAN_0002421,CUST_00635,Personal,2025-05-06,896613.99,11.7,60,4,N,N
LOAN_0002422,CUST_01704,Auto,2023-05-02,592636.05,10.61,36,4,N,N
LOAN_0002423,CUST_03005,Home,2022-12-18,4195263.17,8.85,120,6,N,N
LOAN_0002424,CUST_08703,Home,2025-11-28,5244742.54,7.03,120,20,N,N
LOAN_0002425,CUST_09152,Education,2023-07-28,1514089.92,8.08,84,5,N,N
LOAN_0002426,CUST_04276,Home,2024-12-07,4130550.34,8.51,300,12,N,N
LOAN_0002427,CUST_06621,Education,2021-10-10,1369059.21,11.34,60,7,N,N
LOAN_0002428,CUST_09493,Education,2024-01-27,926278.72,9.33,120,12,N,N
LOAN_0002429,CUST_09464,Personal,2023-11-14,1192742.65,16.45,36,8,N,N
LOAN_0002430,CUST_08501,Auto,2023-06-11,636148.34,10.99,48,7,N,N
LOAN_0002431,CUST_07568,Home,2026-02-02,5937285.77,8.0,180,10,N,N
LOAN_0002432,CUST_02303,Auto,2021-06-17,1802969.25,11.08,72,2,N,N
LOAN_0002433,CUST_08855,Personal,2023-10-17,1233287.25,13.83,36,8,N,N
LOAN_0002434,CUST_05334,Personal,2025-06-25,401519.35,14.37,24,1,N,N
LOAN_0002435,CUST_00155,Education,2022-12-06,1103190.04,9.4,60,10,N,N
LOAN_0002436,CUST_04827,Personal,2021-07-03,924451.41,13.92,60,8,N,N
LOAN_0002437,CUST_02202,Home,2026-07-11,6713849.44,7.3,240,0,N,N
LOAN_0002438,CUST_07999,Personal,2024-05-10,539168.23,16.2,36,0,N,N
LOAN_0002439,CUST_03253,Home,2021-01-01,2930904.94,7.91,180,1,N,N
LOAN_0002440,CUST_01754,Personal,2021-07-17,1046396.1,16.86,60,120,Y,Y
LOAN_0002441,CUST_01866,Home,2025-02-14,3636197.4,9.51,180,3,N,N
LOAN_0002442,CUST_07973,Education,2023-10-28,928360.38,8.05,120,3,N,N
LOAN_0002443,CUST_05546,Personal,2024-12-30,1264760.13,16.05,60,6,N,N
LOAN_0002444,CUST_05928,Education,2023-01-13,1478141.59,7.93,84,3,N,N
LOAN_0002445,CUST_01331,Home,2024-04-15,7343625.09,9.87,240,4,N,N
LOAN_0002446,CUST_03267,Personal,2025-07-20,1225402.41,13.16,48,11,N,N
LOAN_0002447,CUST_01624,Home,2022-01-28,5821078.68,9.49,180,1,N,N
LOAN_0002448,CUST_08087,Home,2021-11-04,7163595.1,8.09,240,1,N,N
LOAN_0002449,CUST_03204,Personal,2024-09-17,1187894.11,12.04,48,3,N,N
LOAN_0002450,CUST_01199,Auto,2024-12-14,506554.53,10.84,60,2,N,N
LOAN_0002451,CUST_08298,Home,2025-06-08,4877898.2,7.39,240,12,N,N
LOAN_0002452,CUST_05215,Home,2026-03-30,2444389.59,9.21,180,8,N,N
LOAN_0002453,CUST_02868,Education,2023-09-24,1077132.83,11.74,120,5,N,N
LOAN_0002454,CUST_06935,Home,2026-01-09,6410110.98,9.9,240,0,N,N
LOAN_0002455,CUST_07733,Home,2023-11-21,5868895.8,9.47,120,3,N,N
LOAN_0002456,CUST_08953,Auto,2022-09-30,1501634.31,11.12,48,1,N,N
LOAN_0002457,CUST_09206,Education,2021-05-09,1644860.37,11.79,120,1,N,N
LOAN_0002458,CUST_07181,Education,2024-10-09,512772.5,8.74,60,0,N,N
LOAN_0002459,CUST_01483,Home,2021-08-29,7041140.25,7.59,180,7,N,N
LOAN_0002460,CUST_03041,Home,2023-09-09,6649875.74,7.21,240,0,N,N
LOAN_0002461,CUST_08989,Auto,2025-03-28,1597448.86,10.9,48,5,N,N
LOAN_0002462,CUST_05636,Personal,2021-10-15,1092645.61,11.43,24,0,N,N
LOAN_0002463,CUST_06283,Personal,2025-10-19,1243336.64,16.34,60,6,N,N
LOAN_0002464,CUST_02958,Personal,2021-07-04,877501.92,16.59,60,2,N,N
LOAN_0002465,CUST_01606,Personal,2025-11-05,1038204.61,12.33,48,18,N,N
LOAN_0002466,CUST_07746,Personal,2021-01-22,163996.18,14.14,24,150,Y,Y
LOAN_0002467,CUST_03778,Education,2022-02-23,1624121.85,11.58,84,2,N,N
LOAN_0002468,CUST_06789,Auto,2023-07-03,1095121.76,9.56,48,5,N,N
LOAN_0002469,CUST_04711,Personal,2023-04-25,1476343.53,13.42,24,8,N,N
LOAN_0002470,CUST_04270,Education,2024-10-17,350348.75,8.93,84,1,N,N
LOAN_0002471,CUST_06434,Home,2026-01-13,4251442.97,7.63,240,26,N,N
LOAN_0002472,CUST_08677,Auto,2021-06-06,1030008.66,12.81,48,3,N,N
LOAN_0002473,CUST_08190,Auto,2023-07-02,1857279.39,9.74,36,0,N,N
LOAN_0002474,CUST_00688,Personal,2021-01-22,381783.43,17.68,36,5,N,N
LOAN_0002475,CUST_08523,Home,2023-05-06,8860504.51,8.19,180,3,N,N
LOAN_0002476,CUST_00037,Auto,2022-02-16,1332669.82,10.62,72,9,N,N
LOAN_0002477,CUST_06744,Home,2022-04-04,8737551.97,9.95,180,1,N,N
LOAN_0002478,CUST_00771,Home,2021-11-24,7485565.12,7.03,120,5,N,N
LOAN_0002479,CUST_10182,Home,2022-10-03,4706707.08,8.65,180,37,N,N
LOAN_0002480,CUST_03720,Home,2025-05-26,8708684.24,7.25,180,8,N,N
LOAN_0002481,CUST_08472,Home,2022-08-07,3150682.74,8.57,120,2,N,N
LOAN_0002482,CUST_02555,Auto,2024-01-13,771950.59,10.89,72,0,N,N
LOAN_0002483,CUST_05352,Home,2024-07-05,8929057.75,7.37,240,9,N,N
LOAN_0002484,CUST_05462,Personal,2023-07-01,881993.16,15.42,48,3,N,N
LOAN_0002485,CUST_05171,Home,2025-07-05,4384799.91,8.63,180,4,N,N
LOAN_0002486,CUST_09911,Home,2023-09-18,3913405.37,10.15,300,9,N,N
LOAN_0002487,CUST_06264,Auto,2022-12-24,2366749.45,10.66,48,4,N,N
LOAN_0002488,CUST_02277,Personal,2025-08-11,1221527.85,17.37,48,26,N,N
LOAN_0002489,CUST_10115,Home,2024-03-28,6458499.57,8.09,180,1,N,N
LOAN_0002490,CUST_09604,Home,2022-11-21,6057033.75,7.7,240,14,N,N
LOAN_0002491,CUST_03780,Auto,2025-10-16,2446663.11,10.18,60,1,N,N
LOAN_0002492,CUST_09182,Auto,2026-03-15,1589590.97,10.15,72,1,N,N
LOAN_0002493,CUST_09245,Personal,2023-07-23,725674.66,16.16,48,5,N,N
LOAN_0002494,CUST_02193,Personal,2023-09-29,1096777.67,10.7,48,13,N,N
LOAN_0002495,CUST_01279,Auto,2024-04-28,2156212.41,9.17,72,23,N,N
LOAN_0002496,CUST_06041,Home,2021-03-11,9720462.74,8.43,180,5,N,N
LOAN_0002497,CUST_04769,Home,2022-05-30,6250513.87,7.7,240,23,N,N
LOAN_0002498,CUST_03865,Personal,2026-04-21,1418811.38,11.03,36,17,N,N
LOAN_0002499,CUST_02422,Home,2026-02-27,8589690.02,8.1,120,24,N,N
LOAN_0002500,CUST_09434,Personal,2025-03-02,187810.23,15.93,36,3,N,N
LOAN_0002501,CUST_00454,Auto,2026-05-31,2199847.75,11.97,60,9,N,N
LOAN_0002502,CUST_07998,Auto,2021-02-25,1246898.58,12.15,60,2,N,N
LOAN_0002503,CUST_08902,Auto,2024-09-04,2029076.08,12.93,48,2,N,N
LOAN_0002504,CUST_02243,Personal,2022-06-22,348534.34,10.59,60,35,N,N
LOAN_0002505,CUST_00758,Personal,2023-10-15,167334.34,16.96,36,3,N,N
LOAN_0002506,CUST_08143,Home,2024-06-22,5105246.43,8.17,240,2,N,N
LOAN_0002507,CUST_08909,Personal,2024-11-29,342446.06,16.17,36,2,N,N
LOAN_0002508,CUST_05798,Auto,2024-09-14,1978267.87,11.86,36,0,N,N
LOAN_0002509,CUST_05822,Personal,2021-05-27,985313.46,17.9,60,6,N,N
LOAN_0002510,CUST_01831,Personal,2022-02-10,857160.05,14.8,48,1,N,N
LOAN_0002511,CUST_06990,Home,2021-06-13,2808731.89,7.79,120,0,N,N
LOAN_0002512,CUST_04896,Education,2024-02-19,1307550.92,8.04,60,0,N,N
LOAN_0002513,CUST_09873,Education,2024-07-22,297594.11,9.92,84,28,N,N
LOAN_0002514,CUST_07679,Home,2025-05-28,3999449.48,7.71,240,13,N,N
LOAN_0002515,CUST_07776,Home,2023-06-30,9842886.48,9.34,240,8,N,N
LOAN_0002516,CUST_08101,Auto,2022-04-25,2007569.35,11.8,48,16,N,N
LOAN_0002517,CUST_02272,Education,2026-01-17,1541997.57,9.15,60,0,N,N
LOAN_0002518,CUST_08434,Education,2021-03-19,426752.55,11.76,84,5,N,N
LOAN_0002519,CUST_06451,Home,2021-06-07,4424405.28,8.26,240,1,N,N
LOAN_0002520,CUST_05445,Personal,2022-03-16,1481336.08,14.53,24,3,N,N
LOAN_0002521,CUST_05884,Auto,2023-05-19,1803779.45,10.06,72,4,N,N
LOAN_0002522,CUST_06665,Home,2024-12-05,4457510.02,8.32,300,3,N,N
LOAN_0002523,CUST_03672,Home,2021-03-28,3558171.57,8.59,240,4,N,N
LOAN_0002524,CUST_06117,Home,2026-03-28,2115063.72,8.77,180,13,N,N
LOAN_0002525,CUST_00750,Home,2021-12-08,3257725.0,8.77,180,1,N,N
LOAN_0002526,CUST_09363,Home,2022-06-04,8129981.78,7.3,240,0,N,N
LOAN_0002527,CUST_04032,Personal,2022-04-04,1144971.0,16.57,36,0,N,N
LOAN_0002528,CUST_08778,Home,2021-12-30,2052176.86,9.78,240,0,N,N
LOAN_0002529,CUST_04431,Auto,2022-11-25,472322.59,8.34,48,26,N,N
LOAN_0002530,CUST_03189,Home,2024-10-24,2901820.43,7.28,120,17,N,N
LOAN_0002531,CUST_02052,Home,2025-04-26,7349026.12,9.56,300,9,N,N
LOAN_0002532,CUST_07934,Personal,2023-10-27,1234045.84,14.53,36,1,N,N
LOAN_0002533,CUST_03453,Personal,2025-02-04,101580.36,13.63,48,1,N,N
LOAN_0002534,CUST_04109,Home,2024-01-13,7387217.47,10.08,120,1,N,N
LOAN_0002535,CUST_03969,Personal,2026-02-02,844017.28,17.9,24,2,N,N
LOAN_0002536,CUST_00038,Auto,2024-07-07,1105665.55,9.75,60,3,N,N
LOAN_0002537,CUST_07585,Auto,2022-07-09,1296736.95,12.6,36,1,N,N
LOAN_0002538,CUST_08456,Home,2022-02-03,2206849.72,8.56,120,2,N,N
LOAN_0002539,CUST_09585,Auto,2026-05-06,1886649.39,11.65,36,1,N,N
LOAN_0002540,CUST_04521,Education,2022-01-06,1624653.04,9.5,84,2,N,N
LOAN_0002541,CUST_07360,Home,2025-09-05,9086937.47,7.1,300,6,N,N
LOAN_0002542,CUST_09832,Home,2021-02-01,8101945.69,8.5,120,7,N,N
LOAN_0002543,CUST_02672,Home,2023-12-01,7798387.24,9.86,120,4,N,N
LOAN_0002544,CUST_02691,Home,2025-08-11,5200685.69,10.13,300,4,N,N
LOAN_0002545,CUST_05049,Education,2025-01-08,1474296.36,9.65,60,1,N,N
LOAN_0002546,CUST_09107,Auto,2024-02-17,1773089.61,11.16,60,6,N,N
LOAN_0002547,CUST_01987,Home,2025-12-07,7052675.44,7.83,180,1,N,N
LOAN_0002548,CUST_03593,Education,2024-03-14,317068.13,12.43,60,4,N,N
LOAN_0002549,CUST_08869,Personal,2021-03-24,1390270.35,16.86,60,0,N,N
LOAN_0002550,CUST_00247,Home,2023-06-13,7744427.35,8.38,240,12,N,N
LOAN_0002551,CUST_08270,Personal,2021-09-07,1411304.33,11.63,36,5,N,N
LOAN_0002552,CUST_08217,Personal,2022-09-30,421769.63,14.69,48,9,N,N
LOAN_0002553,CUST_04864,Auto,2023-10-06,940779.96,12.03,72,25,N,N
LOAN_0002554,CUST_02764,Personal,2023-07-15,1177924.69,16.35,60,1,N,N
LOAN_0002555,CUST_9999,Auto,2024-06-27,1081410.77,11.66,36,7,N,N
LOAN_0002556,CUST_00482,Personal,2026-06-07,1173670.89,11.76,48,2,N,N
LOAN_0002557,CUST_05427,Auto,2023-07-21,2190083.26,9.95,60,2,N,N
LOAN_0002558,CUST_06437,Auto,2023-05-20,2381462.46,8.84,60,1,N,N
LOAN_0002559,CUST_08631,Auto,2024-08-18,1721562.49,11.69,48,8,N,N
LOAN_0002560,CUST_06185,Home,2024-12-21,7444057.22,8.02,240,3,N,N
LOAN_0002561,CUST_07984,Home,2025-12-11,4356456.64,10.09,120,15,N,N
LOAN_0002562,CUST_09904,Auto,2025-05-25,897566.8,10.84,72,0,N,N
LOAN_0002563,CUST_01186,Personal,2024-10-08,199621.18,16.37,24,13,N,N
LOAN_0002564,CUST_00976,Auto,2023-04-14,1718389.87,8.29,36,1,N,N
LOAN_0002565,CUST_09188,Auto,2021-07-26,850626.64,10.39,72,3,N,N
LOAN_0002566,CUST_09844,Education,2021-06-30,1637385.58,11.67,120,11,N,N
LOAN_0002567,CUST_04295,Education,2026-06-17,691334.6,9.25,120,13,N,N
LOAN_0002568,CUST_01740,Personal,2025-07-07,257796.41,15.0,36,0,N,N
LOAN_0002569,CUST_06801,Home,2023-10-14,3693415.15,7.46,120,2,N,N
LOAN_0002570,CUST_03196,Home,2024-03-05,8183003.76,9.51,240,1,N,N
LOAN_0002571,CUST_06171,Personal,2025-06-19,1151989.71,13.29,36,1,N,N
LOAN_0002572,CUST_06349,Home,2023-07-25,9101560.03,9.67,240,0,N,N
LOAN_0002573,CUST_05001,Home,2022-07-02,9176768.54,8.21,180,6,N,N
LOAN_0002574,CUST_02930,Home,2024-04-16,5602162.71,10.14,240,17,N,N
LOAN_0002575,CUST_08795,Personal,2024-08-11,1355958.9,16.2,36,8,N,N
LOAN_0002576,CUST_04032,Education,2026-06-02,465821.2,11.73,60,1,N,N
LOAN_0002577,CUST_08941,Home,2024-04-28,7255660.24,10.39,240,12,N,N
LOAN_0002578,CUST_07577,Personal,2024-04-11,404104.77,16.92,24,5,N,N
LOAN_0002579,CUST_01028,Personal,2025-11-22,172205.83,14.53,48,18,N,N
LOAN_0002580,CUST_08543,Home,2025-03-31,8682907.95,7.93,240,0,N,N
LOAN_0002581,CUST_00144,Personal,2021-04-10,1200381.77,17.78,24,7,N,N
LOAN_0002582,CUST_03510,Home,2025-01-10,7862530.1,9.01,180,11,N,N
LOAN_0002583,CUST_03215,Personal,2025-06-29,960116.89,10.94,36,2,N,N
LOAN_0002584,CUST_04149,Auto,2022-07-06,1827590.9,9.59,48,1,N,N
LOAN_0002585,CUST_02594,Home,2025-11-10,7748010.88,8.65,300,3,N,N
LOAN_0002586,CUST_06506,Home,2021-11-10,6230838.29,10.33,120,8,N,N
LOAN_0002587,CUST_08111,Home,2023-04-28,8181125.97,7.47,180,2,N,N
LOAN_0002588,CUST_00650,Home,2021-06-14,5987073.83,10.04,120,1,N,N
LOAN_0002589,CUST_06711,Personal,2023-09-17,1431291.23,12.03,36,75,N,N
LOAN_0002590,CUST_00782,Personal,2023-05-26,1168718.69,11.81,24,1,N,N
LOAN_0002591,CUST_02825,Home,2022-12-25,9178730.83,7.01,180,9,N,N
LOAN_0002592,CUST_07726,Personal,2021-08-15,1277766.94,17.31,48,3,N,N
LOAN_0002593,CUST_03219,Education,2024-07-06,920294.91,9.97,60,16,N,N
LOAN_0002594,CUST_07567,Auto,2024-04-06,405103.35,10.54,36,6,N,N
LOAN_0002595,CUST_01724,Personal,2022-09-15,592432.73,11.09,36,4,N,N
LOAN_0002596,CUST_00158,Home,2026-03-31,6311924.47,7.33,300,4,N,N
LOAN_0002597,CUST_06037,Auto,2023-11-28,1518029.35,10.88,48,4,N,N
LOAN_0002598,CUST_04864,Personal,2021-07-22,313808.64,16.4,36,0,N,N
LOAN_0002599,CUST_06929,Personal,2021-02-16,890998.32,13.71,24,13,N,N
LOAN_0002600,CUST_07100,Auto,2024-10-08,1917661.95,10.28,60,2,N,N
LOAN_0002601,CUST_01447,Home,2023-06-15,3113982.94,7.06,120,16,N,N
LOAN_0002602,CUST_05971,Personal,2025-08-28,250709.55,12.66,36,0,N,N
LOAN_0002603,CUST_06953,Education,2022-05-01,579329.47,8.2,84,7,N,N
LOAN_0002604,CUST_05465,Auto,2024-05-19,1574102.95,8.76,72,12,N,N
LOAN_0002605,CUST_00632,Education,2025-03-30,749499.26,8.61,84,6,N,N
LOAN_0002606,CUST_08476,Auto,2025-12-30,627607.8,10.25,36,2,N,N
LOAN_0002607,CUST_08869,Personal,2022-09-17,1445859.11,11.37,48,0,N,N
LOAN_0002608,CUST_00956,Personal,2021-12-23,1099098.61,12.59,48,4,N,N
LOAN_0002609,CUST_08113,Education,2023-12-15,1217462.98,11.54,120,1,N,N
LOAN_0002610,CUST_03506,Personal,2022-10-12,1407216.73,11.64,36,11,N,N
LOAN_0002611,CUST_09296,Personal,2022-02-01,302273.29,15.13,36,8,N,N
LOAN_0002612,CUST_00054,Personal,2022-03-17,353735.76,11.07,24,2,N,N
LOAN_0002613,CUST_03583,Home,2024-05-15,8897518.65,7.37,180,4,N,N
LOAN_0002614,CUST_07338,Personal,2026-03-23,533515.66,17.2,36,1,N,N
LOAN_0002615,CUST_04657,Home,2024-02-12,7864711.76,9.85,300,6,N,N
LOAN_0002616,CUST_06921,Personal,2025-02-02,1379508.36,12.22,24,0,N,N
LOAN_0002617,CUST_00297,Home,2023-07-01,8334228.82,8.95,240,5,N,N
LOAN_0002618,CUST_05492,Home,2023-10-12,6551312.69,10.33,240,1,N,N
LOAN_0002619,CUST_02660,Auto,2024-10-08,629425.17,11.84,72,3,N,N
LOAN_0002620,CUST_09986,Personal,2023-03-02,199064.0,13.48,36,4,N,N
LOAN_0002621,CUST_04589,Home,2021-11-20,5428306.36,8.48,300,2,N,N
LOAN_0002622,CUST_07325,Home,2023-06-20,9929460.92,9.16,180,1,N,N
LOAN_0002623,CUST_02513,Personal,2022-10-31,472092.59,11.75,60,4,N,N
LOAN_0002624,CUST_05947,Personal,2021-07-28,385513.8,17.76,60,3,N,N
LOAN_0002625,CUST_07024,Auto,2025-07-05,1649212.75,9.41,72,3,N,N
LOAN_0002626,CUST_9999,Personal,2023-07-02,569160.15,13.79,60,14,N,N
LOAN_0002627,CUST_05018,Home,2021-12-21,8090211.72,9.33,180,2,N,N
LOAN_0002628,CUST_03000,Home,2025-11-12,8095254.6,7.07,240,14,N,N
LOAN_0002629,CUST_09922,Home,2024-11-23,5063765.51,8.73,300,0,N,N
LOAN_0002630,CUST_04295,Auto,2024-05-28,1460617.55,8.46,60,6,N,N
LOAN_0002631,CUST_01744,Personal,2024-10-16,1357312.59,14.32,48,11,N,N
LOAN_0002632,CUST_09629,Education,2025-01-21,1757682.63,9.07,60,0,N,N
LOAN_0002633,CUST_05782,Auto,2021-04-17,2395054.94,12.28,60,8,N,N
LOAN_0002634,CUST_02413,Auto,2026-03-22,1698953.52,9.06,60,0,N,N
LOAN_0002635,CUST_08990,Personal,2024-03-25,283780.35,11.38,48,26,N,N
LOAN_0002636,CUST_02429,Auto,2024-08-29,1643902.43,8.78,60,0,N,N
LOAN_0002637,CUST_04685,Education,2022-02-16,243004.94,11.27,84,11,N,N
LOAN_0002638,CUST_01300,Personal,2021-07-28,748379.39,13.81,24,8,N,N
LOAN_0002639,CUST_04103,Home,2024-07-13,4423357.46,8.72,120,6,N,N
LOAN_0002640,CUST_08025,Personal,2023-07-21,914751.39,14.62,36,2,N,N
LOAN_0002641,CUST_05651,Home,2024-01-15,2675520.83,8.58,300,17,N,N
LOAN_0002642,CUST_02251,Auto,2025-08-16,408701.53,10.96,72,1,N,N
LOAN_0002643,CUST_03494,Home,2025-02-28,4665000.57,7.29,300,2,N,N
LOAN_0002644,CUST_04014,Personal,2024-03-01,1016283.94,13.54,60,1,N,N
LOAN_0002645,CUST_07141,Personal,2023-10-30,356493.59,15.89,36,5,N,N
LOAN_0002646,CUST_00289,Personal,2025-09-11,1302406.73,12.92,36,22,N,N
LOAN_0002647,CUST_04655,Personal,2025-08-03,441662.82,11.43,48,18,N,N
LOAN_0002648,CUST_06903,Personal,2022-11-28,1366323.39,17.73,36,0,N,N
LOAN_0002649,CUST_02469,Auto,2021-01-11,999832.53,8.24,72,4,N,N
LOAN_0002650,CUST_04781,Personal,2024-09-30,1052262.9,10.92,48,4,N,N
LOAN_0002651,CUST_01805,Home,2022-09-06,7291307.86,7.53,120,0,N,N
LOAN_0002652,CUST_08332,Home,2023-11-27,2687343.51,8.56,180,21,N,N
LOAN_0002653,CUST_09727,Auto,2021-12-30,755716.31,10.76,36,7,N,N
LOAN_0002654,CUST_02057,Personal,2023-08-12,729459.09,15.19,36,9,N,N
LOAN_0002655,CUST_01808,Personal,2024-05-14,502207.64,11.92,24,60,N,N
LOAN_0002656,CUST_03944,Auto,2025-12-06,701655.06,10.92,36,2,N,N
LOAN_0002657,CUST_04333,Personal,2024-03-25,1271922.05,12.6,48,3,N,N
LOAN_0002658,CUST_00526,Personal,2024-01-13,1067775.09,16.68,48,10,N,N
LOAN_0002659,CUST_04805,Personal,2026-01-01,992503.48,11.68,48,5,N,N
LOAN_0002660,CUST_04677,Home,2026-07-09,7922132.37,9.75,300,5,N,N
LOAN_0002661,CUST_03003,Auto,2026-01-20,798482.27,9.43,72,3,N,N
LOAN_0002662,CUST_05583,Home,2024-12-17,2705379.38,8.9,180,12,N,N
LOAN_0002663,CUST_00037,Home,2021-01-07,3543430.63,8.27,240,1,N,N
LOAN_0002664,CUST_07593,Home,2022-05-05,9590293.29,9.94,240,4,N,N
LOAN_0002665,CUST_06444,Home,2021-07-18,4240392.15,7.92,300,12,N,N
LOAN_0002666,CUST_04956,Home,2025-09-08,9307461.63,7.21,300,4,N,N
LOAN_0002667,CUST_01724,Home,2025-09-09,3618653.8,10.13,300,3,N,N
LOAN_0002668,CUST_9999,Personal,2023-05-24,114442.81,12.19,60,8,N,N
LOAN_0002669,CUST_02312,Auto,2025-01-01,570829.49,12.57,36,4,N,N
LOAN_0002670,CUST_09992,Home,2024-07-17,5939233.65,7.92,240,8,N,N
LOAN_0002671,CUST_03983,Personal,2022-02-20,560101.6,16.13,60,18,N,N
LOAN_0002672,CUST_07245,Home,2026-07-09,3277846.98,8.21,300,0,N,N
LOAN_0002673,CUST_03729,Personal,2024-10-11,1163689.17,17.2,36,13,N,N
LOAN_0002674,CUST_07945,Personal,2021-09-24,406090.18,14.08,60,4,N,N
LOAN_0002675,CUST_07042,Personal,2025-06-07,410302.75,14.98,48,14,N,N
LOAN_0002676,CUST_05231,Home,2021-01-02,2552044.03,7.96,240,4,N,N
LOAN_0002677,CUST_07138,Auto,2021-11-26,1366641.82,9.76,60,3,N,N
LOAN_0002678,CUST_02666,Auto,2025-07-31,1668822.07,9.85,72,2,N,N
LOAN_0002679,CUST_02551,Personal,2023-02-13,1157005.83,12.83,36,11,N,N
LOAN_0002680,CUST_09932,Home,2021-12-08,9785532.76,7.61,240,60,N,N
LOAN_0002681,CUST_05724,Personal,2025-04-20,455008.15,14.98,24,13,N,N
LOAN_0002682,CUST_06238,Personal,2022-11-03,1184194.62,17.93,24,9,N,N
LOAN_0002683,CUST_08870,Personal,2025-08-26,923475.87,11.2,24,14,N,N
LOAN_0002684,CUST_06656,Auto,2024-10-23,697256.63,9.48,72,150,Y,Y
LOAN_0002685,CUST_00575,Auto,2022-09-05,2278627.07,12.45,60,0,N,N
LOAN_0002686,CUST_03326,Personal,2023-07-25,342066.89,14.3,24,11,N,N
LOAN_0002687,CUST_08983,Home,2024-09-16,6821408.84,7.14,180,2,N,N
LOAN_0002688,CUST_06574,Personal,2026-04-03,1470743.32,13.54,36,0,N,N
LOAN_0002689,CUST_07573,Home,2025-09-22,7173932.09,9.92,240,2,N,N
LOAN_0002690,CUST_09970,Home,2022-09-05,7637591.52,8.56,240,3,N,N
LOAN_0002691,CUST_04381,Auto,2025-02-26,2126509.76,11.52,72,2,N,N
LOAN_0002692,CUST_00927,Auto,2024-12-25,1303312.08,12.02,72,0,N,N
LOAN_0002693,CUST_03480,Home,2025-01-04,9513530.68,7.04,180,13,N,N
LOAN_0002694,CUST_03437,Home,2025-06-04,4552370.16,7.64,120,2,N,N
LOAN_0002695,CUST_04993,Personal,2025-12-17,1453717.0,13.32,24,1,N,N
LOAN_0002696,CUST_09715,Personal,2024-05-10,1121830.74,13.48,36,0,N,N
LOAN_0002697,CUST_06905,Auto,2024-12-16,1445104.44,8.47,36,95,Y,Y
LOAN_0002698,CUST_07621,Auto,2024-09-05,1247926.99,11.93,48,0,N,N
LOAN_0002699,CUST_06545,Personal,2022-08-26,959112.04,11.67,60,2,N,N
LOAN_0002700,CUST_08656,Home,2022-05-18,9518786.05,9.79,120,2,N,N
LOAN_0002701,CUST_03825,Home,2025-12-17,6425856.65,8.11,300,0,N,N
LOAN_0002702,CUST_00544,Home,2024-04-22,7051546.6,7.2,120,16,N,N
LOAN_0002703,CUST_09082,Auto,2023-04-13,2223275.16,9.27,48,10,N,N
LOAN_0002704,CUST_06694,Auto,2022-11-11,2101344.93,9.34,36,3,N,N
LOAN_0002705,CUST_04459,Personal,2024-03-12,761802.78,17.78,60,2,N,N
LOAN_0002706,CUST_02701,Auto,2026-05-05,2026453.69,12.26,72,0,N,N
LOAN_0002707,CUST_09262,Auto,2023-06-21,2399266.85,9.17,72,7,N,N
LOAN_0002708,CUST_09808,Auto,2023-06-23,2264563.72,9.72,60,0,N,N
LOAN_0002709,CUST_10114,Home,2022-10-03,7445006.61,8.0,300,5,N,N
LOAN_0002710,CUST_08520,Auto,2025-05-01,1064357.85,8.73,72,11,N,N
LOAN_0002711,CUST_09214,Education,2021-12-18,232035.45,12.22,120,1,N,N
LOAN_0002712,CUST_00626,Education,2024-11-24,1716454.98,11.15,120,2,N,N
LOAN_0002713,CUST_08167,Home,2022-10-23,3409833.11,8.75,180,1,N,N
LOAN_0002714,CUST_00769,Personal,2024-03-04,1226518.87,17.5,60,5,N,N
LOAN_0002715,CUST_9999,Education,2021-10-18,1072539.04,12.44,120,1,N,N
LOAN_0002716,CUST_07477,Personal,2025-09-26,1056275.87,10.68,60,2,N,N
LOAN_0002717,CUST_06318,Home,2021-10-15,3437426.88,8.85,120,6,N,N
LOAN_0002718,CUST_05385,Home,2025-12-31,5355369.7,10.17,120,4,N,N
LOAN_0002719,CUST_02669,Home,2025-11-06,7804119.93,8.59,240,2,N,N
LOAN_0002720,CUST_07561,Personal,2025-07-26,1142166.77,15.37,24,24,N,N
LOAN_0002721,CUST_06823,Home,2023-06-22,5639575.92,10.18,120,11,N,N
LOAN_0002722,CUST_00945,Home,2025-05-31,9323131.96,8.27,300,3,N,N
LOAN_0002723,CUST_08850,Personal,2023-03-31,678560.61,17.25,48,9,N,N
LOAN_0002724,CUST_01782,Personal,2025-04-27,1071083.83,14.25,60,9,N,N
LOAN_0002725,CUST_03620,Auto,2024-06-05,1492683.8,9.56,72,1,N,N
LOAN_0002726,CUST_01358,Auto,2021-03-15,613326.01,10.54,36,21,N,N
LOAN_0002727,CUST_00144,Auto,2025-11-11,718551.43,11.35,60,8,N,N
LOAN_0002728,CUST_07657,Home,2023-09-16,4481088.67,9.73,300,3,N,N
LOAN_0002729,CUST_04798,Personal,2022-12-25,1109827.21,14.31,24,4,N,N
LOAN_0002730,CUST_03998,Auto,2022-02-16,857370.5,11.32,48,15,N,N
LOAN_0002731,CUST_06972,Auto,2021-04-11,492286.81,11.23,60,7,N,N
LOAN_0002732,CUST_08608,Auto,2023-03-03,778906.61,10.73,72,4,N,N
LOAN_0002733,CUST_08296,Auto,2022-11-28,2027924.63,12.06,48,23,N,N
LOAN_0002734,CUST_03400,Auto,2026-07-02,730022.01,11.06,36,5,N,N
LOAN_0002735,CUST_03535,Home,2024-07-26,8193947.72,8.34,120,1,N,N
LOAN_0002736,CUST_08004,Personal,2025-08-20,862581.3,17.58,24,14,N,N
LOAN_0002737,CUST_03254,Auto,2024-09-26,1434337.71,9.47,72,9,N,N
LOAN_0002738,CUST_09747,Home,2024-02-04,5997867.49,10.42,300,0,N,N
LOAN_0002739,CUST_00847,Auto,2024-10-14,518525.51,12.78,72,12,N,N
LOAN_0002740,CUST_03217,Auto,2023-07-29,1265915.68,8.86,48,8,N,N
LOAN_0002741,CUST_02290,Home,2025-08-11,2360150.58,8.59,120,1,N,N
LOAN_0002742,CUST_06238,Personal,2021-10-23,889011.13,14.56,60,1,N,N
LOAN_0002743,CUST_07676,Home,2024-03-25,8557757.43,8.26,240,13,N,N
LOAN_0002744,CUST_09345,Personal,2025-07-28,1141211.64,16.27,60,20,N,N
LOAN_0002745,CUST_00403,Auto,2021-08-26,2010151.07,10.23,72,7,N,N
LOAN_0002746,CUST_02231,Personal,2024-12-09,1469537.58,16.43,60,6,N,N
LOAN_0002747,CUST_02093,Auto,2021-01-11,2443259.62,10.79,36,7,N,N
LOAN_0002748,CUST_08271,Personal,2023-02-02,1403384.55,15.44,24,1,N,N
LOAN_0002749,CUST_04543,Home,2021-11-14,7175337.22,8.12,300,3,N,N
LOAN_0002750,CUST_09919,Personal,2026-03-10,464697.85,17.46,60,25,N,N
LOAN_0002751,CUST_07699,Education,2022-11-05,356699.24,8.92,60,0,N,N
LOAN_0002752,CUST_03474,Home,2021-02-23,5427885.25,9.21,180,17,N,N
LOAN_0002753,CUST_07394,Personal,2026-06-11,124002.05,17.8,48,0,N,N
LOAN_0002754,CUST_08659,Personal,2021-07-03,1048597.77,15.47,48,10,N,N
LOAN_0002755,CUST_05293,Auto,2021-02-05,1271440.46,8.69,60,4,N,N
LOAN_0002756,CUST_05813,Auto,2024-03-01,512559.41,8.91,72,1,N,N
LOAN_0002757,CUST_08634,Education,2021-12-10,646026.36,10.54,84,0,N,N
LOAN_0002758,CUST_02622,Home,2024-10-13,6117428.87,10.32,240,0,N,N
LOAN_0002759,CUST_04633,Auto,2024-12-28,1793756.21,9.13,60,5,N,N
LOAN_0002760,CUST_04169,Education,2025-09-12,1426415.68,9.59,120,12,N,N
LOAN_0002761,CUST_03162,Home,2022-02-15,8545862.56,7.3,300,0,N,N
LOAN_0002762,CUST_07121,Personal,2026-07-12,483856.32,14.1,24,1,N,N
LOAN_0002763,CUST_08174,Home,2026-05-10,9579022.09,10.24,240,10,N,N
LOAN_0002764,CUST_05714,Personal,2026-05-05,362589.15,12.3,48,26,N,N
LOAN_0002765,CUST_05883,Auto,2021-06-25,1604730.32,11.79,36,3,N,N
LOAN_0002766,CUST_04986,Education,2024-06-03,910783.96,7.63,120,6,N,N
LOAN_0002767,CUST_03226,Home,2023-01-20,9104286.09,7.58,120,6,N,N
LOAN_0002768,CUST_00035,Auto,2024-04-06,1970105.39,11.47,60,0,N,N
LOAN_0002769,CUST_00673,Auto,2022-09-19,1055202.01,8.19,36,0,N,N
LOAN_0002770,CUST_03329,Personal,2021-05-17,176342.71,13.42,24,1,N,N
LOAN_0002771,CUST_04796,Personal,2023-06-25,1220214.94,13.2,36,6,N,N
LOAN_0002772,CUST_01005,Home,2021-12-02,3320815.48,8.92,120,2,N,N
LOAN_0002773,CUST_06367,Auto,2023-04-05,1453448.0,8.69,72,8,N,N
LOAN_0002774,CUST_08545,Home,2022-08-04,2623828.51,8.11,240,9,N,N
LOAN_0002775,CUST_00823,Auto,2022-07-20,2207964.52,12.06,36,1,N,N
LOAN_0002776,CUST_07692,Personal,2024-12-29,760637.31,13.32,36,13,N,N
LOAN_0002777,CUST_08336,Home,2024-04-05,7441561.56,8.38,240,150,Y,Y
LOAN_0002778,CUST_09674,Auto,2022-01-19,878538.12,8.75,60,0,N,N
LOAN_0002779,CUST_06353,Personal,2026-01-10,1463891.44,13.83,36,13,N,N
LOAN_0002780,CUST_01867,Home,2021-06-30,4269209.49,8.47,180,1,N,N
LOAN_0002781,CUST_07671,Auto,2024-12-17,1180398.28,10.82,48,12,N,N
LOAN_0002782,CUST_00502,Home,2026-07-06,3908797.15,9.26,300,150,Y,Y
LOAN_0002783,CUST_05912,Personal,2025-05-29,831402.45,14.74,36,11,N,N
LOAN_0002784,CUST_07159,Auto,2021-11-27,854479.49,8.4,72,25,N,N
LOAN_0002785,CUST_10102,Personal,2022-11-04,1498858.39,16.65,48,3,N,N
LOAN_0002786,CUST_07337,Education,2022-02-26,341293.38,8.54,60,5,N,N
LOAN_0002787,CUST_07228,Education,2026-03-01,337645.61,11.41,60,0,N,N
LOAN_0002788,CUST_08756,Auto,2022-01-14,1397150.99,10.27,48,4,N,N
LOAN_0002789,CUST_06473,Education,2023-10-10,312856.95,10.32,60,14,N,N
LOAN_0002790,CUST_04738,Home,2024-04-29,8894828.44,7.84,180,75,N,N
LOAN_0002791,CUST_06459,Personal,2024-12-27,1009849.23,12.33,24,15,N,N
LOAN_0002792,CUST_01938,Home,2025-09-19,9358507.35,9.78,240,8,N,N
LOAN_0002793,CUST_05953,Auto,2022-11-11,1538864.98,9.39,72,8,N,N
LOAN_0002794,CUST_05732,Education,2023-02-06,697364.64,7.52,120,8,N,N
LOAN_0002795,CUST_04999,Home,2024-08-01,2126339.45,9.58,300,30,N,N
LOAN_0002796,CUST_9999,Auto,2023-06-28,1092310.26,12.48,60,5,N,N
LOAN_0002797,CUST_05738,Personal,2024-07-20,553647.18,17.29,24,4,N,N
LOAN_0002798,CUST_08566,Home,2024-11-13,5092765.44,10.4,180,5,N,N
LOAN_0002799,CUST_04261,Home,2022-01-20,4759140.66,8.63,120,0,N,N
LOAN_0002800,CUST_01741,Auto,2021-06-23,1093379.79,12.84,72,7,N,N
LOAN_0002801,CUST_00402,Personal,2025-09-23,883101.85,13.93,60,0,N,N
LOAN_0002802,CUST_07947,Personal,2024-07-07,138825.46,16.54,60,8,N,N
LOAN_0002803,CUST_08435,Home,2021-10-09,3453187.76,7.58,240,6,N,N
LOAN_0002804,CUST_09274,Home,2022-05-25,5455862.19,10.36,240,23,N,N
LOAN_0002805,CUST_09106,Personal,2021-07-26,1023754.38,14.8,36,7,N,N
LOAN_0002806,CUST_04966,Home,2021-09-07,3098383.84,7.61,240,7,N,N
LOAN_0002807,CUST_03203,Education,2024-03-29,772240.41,8.32,84,11,N,N
LOAN_0002808,CUST_03966,Home,2021-04-18,4502877.37,9.52,120,1,N,N
LOAN_0002809,CUST_00119,Education,2023-08-06,1034460.44,10.35,120,15,N,N
LOAN_0002810,CUST_00726,Auto,2022-01-07,1034512.78,12.28,36,4,N,N
LOAN_0002811,CUST_05958,Home,2022-10-01,6747553.39,7.58,120,3,N,N
LOAN_0002812,CUST_04971,Home,2025-11-20,3731923.08,7.41,300,5,N,N
LOAN_0002813,CUST_08403,Home,2025-03-26,2101675.19,10.16,300,1,N,N
LOAN_0002814,CUST_01813,Personal,2021-03-10,634759.64,16.47,60,19,N,N
LOAN_0002815,CUST_04350,Auto,2022-06-21,2363308.23,12.87,72,5,N,N
LOAN_0002816,CUST_05638,Auto,2021-09-15,1063387.34,11.13,48,4,N,N
LOAN_0002817,CUST_02131,Auto,2023-03-27,2285075.74,10.47,72,6,N,N
LOAN_0002818,CUST_09907,Personal,2025-09-12,1050070.65,17.71,60,0,N,N
LOAN_0002819,CUST_03578,Home,2023-04-16,2360163.66,9.88,180,5,N,N
LOAN_0002820,CUST_10157,Personal,2026-05-13,340169.98,17.89,24,5,N,N
LOAN_0002821,CUST_08099,Home,2026-03-25,5052872.7,8.95,240,2,N,N
LOAN_0002822,CUST_08934,Home,2023-03-14,2602754.72,8.22,120,3,N,N
LOAN_0002823,CUST_02203,Auto,2022-10-17,1657869.13,9.79,72,7,N,N
LOAN_0002824,CUST_00951,Auto,2025-08-15,1894751.48,9.78,72,4,N,N
LOAN_0002825,CUST_01543,Personal,2021-03-13,682899.73,15.87,60,3,N,N
LOAN_0002826,CUST_02906,Education,2025-08-02,1444014.61,11.01,84,13,N,N
LOAN_0002827,CUST_08409,Auto,2025-07-24,2024385.24,12.42,36,3,N,N
LOAN_0002828,CUST_08890,Home,2021-06-16,7255915.99,7.93,120,7,N,N
LOAN_0002829,CUST_02600,Personal,2025-03-10,1357331.32,13.1,48,3,N,N
LOAN_0002830,CUST_05623,Home,2022-01-27,4042856.5,7.93,120,2,N,N
LOAN_0002831,CUST_01560,Auto,2023-05-18,983915.86,11.67,36,0,N,N
LOAN_0002832,CUST_08564,Home,2023-01-20,4499094.0,8.63,180,7,N,N
LOAN_0002833,CUST_07124,Personal,2023-09-18,881534.21,16.48,36,0,N,N
LOAN_0002834,CUST_04152,Personal,2023-11-29,1476513.23,14.97,48,9,N,N
LOAN_0002835,CUST_05963,Auto,2024-09-27,813487.15,12.18,36,1,N,N
LOAN_0002836,CUST_08985,Auto,2024-10-05,1923743.27,11.52,36,5,N,N
LOAN_0002837,CUST_06995,Home,2024-09-30,9987082.99,7.5,240,31,N,N
LOAN_0002838,CUST_01281,Home,2022-06-22,9585769.44,9.41,180,3,N,N
LOAN_0002839,CUST_02585,Home,2024-07-25,9003457.61,7.3,180,3,N,N
LOAN_0002840,CUST_03548,Auto,2024-05-16,911962.96,10.7,48,1,N,N
LOAN_0002841,CUST_05215,Personal,2022-05-06,225482.31,11.65,24,8,N,N
LOAN_0002842,CUST_00723,Personal,2024-06-29,1249409.59,16.67,60,2,N,N
LOAN_0002843,CUST_01508,Home,2021-11-14,5944041.35,10.19,120,3,N,N
LOAN_0002844,CUST_01600,Personal,2025-09-06,1255357.17,11.66,24,8,N,N
LOAN_0002845,CUST_01611,Personal,2025-09-17,553392.37,13.01,60,2,N,N
LOAN_0002846,CUST_07953,Auto,2022-08-09,2474776.66,8.34,72,10,N,N
LOAN_0002847,CUST_04756,Home,2024-02-23,8472927.19,8.53,300,2,N,N
LOAN_0002848,CUST_03406,Home,2021-05-24,9461688.08,7.38,300,3,N,N
LOAN_0002849,CUST_07805,Personal,2023-10-21,517086.51,13.36,24,8,N,N
LOAN_0002850,CUST_06858,Personal,2024-10-12,1250485.27,16.21,36,5,N,N
LOAN_0002851,CUST_08165,Home,2025-03-06,5480438.69,9.4,300,0,N,N
LOAN_0002852,CUST_04938,Home,2025-04-15,7517558.59,7.71,120,9,N,N
LOAN_0002853,CUST_03857,Home,2023-03-15,4379391.18,9.82,240,2,N,N
LOAN_0002854,CUST_09475,Home,2026-03-27,3159336.17,10.07,300,2,N,N
LOAN_0002855,CUST_08371,Education,2023-02-25,1357403.19,9.93,120,9,N,N
LOAN_0002856,CUST_02084,Home,2023-09-09,5782380.74,10.28,240,0,N,N
LOAN_0002857,CUST_00187,Personal,2024-01-16,255839.35,13.28,60,1,N,N
LOAN_0002858,CUST_04747,Personal,2023-11-26,811812.55,12.31,36,20,N,N
LOAN_0002859,CUST_00460,Personal,2025-07-17,1022983.94,17.61,24,1,N,N
LOAN_0002860,CUST_03840,Education,2024-07-14,585460.51,12.14,120,32,N,N
LOAN_0002861,CUST_06212,Personal,2023-08-16,581995.11,15.08,24,7,N,N
LOAN_0002862,CUST_07033,Personal,2023-11-01,352450.7,12.99,48,1,N,N
LOAN_0002863,CUST_00907,Home,2025-02-10,9588304.51,9.74,120,5,N,N
LOAN_0002864,CUST_02551,Education,2023-05-14,420820.89,9.96,84,12,N,N
LOAN_0002865,CUST_04366,Personal,2025-11-22,451530.8,14.94,36,7,N,N
LOAN_0002866,CUST_04857,Personal,2025-01-24,738858.71,15.97,24,17,N,N
LOAN_0002867,CUST_09032,Home,2023-01-21,7488133.13,8.37,240,8,N,N
LOAN_0002868,CUST_00761,Personal,2023-06-02,1366233.58,12.14,60,12,N,N
LOAN_0002869,CUST_09662,Personal,2022-12-02,859364.07,11.21,24,13,N,N
LOAN_0002870,CUST_07001,Auto,2024-07-09,1600440.42,12.44,60,8,N,N
LOAN_0002871,CUST_06869,Education,2022-07-24,917643.54,9.14,120,4,N,N
LOAN_0002872,CUST_04008,Education,2024-07-18,1872563.34,8.23,120,6,N,N
LOAN_0002873,CUST_01135,Personal,2023-10-13,512766.3,12.48,48,6,N,N
LOAN_0002874,CUST_07195,Home,2022-01-23,7679526.02,9.43,120,6,N,N
LOAN_0002875,CUST_08448,Personal,2021-05-11,1382882.4,12.55,48,10,N,N
LOAN_0002876,CUST_08655,Home,2022-11-09,6958879.16,10.31,300,4,N,N
LOAN_0002877,CUST_09663,Auto,2021-03-23,1741331.84,10.87,60,13,N,N
LOAN_0002878,CUST_01112,Personal,2022-07-13,1250247.73,15.76,36,0,N,N
LOAN_0002879,CUST_03621,Personal,2023-01-20,1174855.04,17.66,36,21,N,N
LOAN_0002880,CUST_00973,Home,2023-12-09,2349002.8,8.86,180,3,N,N
LOAN_0002881,CUST_04427,Auto,2023-06-17,1908090.11,8.32,36,0,N,N
LOAN_0002882,CUST_05545,Home,2024-11-04,6398309.36,7.01,300,10,N,N
LOAN_0002883,CUST_03154,Personal,2021-11-28,1292143.87,16.95,48,1,N,N
LOAN_0002884,CUST_08191,Education,2025-12-04,959485.94,7.86,60,2,N,N
LOAN_0002885,CUST_06775,Auto,2021-03-20,1809565.32,11.41,72,7,N,N
LOAN_0002886,CUST_02914,Auto,2023-07-20,1067290.5,12.16,60,2,N,N
LOAN_0002887,CUST_08604,Home,2023-07-31,5120393.51,7.32,120,5,N,N
LOAN_0002888,CUST_04799,Home,2025-04-22,7599365.57,8.91,120,1,N,N
LOAN_0002889,CUST_01336,Personal,2023-03-21,319353.4,14.74,36,3,N,N
LOAN_0002890,CUST_02590,Auto,2021-12-11,1518973.84,11.55,60,10,N,N
LOAN_0002891,CUST_01844,Home,2026-03-20,8924489.1,7.55,240,3,N,N
LOAN_0002892,CUST_07576,Personal,2025-02-16,898675.55,15.9,48,1,N,N
LOAN_0002893,CUST_03059,Personal,2025-09-30,1335722.48,12.5,60,5,N,N
LOAN_0002894,CUST_00386,Home,2021-10-15,6989906.05,7.63,240,17,N,N
LOAN_0002895,CUST_00816,Home,2025-09-24,9428550.81,10.35,240,1,N,N
LOAN_0002896,CUST_04113,Home,2021-02-17,8179953.48,8.58,120,1,N,N
LOAN_0002897,CUST_04142,Personal,2025-09-26,349376.12,10.51,36,0,N,N
LOAN_0002898,CUST_09987,Education,2022-10-22,478372.76,9.3,120,5,N,N
LOAN_0002899,CUST_06626,Auto,2022-03-16,1617874.77,9.92,36,2,N,N
LOAN_0002900,CUST_02673,Personal,2026-05-29,1381382.94,17.86,48,1,N,N
LOAN_0002901,CUST_04301,Home,2025-08-07,7521676.57,10.25,300,3,N,N
LOAN_0002902,CUST_04618,Auto,2024-08-14,2116273.66,9.07,48,3,N,N
LOAN_0002903,CUST_02839,Auto,2024-06-02,732355.01,11.12,72,0,N,N
LOAN_0002904,CUST_02095,Personal,2024-02-27,166260.13,13.46,48,2,N,N
LOAN_0002905,CUST_02190,Home,2024-05-03,6632508.88,10.04,120,0,N,N
LOAN_0002906,CUST_06498,Personal,2024-05-27,167256.21,15.63,24,2,N,N
LOAN_0002907,CUST_09944,Personal,2026-03-12,1417000.89,15.17,48,2,N,N
LOAN_0002908,CUST_09879,Education,2024-02-14,1287280.31,11.71,60,4,N,N
LOAN_0002909,CUST_04743,Personal,2021-02-25,1467413.23,14.14,36,0,N,N
LOAN_0002910,CUST_00143,Personal,2023-11-05,740829.91,14.0,60,7,N,N
LOAN_0002911,CUST_00328,Auto,2023-10-13,614789.04,9.31,48,0,N,N
LOAN_0002912,CUST_06707,Home,2022-02-26,5821448.96,8.14,120,1,N,N
LOAN_0002913,CUST_05056,Home,2024-01-19,8996495.7,9.87,300,5,N,N
LOAN_0002914,CUST_06533,Personal,2023-03-28,984715.86,17.25,48,0,N,N
LOAN_0002915,CUST_01078,Personal,2023-01-12,1402772.88,10.68,24,3,N,N
LOAN_0002916,CUST_05054,Education,2026-05-15,724568.37,8.78,84,14,N,N
LOAN_0002917,CUST_07093,Home,2021-09-28,6503772.62,7.86,300,95,Y,Y
LOAN_0002918,CUST_08455,Home,2024-07-20,6312393.03,7.36,120,1,N,N
LOAN_0002919,CUST_05511,Auto,2026-07-04,892965.73,10.86,72,11,N,N
LOAN_0002920,CUST_09143,Home,2022-03-14,7952014.36,7.1,240,0,N,N
LOAN_0002921,CUST_04402,Home,2022-08-20,2780519.86,7.47,120,1,N,N
LOAN_0002922,CUST_03047,Auto,2021-02-23,1517448.31,11.36,72,0,N,N
LOAN_0002923,CUST_00883,Home,2026-02-06,8246387.27,10.29,180,11,N,N
LOAN_0002924,CUST_09751,Auto,2023-01-26,482129.85,9.03,60,2,N,N
LOAN_0002925,CUST_09139,Auto,2024-11-21,1168702.71,12.46,72,3,N,N
LOAN_0002926,CUST_01061,Home,2023-02-24,6303024.12,10.36,120,7,N,N
LOAN_0002927,CUST_01391,Home,2021-12-30,6085906.0,9.24,180,4,N,N
LOAN_0002928,CUST_05778,Auto,2023-01-24,1334764.95,9.96,36,9,N,N
LOAN_0002929,CUST_08462,Personal,2021-02-04,1108166.75,14.49,60,4,N,N
LOAN_0002930,CUST_03197,Personal,2021-02-02,659447.1,12.57,48,1,N,N
LOAN_0002931,CUST_01541,Auto,2025-11-01,847359.41,8.9,48,15,N,N
LOAN_0002932,CUST_06273,Education,2025-05-19,820744.75,11.81,120,0,N,N
LOAN_0002933,CUST_10142,Personal,2023-07-20,258618.92,16.71,48,0,N,N
LOAN_0002934,CUST_01759,Education,2025-07-02,1099835.0,9.11,84,0,N,N
LOAN_0002935,CUST_08526,Home,2022-03-02,5619304.21,7.16,240,75,N,N
LOAN_0002936,CUST_08252,Personal,2026-02-25,421173.27,11.98,60,3,N,N
LOAN_0002937,CUST_08575,Auto,2025-04-14,2196501.62,10.29,60,2,N,N
LOAN_0002938,CUST_09300,Personal,2024-11-03,324918.0,15.29,24,18,N,N
LOAN_0002939,CUST_03852,Personal,2025-09-16,166409.64,16.09,48,3,N,N
LOAN_0002940,CUST_07684,Home,2021-09-12,3195637.75,7.52,120,6,N,N
LOAN_0002941,CUST_06989,Home,2021-12-28,2672658.81,10.39,120,4,N,N
LOAN_0002942,CUST_07167,Personal,2024-02-20,1293201.13,14.18,48,14,N,N
LOAN_0002943,CUST_9999,Home,2022-07-27,4983729.08,8.62,120,2,N,N
LOAN_0002944,CUST_09371,Personal,2024-01-13,149213.35,17.09,24,5,N,N
LOAN_0002945,CUST_06288,Home,2021-06-12,6508972.04,8.17,180,1,N,N
LOAN_0002946,CUST_04706,Personal,2021-12-19,149878.35,11.8,48,9,N,N
LOAN_0002947,CUST_06533,Home,2025-08-04,2108718.17,8.55,240,13,N,N
LOAN_0002948,CUST_07785,Auto,2025-10-08,455395.09,8.19,48,30,N,N
LOAN_0002949,CUST_02720,Auto,2024-01-19,633977.31,12.66,60,9,N,N
LOAN_0002950,CUST_06994,Home,2022-08-12,3048841.05,9.65,120,8,N,N
LOAN_0002951,CUST_02528,Education,2025-09-21,792779.48,10.15,60,7,N,N
LOAN_0002952,CUST_03015,Home,2023-05-02,6440884.62,8.63,120,1,N,N
LOAN_0002953,CUST_03171,Auto,2022-12-06,1196160.61,12.7,48,20,N,N
LOAN_0002954,CUST_09103,Auto,2025-11-26,1847408.12,9.09,60,3,N,N
LOAN_0002955,CUST_05191,Auto,2021-01-29,457123.76,10.18,36,7,N,N
LOAN_0002956,CUST_04538,Personal,2022-08-06,484673.73,13.79,60,4,N,N
LOAN_0002957,CUST_05340,Home,2021-09-17,3715437.75,8.32,180,2,N,N
LOAN_0002958,CUST_08249,Auto,2021-11-09,1942953.94,8.22,72,0,N,N
LOAN_0002959,CUST_03406,Education,2025-05-14,1869349.94,10.08,84,0,N,N
LOAN_0002960,CUST_03629,Personal,2023-06-27,231881.76,15.13,36,2,N,N
LOAN_0002961,CUST_06887,Education,2025-03-15,1589006.15,8.81,120,2,N,N
LOAN_0002962,CUST_01628,Home,2025-08-28,9465534.23,9.14,300,8,N,N
LOAN_0002963,CUST_09502,Home,2024-04-18,4687682.44,7.72,120,0,N,N
LOAN_0002964,CUST_00060,Education,2023-03-25,1955992.78,8.08,60,4,N,N
LOAN_0002965,CUST_00935,Education,2025-10-15,1746306.01,11.39,120,1,N,N
LOAN_0002966,CUST_02047,Personal,2024-07-12,321212.12,11.17,24,8,N,N
LOAN_0002967,CUST_00310,Personal,2022-03-17,514155.87,14.21,36,1,N,N
LOAN_0002968,CUST_05235,Home,2021-06-04,2739965.54,8.77,120,3,N,N
LOAN_0002969,CUST_09593,Auto,2025-03-22,2238212.43,9.37,60,4,N,N
LOAN_0002970,CUST_01778,Home,2024-01-09,8301679.44,8.16,240,4,N,N
LOAN_0002971,CUST_01184,Home,2023-01-04,6058857.5,9.85,300,2,N,N
LOAN_0002972,CUST_00857,Auto,2024-12-18,577171.48,9.79,72,4,N,N
LOAN_0002973,CUST_02574,Personal,2024-05-01,304417.93,16.81,36,2,N,N
LOAN_0002974,CUST_05451,Personal,2023-05-13,267363.16,13.6,24,11,N,N
LOAN_0002975,CUST_02911,Home,2023-08-09,5650089.31,9.88,240,1,N,N
LOAN_0002976,CUST_01196,Home,2022-06-06,5763478.31,9.68,300,2,N,N
LOAN_0002977,CUST_06672,Home,2021-07-04,4336074.88,10.12,240,23,N,N
LOAN_0002978,CUST_04337,Personal,2022-10-15,263917.15,10.89,48,1,N,N
LOAN_0002979,CUST_08254,Personal,2024-05-24,575384.22,13.48,48,3,N,N
LOAN_0002980,CUST_08406,Personal,2025-01-12,1411245.03,11.26,60,3,N,N
LOAN_0002981,CUST_01282,Auto,2025-10-23,2332236.33,11.68,36,6,N,N
LOAN_0002982,CUST_09333,Personal,2025-10-01,1187577.61,15.29,36,20,N,N
LOAN_0002983,CUST_00675,Education,2025-05-13,534867.65,11.51,84,10,N,N
LOAN_0002984,CUST_04813,Home,2025-08-28,9399374.27,9.31,120,4,N,N
LOAN_0002985,CUST_10055,Personal,2023-08-31,842635.73,13.78,48,6,N,N
LOAN_0002986,CUST_03492,Home,2025-12-14,9880502.43,7.54,240,4,N,N
LOAN_0002987,CUST_07840,Personal,2023-12-22,1021299.33,17.32,60,1,N,N
LOAN_0002988,CUST_04406,Personal,2024-03-20,1085476.05,16.33,60,5,N,N
LOAN_0002989,CUST_08509,Home,2022-11-27,6560113.61,7.82,120,7,N,N
LOAN_0002990,CUST_03492,Home,2022-06-15,5445026.84,8.71,240,5,N,N
LOAN_0002991,CUST_04609,Personal,2023-10-26,1087320.33,11.89,60,2,N,N
LOAN_0002992,CUST_05785,Home,2025-11-23,7201815.26,8.53,180,21,N,N
LOAN_0002993,CUST_02466,Personal,2022-11-14,144533.97,13.4,36,24,N,N
LOAN_0002994,CUST_06814,Personal,2025-07-31,1254675.96,14.46,48,6,N,N
LOAN_0002995,CUST_04429,Home,2022-03-23,9373006.04,10.01,240,21,N,N
LOAN_0002996,CUST_00521,Auto,2025-01-20,1419001.37,9.67,60,16,N,N
LOAN_0002997,CUST_08293,Education,2023-02-07,1599486.72,10.34,84,6,N,N
LOAN_0002998,CUST_02847,Home,2022-01-31,9990265.67,8.56,180,14,N,N
LOAN_0002999,CUST_00403,Home,2021-01-05,7092691.31,9.22,180,18,N,N
LOAN_0003000,CUST_01140,Home,2023-03-12,2714105.78,10.43,120,6,N,N
LOAN_0003001,CUST_03862,Personal,2023-04-09,1352205.98,10.88,24,13,N,N
LOAN_0003002,CUST_06254,Home,2022-04-20,9405078.86,8.75,300,10,N,N
LOAN_0003003,CUST_06293,Education,2023-08-07,1150592.65,12.04,120,5,N,N
LOAN_0003004,CUST_06521,Auto,2021-01-21,1373858.17,12.13,60,10,N,N
LOAN_0003005,CUST_09578,Auto,2024-02-19,1952143.75,12.08,72,1,N,N
LOAN_0003006,CUST_05408,Personal,2023-06-25,466268.81,13.68,36,4,N,N
LOAN_0003007,CUST_06826,Auto,2024-01-11,745096.46,8.77,72,15,N,N
LOAN_0003008,CUST_09630,Home,2022-01-30,8249111.27,9.16,240,0,N,N
LOAN_0003009,CUST_08002,Auto,2021-03-04,1849938.41,12.2,36,2,N,N
LOAN_0003010,CUST_01746,Education,2021-01-06,1306072.69,12.49,120,2,N,N
LOAN_0003011,CUST_03094,Personal,2024-03-23,235350.92,17.73,48,0,N,N
LOAN_0003012,CUST_01230,Home,2026-02-04,7817601.72,7.11,120,22,N,N
LOAN_0003013,CUST_00033,Home,2023-03-28,5133154.44,7.77,120,9,N,N
LOAN_0003014,CUST_01719,Home,2021-04-15,4587217.73,9.41,300,0,N,N
LOAN_0003015,CUST_05787,Home,2022-07-19,2697318.35,9.88,180,3,N,N
LOAN_0003016,CUST_00052,Auto,2024-01-22,1803153.05,8.4,72,0,N,N
LOAN_0003017,CUST_05930,Home,2023-03-18,8106107.27,7.01,240,2,N,N
LOAN_0003018,CUST_06627,Home,2021-06-13,6204283.08,8.0,180,5,N,N
LOAN_0003019,CUST_00944,Home,2026-06-12,3858422.25,9.88,300,12,N,N
LOAN_0003020,CUST_06162,Auto,2023-10-29,506299.61,10.22,36,2,N,N
LOAN_0003021,CUST_09026,Education,2021-11-14,1337283.4,11.08,120,23,N,N
LOAN_0003022,CUST_04267,Home,2023-09-18,2120877.56,7.73,240,1,N,N
LOAN_0003023,CUST_06165,Personal,2022-12-27,970648.42,11.54,36,2,N,N
LOAN_0003024,CUST_05127,Auto,2024-06-11,2324313.94,8.05,60,9,N,N
LOAN_0003025,CUST_01736,Auto,2024-03-05,900080.34,11.43,48,1,N,N
LOAN_0003026,CUST_03293,Auto,2024-11-04,2476369.01,11.85,36,3,N,N
LOAN_0003027,CUST_00186,Personal,2021-05-11,1097862.66,11.56,24,29,N,N
LOAN_0003028,CUST_07302,Home,2022-12-26,3307715.5,9.93,300,8,N,N
LOAN_0003029,CUST_05209,Auto,2022-10-21,1577978.6,10.98,72,13,N,N
LOAN_0003030,CUST_06360,Auto,2023-10-18,1408169.58,11.71,36,26,N,N
LOAN_0003031,CUST_00928,Home,2021-09-28,6715591.06,8.2,180,3,N,N
LOAN_0003032,CUST_01873,Home,2022-10-15,6104970.46,8.79,120,2,N,N
LOAN_0003033,CUST_02662,Home,2025-09-17,2264046.99,7.32,120,11,N,N
LOAN_0003034,CUST_07612,Auto,2022-04-11,1431843.57,9.94,72,0,N,N
LOAN_0003035,CUST_03393,Education,2024-04-09,1368518.67,8.22,120,14,N,N
LOAN_0003036,CUST_04757,Home,2021-03-09,5969671.15,10.01,120,0,N,N
LOAN_0003037,CUST_04641,Home,2021-05-25,4105505.7,10.04,120,0,N,N
LOAN_0003038,CUST_04338,Home,2025-08-07,5091490.16,8.32,240,5,N,N
LOAN_0003039,CUST_09450,Home,2022-11-08,2988913.02,8.47,180,9,N,N
LOAN_0003040,CUST_00146,Auto,2025-03-25,1512918.46,10.9,36,3,N,N
LOAN_0003041,CUST_07480,Home,2023-07-31,8746329.54,9.68,180,1,N,N
LOAN_0003042,CUST_06237,Personal,2026-02-08,268752.89,13.5,24,1,N,N
LOAN_0003043,CUST_06876,Education,2022-12-12,1896667.83,11.11,60,9,N,N
LOAN_0003044,CUST_03790,Education,2022-01-20,1352638.55,9.79,84,3,N,N
LOAN_0003045,CUST_02839,Personal,2022-05-06,582784.61,15.9,48,9,N,N
LOAN_0003046,CUST_05125,Auto,2023-08-14,2494708.89,8.27,36,1,N,N
LOAN_0003047,CUST_00150,Home,2022-02-04,7635625.13,8.86,120,5,N,N
LOAN_0003048,CUST_02679,Home,2024-03-23,9240479.01,8.02,240,1,N,N
LOAN_0003049,CUST_07132,Personal,2025-10-01,1455296.92,10.97,24,95,Y,Y
LOAN_0003050,CUST_03439,Auto,2022-06-26,2273006.94,10.03,48,5,N,N
LOAN_0003051,CUST_01850,Home,2024-09-15,2437678.64,9.58,240,13,N,N
LOAN_0003052,CUST_07587,Home,2024-04-27,2508121.46,7.82,180,3,N,N
LOAN_0003053,CUST_06914,Home,2021-09-28,9934311.83,10.48,300,14,N,N
LOAN_0003054,CUST_02525,Home,2024-04-20,4455577.76,9.21,180,11,N,N
LOAN_0003055,CUST_07354,Home,2023-07-29,9419627.15,9.57,300,26,N,N
LOAN_0003056,CUST_08896,Home,2025-02-13,6798772.23,9.63,120,6,N,N
LOAN_0003057,CUST_01583,Home,2021-03-18,8849046.38,8.33,180,8,N,N
LOAN_0003058,CUST_09601,Home,2024-08-12,2441351.55,9.11,120,8,N,N
LOAN_0003059,CUST_00679,Home,2023-11-20,7534469.67,9.9,300,11,N,N
LOAN_0003060,CUST_02815,Personal,2023-07-26,628734.05,14.0,36,5,N,N
LOAN_0003061,CUST_09034,Home,2021-11-16,9304700.7,7.86,300,6,N,N
LOAN_0003062,CUST_05937,Education,2025-08-06,946715.95,8.43,120,37,N,N
LOAN_0003063,CUST_02798,Auto,2025-12-17,1985719.67,8.66,36,60,N,N
LOAN_0003064,CUST_03628,Personal,2021-03-05,713364.46,12.85,36,20,N,N
LOAN_0003065,CUST_06403,Home,2023-11-14,8329931.68,7.19,180,5,N,N
LOAN_0003066,CUST_07494,Auto,2025-01-23,861270.63,9.92,36,16,N,N
LOAN_0003067,CUST_08302,Personal,2024-05-01,1495424.1,17.74,24,6,N,N
LOAN_0003068,CUST_02339,Home,2024-04-26,9188080.29,7.94,120,8,N,N
LOAN_0003069,CUST_01366,Home,2026-03-07,3947951.98,9.26,300,17,N,N
LOAN_0003070,CUST_00923,Auto,2022-08-29,1131778.46,8.98,60,1,N,N
LOAN_0003071,CUST_06067,Home,2021-08-23,8616301.03,8.2,180,0,N,N
LOAN_0003072,CUST_02835,Home,2023-03-18,6156851.44,8.92,240,8,N,N
LOAN_0003073,CUST_04107,Auto,2025-05-04,1419352.58,12.64,48,7,N,N
LOAN_0003074,CUST_05611,Education,2024-08-31,1530033.57,12.41,60,7,N,N
LOAN_0003075,CUST_03455,Education,2022-01-30,1977523.05,9.45,120,4,N,N
LOAN_0003076,CUST_06799,Auto,2025-10-23,655244.7,11.47,48,18,N,N
LOAN_0003077,CUST_06030,Home,2025-07-23,5054309.65,10.03,120,3,N,N
LOAN_0003078,CUST_02500,Education,2024-12-19,733082.87,7.68,120,8,N,N
LOAN_0003079,CUST_07606,Personal,2024-01-06,305877.11,14.18,36,9,N,N
LOAN_0003080,CUST_08869,Personal,2021-05-12,993085.2,16.4,48,0,N,N
LOAN_0003081,CUST_01129,Home,2024-03-07,5591971.12,7.64,300,1,N,N
LOAN_0003082,CUST_03133,Home,2022-05-08,7011079.84,9.89,240,0,N,N
LOAN_0003083,CUST_09627,Personal,2022-11-04,119705.04,17.29,24,3,N,N
LOAN_0003084,CUST_07398,Personal,2025-07-02,564014.3,15.62,60,3,N,N
LOAN_0003085,CUST_05517,Auto,2024-01-07,926142.66,11.73,36,2,N,N
LOAN_0003086,CUST_07244,Personal,2024-11-09,302086.12,17.06,36,3,N,N
LOAN_0003087,CUST_00749,Home,2022-08-26,6903511.54,8.33,120,8,N,N
LOAN_0003088,CUST_00654,Auto,2022-02-27,1957639.38,8.56,48,1,N,N
LOAN_0003089,CUST_07212,Personal,2022-02-28,1400308.55,11.29,36,7,N,N
LOAN_0003090,CUST_02958,Home,2026-01-06,2554177.61,7.35,300,10,N,N
LOAN_0003091,CUST_00183,Home,2026-01-17,6862226.6,7.31,180,2,N,N
LOAN_0003092,CUST_05617,Auto,2024-01-22,837833.95,10.16,48,3,N,N
LOAN_0003093,CUST_07556,Home,2023-10-09,9966087.42,8.13,120,0,N,N
LOAN_0003094,CUST_04134,Personal,2023-01-30,927302.72,15.08,36,11,N,N
LOAN_0003095,CUST_10164,Personal,2021-11-04,394552.17,16.72,60,3,N,N
LOAN_0003096,CUST_02137,Personal,2023-01-23,461501.1,14.9,48,1,N,N
LOAN_0003097,CUST_04258,Auto,2025-06-12,1809812.36,9.11,48,2,N,N
LOAN_0003098,CUST_08375,Home,2024-02-29,5561714.98,9.04,300,2,N,N
LOAN_0003099,CUST_03119,Personal,2026-01-07,1034917.5,14.08,48,4,N,N
LOAN_0003100,CUST_05034,Home,2022-06-01,5893838.02,8.21,180,41,N,N
LOAN_0003101,CUST_06253,Personal,2021-09-07,785721.23,17.06,36,3,N,N
LOAN_0003102,CUST_02171,Home,2024-08-31,3806104.55,8.94,120,2,N,N
LOAN_0003103,CUST_06416,Auto,2023-03-13,1810481.31,8.91,36,6,N,N
LOAN_0003104,CUST_06034,Education,2021-03-20,520598.52,9.89,84,20,N,N
LOAN_0003105,CUST_00799,Auto,2025-06-29,1914487.62,12.58,72,0,N,N
LOAN_0003106,CUST_04013,Auto,2022-03-10,2033966.82,11.68,36,60,N,N
LOAN_0003107,CUST_04685,Home,2023-02-09,7177196.83,9.33,300,20,N,N
LOAN_0003108,CUST_08873,Home,2021-09-26,3353441.99,7.02,240,0,N,N
LOAN_0003109,CUST_03786,Education,2026-05-17,614501.38,9.14,60,2,N,N
LOAN_0003110,CUST_01125,Personal,2024-06-26,771197.29,16.35,48,11,N,N
LOAN_0003111,CUST_07788,Personal,2023-10-08,629747.8,12.71,60,4,N,N
LOAN_0003112,CUST_07535,Auto,2021-06-15,1936076.39,8.39,60,1,N,N
LOAN_0003113,CUST_08329,Home,2026-04-17,2326833.56,7.03,180,2,N,N
LOAN_0003114,CUST_08599,Education,2022-07-21,1962401.98,11.62,60,0,N,N
LOAN_0003115,CUST_07241,Home,2023-03-05,5007955.09,7.27,300,3,N,N
LOAN_0003116,CUST_06981,Personal,2023-10-21,1218830.87,11.36,60,3,N,N
LOAN_0003117,CUST_04500,Personal,2023-04-07,473233.2,14.65,24,0,N,N
LOAN_0003118,CUST_02807,Home,2026-04-22,7638831.72,9.76,180,7,N,N
LOAN_0003119,CUST_08213,Home,2024-09-28,5485151.79,10.16,300,2,N,N
LOAN_0003120,CUST_08618,Personal,2023-11-01,625645.32,13.67,60,0,N,N
LOAN_0003121,CUST_00535,Home,2023-03-12,3706993.1,9.6,180,150,Y,Y
LOAN_0003122,CUST_06535,Home,2025-10-06,3356361.18,9.21,120,1,N,N
LOAN_0003123,CUST_06566,Personal,2023-01-28,489303.02,16.32,60,4,N,N
LOAN_0003124,CUST_09842,Home,2023-01-20,7226862.29,9.76,120,0,N,N
LOAN_0003125,CUST_04141,Personal,2026-01-13,921982.79,16.85,24,1,N,N
LOAN_0003126,CUST_04441,Education,2022-03-30,649337.69,8.52,120,22,N,N
LOAN_0003127,CUST_05595,Home,2023-05-23,9697857.9,7.88,300,5,N,N
LOAN_0003128,CUST_03853,Personal,2023-11-22,424118.64,15.62,60,2,N,N
LOAN_0003129,CUST_06375,Education,2024-04-11,1636586.19,11.28,120,4,N,N
LOAN_0003130,CUST_03615,Auto,2022-02-14,2426787.33,11.16,72,1,N,N
LOAN_0003131,CUST_03049,Personal,2023-11-04,898651.15,16.95,60,20,N,N
LOAN_0003132,CUST_09480,Home,2024-08-10,6633964.73,8.73,120,13,N,N
LOAN_0003133,CUST_08262,Personal,2021-06-08,870427.95,16.45,24,1,N,N
LOAN_0003134,CUST_00028,Personal,2023-12-22,761956.75,16.95,24,2,N,N
LOAN_0003135,CUST_06313,Education,2022-06-27,1338667.78,8.7,60,1,N,N
LOAN_0003136,CUST_05998,Personal,2024-03-30,1215536.11,16.71,24,1,N,N
LOAN_0003137,CUST_02238,Personal,2026-01-08,361280.62,14.89,60,3,N,N
LOAN_0003138,CUST_09096,Home,2023-08-09,7838021.71,8.47,300,3,N,N
LOAN_0003139,CUST_06621,Home,2022-03-29,8694368.45,10.02,180,4,N,N
LOAN_0003140,CUST_07976,Home,2023-07-19,5135198.36,7.03,180,6,N,N
LOAN_0003141,CUST_08187,Home,2022-07-10,6446861.71,7.09,120,10,N,N
LOAN_0003142,CUST_04333,Personal,2026-01-13,259281.88,13.53,36,7,N,N
LOAN_0003143,CUST_02512,Home,2023-08-14,4647337.98,8.1,240,6,N,N
LOAN_0003144,CUST_09476,Personal,2023-03-07,1015078.28,14.64,48,1,N,N
LOAN_0003145,CUST_10002,Home,2024-11-18,5309071.42,10.02,300,0,N,N
LOAN_0003146,CUST_06528,Personal,2022-02-08,256554.81,17.86,36,1,N,N
LOAN_0003147,CUST_03586,Personal,2023-06-04,832411.89,15.62,48,13,N,N
LOAN_0003148,CUST_01070,Personal,2025-08-08,659726.5,17.05,36,1,N,N
LOAN_0003149,CUST_02228,Home,2024-07-18,3967365.09,7.0,120,8,N,N
LOAN_0003150,CUST_00735,Home,2025-03-17,6543008.02,10.01,300,14,N,N
LOAN_0003151,CUST_05228,Personal,2025-10-06,511747.01,12.11,36,6,N,N
LOAN_0003152,CUST_02987,Auto,2024-04-12,2268869.79,9.51,48,2,N,N
LOAN_0003153,CUST_04691,Personal,2021-05-31,582947.48,12.87,60,7,N,N
LOAN_0003154,CUST_02350,Personal,2022-08-07,1383497.49,14.0,48,1,N,N
LOAN_0003155,CUST_04329,Personal,2023-02-25,723929.26,12.7,48,1,N,N
LOAN_0003156,CUST_01921,Home,2024-07-30,5092520.64,7.96,120,6,N,N
LOAN_0003157,CUST_06320,Auto,2025-05-27,1397550.63,12.79,72,4,N,N
LOAN_0003158,CUST_02561,Home,2024-07-07,8793842.42,9.75,180,14,N,N
LOAN_0003159,CUST_07717,Home,2021-08-05,5845588.87,7.02,240,9,N,N
LOAN_0003160,CUST_02113,Personal,2023-12-19,1117479.47,13.06,48,6,N,N
LOAN_0003161,CUST_07033,Personal,2024-10-20,1488281.54,14.62,24,15,N,N
LOAN_0003162,CUST_02002,Personal,2021-04-13,516400.15,17.13,36,14,N,N
LOAN_0003163,CUST_04819,Personal,2023-06-06,545105.92,16.24,60,2,N,N
LOAN_0003164,CUST_04667,Personal,2023-07-13,732213.72,11.72,36,16,N,N
LOAN_0003165,CUST_09762,Personal,2024-04-11,1225656.66,13.66,48,6,N,N
LOAN_0003166,CUST_05890,Education,2023-03-03,917957.14,7.53,60,5,N,N
LOAN_0003167,CUST_10062,Home,2024-01-15,9322050.53,9.85,120,11,N,N
LOAN_0003168,CUST_02452,Personal,2021-05-12,1298778.42,17.18,36,7,N,N
LOAN_0003169,CUST_05197,Home,2022-02-27,7179493.53,10.31,120,1,N,N
LOAN_0003170,CUST_05539,Personal,2024-09-29,1097328.5,16.79,36,5,N,N
LOAN_0003171,CUST_02538,Home,2023-06-10,7310728.21,8.61,180,5,N,N
LOAN_0003172,CUST_00338,Auto,2025-12-15,1736330.18,12.17,48,1,N,N
LOAN_0003173,CUST_00444,Home,2024-11-02,9404036.44,9.27,180,0,N,N
LOAN_0003174,CUST_04628,Home,2024-09-27,9717994.88,9.67,240,1,N,N
LOAN_0003175,CUST_03573,Personal,2025-11-12,1448380.72,12.22,36,3,N,N
LOAN_0003176,CUST_01298,Auto,2024-11-17,2215187.47,8.85,72,9,N,N
LOAN_0003177,CUST_04166,Auto,2025-12-05,1978565.18,9.54,60,0,N,N
LOAN_0003178,CUST_08798,Personal,2023-08-16,709245.22,15.2,24,0,N,N
LOAN_0003179,CUST_05339,Home,2024-06-04,5412441.7,9.81,300,34,N,N
LOAN_0003180,CUST_04759,Personal,2021-08-07,811625.95,13.65,60,150,Y,Y
LOAN_0003181,CUST_03421,Home,2024-10-27,8274551.56,7.08,180,15,N,N
LOAN_0003182,CUST_03425,Home,2025-09-12,8383822.31,9.35,300,2,N,N
LOAN_0003183,CUST_04012,Education,2023-08-18,1620880.93,12.39,84,5,N,N
LOAN_0003184,CUST_03990,Home,2026-03-25,7150545.31,8.25,180,5,N,N
LOAN_0003185,CUST_02976,Home,2022-11-11,3859362.2,10.1,240,7,N,N
LOAN_0003186,CUST_02197,Personal,2024-08-14,691505.19,11.21,60,2,N,N
LOAN_0003187,CUST_00512,Personal,2025-05-15,1052543.87,15.45,36,16,N,N
LOAN_0003188,CUST_05915,Personal,2026-04-30,1158031.58,15.49,48,0,N,N
LOAN_0003189,CUST_07772,Home,2025-10-16,8488833.8,7.7,300,1,N,N
LOAN_0003190,CUST_02948,Personal,2026-03-06,140046.41,14.24,24,11,N,N
LOAN_0003191,CUST_10010,Home,2024-09-06,4362290.54,7.57,240,1,N,N
LOAN_0003192,CUST_08080,Home,2022-05-14,2994916.0,8.16,180,6,N,N
LOAN_0003193,CUST_08535,Auto,2021-02-16,869938.96,8.24,60,10,N,N
LOAN_0003194,CUST_09531,Home,2021-03-29,3348081.63,8.24,240,3,N,N
LOAN_0003195,CUST_07120,Home,2025-11-28,5033213.58,7.86,120,15,N,N
LOAN_0003196,CUST_07645,Auto,2023-06-28,1754028.58,8.39,48,10,N,N
LOAN_0003197,CUST_01261,Education,2025-08-20,732355.54,12.37,60,0,N,N
LOAN_0003198,CUST_04547,Personal,2023-06-03,361749.93,10.67,48,16,N,N
LOAN_0003199,CUST_01249,Home,2023-10-10,9545672.85,8.52,240,0,N,N
LOAN_0003200,CUST_00929,Auto,2021-03-19,874267.26,12.57,60,11,N,N
LOAN_0003201,CUST_06388,Auto,2024-02-29,2433382.33,10.25,48,0,N,N
LOAN_0003202,CUST_03643,Auto,2023-09-23,790578.97,11.2,36,1,N,N
LOAN_0003203,CUST_03436,Personal,2024-09-05,1022898.65,11.42,60,1,N,N
LOAN_0003204,CUST_02733,Home,2024-04-23,5465471.59,8.3,300,2,N,N
LOAN_0003205,CUST_09872,Personal,2026-02-25,411803.77,17.5,24,8,N,N
LOAN_0003206,CUST_01565,Home,2024-09-02,4574872.1,8.47,300,13,N,N
LOAN_0003207,CUST_01092,Personal,2026-02-19,488288.33,11.2,24,3,N,N
LOAN_0003208,CUST_07849,Home,2021-05-10,3926210.51,10.33,300,14,N,N
LOAN_0003209,CUST_06842,Home,2025-01-12,8544977.38,8.18,120,16,N,N
LOAN_0003210,CUST_08959,Personal,2022-11-29,982681.91,15.19,60,23,N,N
LOAN_0003211,CUST_05851,Personal,2022-12-07,1181365.75,16.41,24,4,N,N
LOAN_0003212,CUST_05609,Auto,2025-11-07,2293311.23,11.02,36,5,N,N
LOAN_0003213,CUST_00291,Personal,2022-01-23,1321659.5,14.04,60,7,N,N
LOAN_0003214,CUST_02980,Auto,2022-03-23,645546.86,10.38,60,2,N,N
LOAN_0003215,CUST_10036,Auto,2023-03-30,563305.59,11.72,72,9,N,N
LOAN_0003216,CUST_04761,Home,2025-08-26,2206177.57,10.22,300,3,N,N
LOAN_0003217,CUST_09803,Personal,2026-01-05,1169756.99,13.16,36,3,N,N
LOAN_0003218,CUST_07958,Personal,2026-06-22,571685.4,14.54,36,8,N,N
LOAN_0003219,CUST_09058,Auto,2026-04-29,1225493.51,11.55,60,0,N,N
LOAN_0003220,CUST_05572,Auto,2023-03-19,1642907.05,12.97,48,11,N,N
LOAN_0003221,CUST_07823,Personal,2022-07-14,322435.34,17.47,36,5,N,N
LOAN_0003222,CUST_06825,Auto,2024-09-02,1639269.23,8.8,72,1,N,N
LOAN_0003223,CUST_04450,Home,2024-06-30,4056114.31,9.76,180,0,N,N
LOAN_0003224,CUST_05663,Home,2024-02-02,3830673.08,9.17,120,21,N,N
LOAN_0003225,CUST_08589,Home,2021-05-14,5305069.17,8.58,120,2,N,N
LOAN_0003226,CUST_02654,Home,2025-01-22,3779647.64,10.45,120,0,N,N
LOAN_0003227,CUST_01964,Home,2026-04-23,5064621.29,10.33,240,2,N,N
LOAN_0003228,CUST_08582,Home,2021-10-25,7606768.15,7.51,120,4,N,N
LOAN_0003229,CUST_02456,Home,2023-10-20,5233560.96,7.21,240,150,Y,Y
LOAN_0003230,CUST_00975,Personal,2025-05-20,391214.23,15.08,36,18,N,N
LOAN_0003231,CUST_01052,Home,2023-02-06,9896392.31,7.62,180,13,N,N
LOAN_0003232,CUST_04823,Auto,2025-11-29,1938249.84,11.2,36,5,N,N
LOAN_0003233,CUST_05856,Home,2023-09-03,9725973.37,8.22,300,4,N,N
LOAN_0003234,CUST_01028,Home,2021-12-03,2139403.84,8.75,300,6,N,N
LOAN_0003235,CUST_06016,Personal,2025-08-19,605857.2,13.15,24,0,N,N
LOAN_0003236,CUST_08975,Auto,2023-12-03,2102404.44,11.39,60,11,N,N
LOAN_0003237,CUST_01952,Auto,2021-07-08,1103548.63,11.42,36,1,N,N
LOAN_0003238,CUST_09149,Home,2023-12-09,3777260.85,9.16,120,4,N,N
LOAN_0003239,CUST_09517,Auto,2022-04-16,1223896.1,8.16,72,13,N,N
LOAN_0003240,CUST_06440,Home,2021-10-10,6892694.93,9.67,300,5,N,N
LOAN_0003241,CUST_01946,Auto,2022-01-19,2262440.05,11.18,60,3,N,N
LOAN_0003242,CUST_08784,Home,2021-04-16,4670621.26,9.52,180,5,N,N
LOAN_0003243,CUST_06795,Home,2021-09-03,2246665.79,8.24,180,5,N,N
LOAN_0003244,CUST_06795,Home,2025-02-24,4189117.74,9.66,300,7,N,N
LOAN_0003245,CUST_01882,Personal,2025-03-06,1308225.63,16.34,36,9,N,N
LOAN_0003246,CUST_06708,Auto,2024-04-12,1197872.59,12.23,36,0,N,N
LOAN_0003247,CUST_03409,Home,2025-02-27,6663820.08,9.74,120,8,N,N
LOAN_0003248,CUST_07612,Home,2026-07-10,4179804.09,8.91,180,11,N,N
LOAN_0003249,CUST_00897,Education,2024-12-28,1362970.68,11.69,60,0,N,N
LOAN_0003250,CUST_03618,Home,2026-02-13,7356146.6,8.98,240,15,N,N
LOAN_0003251,CUST_05003,Education,2023-05-28,466343.03,11.22,60,7,N,N
LOAN_0003252,CUST_06234,Auto,2025-02-24,669815.92,8.85,48,1,N,N
LOAN_0003253,CUST_01483,Auto,2025-04-13,1193773.78,11.73,36,2,N,N
LOAN_0003254,CUST_01228,Personal,2023-06-19,750298.0,15.8,60,1,N,N
LOAN_0003255,CUST_03732,Personal,2023-04-09,380482.32,16.72,60,0,N,N
LOAN_0003256,CUST_07118,Education,2025-10-07,531180.67,11.29,60,5,N,N
LOAN_0003257,CUST_07640,Auto,2021-07-25,727741.34,10.98,48,2,N,N
LOAN_0003258,CUST_09096,Auto,2025-07-05,1138354.44,9.23,48,1,N,N
LOAN_0003259,CUST_05936,Home,2026-05-18,2084794.7,10.47,300,7,N,N
LOAN_0003260,CUST_03657,Home,2024-03-07,5528001.02,8.9,180,2,N,N
LOAN_0003261,CUST_09621,Auto,2026-07-08,1328773.49,11.7,36,13,N,N
LOAN_0003262,CUST_05131,Personal,2025-10-16,665378.2,12.58,48,3,N,N
LOAN_0003263,CUST_09838,Personal,2026-07-11,1386638.59,13.03,24,2,N,N
LOAN_0003264,CUST_06115,Education,2026-04-11,221412.15,9.39,84,34,N,N
LOAN_0003265,CUST_01715,Personal,2024-06-28,1005770.51,15.51,60,8,N,N
LOAN_0003266,CUST_09961,Personal,2021-03-02,1483633.02,13.07,48,0,N,N
LOAN_0003267,CUST_09300,Personal,2025-06-17,375292.71,17.06,48,0,N,N
LOAN_0003268,CUST_05537,Auto,2023-12-19,2264575.37,10.6,60,4,N,N
LOAN_0003269,CUST_00482,Auto,2021-08-10,845743.67,9.16,48,14,N,N
LOAN_0003270,CUST_00550,Personal,2025-01-21,1225668.18,15.61,60,0,N,N
LOAN_0003271,CUST_04975,Home,2025-12-10,8977771.9,9.74,240,3,N,N
LOAN_0003272,CUST_02470,Auto,2024-12-17,1284186.25,8.67,36,3,N,N
LOAN_0003273,CUST_00078,Education,2024-04-13,1530095.7,10.29,84,18,N,N
LOAN_0003274,CUST_00889,Personal,2023-08-05,836418.36,14.54,36,150,Y,Y
LOAN_0003275,CUST_04669,Personal,2024-06-03,152471.52,15.62,24,16,N,N
LOAN_0003276,CUST_00882,Education,2021-08-08,210954.37,8.58,120,3,N,N
LOAN_0003277,CUST_06956,Auto,2025-09-02,1912232.29,11.38,48,1,N,N
LOAN_0003278,CUST_9999,Home,2025-01-22,2079374.74,7.74,120,1,N,N
LOAN_0003279,CUST_09076,Personal,2024-08-28,1264849.68,15.87,60,4,N,N
LOAN_0003280,CUST_05179,Auto,2025-12-21,1241488.4,12.54,48,2,N,N
LOAN_0003281,CUST_02217,Auto,2023-06-27,659552.44,9.06,72,3,N,N
LOAN_0003282,CUST_00230,Home,2021-04-06,9829153.09,8.47,120,5,N,N
LOAN_0003283,CUST_09761,Home,2025-11-08,6078268.85,10.17,300,5,N,N
LOAN_0003284,CUST_9999,Education,2021-09-08,459928.85,10.03,60,2,N,N
LOAN_0003285,CUST_08947,Auto,2026-06-23,1771807.57,10.28,60,19,N,N
LOAN_0003286,CUST_09296,Personal,2022-02-27,379838.0,17.24,60,2,N,N
LOAN_0003287,CUST_08069,Home,2024-12-20,8569326.63,8.44,240,5,N,N
LOAN_0003288,CUST_08861,Personal,2022-07-25,110907.69,11.92,60,12,N,N
LOAN_0003289,CUST_03369,Auto,2024-12-22,814456.86,9.96,36,0,N,N
LOAN_0003290,CUST_02365,Auto,2022-02-20,1425010.4,8.99,72,5,N,N
LOAN_0003291,CUST_03730,Personal,2022-02-23,788662.9,16.34,48,1,N,N
LOAN_0003292,CUST_04126,Home,2025-03-17,6419576.81,7.79,180,11,N,N
LOAN_0003293,CUST_08659,Auto,2022-07-12,566379.48,9.05,48,3,N,N
LOAN_0003294,CUST_00744,Auto,2021-02-16,1211128.53,12.29,72,0,N,N
LOAN_0003295,CUST_01648,Home,2026-06-20,6491333.22,8.28,300,3,N,N
LOAN_0003296,CUST_01584,Home,2024-06-15,9170300.08,8.09,300,2,N,N
LOAN_0003297,CUST_06729,Home,2022-07-04,7509817.57,8.31,120,12,N,N
LOAN_0003298,CUST_09579,Auto,2026-06-18,1500464.83,9.64,60,9,N,N
LOAN_0003299,CUST_00697,Personal,2024-07-04,928146.9,12.19,60,7,N,N
LOAN_0003300,CUST_02907,Personal,2022-01-01,1394943.23,16.45,24,6,N,N
LOAN_0003301,CUST_09026,Home,2022-01-28,8711876.18,7.35,120,4,N,N
LOAN_0003302,CUST_06655,Home,2022-10-01,6794343.86,9.39,120,3,N,N
LOAN_0003303,CUST_00816,Home,2022-07-25,5105192.05,7.73,120,6,N,N
LOAN_0003304,CUST_09311,Personal,2021-11-14,1209781.21,11.09,24,6,N,N
LOAN_0003305,CUST_07986,Home,2024-02-19,4701346.23,9.44,300,1,N,N
LOAN_0003306,CUST_07504,Personal,2023-04-27,1082620.94,14.68,24,4,N,N
LOAN_0003307,CUST_03028,Personal,2022-06-24,186799.7,13.19,36,1,N,N
LOAN_0003308,CUST_04505,Personal,2021-12-04,958461.82,11.0,24,5,N,N
LOAN_0003309,CUST_00160,Home,2026-06-06,6187849.35,7.98,180,1,N,N
LOAN_0003310,CUST_01078,Education,2025-11-01,1385232.1,7.83,120,0,N,N
LOAN_0003311,CUST_00889,Home,2021-03-23,6918277.03,10.4,240,75,N,N
LOAN_0003312,CUST_04791,Home,2022-06-16,7906257.89,10.47,300,3,N,N
LOAN_0003313,CUST_00867,Auto,2025-01-19,1856923.01,10.91,36,5,N,N
LOAN_0003314,CUST_07400,Personal,2023-01-27,614051.44,15.37,24,4,N,N
LOAN_0003315,CUST_09180,Education,2021-08-26,711006.9,11.92,60,11,N,N
LOAN_0003316,CUST_02045,Home,2022-12-17,3674069.53,7.49,240,12,N,N
LOAN_0003317,CUST_04390,Personal,2024-02-09,137801.67,14.98,24,3,N,N
LOAN_0003318,CUST_08783,Auto,2021-03-27,2105321.78,8.62,72,14,N,N
LOAN_0003319,CUST_04231,Education,2025-07-29,1875275.86,8.61,84,20,N,N
LOAN_0003320,CUST_09091,Home,2021-01-05,8502531.79,9.34,180,1,N,N
LOAN_0003321,CUST_06804,Education,2022-04-27,1008882.25,12.22,84,0,N,N
LOAN_0003322,CUST_01603,Personal,2021-02-25,1462974.66,14.05,60,2,N,N
LOAN_0003323,CUST_04930,Auto,2026-01-11,660357.58,12.24,60,8,N,N
LOAN_0003324,CUST_08073,Home,2024-06-26,7782119.41,8.63,180,3,N,N
LOAN_0003325,CUST_09320,Home,2022-08-26,8048176.13,9.36,240,18,N,N
LOAN_0003326,CUST_06582,Auto,2025-02-26,895142.11,8.96,60,3,N,N
LOAN_0003327,CUST_02874,Education,2024-03-21,1968098.42,10.52,60,10,N,N
LOAN_0003328,CUST_05403,Personal,2023-03-27,245426.79,11.01,60,1,N,N
LOAN_0003329,CUST_06362,Personal,2024-02-03,1243320.21,17.6,48,1,N,N
LOAN_0003330,CUST_07441,Home,2024-03-03,8447930.57,8.11,240,120,Y,Y
LOAN_0003331,CUST_09856,Home,2023-09-04,9821509.19,8.01,120,2,N,N
LOAN_0003332,CUST_08169,Home,2022-05-02,4294897.24,8.34,240,2,N,N
LOAN_0003333,CUST_06445,Auto,2025-10-14,1088814.06,9.07,36,8,N,N
LOAN_0003334,CUST_05021,Home,2026-05-21,5934485.05,7.95,300,8,N,N
LOAN_0003335,CUST_07945,Home,2024-11-27,3800970.06,9.47,180,1,N,N
LOAN_0003336,CUST_08269,Home,2025-10-07,9464825.55,9.15,300,0,N,N
LOAN_0003337,CUST_02568,Home,2026-06-26,7233845.09,10.35,240,8,N,N
LOAN_0003338,CUST_01160,Personal,2021-05-11,840237.06,12.95,60,4,N,N
LOAN_0003339,CUST_06473,Education,2023-02-01,1075813.9,9.31,120,9,N,N
LOAN_0003340,CUST_04739,Home,2022-08-29,4407010.69,9.36,120,8,N,N
LOAN_0003341,CUST_09742,Auto,2021-01-12,2266753.59,10.55,36,2,N,N
LOAN_0003342,CUST_05482,Personal,2024-08-22,1236235.74,14.28,36,3,N,N
LOAN_0003343,CUST_01275,Personal,2024-08-08,735824.64,16.61,48,19,N,N
LOAN_0003344,CUST_04090,Home,2024-07-18,6077578.1,8.78,180,5,N,N
LOAN_0003345,CUST_06520,Education,2022-03-26,1424884.57,7.68,120,2,N,N
LOAN_0003346,CUST_02805,Home,2024-09-21,3657240.16,9.33,180,0,N,N
LOAN_0003347,CUST_09233,Home,2022-03-30,7316675.23,9.73,240,5,N,N
LOAN_0003348,CUST_09439,Home,2025-01-04,2054728.19,8.25,120,4,N,N
LOAN_0003349,CUST_05718,Home,2025-09-19,3384865.54,9.67,120,0,N,N
LOAN_0003350,CUST_06958,Auto,2026-06-23,1963040.68,8.5,72,6,N,N
LOAN_0003351,CUST_05333,Personal,2022-02-02,842382.85,14.25,48,0,N,N
LOAN_0003352,CUST_04151,Personal,2022-11-29,1431402.62,17.34,36,0,N,N
LOAN_0003353,CUST_03042,Home,2023-07-28,4383839.04,8.74,300,2,N,N
LOAN_0003354,CUST_00211,Education,2025-02-10,1815786.74,10.82,60,3,N,N
LOAN_0003355,CUST_05371,Education,2022-03-09,1487511.44,8.81,120,5,N,N
LOAN_0003356,CUST_05742,Personal,2024-11-03,1452240.79,12.82,36,21,N,N
LOAN_0003357,CUST_05279,Home,2025-12-15,7240639.49,7.78,180,14,N,N
LOAN_0003358,CUST_04140,Education,2022-03-07,1726163.08,8.01,60,8,N,N
LOAN_0003359,CUST_01885,Home,2026-02-23,9884564.84,10.44,300,8,N,N
LOAN_0003360,CUST_03668,Education,2023-07-19,598215.2,12.26,60,8,N,N
LOAN_0003361,CUST_08559,Home,2025-12-16,3632952.85,7.54,180,6,N,N
LOAN_0003362,CUST_09705,Home,2023-05-13,6629964.26,8.97,240,2,N,N
LOAN_0003363,CUST_01090,Home,2026-03-15,5285788.25,7.7,300,1,N,N
LOAN_0003364,CUST_05634,Auto,2021-08-06,695458.34,8.04,60,4,N,N
LOAN_0003365,CUST_06097,Auto,2023-07-26,708887.83,10.84,48,6,N,N
LOAN_0003366,CUST_07534,Auto,2023-11-30,2012667.43,9.04,72,0,N,N
LOAN_0003367,CUST_01981,Auto,2022-04-10,2203889.08,9.15,48,0,N,N
LOAN_0003368,CUST_00376,Auto,2026-06-10,1926376.52,9.55,36,14,N,N
LOAN_0003369,CUST_06244,Home,2022-11-08,3342092.08,7.84,240,0,N,N
LOAN_0003370,CUST_00659,Home,2024-04-03,5843156.94,7.3,300,0,N,N
LOAN_0003371,CUST_05175,Home,2022-04-30,5834289.03,7.86,180,60,N,N
LOAN_0003372,CUST_06532,Home,2024-09-16,5501265.49,9.04,180,2,N,N
LOAN_0003373,CUST_09328,Personal,2026-02-19,663133.34,14.99,24,4,N,N
LOAN_0003374,CUST_07907,Auto,2022-01-31,1543960.26,9.43,48,11,N,N
LOAN_0003375,CUST_09508,Education,2023-09-05,1909511.31,9.95,84,2,N,N
LOAN_0003376,CUST_09897,Education,2025-09-12,261254.68,8.69,60,0,N,N
LOAN_0003377,CUST_05761,Personal,2023-01-10,511290.27,15.86,48,6,N,N
LOAN_0003378,CUST_03782,Education,2024-04-08,1463069.6,9.92,84,8,N,N
LOAN_0003379,CUST_10008,Personal,2024-09-19,241575.84,17.19,48,6,N,N
LOAN_0003380,CUST_04243,Home,2025-12-11,3904864.03,9.15,240,2,N,N
LOAN_0003381,CUST_10146,Personal,2026-07-08,766194.43,15.27,24,0,N,N
LOAN_0003382,CUST_03588,Personal,2025-01-03,1015101.62,13.33,36,0,N,N
LOAN_0003383,CUST_09197,Home,2021-05-06,5648453.71,7.18,240,7,N,N
LOAN_0003384,CUST_07341,Education,2025-10-03,991978.4,11.28,84,5,N,N
LOAN_0003385,CUST_06021,Personal,2025-02-07,1171152.24,15.27,24,0,N,N
LOAN_0003386,CUST_06704,Home,2022-06-21,2913466.47,9.56,300,1,N,N
LOAN_0003387,CUST_02906,Home,2022-06-25,8536915.89,7.53,240,15,N,N
LOAN_0003388,CUST_07620,Personal,2021-06-11,901537.89,15.18,60,3,N,N
LOAN_0003389,CUST_05150,Auto,2023-07-13,2056442.01,12.27,60,5,N,N
LOAN_0003390,CUST_05566,Home,2026-02-14,8265767.63,8.87,180,22,N,N
LOAN_0003391,CUST_01568,Auto,2025-05-24,1581916.89,8.92,36,18,N,N
LOAN_0003392,CUST_05404,Personal,2023-08-03,841348.75,14.04,48,1,N,N
LOAN_0003393,CUST_09403,Education,2022-12-12,492946.78,11.71,84,3,N,N
LOAN_0003394,CUST_06135,Auto,2025-01-27,1775371.25,12.2,48,0,N,N
LOAN_0003395,CUST_08986,Education,2024-08-07,868781.95,10.56,120,3,N,N
LOAN_0003396,CUST_05964,Home,2022-08-16,6515787.41,9.12,240,18,N,N
LOAN_0003397,CUST_02569,Education,2025-09-26,524754.43,11.8,60,1,N,N
LOAN_0003398,CUST_08428,Personal,2026-03-28,1251820.8,17.22,24,0,N,N
LOAN_0003399,CUST_04980,Personal,2025-01-02,487675.07,13.82,36,1,N,N
LOAN_0003400,CUST_00593,Home,2023-04-02,9223048.98,7.54,300,1,N,N
LOAN_0003401,CUST_06141,Auto,2021-09-18,2456633.1,12.87,72,8,N,N
LOAN_0003402,CUST_09583,Home,2026-01-11,4465856.1,9.12,240,1,N,N
LOAN_0003403,CUST_05904,Personal,2021-01-11,994627.36,15.39,36,95,Y,Y
LOAN_0003404,CUST_01070,Home,2026-04-14,5788017.4,7.17,300,25,N,N
LOAN_0003405,CUST_00743,Education,2023-01-22,729191.96,11.3,84,1,N,N
LOAN_0003406,CUST_07537,Home,2024-07-08,6537288.65,9.36,300,1,N,N
LOAN_0003407,CUST_09080,Auto,2024-01-07,2369713.03,10.01,36,0,N,N
LOAN_0003408,CUST_05073,Personal,2024-02-17,592502.63,15.1,48,6,N,N
LOAN_0003409,CUST_08737,Personal,2022-09-18,1191778.88,15.68,48,3,N,N
LOAN_0003410,CUST_04090,Home,2024-07-06,8065972.53,8.54,240,2,N,N
LOAN_0003411,CUST_08972,Home,2023-01-14,2243961.61,7.78,180,16,N,N
LOAN_0003412,CUST_03894,Auto,2022-01-03,1758253.48,10.31,60,8,N,N
LOAN_0003413,CUST_02338,Education,2021-10-02,651912.07,10.91,60,8,N,N
LOAN_0003414,CUST_09447,Personal,2021-07-02,1300215.27,14.84,60,5,N,N
LOAN_0003415,CUST_06484,Auto,2022-12-26,1836382.19,10.69,36,13,N,N
LOAN_0003416,CUST_00720,Auto,2021-11-22,467244.54,9.42,36,1,N,N
LOAN_0003417,CUST_02411,Auto,2022-05-26,2263151.15,9.53,72,1,N,N
LOAN_0003418,CUST_02653,Personal,2022-05-27,1357174.5,15.94,36,95,Y,Y
LOAN_0003419,CUST_07713,Home,2025-02-05,4648625.25,7.82,180,3,N,N
LOAN_0003420,CUST_05329,Personal,2021-12-31,455549.06,15.7,24,4,N,N
LOAN_0003421,CUST_01546,Home,2022-04-07,5359957.38,9.63,180,9,N,N
LOAN_0003422,CUST_04036,Education,2024-10-15,1405233.9,11.31,60,4,N,N
LOAN_0003423,CUST_09523,Personal,2026-05-19,1071071.59,12.73,48,0,N,N
LOAN_0003424,CUST_00471,Home,2023-08-11,7254579.4,8.91,180,15,N,N
LOAN_0003425,CUST_00759,Education,2023-08-12,876116.07,12.45,84,23,N,N
LOAN_0003426,CUST_09308,Education,2026-01-19,808779.91,11.24,120,0,N,N
LOAN_0003427,CUST_01919,Personal,2023-05-08,247927.83,17.06,36,2,N,N
LOAN_0003428,CUST_07598,Personal,2021-11-07,605785.24,16.64,48,6,N,N
LOAN_0003429,CUST_08727,Personal,2023-11-25,1427664.91,12.77,60,1,N,N
LOAN_0003430,CUST_07547,Education,2024-07-28,1828300.45,10.53,120,7,N,N
LOAN_0003431,CUST_06595,Auto,2025-09-17,2105494.73,9.96,36,1,N,N
LOAN_0003432,CUST_02876,Auto,2022-02-10,2177139.17,10.06,48,0,N,N
LOAN_0003433,CUST_01172,Auto,2023-11-20,716762.92,11.59,48,17,N,N
LOAN_0003434,CUST_09721,Home,2024-11-29,2145639.52,8.26,240,1,N,N
LOAN_0003435,CUST_04514,Personal,2025-07-29,1387062.67,11.2,60,4,N,N
LOAN_0003436,CUST_00392,Home,2024-11-13,7719663.1,8.7,300,15,N,N
LOAN_0003437,CUST_07014,Personal,2021-09-18,1356566.5,14.72,60,4,N,N
LOAN_0003438,CUST_03813,Home,2026-05-04,6260066.97,10.22,120,6,N,N
LOAN_0003439,CUST_06244,Personal,2026-04-12,184854.49,13.45,60,1,N,N
LOAN_0003440,CUST_09604,Education,2024-06-25,229451.07,11.16,120,0,N,N
LOAN_0003441,CUST_06582,Home,2022-11-09,7187197.13,8.37,240,1,N,N
LOAN_0003442,CUST_03808,Education,2023-08-31,1021129.57,9.96,120,6,N,N
LOAN_0003443,CUST_09749,Personal,2024-09-20,1327316.43,11.62,48,4,N,N
LOAN_0003444,CUST_00726,Education,2021-11-08,1268482.74,10.69,120,4,N,N
LOAN_0003445,CUST_01606,Home,2024-06-03,7234988.15,9.91,240,1,N,N
LOAN_0003446,CUST_07045,Home,2022-11-12,3877403.62,9.99,300,8,N,N
LOAN_0003447,CUST_02110,Home,2024-02-17,7074994.16,9.57,180,1,N,N
LOAN_0003448,CUST_08968,Education,2021-03-04,1775995.12,12.26,60,9,N,N
LOAN_0003449,CUST_08970,Personal,2025-01-03,1044676.26,17.25,36,1,N,N
LOAN_0003450,CUST_02685,Personal,2025-07-10,1006246.71,15.44,48,6,N,N
LOAN_0003451,CUST_07481,Home,2021-08-03,7404244.2,8.95,180,2,N,N
LOAN_0003452,CUST_05706,Personal,2024-02-06,601110.6,13.51,36,9,N,N
LOAN_0003453,CUST_01407,Auto,2023-02-11,1529831.83,10.1,72,6,N,N
LOAN_0003454,CUST_03222,Personal,2023-11-13,378221.51,16.53,36,1,N,N
LOAN_0003455,CUST_9999,Education,2021-02-21,1861888.78,10.06,84,4,N,N
LOAN_0003456,CUST_09601,Personal,2021-01-06,366787.86,16.09,60,4,N,N
LOAN_0003457,CUST_06770,Personal,2025-11-27,878559.63,12.57,24,8,N,N
LOAN_0003458,CUST_01254,Personal,2021-12-28,340193.51,15.24,60,1,N,N
LOAN_0003459,CUST_02971,Auto,2022-06-10,2154731.23,9.2,36,4,N,N
LOAN_0003460,CUST_08612,Home,2024-01-21,4334379.62,7.92,120,0,N,N
LOAN_0003461,CUST_09025,Auto,2022-01-10,1917948.94,10.39,72,14,N,N
LOAN_0003462,CUST_09692,Education,2024-10-04,1564238.45,12.12,60,6,N,N
LOAN_0003463,CUST_07727,Home,2025-09-26,6081446.57,8.11,180,8,N,N
LOAN_0003464,CUST_04882,Home,2023-09-05,2247064.48,8.44,300,2,N,N
LOAN_0003465,CUST_06821,Auto,2026-03-17,2355987.78,9.28,48,0,N,N
LOAN_0003466,CUST_00879,Personal,2026-02-19,1350351.42,12.67,36,17,N,N
LOAN_0003467,CUST_03122,Education,2021-06-22,1371595.46,9.01,120,0,N,N
LOAN_0003468,CUST_05685,Education,2021-12-09,1342486.69,10.92,84,2,N,N
LOAN_0003469,CUST_06968,Auto,2025-04-16,2487929.66,11.3,72,0,N,N
LOAN_0003470,CUST_02143,Personal,2024-11-11,538494.56,11.68,60,1,N,N
LOAN_0003471,CUST_02681,Auto,2021-01-25,1368140.11,11.45,36,2,N,N
LOAN_0003472,CUST_01393,Auto,2024-01-18,951400.01,12.57,36,16,N,N
LOAN_0003473,CUST_00310,Auto,2022-05-03,995663.98,11.8,48,5,N,N
LOAN_0003474,CUST_06178,Home,2025-12-14,2820559.79,8.78,180,4,N,N
LOAN_0003475,CUST_04901,Auto,2026-05-16,1980096.68,11.47,36,0,N,N
LOAN_0003476,CUST_09889,Home,2026-02-24,6395071.27,9.2,180,2,N,N
LOAN_0003477,CUST_00050,Home,2025-09-24,8433284.1,9.61,180,22,N,N
LOAN_0003478,CUST_02032,Personal,2026-05-30,1266468.59,12.35,60,10,N,N
LOAN_0003479,CUST_05783,Home,2022-07-26,2972054.65,9.23,120,0,N,N
LOAN_0003480,CUST_02610,Home,2022-12-15,5603138.55,10.27,120,2,N,N
LOAN_0003481,CUST_09145,Home,2022-04-18,9301858.42,9.67,120,8,N,N
LOAN_0003482,CUST_03428,Home,2024-07-17,9762275.2,9.6,240,7,N,N
LOAN_0003483,CUST_05027,Personal,2023-02-04,665265.72,16.14,48,2,N,N
LOAN_0003484,CUST_04527,Home,2022-07-12,6016247.75,8.21,300,10,N,N
LOAN_0003485,CUST_04443,Personal,2021-05-01,1379518.35,11.88,60,6,N,N
LOAN_0003486,CUST_01204,Home,2025-02-27,6878439.79,7.96,180,2,N,N
LOAN_0003487,CUST_10169,Home,2026-03-24,7772468.59,9.55,300,7,N,N
LOAN_0003488,CUST_01257,Home,2023-06-19,6299609.09,7.59,120,2,N,N
LOAN_0003489,CUST_03398,Personal,2023-04-10,767417.43,12.61,60,15,N,N
LOAN_0003490,CUST_07412,Auto,2022-01-06,814826.24,9.24,48,12,N,N
LOAN_0003491,CUST_00028,Home,2021-12-02,5624669.18,8.8,300,0,N,N
LOAN_0003492,CUST_06629,Personal,2024-09-29,1400264.47,15.99,24,5,N,N
LOAN_0003493,CUST_03202,Auto,2022-05-28,811252.48,9.07,72,14,N,N
LOAN_0003494,CUST_05655,Auto,2023-11-24,1962412.67,11.31,36,0,N,N
LOAN_0003495,CUST_00098,Auto,2025-07-11,737853.59,11.33,36,2,N,N
LOAN_0003496,CUST_07201,Home,2025-04-09,8424336.07,7.83,120,9,N,N
LOAN_0003497,CUST_06942,Home,2022-11-28,4934320.61,8.18,300,2,N,N
LOAN_0003498,CUST_03716,Auto,2024-06-09,671533.88,12.39,48,7,N,N
LOAN_0003499,CUST_00666,Home,2021-01-02,9592865.01,7.35,240,7,N,N
LOAN_0003500,CUST_00981,Auto,2025-06-06,2399805.79,9.84,36,7,N,N
LOAN_0003501,CUST_07081,Personal,2023-12-23,499472.83,16.32,24,9,N,N
LOAN_0003502,CUST_03446,Personal,2026-05-20,928050.31,13.51,48,18,N,N
LOAN_0003503,CUST_06608,Auto,2024-03-17,1363061.52,9.0,72,1,N,N
LOAN_0003504,CUST_06446,Personal,2025-04-12,1090006.19,13.11,36,11,N,N
LOAN_0003505,CUST_00942,Personal,2021-03-17,852659.5,17.18,48,2,N,N
LOAN_0003506,CUST_03756,Auto,2025-03-24,1161824.57,8.47,48,4,N,N
LOAN_0003507,CUST_05109,Auto,2025-05-21,1816776.24,11.83,36,2,N,N
LOAN_0003508,CUST_04653,Personal,2022-08-10,282976.49,12.08,36,4,N,N
LOAN_0003509,CUST_07260,Home,2021-11-03,2641972.22,8.61,300,1,N,N
LOAN_0003510,CUST_06224,Personal,2025-08-24,1085427.89,11.89,60,5,N,N
LOAN_0003511,CUST_05446,Home,2023-09-29,6613012.78,8.78,120,1,N,N
LOAN_0003512,CUST_00443,Auto,2022-07-09,2126335.37,9.82,36,8,N,N
LOAN_0003513,CUST_00005,Auto,2024-09-28,999334.79,8.79,60,6,N,N
LOAN_0003514,CUST_07417,Home,2025-06-04,9906727.91,10.01,240,4,N,N
LOAN_0003515,CUST_02559,Home,2023-09-10,4087873.21,7.49,120,8,N,N
LOAN_0003516,CUST_02928,Home,2024-10-09,3202836.43,7.95,120,7,N,N
LOAN_0003517,CUST_00034,Education,2024-08-21,1553814.33,12.36,120,4,N,N
LOAN_0003518,CUST_01223,Home,2022-10-15,2172916.43,9.09,180,1,N,N
LOAN_0003519,CUST_03942,Auto,2025-01-27,1248950.71,8.03,60,7,N,N
LOAN_0003520,CUST_02254,Auto,2026-04-13,1016527.11,11.59,72,0,N,N
LOAN_0003521,CUST_08496,Auto,2021-03-05,1378712.76,10.68,36,12,N,N
LOAN_0003522,CUST_03571,Personal,2023-09-17,222299.01,14.2,36,0,N,N
LOAN_0003523,CUST_02497,Personal,2023-11-04,814131.39,16.74,48,1,N,N
LOAN_0003524,CUST_05403,Personal,2024-07-09,175177.09,12.45,60,3,N,N
LOAN_0003525,CUST_01818,Auto,2026-06-15,623342.54,8.68,60,3,N,N
LOAN_0003526,CUST_06551,Personal,2023-08-26,987663.99,13.42,36,16,N,N
LOAN_0003527,CUST_07873,Auto,2022-08-29,823930.81,8.05,48,0,N,N
LOAN_0003528,CUST_00950,Auto,2024-03-08,1638373.69,8.96,72,7,N,N
LOAN_0003529,CUST_08627,Auto,2023-06-16,991058.62,10.03,72,0,N,N
LOAN_0003530,CUST_08114,Auto,2022-03-28,643887.02,9.14,72,2,N,N
LOAN_0003531,CUST_05742,Home,2023-09-01,4299449.7,7.93,180,3,N,N
LOAN_0003532,CUST_08083,Home,2022-08-29,4638059.08,8.83,300,25,N,N
LOAN_0003533,CUST_08266,Home,2024-11-01,3669376.77,9.37,120,8,N,N
LOAN_0003534,CUST_07112,Personal,2022-12-09,575047.5,11.04,60,4,N,N
LOAN_0003535,CUST_05211,Personal,2023-04-04,1384743.25,12.87,24,7,N,N
LOAN_0003536,CUST_09437,Home,2022-06-02,8170113.85,9.56,180,0,N,N
LOAN_0003537,CUST_07621,Education,2024-09-03,326418.24,8.48,120,5,N,N
LOAN_0003538,CUST_09951,Personal,2022-12-26,170663.11,11.17,24,3,N,N
LOAN_0003539,CUST_07635,Home,2023-03-11,7422296.55,9.56,180,11,N,N
LOAN_0003540,CUST_09996,Personal,2022-04-09,1262864.37,15.94,36,3,N,N
LOAN_0003541,CUST_07524,Home,2023-06-02,3942614.4,7.67,180,0,N,N
LOAN_0003542,CUST_05791,Personal,2022-02-26,196958.25,11.05,36,0,N,N
LOAN_0003543,CUST_02599,Personal,2025-08-28,1129217.12,15.06,24,16,N,N
LOAN_0003544,CUST_00052,Home,2026-02-23,6011624.67,7.71,240,23,N,N
LOAN_0003545,CUST_04393,Personal,2023-11-05,1190362.19,17.75,60,4,N,N
LOAN_0003546,CUST_05398,Home,2024-01-09,5491603.41,9.02,120,6,N,N
LOAN_0003547,CUST_06035,Home,2025-08-23,7277072.87,8.75,120,13,N,N
LOAN_0003548,CUST_02026,Auto,2023-10-03,1250261.92,10.36,60,6,N,N
LOAN_0003549,CUST_00737,Education,2025-12-27,322274.42,8.65,120,15,N,N
LOAN_0003550,CUST_05278,Home,2021-05-09,6438658.1,9.17,180,4,N,N
LOAN_0003551,CUST_02749,Home,2021-10-01,4876784.88,8.34,300,2,N,N
LOAN_0003552,CUST_01670,Home,2022-08-11,2762794.79,9.28,180,5,N,N
LOAN_0003553,CUST_06365,Personal,2026-03-29,512778.96,11.45,24,21,N,N
LOAN_0003554,CUST_02198,Auto,2026-02-05,2408963.63,10.34,48,4,N,N
LOAN_0003555,CUST_03600,Personal,2025-08-07,144377.33,16.4,48,150,Y,Y
LOAN_0003556,CUST_00334,Personal,2022-07-22,206557.86,11.26,60,3,N,N
LOAN_0003557,CUST_07788,Education,2025-03-14,203784.94,11.04,120,16,N,N
LOAN_0003558,CUST_08549,Auto,2022-06-10,2140430.24,12.41,60,6,N,N
LOAN_0003559,CUST_06846,Personal,2025-03-23,249219.45,12.04,36,10,N,N
LOAN_0003560,CUST_03616,Home,2021-02-08,6740797.31,8.56,120,3,N,N
LOAN_0003561,CUST_07906,Auto,2023-01-24,1976475.33,8.72,36,1,N,N
LOAN_0003562,CUST_00559,Home,2025-02-27,8525521.4,8.54,240,20,N,N
LOAN_0003563,CUST_09299,Personal,2022-01-10,982926.88,17.9,36,9,N,N
LOAN_0003564,CUST_09907,Auto,2021-12-09,444814.64,8.35,48,17,N,N
LOAN_0003565,CUST_00776,Home,2025-05-22,6590943.69,8.38,240,8,N,N
LOAN_0003566,CUST_08427,Auto,2021-03-05,1284079.86,11.05,36,1,N,N
LOAN_0003567,CUST_06689,Auto,2022-03-25,1826616.21,12.0,36,4,N,N
LOAN_0003568,CUST_05842,Auto,2023-08-06,497620.62,11.67,36,2,N,N
LOAN_0003569,CUST_06472,Auto,2023-07-25,2248492.73,12.82,72,6,N,N
LOAN_0003570,CUST_04790,Auto,2023-10-30,1835625.87,12.02,72,4,N,N
LOAN_0003571,CUST_04032,Personal,2023-07-15,1083493.53,14.5,36,6,N,N
LOAN_0003572,CUST_06661,Personal,2022-06-16,1233945.55,12.4,24,9,N,N
LOAN_0003573,CUST_06742,Personal,2024-04-12,205559.01,10.85,60,5,N,N
LOAN_0003574,CUST_04105,Auto,2021-07-08,2016187.53,9.71,48,3,N,N
LOAN_0003575,CUST_03382,Personal,2022-03-01,100166.78,14.68,60,6,N,N
LOAN_0003576,CUST_00697,Auto,2024-04-17,498247.65,9.98,60,0,N,N
LOAN_0003577,CUST_01580,Education,2023-10-03,690476.98,7.66,60,8,N,N
LOAN_0003578,CUST_00450,Home,2025-08-09,6807800.47,7.66,240,11,N,N
LOAN_0003579,CUST_08852,Home,2021-12-07,2480980.97,9.08,120,4,N,N
LOAN_0003580,CUST_03446,Personal,2025-01-01,363888.59,14.84,36,3,N,N
LOAN_0003581,CUST_09943,Home,2022-03-28,7881530.88,7.6,180,1,N,N
LOAN_0003582,CUST_03109,Personal,2025-12-11,1063651.95,12.82,36,0,N,N
LOAN_0003583,CUST_02197,Education,2024-01-06,1040708.01,9.98,60,8,N,N
LOAN_0003584,CUST_03644,Personal,2025-09-12,883679.43,11.48,36,5,N,N
LOAN_0003585,CUST_08864,Auto,2024-11-19,1680219.41,12.73,36,24,N,N
LOAN_0003586,CUST_00720,Personal,2022-08-08,269900.12,13.98,48,13,N,N
LOAN_0003587,CUST_01862,Home,2025-12-16,2024137.14,7.65,240,1,N,N
LOAN_0003588,CUST_07165,Auto,2024-01-19,2159157.42,11.8,60,1,N,N
LOAN_0003589,CUST_05345,Auto,2025-02-25,2044194.56,10.72,60,5,N,N
LOAN_0003590,CUST_00546,Home,2022-01-05,5259492.37,7.88,300,2,N,N
LOAN_0003591,CUST_04495,Personal,2026-02-18,1115474.52,12.11,24,5,N,N
LOAN_0003592,CUST_04170,Home,2024-04-26,8983707.73,8.03,300,6,N,N
LOAN_0003593,CUST_09185,Auto,2023-06-18,1059536.78,9.15,36,2,N,N
LOAN_0003594,CUST_07785,Home,2024-01-24,8888109.58,10.1,120,12,N,N
LOAN_0003595,CUST_06697,Home,2021-05-17,2346134.29,10.38,180,12,N,N
LOAN_0003596,CUST_07034,Home,2026-06-30,3992535.97,8.96,180,2,N,N
LOAN_0003597,CUST_02846,Auto,2024-02-03,1633980.66,12.95,72,0,N,N
LOAN_0003598,CUST_07967,Personal,2025-03-11,468753.22,11.83,36,0,N,N
LOAN_0003599,CUST_09341,Home,2024-12-30,8317202.09,10.03,300,8,N,N
LOAN_0003600,CUST_09330,Auto,2026-04-15,752520.54,10.6,72,2,N,N
LOAN_0003601,CUST_06169,Home,2021-03-31,7656867.99,7.93,120,0,N,N
LOAN_0003602,CUST_05287,Personal,2024-11-17,558419.26,13.57,48,28,N,N
LOAN_0003603,CUST_08535,Home,2024-06-22,2037594.51,8.33,300,14,N,N
LOAN_0003604,CUST_05819,Personal,2026-05-19,1162743.53,16.51,60,2,N,N
LOAN_0003605,CUST_07313,Personal,2022-06-18,715134.49,15.65,48,16,N,N
LOAN_0003606,CUST_05934,Personal,2021-04-20,903390.26,13.03,36,3,N,N
LOAN_0003607,CUST_09646,Home,2024-09-01,2874253.85,9.99,120,3,N,N
LOAN_0003608,CUST_03262,Home,2024-04-18,8752763.65,8.59,300,6,N,N
LOAN_0003609,CUST_02468,Education,2023-02-11,251638.99,10.71,84,1,N,N
LOAN_0003610,CUST_06886,Home,2022-09-05,5006071.47,9.37,120,3,N,N
LOAN_0003611,CUST_05440,Auto,2023-03-26,1392330.08,9.67,60,28,N,N
LOAN_0003612,CUST_01682,Home,2024-01-24,4322193.74,9.99,120,14,N,N
LOAN_0003613,CUST_07552,Auto,2022-11-24,1603869.45,9.27,36,20,N,N
LOAN_0003614,CUST_04044,Personal,2024-11-13,1120927.18,15.21,36,3,N,N
LOAN_0003615,CUST_04400,Home,2024-09-08,7880544.27,8.58,240,15,N,N
LOAN_0003616,CUST_05283,Personal,2025-01-18,221896.02,17.86,48,0,N,N
LOAN_0003617,CUST_00904,Auto,2023-11-17,1529671.57,11.58,48,0,N,N
LOAN_0003618,CUST_06554,Personal,2023-11-05,736495.49,14.65,36,5,N,N
LOAN_0003619,CUST_04750,Education,2025-02-26,1179505.91,9.07,120,9,N,N
LOAN_0003620,CUST_03978,Personal,2023-03-13,334212.79,17.73,36,2,N,N
LOAN_0003621,CUST_06794,Home,2022-08-16,6863338.45,8.31,180,4,N,N
LOAN_0003622,CUST_05024,Auto,2024-12-18,2298884.97,12.95,48,4,N,N
LOAN_0003623,CUST_06819,Personal,2026-05-29,479138.35,15.88,60,4,N,N
LOAN_0003624,CUST_07584,Home,2024-04-27,6090059.7,8.67,120,1,N,N
LOAN_0003625,CUST_05861,Personal,2022-02-14,256666.75,13.34,24,3,N,N
LOAN_0003626,CUST_09018,Auto,2025-06-16,1009170.85,9.27,60,8,N,N
LOAN_0003627,CUST_00704,Education,2021-01-28,1401715.28,8.97,84,5,N,N
LOAN_0003628,CUST_08247,Home,2021-01-20,8081659.68,7.06,300,1,N,N
LOAN_0003629,CUST_08823,Auto,2025-04-09,1909970.18,11.94,48,60,N,N
LOAN_0003630,CUST_05825,Personal,2025-12-31,555074.78,13.81,48,0,N,N
LOAN_0003631,CUST_01307,Auto,2023-01-19,1156935.99,12.13,36,3,N,N
LOAN_0003632,CUST_01441,Home,2023-03-14,3701563.57,8.13,180,2,N,N
LOAN_0003633,CUST_00485,Personal,2025-12-30,440856.01,12.4,60,12,N,N
LOAN_0003634,CUST_00770,Home,2023-06-12,4211099.25,10.0,240,2,N,N
LOAN_0003635,CUST_00978,Home,2024-10-24,3845927.83,7.07,180,2,N,N
LOAN_0003636,CUST_09776,Auto,2026-01-26,441367.2,11.76,72,75,N,N
LOAN_0003637,CUST_09905,Home,2024-03-22,5219944.21,7.81,300,12,N,N
LOAN_0003638,CUST_07738,Auto,2022-12-02,1134378.8,11.11,36,8,N,N
LOAN_0003639,CUST_01550,Auto,2025-06-04,1492575.8,8.61,36,3,N,N
LOAN_0003640,CUST_06376,Home,2025-09-20,7064853.7,8.62,240,0,N,N
LOAN_0003641,CUST_07754,Auto,2022-01-21,2475682.83,8.75,60,6,N,N
LOAN_0003642,CUST_09238,Home,2023-08-22,5833259.38,10.09,180,11,N,N
LOAN_0003643,CUST_08722,Education,2025-05-26,1336962.79,8.52,60,8,N,N
LOAN_0003644,CUST_03864,Personal,2022-03-21,970521.26,15.69,60,8,N,N
LOAN_0003645,CUST_01711,Home,2022-12-03,5872276.03,9.42,300,16,N,N
LOAN_0003646,CUST_02255,Home,2023-02-24,9689496.15,9.0,120,9,N,N
LOAN_0003647,CUST_07140,Auto,2025-11-26,943565.63,10.78,36,0,N,N
LOAN_0003648,CUST_01370,Personal,2021-06-17,1107609.28,13.54,36,10,N,N
LOAN_0003649,CUST_9999,Home,2021-07-24,3698405.08,9.61,300,1,N,N
LOAN_0003650,CUST_02363,Home,2022-11-16,3992438.45,9.18,180,21,N,N
LOAN_0003651,CUST_05071,Home,2024-08-01,5293607.1,9.37,300,3,N,N
LOAN_0003652,CUST_01828,Auto,2021-11-24,2331935.93,10.21,60,0,N,N
LOAN_0003653,CUST_04387,Education,2021-05-30,840433.61,7.58,120,6,N,N
LOAN_0003654,CUST_03597,Auto,2025-08-11,1713705.81,8.9,72,9,N,N
LOAN_0003655,CUST_04054,Auto,2023-04-15,1799336.24,10.49,36,5,N,N
LOAN_0003656,CUST_06719,Home,2025-03-23,3994348.8,9.95,120,4,N,N
LOAN_0003657,CUST_00820,Home,2026-04-20,3991886.09,8.4,180,9,N,N
LOAN_0003658,CUST_03087,Education,2024-08-11,614532.05,9.34,84,0,N,N
LOAN_0003659,CUST_02758,Home,2021-01-06,3790700.8,8.11,240,4,N,N
LOAN_0003660,CUST_02595,Home,2022-03-31,8700713.03,8.54,240,3,N,N
LOAN_0003661,CUST_00792,Home,2026-04-15,2335299.98,10.17,180,1,N,N
LOAN_0003662,CUST_02620,Home,2026-04-04,3761950.86,8.54,300,7,N,N
LOAN_0003663,CUST_06260,Home,2024-12-05,8817702.86,8.94,120,3,N,N
LOAN_0003664,CUST_05404,Personal,2024-05-02,1328861.15,13.17,48,0,N,N
LOAN_0003665,CUST_05059,Personal,2025-03-09,1044431.03,17.29,36,4,N,N
LOAN_0003666,CUST_01149,Home,2026-05-27,4002354.39,7.98,120,4,N,N
LOAN_0003667,CUST_02436,Home,2023-05-12,4059706.33,10.42,120,11,N,N
LOAN_0003668,CUST_09759,Auto,2026-01-27,2236882.12,11.41,36,5,N,N
LOAN_0003669,CUST_03102,Personal,2021-09-12,1076581.51,15.58,48,12,N,N
LOAN_0003670,CUST_04512,Home,2025-08-18,3629771.1,10.44,120,9,N,N
LOAN_0003671,CUST_01537,Home,2021-09-23,3335516.54,9.09,120,1,N,N
LOAN_0003672,CUST_05370,Home,2023-12-11,3558128.49,8.53,180,1,N,N
LOAN_0003673,CUST_01823,Home,2025-07-02,2532078.27,9.43,180,3,N,N
LOAN_0003674,CUST_06225,Auto,2025-10-10,1493491.24,10.05,48,5,N,N
LOAN_0003675,CUST_06134,Auto,2025-12-21,515535.78,9.95,72,5,N,N
LOAN_0003676,CUST_09579,Home,2025-06-05,9632131.65,7.55,300,4,N,N
LOAN_0003677,CUST_01851,Personal,2022-02-25,467123.26,11.54,48,24,N,N
LOAN_0003678,CUST_06295,Home,2023-08-28,4503265.54,8.53,240,6,N,N
LOAN_0003679,CUST_06158,Home,2024-10-30,7163065.36,10.23,300,18,N,N
LOAN_0003680,CUST_05889,Personal,2021-06-28,194312.28,12.95,36,0,N,N
LOAN_0003681,CUST_07755,Home,2021-03-10,7188427.25,8.72,120,12,N,N
LOAN_0003682,CUST_06658,Personal,2021-02-23,506893.81,15.11,60,3,N,N
LOAN_0003683,CUST_03499,Personal,2022-07-09,602868.67,17.03,60,17,N,N
LOAN_0003684,CUST_00414,Personal,2022-11-22,1278932.69,16.16,24,4,N,N
LOAN_0003685,CUST_04904,Personal,2023-08-24,683436.49,17.12,60,1,N,N
LOAN_0003686,CUST_07403,Personal,2026-01-01,172691.95,11.37,48,13,N,N
LOAN_0003687,CUST_05437,Auto,2022-09-17,1259593.33,11.33,48,5,N,N
LOAN_0003688,CUST_06362,Education,2023-07-07,609309.33,11.5,60,0,N,N
LOAN_0003689,CUST_04167,Auto,2024-01-15,590604.05,11.86,48,90,Y,Y
LOAN_0003690,CUST_07014,Education,2023-06-16,254261.33,10.31,84,120,Y,Y
LOAN_0003691,CUST_03026,Home,2023-09-30,6469723.53,8.05,120,9,N,N
LOAN_0003692,CUST_07400,Home,2023-11-05,8645184.39,7.59,300,20,N,N
LOAN_0003693,CUST_02266,Auto,2025-09-13,789281.19,11.84,60,4,N,N
LOAN_0003694,CUST_05408,Home,2021-03-14,5494927.41,8.74,240,8,N,N
LOAN_0003695,CUST_02233,Personal,2025-07-23,925287.73,17.56,36,5,N,N
LOAN_0003696,CUST_09110,Auto,2022-06-16,1752089.94,8.38,48,0,N,N
LOAN_0003697,CUST_05759,Home,2021-07-03,2110358.97,7.87,180,3,N,N
LOAN_0003698,CUST_00083,Auto,2022-09-24,966336.22,10.14,48,2,N,N
LOAN_0003699,CUST_02767,Home,2023-07-23,2589275.22,9.05,240,3,N,N
LOAN_0003700,CUST_02285,Education,2021-12-17,1456448.81,10.22,120,17,N,N
LOAN_0003701,CUST_01306,Home,2026-07-10,2308690.14,8.01,300,7,N,N
LOAN_0003702,CUST_03675,Auto,2021-10-28,1456823.32,9.63,72,2,N,N
LOAN_0003703,CUST_04045,Home,2021-04-14,4996641.94,10.29,300,1,N,N
LOAN_0003704,CUST_08696,Home,2024-04-07,8077472.54,7.67,240,7,N,N
LOAN_0003705,CUST_07224,Personal,2025-10-18,694507.82,16.45,36,16,N,N
LOAN_0003706,CUST_09131,Education,2025-08-21,1643776.15,12.33,120,4,N,N
LOAN_0003707,CUST_06338,Education,2026-02-21,920216.07,11.2,120,1,N,N
LOAN_0003708,CUST_05800,Home,2023-09-11,5759898.51,9.11,180,1,N,N
LOAN_0003709,CUST_09158,Home,2022-04-30,4955721.52,9.91,120,3,N,N
LOAN_0003710,CUST_01974,Home,2025-04-10,6386357.1,9.17,300,15,N,N
LOAN_0003711,CUST_05845,Auto,2023-04-05,1541670.48,12.07,48,4,N,N
LOAN_0003712,CUST_01571,Home,2022-10-21,8040225.37,7.3,180,25,N,N
LOAN_0003713,CUST_00722,Education,2024-02-27,734454.33,9.95,84,1,N,N
LOAN_0003714,CUST_02022,Auto,2024-05-14,1475225.99,12.21,36,5,N,N
LOAN_0003715,CUST_04581,Auto,2022-01-31,983223.48,9.69,36,4,N,N
LOAN_0003716,CUST_05920,Education,2024-11-11,1941120.31,8.64,60,4,N,N
LOAN_0003717,CUST_05159,Personal,2023-03-08,395794.91,17.54,60,1,N,N
LOAN_0003718,CUST_05816,Home,2026-02-19,7080120.2,7.24,120,0,N,N
LOAN_0003719,CUST_08148,Auto,2021-02-18,2197698.23,10.47,48,5,N,N
LOAN_0003720,CUST_09144,Home,2024-04-01,9961925.61,7.51,120,11,N,N
LOAN_0003721,CUST_09441,Home,2025-12-30,5934083.83,8.88,240,12,N,N
LOAN_0003722,CUST_10068,Personal,2026-02-25,806832.17,11.74,60,60,N,N
LOAN_0003723,CUST_07985,Home,2026-05-26,7912500.34,7.52,240,1,N,N
LOAN_0003724,CUST_09196,Auto,2024-02-13,1220630.92,8.02,60,2,N,N
LOAN_0003725,CUST_06080,Personal,2025-10-11,272437.61,15.29,24,2,N,N
LOAN_0003726,CUST_00153,Home,2024-03-01,8869747.15,7.39,180,14,N,N
LOAN_0003727,CUST_07799,Auto,2022-11-20,960043.71,12.99,72,15,N,N
LOAN_0003728,CUST_06922,Home,2024-12-22,4196985.31,8.75,300,9,N,N
LOAN_0003729,CUST_02113,Auto,2022-09-18,2199609.01,10.58,60,2,N,N
LOAN_0003730,CUST_03227,Personal,2025-04-19,412323.63,11.77,36,13,N,N
LOAN_0003731,CUST_08471,Home,2026-03-08,4333040.99,9.31,300,5,N,N
LOAN_0003732,CUST_08172,Auto,2026-01-21,1826557.71,12.54,72,14,N,N
LOAN_0003733,CUST_09620,Education,2026-03-07,1788371.65,9.9,60,1,N,N
LOAN_0003734,CUST_09736,Home,2024-12-02,7730690.55,8.24,300,8,N,N
LOAN_0003735,CUST_00119,Home,2021-01-02,3834769.18,7.16,300,10,N,N
LOAN_0003736,CUST_05059,Personal,2026-04-23,351880.82,12.89,48,19,N,N
LOAN_0003737,CUST_00915,Auto,2023-06-27,1512232.61,10.33,60,7,N,N
LOAN_0003738,CUST_10018,Education,2022-11-15,1523315.56,8.22,84,0,N,N
LOAN_0003739,CUST_07764,Personal,2021-05-10,1185010.57,12.84,48,0,N,N
LOAN_0003740,CUST_07727,Personal,2023-10-08,150237.45,16.99,24,0,N,N
LOAN_0003741,CUST_04964,Home,2024-12-04,3019007.25,8.87,120,75,N,N
LOAN_0003742,CUST_06449,Home,2024-06-12,5824747.35,10.4,240,150,Y,Y
LOAN_0003743,CUST_06599,Personal,2022-01-24,577306.0,14.38,36,28,N,N
LOAN_0003744,CUST_10000,Education,2024-09-10,1213920.97,12.39,84,26,N,N
LOAN_0003745,CUST_06964,Education,2025-05-27,478746.12,11.42,84,1,N,N
LOAN_0003746,CUST_01216,Auto,2023-08-18,2194026.29,8.24,48,12,N,N
LOAN_0003747,CUST_04528,Home,2021-04-15,5310976.35,8.87,120,12,N,N
LOAN_0003748,CUST_02572,Education,2022-09-01,1614969.01,10.06,120,0,N,N
LOAN_0003749,CUST_04307,Home,2025-06-03,3115401.44,9.07,180,5,N,N
LOAN_0003750,CUST_06396,Education,2025-08-30,1677631.41,9.44,60,2,N,N
LOAN_0003751,CUST_01326,Education,2022-12-28,932432.08,12.05,120,0,N,N
LOAN_0003752,CUST_07243,Personal,2026-01-19,159090.89,17.32,48,9,N,N
LOAN_0003753,CUST_05028,Education,2023-03-30,1368819.61,8.02,84,4,N,N
LOAN_0003754,CUST_08093,Home,2026-05-12,2658711.39,8.81,300,15,N,N
LOAN_0003755,CUST_04646,Home,2026-03-21,6524473.66,7.49,120,3,N,N
LOAN_0003756,CUST_00823,Auto,2025-11-05,1070940.55,12.74,48,8,N,N
LOAN_0003757,CUST_06937,Personal,2021-12-16,587481.27,12.94,24,2,N,N
LOAN_0003758,CUST_04596,Home,2021-07-07,6817852.73,10.3,300,2,N,N
LOAN_0003759,CUST_09933,Education,2025-03-06,1790338.56,10.0,60,2,N,N
LOAN_0003760,CUST_05803,Auto,2022-12-18,1354345.51,8.66,60,10,N,N
LOAN_0003761,CUST_07825,Personal,2022-01-13,1312679.14,15.85,60,1,N,N
LOAN_0003762,CUST_09573,Personal,2021-07-03,764642.28,14.45,24,6,N,N
LOAN_0003763,CUST_02167,Education,2025-02-13,528891.82,11.31,60,5,N,N
LOAN_0003764,CUST_04169,Personal,2022-07-24,374891.91,14.07,36,1,N,N
LOAN_0003765,CUST_05298,Education,2026-06-12,1834172.83,11.79,120,8,N,N
LOAN_0003766,CUST_01730,Home,2025-02-08,3283574.47,7.18,240,7,N,N
LOAN_0003767,CUST_02796,Home,2025-04-11,2368541.62,8.32,120,7,N,N
LOAN_0003768,CUST_07686,Home,2024-07-07,4998402.16,8.77,240,4,N,N
LOAN_0003769,CUST_00964,Auto,2022-06-26,2183105.73,10.48,60,5,N,N
LOAN_0003770,CUST_04385,Home,2024-01-16,3200750.92,8.45,300,35,N,N
LOAN_0003771,CUST_04004,Personal,2021-03-27,1269201.75,15.72,60,0,N,N
LOAN_0003772,CUST_03457,Home,2023-04-09,5771244.72,8.31,300,4,N,N
LOAN_0003773,CUST_02072,Home,2022-04-24,5258692.52,7.05,300,3,N,N
LOAN_0003774,CUST_08778,Personal,2024-04-28,1375983.1,17.39,60,6,N,N
LOAN_0003775,CUST_01515,Personal,2022-08-09,723275.3,16.09,24,1,N,N
LOAN_0003776,CUST_04615,Personal,2025-01-22,496072.26,14.71,60,5,N,N
LOAN_0003777,CUST_02915,Auto,2025-07-14,2170388.99,10.23,36,11,N,N
LOAN_0003778,CUST_06134,Home,2025-08-03,6978234.46,7.97,300,7,N,N
LOAN_0003779,CUST_01422,Personal,2022-09-22,354183.38,13.48,48,0,N,N
LOAN_0003780,CUST_00063,Auto,2024-02-28,678934.84,10.72,72,0,N,N
LOAN_0003781,CUST_06284,Personal,2025-06-05,1080354.83,13.7,24,1,N,N
LOAN_0003782,CUST_03992,Personal,2022-02-27,1247297.46,12.3,48,5,N,N
LOAN_0003783,CUST_00259,Home,2023-05-02,6732497.3,9.01,240,22,N,N
LOAN_0003784,CUST_02871,Personal,2021-02-05,1488920.69,15.52,36,7,N,N
LOAN_0003785,CUST_04180,Auto,2021-01-05,1901984.0,11.82,36,15,N,N
LOAN_0003786,CUST_07583,Personal,2022-04-16,1139061.8,17.79,60,16,N,N
LOAN_0003787,CUST_02725,Home,2023-06-27,9197349.76,9.86,120,5,N,N
LOAN_0003788,CUST_07475,Home,2022-01-28,3550335.27,8.75,300,1,N,N
LOAN_0003789,CUST_06475,Home,2026-05-03,8985130.18,9.49,240,0,N,N
LOAN_0003790,CUST_04305,Personal,2024-09-21,1493674.4,16.4,48,17,N,N
LOAN_0003791,CUST_00880,Education,2025-12-07,1328011.24,9.14,120,0,N,N
LOAN_0003792,CUST_01759,Home,2022-02-11,9775580.47,9.08,180,1,N,N
LOAN_0003793,CUST_07445,Home,2025-12-31,9873820.29,10.18,240,2,N,N
LOAN_0003794,CUST_10006,Auto,2024-12-06,620968.87,8.9,48,13,N,N
LOAN_0003795,CUST_05669,Auto,2023-09-07,582224.19,12.65,72,10,N,N
LOAN_0003796,CUST_06409,Home,2021-09-30,9695599.61,7.46,300,17,N,N
LOAN_0003797,CUST_05508,Education,2023-08-04,1641764.75,10.0,60,2,N,N
LOAN_0003798,CUST_00381,Personal,2025-01-25,1165042.05,16.08,48,4,N,N
LOAN_0003799,CUST_09812,Auto,2022-05-10,443496.47,8.49,60,2,N,N
LOAN_0003800,CUST_06707,Auto,2024-10-27,1600107.94,11.14,60,15,N,N
LOAN_0003801,CUST_07917,Home,2024-03-08,8794331.68,7.99,240,3,N,N
LOAN_0003802,CUST_08241,Home,2023-06-04,6904694.97,7.02,240,6,N,N
LOAN_0003803,CUST_07772,Personal,2025-12-12,1072449.92,17.13,24,1,N,N
LOAN_0003804,CUST_08375,Education,2022-07-07,1844557.84,8.35,120,4,N,N
LOAN_0003805,CUST_08667,Education,2023-05-05,1251352.53,7.86,120,1,N,N
LOAN_0003806,CUST_01074,Personal,2022-02-21,966896.2,13.95,24,7,N,N
LOAN_0003807,CUST_08961,Auto,2026-03-23,589487.36,8.58,72,0,N,N
LOAN_0003808,CUST_03635,Personal,2023-09-24,764574.35,10.52,48,15,N,N
LOAN_0003809,CUST_05189,Education,2022-12-03,1607354.1,8.48,60,3,N,N
LOAN_0003810,CUST_00127,Personal,2025-05-17,606114.11,13.38,36,8,N,N
LOAN_0003811,CUST_09656,Personal,2021-02-04,899306.86,13.4,36,8,N,N
LOAN_0003812,CUST_07683,Home,2025-12-05,5864206.01,7.95,120,11,N,N
LOAN_0003813,CUST_00187,Home,2025-01-04,8219612.45,8.5,300,1,N,N
LOAN_0003814,CUST_01317,Auto,2025-02-13,698556.02,9.92,36,0,N,N
LOAN_0003815,CUST_9999,Personal,2021-08-18,849407.14,13.48,36,12,N,N
LOAN_0003816,CUST_08850,Personal,2023-09-13,175885.38,17.53,60,9,N,N
LOAN_0003817,CUST_08395,Education,2024-01-05,916198.38,10.19,60,2,N,N
LOAN_0003818,CUST_09812,Auto,2023-12-22,2290922.67,12.4,36,3,N,N
LOAN_0003819,CUST_01209,Personal,2024-03-04,493809.53,13.8,60,13,N,N
LOAN_0003820,CUST_07706,Auto,2023-06-23,1288659.91,11.56,36,15,N,N
LOAN_0003821,CUST_00828,Education,2022-05-19,370970.0,9.17,60,14,N,N
LOAN_0003822,CUST_06926,Personal,2025-01-24,619074.03,10.72,48,10,N,N
LOAN_0003823,CUST_08606,Home,2021-01-27,8680999.35,8.11,240,10,N,N
LOAN_0003824,CUST_02519,Auto,2021-11-13,869262.43,8.32,36,35,N,N
LOAN_0003825,CUST_06599,Auto,2023-07-05,2399261.52,10.79,36,6,N,N
LOAN_0003826,CUST_06707,Personal,2024-11-08,332000.01,16.46,24,14,N,N
LOAN_0003827,CUST_03630,Auto,2025-11-08,1278827.58,10.72,36,4,N,N
LOAN_0003828,CUST_06340,Personal,2024-04-02,330715.68,16.89,60,1,N,N
LOAN_0003829,CUST_01616,Home,2022-07-01,5156104.67,10.35,300,0,N,N
LOAN_0003830,CUST_04883,Personal,2021-09-09,122462.76,14.57,36,2,N,N
LOAN_0003831,CUST_07841,Personal,2023-09-12,1203237.89,17.83,36,60,N,N
LOAN_0003832,CUST_00704,Home,2022-03-28,4106744.59,7.33,120,2,N,N
LOAN_0003833,CUST_07385,Home,2024-04-15,5024603.21,8.75,300,16,N,N
LOAN_0003834,CUST_05577,Auto,2023-08-01,1332591.21,12.27,60,95,Y,Y
LOAN_0003835,CUST_06825,Personal,2021-10-16,1199897.57,14.25,36,3,N,N
LOAN_0003836,CUST_05329,Home,2022-10-28,5087276.0,7.38,300,3,N,N
LOAN_0003837,CUST_05149,Auto,2025-10-20,1890244.73,10.78,60,2,N,N
LOAN_0003838,CUST_04429,Home,2025-12-01,3586643.07,9.25,300,9,N,N
LOAN_0003839,CUST_01146,Home,2024-07-18,7776963.66,8.93,300,0,N,N
LOAN_0003840,CUST_02737,Home,2022-04-02,5394994.64,9.48,240,9,N,N
LOAN_0003841,CUST_02709,Home,2021-02-15,7851502.52,9.28,300,10,N,N
LOAN_0003842,CUST_01368,Auto,2026-05-10,707790.27,11.68,48,17,N,N
LOAN_0003843,CUST_02650,Education,2024-10-26,615554.08,7.88,120,1,N,N
LOAN_0003844,CUST_02607,Home,2024-03-15,2321397.16,7.47,120,12,N,N
LOAN_0003845,CUST_08023,Personal,2025-10-18,908378.55,15.04,60,9,N,N
LOAN_0003846,CUST_08226,Auto,2024-08-18,1017853.3,11.4,48,2,N,N
LOAN_0003847,CUST_10184,Education,2023-03-21,1555659.04,11.46,84,11,N,N
LOAN_0003848,CUST_03671,Home,2021-11-04,7484590.1,9.54,300,6,N,N
LOAN_0003849,CUST_07848,Auto,2025-08-04,1495453.0,8.7,60,18,N,N
LOAN_0003850,CUST_01297,Personal,2024-06-19,1393478.89,11.46,24,1,N,N
LOAN_0003851,CUST_05916,Auto,2021-03-04,1818093.78,12.37,72,1,N,N
LOAN_0003852,CUST_04996,Auto,2026-01-28,885880.22,12.74,60,0,N,N
LOAN_0003853,CUST_05899,Personal,2025-07-12,405246.67,12.88,24,15,N,N
LOAN_0003854,CUST_00636,Home,2021-04-10,9333513.61,7.06,300,12,N,N
LOAN_0003855,CUST_10042,Home,2022-10-16,4744936.37,7.63,300,150,Y,Y
LOAN_0003856,CUST_05056,Home,2025-08-01,2658061.12,9.67,180,0,N,N
LOAN_0003857,CUST_10117,Home,2024-04-04,8964267.85,9.11,300,1,N,N
LOAN_0003858,CUST_01867,Auto,2025-09-07,1304671.4,9.97,60,7,N,N
LOAN_0003859,CUST_04392,Auto,2026-04-26,1672495.42,9.9,60,3,N,N
LOAN_0003860,CUST_02709,Personal,2022-08-21,630521.39,10.9,60,6,N,N
LOAN_0003861,CUST_03791,Home,2023-09-21,5519656.47,7.61,120,14,N,N
LOAN_0003862,CUST_03951,Personal,2024-01-28,265813.39,13.66,48,12,N,N
LOAN_0003863,CUST_03796,Home,2023-10-23,6409652.35,9.74,120,17,N,N
LOAN_0003864,CUST_08560,Home,2022-04-18,7648657.01,9.67,300,16,N,N
LOAN_0003865,CUST_07685,Home,2021-04-26,6292284.8,10.13,180,0,N,N
LOAN_0003866,CUST_00547,Home,2023-12-13,9534137.45,7.33,240,0,N,N
LOAN_0003867,CUST_03017,Auto,2022-03-15,796044.8,9.09,48,1,N,N
LOAN_0003868,CUST_03777,Education,2023-05-17,1719918.53,9.02,60,9,N,N
LOAN_0003869,CUST_04009,Home,2025-08-05,5223722.71,7.27,120,10,N,N
LOAN_0003870,CUST_03977,Personal,2024-06-07,716917.05,13.05,48,2,N,N
LOAN_0003871,CUST_07751,Personal,2025-02-14,1197051.42,13.8,48,2,N,N
LOAN_0003872,CUST_03957,Auto,2024-01-07,618492.91,12.87,36,7,N,N
LOAN_0003873,CUST_09701,Home,2022-11-01,3242836.47,8.0,180,11,N,N
LOAN_0003874,CUST_03630,Home,2024-11-22,9527883.12,7.59,120,1,N,N
LOAN_0003875,CUST_01965,Auto,2026-04-06,1349163.02,9.77,60,2,N,N
LOAN_0003876,CUST_06278,Personal,2021-10-24,482369.66,17.02,24,0,N,N
LOAN_0003877,CUST_00259,Auto,2024-01-16,817927.6,12.2,60,2,N,N
LOAN_0003878,CUST_07869,Home,2023-07-03,5586379.64,10.36,120,1,N,N
LOAN_0003879,CUST_03534,Home,2024-12-27,6697267.38,8.5,180,120,Y,Y
LOAN_0003880,CUST_06103,Personal,2023-07-06,1014596.08,16.56,24,8,N,N
LOAN_0003881,CUST_04391,Personal,2021-10-03,367922.06,17.19,36,7,N,N
LOAN_0003882,CUST_02518,Personal,2026-06-15,693068.51,11.43,24,4,N,N
LOAN_0003883,CUST_04910,Auto,2026-06-18,616349.87,11.01,36,5,N,N
LOAN_0003884,CUST_07259,Personal,2025-01-11,342212.36,12.58,36,6,N,N
LOAN_0003885,CUST_01859,Home,2022-09-01,8453290.34,9.68,120,6,N,N
LOAN_0003886,CUST_02571,Personal,2021-08-16,576772.88,13.85,48,15,N,N
LOAN_0003887,CUST_06126,Personal,2023-10-02,174747.34,11.46,36,4,N,N
LOAN_0003888,CUST_04640,Personal,2025-04-22,617954.64,12.98,48,6,N,N
LOAN_0003889,CUST_06899,Home,2024-03-04,3366431.87,9.19,120,6,N,N
LOAN_0003890,CUST_03938,Home,2021-09-27,3690049.21,9.72,240,7,N,N
LOAN_0003891,CUST_01870,Auto,2024-07-24,2147365.0,9.82,60,4,N,N
LOAN_0003892,CUST_02065,Auto,2022-09-08,624972.9,9.31,36,13,N,N
LOAN_0003893,CUST_05537,Home,2025-11-17,3310887.86,8.03,240,3,N,N
LOAN_0003894,CUST_04360,Home,2025-06-08,5660333.78,7.41,120,10,N,N
LOAN_0003895,CUST_08960,Personal,2021-04-15,270483.76,14.43,48,1,N,N
LOAN_0003896,CUST_06919,Auto,2023-01-01,1905430.7,11.21,72,4,N,N
LOAN_0003897,CUST_03870,Personal,2025-05-06,705902.58,16.12,36,1,N,N
LOAN_0003898,CUST_07589,Auto,2024-04-24,486983.15,10.84,36,3,N,N
LOAN_0003899,CUST_09793,Home,2026-03-18,2315238.21,8.32,300,8,N,N
LOAN_0003900,CUST_04145,Personal,2025-07-04,162144.93,11.27,24,9,N,N
LOAN_0003901,CUST_05867,Home,2022-02-07,5209430.24,7.94,300,15,N,N
LOAN_0003902,CUST_07399,Auto,2024-06-08,2440917.05,12.84,60,1,N,N
LOAN_0003903,CUST_00338,Home,2022-05-24,9049572.84,9.89,240,3,N,N
LOAN_0003904,CUST_06236,Personal,2022-09-15,1356324.85,17.8,48,13,N,N
LOAN_0003905,CUST_10117,Home,2021-02-08,4580533.59,8.09,180,3,N,N
LOAN_0003906,CUST_07433,Education,2022-01-08,1403195.08,8.77,60,7,N,N
LOAN_0003907,CUST_03065,Personal,2026-06-04,1432132.02,13.59,24,6,N,N
LOAN_0003908,CUST_04157,Home,2023-11-01,4120275.52,10.1,240,11,N,N
LOAN_0003909,CUST_05818,Auto,2023-01-12,1643454.33,12.59,48,0,N,N
LOAN_0003910,CUST_01780,Personal,2021-01-28,461876.7,16.02,24,3,N,N
LOAN_0003911,CUST_04478,Auto,2026-04-18,1384359.97,8.8,72,1,N,N
LOAN_0003912,CUST_05874,Personal,2023-02-12,1403043.21,16.31,24,3,N,N
LOAN_0003913,CUST_08958,Auto,2024-03-27,1335212.24,9.63,72,3,N,N
LOAN_0003914,CUST_09237,Auto,2022-02-11,630808.63,10.86,48,0,N,N
LOAN_0003915,CUST_00617,Home,2023-03-01,4725889.14,7.99,120,1,N,N
LOAN_0003916,CUST_09200,Auto,2025-01-14,734090.92,8.39,60,13,N,N
LOAN_0003917,CUST_10078,Home,2022-11-11,2960391.35,9.82,120,17,N,N
LOAN_0003918,CUST_08190,Personal,2024-01-18,875988.48,10.81,36,30,N,N
LOAN_0003919,CUST_04730,Home,2025-12-24,4988804.6,9.12,300,0,N,N
LOAN_0003920,CUST_03562,Auto,2024-03-07,960596.8,10.72,48,1,N,N
LOAN_0003921,CUST_02508,Personal,2025-11-17,461086.54,17.9,36,18,N,N
LOAN_0003922,CUST_00305,Education,2024-03-17,1450929.12,9.14,120,8,N,N
LOAN_0003923,CUST_08010,Home,2025-06-20,9814323.1,9.64,120,2,N,N
LOAN_0003924,CUST_06828,Home,2023-01-16,3844148.04,8.51,120,8,N,N
LOAN_0003925,CUST_02506,Personal,2022-12-02,509137.52,14.47,36,0,N,N
LOAN_0003926,CUST_09560,Education,2024-06-04,1644680.92,11.46,120,11,N,N
LOAN_0003927,CUST_05234,Education,2026-06-24,1688332.83,8.17,60,1,N,N
LOAN_0003928,CUST_09481,Auto,2024-09-05,2383900.65,12.61,36,7,N,N
LOAN_0003929,CUST_08024,Education,2025-11-10,1573440.74,12.02,120,3,N,N
LOAN_0003930,CUST_09120,Home,2025-07-18,3991850.73,9.57,180,6,N,N
LOAN_0003931,CUST_04753,Home,2023-12-24,3224488.34,9.14,120,3,N,N
LOAN_0003932,CUST_04365,Home,2022-02-20,7630484.2,9.96,240,6,N,N
LOAN_0003933,CUST_03625,Auto,2021-11-17,1917148.67,8.0,72,75,N,N
LOAN_0003934,CUST_01076,Auto,2022-08-20,2034646.99,12.19,60,7,N,N
LOAN_0003935,CUST_06824,Auto,2026-04-10,1900174.14,10.97,60,7,N,N
LOAN_0003936,CUST_08690,Education,2022-05-31,1415562.79,8.53,60,15,N,N
LOAN_0003937,CUST_03105,Home,2024-07-02,7970779.25,9.97,240,4,N,N
LOAN_0003938,CUST_08842,Personal,2026-05-24,553022.06,11.33,48,6,N,N
LOAN_0003939,CUST_09993,Auto,2024-06-08,2338294.89,9.29,36,0,N,N
LOAN_0003940,CUST_02598,Home,2023-08-16,2479618.49,10.17,120,6,N,N
LOAN_0003941,CUST_05885,Auto,2025-05-12,2180539.83,11.22,72,8,N,N
LOAN_0003942,CUST_04690,Education,2024-11-02,549119.84,9.21,84,2,N,N
LOAN_0003943,CUST_05434,Education,2023-01-21,1077985.5,7.94,84,10,N,N
LOAN_0003944,CUST_06541,Home,2021-04-29,3665012.6,8.53,120,3,N,N
LOAN_0003945,CUST_03492,Personal,2023-08-03,1245144.51,17.65,48,0,N,N
LOAN_0003946,CUST_04176,Personal,2025-04-11,300092.53,15.49,24,2,N,N
LOAN_0003947,CUST_01421,Home,2021-10-30,9098660.24,9.01,180,1,N,N
LOAN_0003948,CUST_03157,Education,2023-05-25,330525.83,12.02,84,3,N,N
LOAN_0003949,CUST_04220,Auto,2022-01-01,487953.61,10.43,48,6,N,N
LOAN_0003950,CUST_05506,Auto,2024-09-08,2334287.12,12.94,72,4,N,N
LOAN_0003951,CUST_04792,Auto,2024-02-18,2289399.54,11.07,36,2,N,N
LOAN_0003952,CUST_04272,Auto,2022-09-04,1482072.02,11.1,60,3,N,N
LOAN_0003953,CUST_08061,Home,2021-02-11,2564536.79,9.48,120,4,N,N
LOAN_0003954,CUST_00522,Home,2025-01-07,8886551.39,9.31,120,1,N,N
LOAN_0003955,CUST_00698,Home,2023-07-13,4954248.28,9.27,300,3,N,N
LOAN_0003956,CUST_05064,Home,2022-05-08,2237354.59,8.22,120,18,N,N
LOAN_0003957,CUST_09941,Auto,2022-08-20,533859.86,8.64,72,6,N,N
LOAN_0003958,CUST_05538,Personal,2024-08-25,883104.24,12.67,48,4,N,N
LOAN_0003959,CUST_07211,Home,2024-02-26,2392412.4,9.88,180,1,N,N
LOAN_0003960,CUST_05753,Auto,2024-10-27,970833.65,10.04,72,7,N,N
LOAN_0003961,CUST_09182,Auto,2023-02-28,2401953.28,8.3,72,3,N,N
LOAN_0003962,CUST_04799,Home,2024-01-05,9861131.65,9.89,180,6,N,N
LOAN_0003963,CUST_00938,Personal,2021-12-30,1028481.13,14.23,36,3,N,N
LOAN_0003964,CUST_04276,Home,2026-02-26,4365682.77,9.89,120,3,N,N
LOAN_0003965,CUST_00747,Personal,2024-03-03,1455183.37,14.35,24,17,N,N
LOAN_0003966,CUST_06903,Education,2024-09-03,1160304.27,11.94,60,3,N,N
LOAN_0003967,CUST_09452,Auto,2024-10-28,2077446.83,9.09,60,0,N,N
LOAN_0003968,CUST_03996,Education,2023-10-12,1525260.55,10.99,84,15,N,N
LOAN_0003969,CUST_09482,Education,2024-09-10,1703966.17,11.24,120,16,N,N
LOAN_0003970,CUST_04000,Auto,2022-07-27,832818.11,12.19,36,22,N,N
LOAN_0003971,CUST_09314,Home,2021-08-20,3476555.23,7.07,300,60,N,N
LOAN_0003972,CUST_09325,Auto,2025-02-02,1031058.31,10.72,48,16,N,N
LOAN_0003973,CUST_05156,Home,2022-11-03,8658019.89,10.19,240,1,N,N
LOAN_0003974,CUST_07175,Home,2025-07-22,7107192.84,9.8,120,4,N,N
LOAN_0003975,CUST_9999,Auto,2024-09-29,1218933.41,10.42,60,2,N,N
LOAN_0003976,CUST_09363,Home,2022-07-11,5878129.07,8.42,180,0,N,N
LOAN_0003977,CUST_09520,Education,2023-12-21,659517.83,9.96,60,16,N,N
LOAN_0003978,CUST_02075,Auto,2023-11-26,1870652.6,8.05,72,30,N,N
LOAN_0003979,CUST_02499,Personal,2025-08-14,617765.16,15.54,60,5,N,N
LOAN_0003980,CUST_07604,Auto,2025-07-24,437626.27,11.23,60,0,N,N
LOAN_0003981,CUST_03551,Personal,2021-03-02,1299913.7,14.21,48,1,N,N
LOAN_0003982,CUST_01051,Home,2024-11-20,3523908.79,8.54,180,10,N,N
LOAN_0003983,CUST_03468,Personal,2026-02-21,122773.55,11.34,24,13,N,N
LOAN_0003984,CUST_06976,Home,2025-04-10,2572968.05,9.43,120,10,N,N
LOAN_0003985,CUST_02324,Home,2021-02-28,9304346.02,7.89,180,7,N,N
LOAN_0003986,CUST_06792,Home,2023-04-09,3596880.33,8.59,300,9,N,N
LOAN_0003987,CUST_06014,Home,2025-10-17,3806583.11,9.51,300,0,N,N
LOAN_0003988,CUST_03052,Auto,2021-12-04,1254182.83,10.35,48,19,N,N
LOAN_0003989,CUST_06848,Personal,2022-05-27,753181.55,11.42,60,30,N,N
LOAN_0003990,CUST_02033,Personal,2021-01-18,852219.06,17.54,24,14,N,N
LOAN_0003991,CUST_03562,Auto,2025-03-26,947566.54,12.65,60,95,Y,Y
LOAN_0003992,CUST_07025,Personal,2022-02-18,176511.46,15.32,48,0,N,N
LOAN_0003993,CUST_01935,Home,2022-10-26,9714273.97,9.94,240,2,N,N
LOAN_0003994,CUST_06009,Auto,2025-08-23,660782.36,8.06,36,0,N,N
LOAN_0003995,CUST_04719,Home,2023-12-20,8502499.75,7.29,300,5,N,N
LOAN_0003996,CUST_08425,Education,2024-02-17,500726.88,8.48,60,5,N,N
LOAN_0003997,CUST_07757,Personal,2021-12-18,177290.63,13.74,48,1,N,N
LOAN_0003998,CUST_04779,Home,2025-06-27,3467479.5,9.35,300,0,N,N
LOAN_0003999,CUST_07833,Auto,2023-05-01,2219735.4,10.05,72,60,N,N
LOAN_0004000,CUST_05692,Education,2023-12-28,1537397.11,8.79,84,5,N,N
LOAN_0004001,CUST_06035,Auto,2022-04-15,1941598.09,12.19,72,0,N,N
LOAN_0004002,CUST_01778,Home,2025-08-20,8079313.0,9.82,180,17,N,N
LOAN_0004003,CUST_08006,Home,2022-11-15,7961579.8,8.16,120,7,N,N
LOAN_0004004,CUST_02064,Auto,2024-10-02,460814.01,9.07,72,31,N,N
LOAN_0004005,CUST_00534,Personal,2025-08-05,318495.81,15.32,36,1,N,N
LOAN_0004006,CUST_01900,Personal,2023-10-19,1153409.54,15.11,36,15,N,N
LOAN_0004007,CUST_08476,Auto,2025-11-15,2059274.46,8.58,36,9,N,N
LOAN_0004008,CUST_05987,Home,2024-01-30,8857744.99,8.65,240,7,N,N
LOAN_0004009,CUST_06826,Education,2021-05-21,614276.12,11.08,84,2,N,N
LOAN_0004010,CUST_01357,Home,2023-04-15,4963545.08,8.88,240,3,N,N
LOAN_0004011,CUST_02275,Home,2022-10-30,4249738.0,8.31,300,8,N,N
LOAN_0004012,CUST_03760,Home,2023-03-31,9723416.26,8.3,240,4,N,N
LOAN_0004013,CUST_02232,Home,2023-09-14,6361142.9,7.17,180,3,N,N
LOAN_0004014,CUST_05680,Auto,2022-08-21,2434127.92,9.22,36,4,N,N
LOAN_0004015,CUST_02841,Auto,2023-06-15,408795.59,12.97,36,3,N,N
LOAN_0004016,CUST_04383,Personal,2022-11-30,1305773.72,17.95,24,12,N,N
LOAN_0004017,CUST_07903,Auto,2025-02-22,1359967.06,11.33,60,4,N,N
LOAN_0004018,CUST_08214,Home,2025-09-28,7946951.02,8.31,300,19,N,N
LOAN_0004019,CUST_00647,Personal,2022-12-13,554817.92,17.14,36,32,N,N
LOAN_0004020,CUST_07594,Personal,2021-03-20,998448.91,14.03,36,23,N,N
LOAN_0004021,CUST_02802,Home,2021-08-14,2775090.52,9.44,180,2,N,N
LOAN_0004022,CUST_00447,Personal,2024-02-01,1203794.94,12.84,24,4,N,N
LOAN_0004023,CUST_02887,Personal,2024-06-11,1390052.94,12.42,36,3,N,N
LOAN_0004024,CUST_09215,Home,2021-11-23,6041495.5,7.75,240,6,N,N
LOAN_0004025,CUST_02208,Auto,2021-05-25,1564536.52,10.45,48,2,N,N
LOAN_0004026,CUST_01164,Personal,2023-10-07,571248.41,15.44,60,4,N,N
LOAN_0004027,CUST_06466,Home,2024-03-02,4386847.29,7.62,240,6,N,N
LOAN_0004028,CUST_02360,Personal,2021-08-16,1320265.01,15.76,36,1,N,N
LOAN_0004029,CUST_07686,Personal,2023-05-22,1284029.68,11.82,24,3,N,N
LOAN_0004030,CUST_08677,Home,2024-12-15,7853388.07,9.72,240,4,N,N
LOAN_0004031,CUST_01997,Auto,2026-04-24,1208791.76,9.42,72,2,N,N
LOAN_0004032,CUST_03827,Personal,2022-11-13,406125.89,17.28,60,8,N,N
LOAN_0004033,CUST_03885,Personal,2025-10-27,257662.73,15.6,36,5,N,N
LOAN_0004034,CUST_03668,Personal,2023-08-11,1043722.74,17.91,48,12,N,N
LOAN_0004035,CUST_00929,Home,2026-05-04,6119719.35,7.42,300,11,N,N
LOAN_0004036,CUST_10178,Home,2025-05-26,5744817.9,8.81,240,5,N,N
LOAN_0004037,CUST_06478,Auto,2022-12-19,1016497.28,11.19,72,12,N,N
LOAN_0004038,CUST_09882,Home,2024-10-02,3597905.11,9.48,120,6,N,N
LOAN_0004039,CUST_09089,Education,2024-08-21,215471.1,11.33,120,26,N,N
LOAN_0004040,CUST_08778,Personal,2021-03-02,708232.2,13.91,48,6,N,N
LOAN_0004041,CUST_01069,Home,2023-01-10,7868966.68,9.83,180,7,N,N
LOAN_0004042,CUST_00965,Auto,2024-07-12,964081.79,12.6,48,75,N,N
LOAN_0004043,CUST_09978,Home,2022-12-10,9928945.09,10.03,240,6,N,N
LOAN_0004044,CUST_01942,Home,2023-10-11,3288073.94,8.08,120,1,N,N
LOAN_0004045,CUST_02290,Education,2023-11-17,915661.33,11.38,60,5,N,N
LOAN_0004046,CUST_00622,Auto,2023-06-23,423808.36,10.04,72,12,N,N
LOAN_0004047,CUST_01995,Home,2025-11-01,6456980.52,9.74,180,12,N,N
LOAN_0004048,CUST_02275,Personal,2022-04-04,1399809.02,16.17,48,0,N,N
LOAN_0004049,CUST_09205,Auto,2023-11-13,993460.2,8.62,48,2,N,N
LOAN_0004050,CUST_04057,Auto,2026-05-30,2279573.06,10.41,36,4,N,N
LOAN_0004051,CUST_02573,Education,2022-02-19,1891474.29,11.54,84,2,N,N
LOAN_0004052,CUST_06905,Personal,2021-09-21,1314832.07,12.01,24,13,N,N
LOAN_0004053,CUST_06945,Home,2022-07-04,6543195.24,7.31,240,5,N,N
LOAN_0004054,CUST_07076,Personal,2024-11-15,1265450.65,13.13,36,4,N,N
LOAN_0004055,CUST_04408,Home,2022-10-09,9917103.91,8.19,300,0,N,N
LOAN_0004056,CUST_01787,Education,2025-04-10,1673677.12,10.98,60,11,N,N
LOAN_0004057,CUST_02205,Personal,2024-10-16,720176.62,11.15,60,9,N,N
LOAN_0004058,CUST_00843,Auto,2026-06-03,1199363.46,9.21,72,0,N,N
LOAN_0004059,CUST_02800,Auto,2025-01-25,1892016.51,12.13,60,150,Y,Y
LOAN_0004060,CUST_03690,Auto,2026-05-10,2208466.05,9.45,60,2,N,N
LOAN_0004061,CUST_08852,Home,2024-12-06,7698630.26,7.25,240,10,N,N
LOAN_0004062,CUST_03247,Home,2023-10-28,3280376.16,7.89,240,2,N,N
LOAN_0004063,CUST_02025,Home,2025-08-27,8245656.55,8.93,120,3,N,N
LOAN_0004064,CUST_06925,Home,2023-04-25,2737497.79,8.42,180,2,N,N
LOAN_0004065,CUST_05235,Home,2022-04-30,8631742.33,8.28,180,0,N,N
LOAN_0004066,CUST_08200,Personal,2026-03-10,929137.72,16.04,60,2,N,N
LOAN_0004067,CUST_00716,Education,2022-05-05,1497525.82,10.31,120,5,N,N
LOAN_0004068,CUST_09039,Education,2026-07-09,1960289.19,9.56,120,2,N,N
LOAN_0004069,CUST_02224,Education,2021-02-16,228590.21,10.96,84,20,N,N
LOAN_0004070,CUST_02250,Home,2023-07-09,6884200.49,8.29,180,1,N,N
LOAN_0004071,CUST_03793,Education,2022-05-26,1180923.77,10.88,120,7,N,N
LOAN_0004072,CUST_03622,Personal,2021-04-19,1372343.68,11.15,48,1,N,N
LOAN_0004073,CUST_06768,Personal,2024-11-26,220251.32,16.78,48,11,N,N
LOAN_0004074,CUST_04553,Auto,2025-09-04,886404.05,12.42,36,13,N,N
LOAN_0004075,CUST_05356,Personal,2022-10-24,609917.58,14.77,48,2,N,N
LOAN_0004076,CUST_03576,Home,2023-07-19,6482303.04,7.71,240,13,N,N
LOAN_0004077,CUST_04541,Auto,2022-08-07,1660103.66,10.66,36,0,N,N
LOAN_0004078,CUST_00539,Personal,2022-07-26,1466742.24,11.27,60,9,N,N
LOAN_0004079,CUST_03183,Home,2021-10-10,9880507.51,9.61,180,4,N,N
LOAN_0004080,CUST_00592,Education,2021-07-27,1105180.69,11.72,84,2,N,N
LOAN_0004081,CUST_04240,Home,2021-07-25,3063365.97,7.75,120,4,N,N
LOAN_0004082,CUST_00770,Auto,2022-02-22,1156881.2,12.7,72,2,N,N
LOAN_0004083,CUST_01275,Personal,2022-01-26,1451826.13,17.24,60,1,N,N
LOAN_0004084,CUST_05190,Personal,2025-11-26,545950.3,15.26,36,7,N,N
LOAN_0004085,CUST_07610,Home,2023-12-31,8200150.89,10.29,240,15,N,N
LOAN_0004086,CUST_10114,Auto,2023-08-10,656356.35,12.22,48,20,N,N
LOAN_0004087,CUST_04431,Auto,2021-02-19,1503310.95,8.08,48,0,N,N
LOAN_0004088,CUST_04075,Education,2023-06-19,400452.6,8.3,84,4,N,N
LOAN_0004089,CUST_00083,Auto,2022-05-12,1268278.9,11.35,72,10,N,N
LOAN_0004090,CUST_01814,Home,2024-12-31,7239277.89,7.78,240,2,N,N
LOAN_0004091,CUST_05762,Personal,2023-05-04,825524.63,16.29,24,3,N,N
LOAN_0004092,CUST_06685,Personal,2026-02-18,977545.1,12.88,48,1,N,N
LOAN_0004093,CUST_02057,Auto,2023-01-10,673652.65,11.69,48,25,N,N
LOAN_0004094,CUST_09062,Home,2023-11-02,7371435.56,10.16,300,9,N,N
LOAN_0004095,CUST_01323,Home,2025-06-08,5943265.38,10.15,180,3,N,N
LOAN_0004096,CUST_05496,Personal,2023-09-30,814436.3,12.93,24,0,N,N
LOAN_0004097,CUST_09376,Home,2022-04-23,7955434.05,8.79,240,3,N,N
LOAN_0004098,CUST_00324,Education,2024-09-22,1998249.58,11.59,60,2,N,N
LOAN_0004099,CUST_08489,Auto,2025-08-21,594359.3,12.21,60,23,N,N
LOAN_0004100,CUST_06257,Auto,2023-11-01,2337251.72,11.09,72,10,N,N
LOAN_0004101,CUST_03662,Education,2022-06-07,1677626.46,9.89,60,0,N,N
LOAN_0004102,CUST_09789,Home,2026-04-25,6523502.36,8.21,120,0,N,N
LOAN_0004103,CUST_03111,Education,2026-03-21,1283494.43,7.94,84,3,N,N
LOAN_0004104,CUST_9999,Personal,2024-11-09,677599.98,17.76,24,25,N,N
LOAN_0004105,CUST_02742,Personal,2022-04-08,966229.67,17.11,24,9,N,N
LOAN_0004106,CUST_02026,Auto,2022-02-21,771205.13,8.59,72,0,N,N
LOAN_0004107,CUST_07335,Personal,2021-09-16,1362633.9,14.28,60,1,N,N
LOAN_0004108,CUST_03843,Home,2024-08-02,9947824.26,8.59,120,2,N,N
LOAN_0004109,CUST_03443,Personal,2024-03-09,760308.22,14.1,36,7,N,N
LOAN_0004110,CUST_09181,Education,2021-01-24,1960939.64,10.98,120,1,N,N
LOAN_0004111,CUST_07813,Home,2025-02-26,2354816.86,7.18,300,4,N,N
LOAN_0004112,CUST_03716,Personal,2025-05-04,1255033.12,13.06,36,2,N,N
LOAN_0004113,CUST_02102,Home,2023-03-02,9774295.53,7.09,120,21,N,N
LOAN_0004114,CUST_02885,Home,2024-09-18,2451186.38,8.29,240,7,N,N
LOAN_0004115,CUST_03873,Education,2022-12-22,867222.43,8.57,60,0,N,N
LOAN_0004116,CUST_03586,Personal,2021-01-07,552421.05,12.52,60,1,N,N
LOAN_0004117,CUST_07686,Personal,2022-01-28,707175.51,15.82,48,0,N,N
LOAN_0004118,CUST_07926,Education,2023-09-27,1598827.8,8.26,120,28,N,N
LOAN_0004119,CUST_07313,Home,2025-10-22,8751193.75,8.88,180,9,N,N
LOAN_0004120,CUST_06809,Home,2025-07-17,2800069.92,9.34,240,17,N,N
LOAN_0004121,CUST_09943,Personal,2025-02-23,873101.73,12.27,60,12,N,N
LOAN_0004122,CUST_05814,Home,2021-02-26,7981284.45,8.7,300,5,N,N
LOAN_0004123,CUST_09539,Auto,2025-12-18,2197954.98,12.65,60,3,N,N
LOAN_0004124,CUST_09089,Auto,2022-05-07,705612.14,12.83,72,1,N,N
LOAN_0004125,CUST_00465,Personal,2022-10-23,407906.48,14.62,24,150,Y,Y
LOAN_0004126,CUST_08811,Auto,2024-06-30,1329872.68,11.07,60,3,N,N
LOAN_0004127,CUST_05299,Auto,2024-04-05,811429.05,11.76,60,15,N,N
LOAN_0004128,CUST_9999,Personal,2021-04-11,304304.72,10.51,48,2,N,N
LOAN_0004129,CUST_00071,Personal,2026-05-02,1025204.88,11.01,36,4,N,N
LOAN_0004130,CUST_03552,Personal,2023-10-18,895092.24,10.97,48,150,Y,Y
LOAN_0004131,CUST_05611,Auto,2022-10-14,2192134.88,9.89,48,3,N,N
LOAN_0004132,CUST_10166,Education,2024-10-02,808748.21,9.9,120,35,N,N
LOAN_0004133,CUST_06760,Personal,2025-08-04,126500.94,13.65,60,3,N,N
LOAN_0004134,CUST_04253,Home,2023-10-13,6949392.93,7.9,300,10,N,N
LOAN_0004135,CUST_02784,Personal,2021-04-13,949081.69,11.84,24,3,N,N
LOAN_0004136,CUST_10088,Personal,2021-01-23,1209523.01,13.97,24,22,N,N
LOAN_0004137,CUST_00410,Education,2021-07-11,211186.47,9.25,120,2,N,N
LOAN_0004138,CUST_07433,Personal,2024-11-20,814367.27,11.62,36,7,N,N
LOAN_0004139,CUST_03723,Auto,2022-05-28,2343157.61,8.07,60,2,N,N
LOAN_0004140,CUST_10073,Home,2024-07-25,5843927.29,9.52,120,19,N,N
LOAN_0004141,CUST_06057,Auto,2023-01-22,1822474.09,12.33,48,4,N,N
LOAN_0004142,CUST_07011,Home,2022-05-30,3928060.92,7.05,240,1,N,N
LOAN_0004143,CUST_03530,Education,2025-04-10,303582.15,8.34,60,3,N,N
LOAN_0004144,CUST_09328,Home,2021-02-23,6794314.54,8.15,120,0,N,N
LOAN_0004145,CUST_03055,Education,2022-02-26,1386487.57,9.5,60,6,N,N
LOAN_0004146,CUST_06558,Auto,2021-06-16,673363.03,11.72,48,10,N,N
LOAN_0004147,CUST_01265,Home,2025-05-21,9050302.96,10.5,300,2,N,N
LOAN_0004148,CUST_05130,Home,2025-12-15,4979575.77,8.18,300,6,N,N
LOAN_0004149,CUST_09853,Home,2026-04-12,8436615.02,10.43,180,0,N,N
LOAN_0004150,CUST_02064,Home,2024-12-19,7843958.08,10.36,240,7,N,N
LOAN_0004151,CUST_05590,Home,2022-05-02,3889950.0,7.54,120,2,N,N
LOAN_0004152,CUST_00600,Education,2026-05-12,375499.94,11.76,60,17,N,N
LOAN_0004153,CUST_04271,Personal,2025-04-23,917096.74,17.66,48,13,N,N
LOAN_0004154,CUST_00752,Auto,2021-10-19,2155523.02,8.84,72,15,N,N
LOAN_0004155,CUST_04582,Personal,2024-12-22,206764.86,15.33,48,1,N,N
LOAN_0004156,CUST_07441,Personal,2025-08-30,877081.39,17.25,60,4,N,N
LOAN_0004157,CUST_03283,Home,2021-08-20,3820478.06,8.25,180,7,N,N
LOAN_0004158,CUST_05734,Personal,2022-06-06,212090.73,16.28,36,6,N,N
LOAN_0004159,CUST_06284,Auto,2024-02-25,415517.3,12.12,48,5,N,N
LOAN_0004160,CUST_06143,Auto,2026-04-14,2071190.87,11.43,60,1,N,N
LOAN_0004161,CUST_03337,Personal,2022-07-22,1043317.1,17.82,60,8,N,N
LOAN_0004162,CUST_03529,Personal,2023-07-06,124253.16,16.23,60,8,N,N
LOAN_0004163,CUST_09597,Auto,2023-05-21,733537.45,9.4,60,12,N,N
LOAN_0004164,CUST_08799,Home,2024-04-11,7001919.14,9.65,240,1,N,N
LOAN_0004165,CUST_02649,Auto,2022-09-24,1125253.38,12.07,48,0,N,N
LOAN_0004166,CUST_07599,Personal,2022-12-25,1077854.57,15.46,36,3,N,N
LOAN_0004167,CUST_04137,Home,2026-04-22,8877943.44,7.33,180,3,N,N
LOAN_0004168,CUST_05206,Home,2021-04-12,2807311.56,9.37,300,5,N,N
LOAN_0004169,CUST_06897,Home,2026-07-15,5669205.68,10.38,300,8,N,N
LOAN_0004170,CUST_02795,Personal,2025-02-23,814155.44,17.61,24,14,N,N
LOAN_0004171,CUST_09859,Personal,2026-01-31,871388.23,16.41,60,0,N,N
LOAN_0004172,CUST_01474,Home,2024-03-31,3026747.3,8.22,300,1,N,N
LOAN_0004173,CUST_06814,Personal,2025-01-26,794806.14,16.29,36,2,N,N
LOAN_0004174,CUST_07920,Personal,2025-12-24,1176839.67,11.04,36,15,N,N
LOAN_0004175,CUST_09703,Auto,2023-01-23,532707.75,10.54,72,10,N,N
LOAN_0004176,CUST_07891,Personal,2022-06-19,799432.27,10.86,24,0,N,N
LOAN_0004177,CUST_00230,Personal,2021-08-07,1346145.2,12.75,60,2,N,N
LOAN_0004178,CUST_08690,Personal,2021-01-26,642433.3,10.62,48,4,N,N
LOAN_0004179,CUST_05619,Personal,2024-02-28,165095.33,13.6,48,4,N,N
LOAN_0004180,CUST_06641,Auto,2022-02-01,483045.47,8.91,48,0,N,N
LOAN_0004181,CUST_06894,Home,2024-03-23,4138866.17,10.43,240,6,N,N
LOAN_0004182,CUST_08778,Auto,2023-05-01,1741551.59,12.64,72,7,N,N
LOAN_0004183,CUST_01030,Home,2024-07-26,4954026.25,7.58,240,2,N,N
LOAN_0004184,CUST_07035,Auto,2026-03-24,428771.65,8.62,48,2,N,N
LOAN_0004185,CUST_07755,Home,2022-05-25,7989672.22,7.6,180,3,N,N
LOAN_0004186,CUST_09589,Auto,2024-10-20,1562592.65,9.06,60,10,N,N
LOAN_0004187,CUST_06444,Personal,2023-04-25,627604.61,17.0,24,2,N,N
LOAN_0004188,CUST_04488,Auto,2026-06-29,1257126.9,12.13,48,6,N,N
LOAN_0004189,CUST_07976,Auto,2025-12-25,1194228.66,9.31,72,0,N,N
LOAN_0004190,CUST_02341,Home,2025-10-10,2902710.31,7.48,180,7,N,N
LOAN_0004191,CUST_04622,Education,2022-05-23,1753720.4,8.87,60,1,N,N
LOAN_0004192,CUST_02317,Home,2022-11-23,8626093.72,9.57,240,1,N,N
LOAN_0004193,CUST_03251,Home,2026-04-24,8335015.51,7.37,240,9,N,N
LOAN_0004194,CUST_07630,Auto,2021-08-14,1250837.16,11.05,72,8,N,N
LOAN_0004195,CUST_07229,Auto,2026-01-21,416393.8,11.09,48,32,N,N
LOAN_0004196,CUST_01927,Auto,2022-07-20,1619133.31,8.09,36,0,N,N
LOAN_0004197,CUST_08973,Home,2025-07-09,5293491.25,8.74,180,2,N,N
LOAN_0004198,CUST_01129,Home,2023-09-04,8394677.71,10.12,300,6,N,N
LOAN_0004199,CUST_07440,Personal,2024-05-25,717255.85,13.81,24,4,N,N
LOAN_0004200,CUST_03510,Education,2021-06-18,1720119.26,11.94,84,7,N,N
LOAN_0004201,CUST_07040,Home,2024-04-10,5945411.96,9.65,300,3,N,N
LOAN_0004202,CUST_05269,Home,2022-02-02,7158743.03,9.85,180,4,N,N
LOAN_0004203,CUST_05231,Home,2022-11-05,7611647.65,9.47,300,4,N,N
LOAN_0004204,CUST_06472,Auto,2022-08-21,569161.35,10.98,72,16,N,N
LOAN_0004205,CUST_03987,Home,2021-08-06,3762323.73,8.04,300,31,N,N
LOAN_0004206,CUST_04256,Home,2024-12-19,6214099.25,9.13,180,9,N,N
LOAN_0004207,CUST_03750,Personal,2026-04-02,402730.82,11.64,48,9,N,N
LOAN_0004208,CUST_08517,Auto,2023-07-16,1604990.97,8.8,60,2,N,N
LOAN_0004209,CUST_08433,Home,2021-03-25,3306958.78,8.72,120,8,N,N
LOAN_0004210,CUST_08571,Education,2021-08-07,927011.4,12.08,60,15,N,N
LOAN_0004211,CUST_09954,Home,2026-04-06,7912806.54,9.26,180,16,N,N
LOAN_0004212,CUST_08355,Home,2023-06-07,6561034.9,9.26,180,6,N,N
LOAN_0004213,CUST_07727,Home,2025-02-07,7727414.59,8.42,180,10,N,N
LOAN_0004214,CUST_09901,Auto,2024-01-18,578880.4,10.92,48,4,N,N
LOAN_0004215,CUST_04422,Personal,2022-12-29,680866.43,12.76,24,0,N,N
LOAN_0004216,CUST_01238,Home,2023-10-08,6879039.12,7.34,240,0,N,N
LOAN_0004217,CUST_04333,Home,2024-02-24,7175488.8,8.14,300,0,N,N
LOAN_0004218,CUST_05826,Home,2021-12-13,6493036.84,8.6,180,23,N,N
LOAN_0004219,CUST_05239,Education,2024-04-18,356844.38,10.0,120,5,N,N
LOAN_0004220,CUST_00222,Personal,2025-01-22,173924.09,15.18,60,11,N,N
LOAN_0004221,CUST_06382,Home,2025-12-14,6808063.62,10.48,300,23,N,N
LOAN_0004222,CUST_04816,Home,2024-11-05,7417837.42,9.57,180,2,N,N
LOAN_0004223,CUST_03556,Home,2025-12-10,2468678.56,8.97,180,2,N,N
LOAN_0004224,CUST_00709,Home,2026-02-15,4603116.68,7.61,300,1,N,N
LOAN_0004225,CUST_03878,Personal,2021-05-05,865118.52,12.46,60,0,N,N
LOAN_0004226,CUST_06056,Home,2024-02-12,6464227.25,7.91,120,1,N,N
LOAN_0004227,CUST_03550,Home,2024-09-28,4017185.28,9.34,180,2,N,N
LOAN_0004228,CUST_04291,Home,2023-01-25,9764789.85,7.41,300,14,N,N
LOAN_0004229,CUST_05548,Personal,2021-12-14,1314264.89,14.06,36,9,N,N
LOAN_0004230,CUST_01077,Auto,2026-01-24,925659.93,9.5,72,7,N,N
LOAN_0004231,CUST_05906,Home,2023-01-23,3729260.02,7.37,300,0,N,N
LOAN_0004232,CUST_03847,Auto,2025-03-30,2156760.54,10.33,36,4,N,N
LOAN_0004233,CUST_03465,Personal,2023-02-10,861997.47,14.36,24,0,N,N
LOAN_0004234,CUST_04048,Personal,2026-01-13,120847.12,13.86,36,9,N,N
LOAN_0004235,CUST_05256,Auto,2025-04-26,1182582.7,12.08,48,2,N,N
LOAN_0004236,CUST_09035,Home,2024-06-23,7701452.42,7.72,180,2,N,N
LOAN_0004237,CUST_08097,Auto,2024-02-05,1044594.97,11.78,60,1,N,N
LOAN_0004238,CUST_07477,Home,2024-09-24,4671028.35,9.28,240,3,N,N
LOAN_0004239,CUST_01411,Personal,2023-10-18,1091035.99,11.73,24,11,N,N
LOAN_0004240,CUST_02759,Home,2023-08-13,6852456.5,9.17,180,4,N,N
LOAN_0004241,CUST_06360,Personal,2021-02-10,438355.22,17.24,36,1,N,N
LOAN_0004242,CUST_00343,Education,2023-05-22,1131561.82,11.91,120,3,N,N
LOAN_0004243,CUST_03105,Education,2023-03-10,1107537.83,11.28,84,22,N,N
LOAN_0004244,CUST_00982,Home,2022-12-18,2744336.27,9.61,240,8,N,N
LOAN_0004245,CUST_05228,Auto,2025-11-18,1276157.48,12.7,60,2,N,N
LOAN_0004246,CUST_03385,Personal,2024-02-15,798676.62,10.81,60,10,N,N
LOAN_0004247,CUST_09161,Auto,2023-06-11,1238499.54,10.5,36,4,N,N
LOAN_0004248,CUST_07237,Auto,2023-05-20,1185723.02,8.49,36,5,N,N
LOAN_0004249,CUST_03106,Home,2024-01-23,5382038.4,9.88,120,6,N,N
LOAN_0004250,CUST_00147,Personal,2021-04-18,158283.56,16.51,48,1,N,N
LOAN_0004251,CUST_03317,Auto,2021-12-19,1346287.26,11.35,48,5,N,N
LOAN_0004252,CUST_07594,Home,2024-01-25,4536083.5,7.81,180,4,N,N
LOAN_0004253,CUST_06072,Personal,2023-07-22,278392.6,16.91,60,0,N,N
LOAN_0004254,CUST_03070,Personal,2025-11-11,451755.2,13.93,60,15,N,N
LOAN_0004255,CUST_03289,Auto,2023-11-15,1315093.2,11.0,48,27,N,N
LOAN_0004256,CUST_01033,Home,2025-11-20,4061974.72,9.36,120,0,N,N
LOAN_0004257,CUST_07201,Auto,2022-04-29,1837638.2,8.35,36,7,N,N
LOAN_0004258,CUST_06886,Personal,2021-07-07,580783.61,12.3,48,19,N,N
LOAN_0004259,CUST_00590,Home,2023-12-22,3965729.56,8.47,180,19,N,N
LOAN_0004260,CUST_03037,Home,2022-11-21,3786821.65,8.73,180,3,N,N
LOAN_0004261,CUST_05391,Home,2025-05-19,6922908.59,7.33,180,7,N,N
LOAN_0004262,CUST_00830,Home,2022-05-15,5120531.37,9.21,300,20,N,N
LOAN_0004263,CUST_09233,Personal,2024-03-11,962395.07,11.5,36,1,N,N
LOAN_0004264,CUST_10054,Education,2021-03-07,1640085.74,11.1,120,2,N,N
LOAN_0004265,CUST_02318,Personal,2022-06-03,189251.04,16.99,48,13,N,N
LOAN_0004266,CUST_08057,Home,2025-04-05,7814599.92,7.79,300,4,N,N
LOAN_0004267,CUST_00124,Home,2025-07-14,7899888.28,10.06,240,13,N,N
LOAN_0004268,CUST_01464,Home,2025-07-30,5805855.65,7.03,120,26,N,N
LOAN_0004269,CUST_07845,Auto,2025-06-29,2165340.7,9.64,48,2,N,N
LOAN_0004270,CUST_08177,Personal,2022-04-23,586536.16,16.37,48,0,N,N
LOAN_0004271,CUST_00676,Personal,2025-06-03,1344445.85,13.17,24,2,N,N
LOAN_0004272,CUST_02833,Home,2025-04-26,6394933.71,8.16,180,1,N,N
LOAN_0004273,CUST_03550,Home,2021-06-19,3686036.56,9.27,180,4,N,N
LOAN_0004274,CUST_05453,Personal,2021-08-27,904623.31,15.45,48,0,N,N
LOAN_0004275,CUST_04533,Personal,2021-11-18,306122.37,16.72,36,3,N,N
LOAN_0004276,CUST_01402,Personal,2022-02-21,1125246.62,16.53,48,0,N,N
LOAN_0004277,CUST_01240,Home,2023-06-08,8573412.82,9.42,300,8,N,N
LOAN_0004278,CUST_03586,Education,2022-11-10,843928.16,10.94,120,0,N,N
LOAN_0004279,CUST_04241,Home,2026-01-02,8209560.64,7.82,180,1,N,N
LOAN_0004280,CUST_08849,Auto,2024-04-06,1389292.58,8.66,48,4,N,N
LOAN_0004281,CUST_10089,Home,2022-06-16,4051162.46,8.99,300,5,N,N
LOAN_0004282,CUST_01514,Home,2021-08-22,6770976.08,9.85,240,2,N,N
LOAN_0004283,CUST_05589,Home,2025-09-24,5492174.46,10.29,240,0,N,N
LOAN_0004284,CUST_01852,Auto,2021-04-02,1901436.39,10.92,60,0,N,N
LOAN_0004285,CUST_09781,Auto,2022-02-18,1099152.94,8.3,72,2,N,N
LOAN_0004286,CUST_03070,Education,2024-12-21,1087291.73,9.85,120,10,N,N
LOAN_0004287,CUST_00674,Auto,2023-03-11,1659689.05,11.61,48,1,N,N
LOAN_0004288,CUST_09705,Personal,2025-05-03,232182.01,10.51,36,75,N,N
LOAN_0004289,CUST_04169,Personal,2022-10-24,1057658.3,16.25,48,6,N,N
LOAN_0004290,CUST_07088,Home,2021-11-02,9908875.44,7.77,240,1,N,N
LOAN_0004291,CUST_01645,Education,2021-01-08,246476.84,8.41,60,1,N,N
LOAN_0004292,CUST_03088,Personal,2023-08-21,1128547.33,15.94,36,3,N,N
LOAN_0004293,CUST_07202,Auto,2022-02-24,1483682.83,11.62,36,2,N,N
LOAN_0004294,CUST_02769,Home,2024-04-12,3392750.44,7.22,120,2,N,N
LOAN_0004295,CUST_05981,Education,2025-09-21,673829.93,10.18,60,14,N,N
LOAN_0004296,CUST_03447,Personal,2021-06-14,892149.76,11.85,48,3,N,N
LOAN_0004297,CUST_09265,Home,2026-04-03,7411954.66,8.6,240,16,N,N
LOAN_0004298,CUST_00743,Personal,2026-01-22,142327.52,11.16,36,1,N,N
LOAN_0004299,CUST_08317,Personal,2022-06-15,419066.02,12.54,60,1,N,N
LOAN_0004300,CUST_08692,Home,2025-09-27,5842132.32,8.63,300,15,N,N
LOAN_0004301,CUST_01986,Auto,2024-05-29,1211770.64,8.27,36,12,N,N
LOAN_0004302,CUST_08213,Auto,2024-04-24,1722375.77,8.16,72,5,N,N
LOAN_0004303,CUST_02007,Home,2026-04-17,3133117.28,9.77,300,5,N,N
LOAN_0004304,CUST_03290,Personal,2025-07-13,243568.18,11.23,24,7,N,N
LOAN_0004305,CUST_00513,Auto,2023-03-01,2300767.66,12.56,36,1,N,N
LOAN_0004306,CUST_05295,Home,2023-06-24,2551358.81,9.54,240,10,N,N
LOAN_0004307,CUST_08246,Home,2021-10-08,7564017.06,8.85,120,7,N,N
LOAN_0004308,CUST_01335,Education,2022-12-28,1479278.79,9.64,120,0,N,N
LOAN_0004309,CUST_05754,Home,2021-06-02,6682938.92,8.56,120,0,N,N
LOAN_0004310,CUST_07048,Personal,2026-06-20,339193.94,13.58,24,16,N,N
LOAN_0004311,CUST_04579,Personal,2026-05-01,1019745.99,12.61,60,3,N,N
LOAN_0004312,CUST_09884,Auto,2024-11-21,1981449.37,9.05,48,3,N,N
LOAN_0004313,CUST_06773,Personal,2026-07-14,697712.23,12.07,36,0,N,N
LOAN_0004314,CUST_08778,Auto,2021-02-04,1399271.17,12.78,36,3,N,N
LOAN_0004315,CUST_07159,Home,2022-10-17,2215528.38,10.35,120,3,N,N
LOAN_0004316,CUST_02530,Home,2021-10-03,8349576.05,9.21,180,8,N,N
LOAN_0004317,CUST_06881,Education,2022-09-29,1926731.34,8.39,60,7,N,N
LOAN_0004318,CUST_00751,Auto,2024-02-18,420848.83,10.77,48,0,N,N
LOAN_0004319,CUST_06085,Personal,2026-02-18,740139.22,12.92,48,17,N,N
LOAN_0004320,CUST_09999,Personal,2024-08-24,1416975.92,15.7,48,1,N,N
LOAN_0004321,CUST_07342,Personal,2021-10-10,618209.61,15.23,24,17,N,N
LOAN_0004322,CUST_08750,Home,2023-05-04,4362018.92,9.86,300,6,N,N
LOAN_0004323,CUST_05114,Home,2025-09-17,3829092.18,8.75,120,14,N,N
LOAN_0004324,CUST_00227,Auto,2024-05-13,1297498.47,8.15,36,15,N,N
LOAN_0004325,CUST_06482,Auto,2025-07-30,595899.38,9.16,48,0,N,N
LOAN_0004326,CUST_06567,Home,2022-09-10,7495758.94,8.66,120,17,N,N
LOAN_0004327,CUST_10102,Education,2022-10-26,710710.0,9.75,120,2,N,N
LOAN_0004328,CUST_01483,Personal,2024-07-01,946707.38,15.92,48,95,Y,Y
LOAN_0004329,CUST_08085,Home,2023-05-25,6498716.4,8.15,240,5,N,N
LOAN_0004330,CUST_03112,Home,2023-11-17,2956267.76,9.2,300,14,N,N
LOAN_0004331,CUST_06245,Home,2023-12-25,7121064.01,9.28,180,16,N,N
LOAN_0004332,CUST_00204,Personal,2025-07-20,870213.52,14.29,36,1,N,N
LOAN_0004333,CUST_03214,Auto,2022-11-17,1508419.82,12.8,60,8,N,N
LOAN_0004334,CUST_00879,Auto,2022-07-06,2309501.83,9.59,48,0,N,N
LOAN_0004335,CUST_09249,Home,2021-01-28,8828348.16,10.12,180,12,N,N
LOAN_0004336,CUST_02639,Personal,2025-05-18,771111.74,16.05,36,22,N,N
LOAN_0004337,CUST_05983,Home,2025-09-30,8881470.58,7.49,240,0,N,N
LOAN_0004338,CUST_9999,Home,2021-07-31,3178637.5,7.88,180,0,N,N
LOAN_0004339,CUST_05999,Home,2024-04-14,8153384.81,9.99,300,2,N,N
LOAN_0004340,CUST_08334,Home,2023-11-10,4977409.18,7.96,300,2,N,N
LOAN_0004341,CUST_05001,Home,2024-09-03,7893714.07,8.08,240,1,N,N
LOAN_0004342,CUST_02818,Home,2026-05-09,7195782.99,8.95,180,6,N,N
LOAN_0004343,CUST_04668,Auto,2021-01-13,1871964.42,11.88,48,12,N,N
LOAN_0004344,CUST_05152,Education,2025-05-08,1187046.12,10.43,84,5,N,N
LOAN_0004345,CUST_01344,Home,2025-08-22,4872248.59,8.77,180,0,N,N
LOAN_0004346,CUST_04753,Education,2021-11-15,638031.25,8.26,84,3,N,N
LOAN_0004347,CUST_01396,Personal,2023-08-02,1022434.72,17.01,48,7,N,N
LOAN_0004348,CUST_01346,Home,2024-01-03,8826792.16,8.82,180,4,N,N
LOAN_0004349,CUST_09829,Personal,2023-09-04,460742.31,17.02,36,19,N,N
LOAN_0004350,CUST_02388,Auto,2026-02-02,685690.0,12.08,72,12,N,N
LOAN_0004351,CUST_06470,Personal,2022-10-16,1403945.22,12.29,24,0,N,N
LOAN_0004352,CUST_01737,Education,2022-05-27,1479185.08,8.58,84,2,N,N
LOAN_0004353,CUST_03195,Auto,2021-11-14,2055291.35,8.26,48,0,N,N
LOAN_0004354,CUST_02665,Home,2022-04-03,6908285.29,8.2,240,5,N,N
LOAN_0004355,CUST_08246,Education,2026-03-05,749466.7,8.48,84,8,N,N
LOAN_0004356,CUST_08192,Home,2023-10-22,2151056.5,10.07,240,2,N,N
LOAN_0004357,CUST_09847,Personal,2023-06-04,622121.88,13.06,60,1,N,N
LOAN_0004358,CUST_08596,Home,2024-07-09,4164282.62,7.03,180,2,N,N
LOAN_0004359,CUST_01308,Home,2022-02-28,2147343.68,10.38,240,9,N,N
LOAN_0004360,CUST_03473,Auto,2021-08-30,1434450.74,11.42,72,10,N,N
LOAN_0004361,CUST_05396,Auto,2026-04-15,1883735.39,10.38,36,2,N,N
LOAN_0004362,CUST_03975,Auto,2023-07-06,917282.37,11.27,60,4,N,N
LOAN_0004363,CUST_07620,Home,2024-11-02,8085935.11,7.42,180,1,N,N
LOAN_0004364,CUST_04460,Home,2021-10-03,3116610.16,8.6,300,3,N,N
LOAN_0004365,CUST_04669,Auto,2021-03-04,2385791.62,12.55,48,23,N,N
LOAN_0004366,CUST_00065,Personal,2021-06-21,1350415.88,16.45,60,0,N,N
LOAN_0004367,CUST_07792,Personal,2023-09-21,289368.98,14.79,60,23,N,N
LOAN_0004368,CUST_05324,Auto,2026-04-18,1762045.15,11.66,60,4,N,N
LOAN_0004369,CUST_08791,Home,2021-12-17,2837014.85,7.62,240,3,N,N
LOAN_0004370,CUST_09288,Home,2024-11-02,3933265.2,9.41,180,4,N,N
LOAN_0004371,CUST_08466,Personal,2025-08-28,904817.0,15.89,24,13,N,N
LOAN_0004372,CUST_06013,Education,2025-01-25,1479298.04,11.31,84,5,N,N
LOAN_0004373,CUST_05816,Auto,2024-02-04,1081903.59,10.12,48,5,N,N
LOAN_0004374,CUST_07907,Education,2022-10-27,1415507.04,7.59,120,1,N,N
LOAN_0004375,CUST_04410,Personal,2025-05-30,1347251.0,12.68,24,4,N,N
LOAN_0004376,CUST_00546,Personal,2024-11-29,456225.96,16.05,60,5,N,N
LOAN_0004377,CUST_09602,Personal,2022-10-07,160481.19,13.24,24,8,N,N
LOAN_0004378,CUST_04935,Education,2021-07-10,904987.19,8.4,60,15,N,N
LOAN_0004379,CUST_03309,Education,2025-06-09,1087188.34,7.55,60,8,N,N
LOAN_0004380,CUST_01070,Personal,2023-02-13,1125262.13,14.73,36,2,N,N
LOAN_0004381,CUST_04446,Education,2022-11-17,224241.5,12.01,120,0,N,N
LOAN_0004382,CUST_09172,Personal,2024-10-12,1171543.81,11.79,24,5,N,N
LOAN_0004383,CUST_00853,Auto,2024-05-23,1581887.85,10.39,36,1,N,N
LOAN_0004384,CUST_05493,Home,2024-04-08,5228519.14,9.34,300,3,N,N
LOAN_0004385,CUST_03836,Home,2025-04-24,3375142.83,8.87,180,7,N,N
LOAN_0004386,CUST_01995,Personal,2023-01-13,909739.12,12.24,24,9,N,N
LOAN_0004387,CUST_03319,Personal,2021-09-16,897587.8,12.81,48,8,N,N
LOAN_0004388,CUST_07277,Home,2023-10-07,2398590.05,8.79,240,4,N,N
LOAN_0004389,CUST_00292,Personal,2025-12-06,720256.61,17.89,60,8,N,N
LOAN_0004390,CUST_06146,Home,2025-01-17,9711034.07,9.63,120,0,N,N
LOAN_0004391,CUST_02234,Home,2023-07-24,4812167.88,9.98,240,13,N,N
LOAN_0004392,CUST_06753,Education,2023-05-08,1543312.82,8.77,120,1,N,N
LOAN_0004393,CUST_08631,Home,2021-03-12,5845994.36,7.23,120,0,N,N
LOAN_0004394,CUST_06738,Home,2021-04-12,3869775.13,8.19,240,2,N,N
LOAN_0004395,CUST_06583,Personal,2025-05-09,545440.55,17.22,36,90,Y,Y
LOAN_0004396,CUST_01634,Education,2021-11-19,1029643.24,10.45,60,14,N,N
LOAN_0004397,CUST_09066,Personal,2025-01-19,202957.94,12.51,48,10,N,N
LOAN_0004398,CUST_00860,Auto,2026-05-19,2187317.71,9.68,60,1,N,N
LOAN_0004399,CUST_05591,Personal,2022-11-06,317946.29,15.88,48,6,N,N
LOAN_0004400,CUST_05734,Home,2022-06-12,2023747.33,7.66,180,2,N,N
LOAN_0004401,CUST_08540,Personal,2025-10-14,851598.17,11.52,60,9,N,N
LOAN_0004402,CUST_03884,Home,2024-07-27,5945535.69,7.44,300,2,N,N
LOAN_0004403,CUST_01238,Education,2021-01-07,886180.16,8.77,120,7,N,N
LOAN_0004404,CUST_01427,Home,2026-04-08,3967048.36,9.5,180,2,N,N
LOAN_0004405,CUST_06339,Auto,2022-01-08,2271870.81,9.56,72,10,N,N
LOAN_0004406,CUST_03438,Personal,2023-01-23,1103827.39,12.96,60,2,N,N
LOAN_0004407,CUST_02627,Home,2022-09-16,8257683.09,8.32,180,2,N,N
LOAN_0004408,CUST_06755,Education,2022-01-01,1866895.91,8.12,60,4,N,N
LOAN_0004409,CUST_01919,Education,2023-10-12,1495639.31,8.02,60,4,N,N
LOAN_0004410,CUST_05014,Home,2025-07-21,4001084.03,9.58,240,4,N,N
LOAN_0004411,CUST_09374,Home,2021-10-18,7167662.93,8.76,240,10,N,N
LOAN_0004412,CUST_02541,Home,2022-10-05,2236441.63,9.37,180,0,N,N
LOAN_0004413,CUST_00397,Personal,2021-05-22,1135865.07,16.09,60,16,N,N
LOAN_0004414,CUST_01317,Personal,2024-11-12,270471.3,12.53,24,11,N,N
LOAN_0004415,CUST_08624,Personal,2023-02-05,691788.09,12.87,60,4,N,N
LOAN_0004416,CUST_05006,Home,2022-07-08,7399013.34,8.94,120,4,N,N
LOAN_0004417,CUST_07563,Personal,2021-04-22,1086909.88,14.62,24,0,N,N
LOAN_0004418,CUST_05740,Home,2025-05-28,3196061.86,10.06,240,1,N,N
LOAN_0004419,CUST_05152,Personal,2025-07-03,1070201.72,13.83,24,10,N,N
LOAN_0004420,CUST_03015,Auto,2026-07-12,859690.92,8.57,36,4,N,N
LOAN_0004421,CUST_05958,Auto,2025-06-08,2290530.43,9.25,60,6,N,N
LOAN_0004422,CUST_01788,Home,2024-02-06,3087016.07,9.09,240,1,N,N
LOAN_0004423,CUST_01004,Home,2023-06-14,2229424.04,7.65,120,0,N,N
LOAN_0004424,CUST_02858,Education,2021-12-29,223696.21,9.6,120,2,N,N
LOAN_0004425,CUST_09952,Education,2024-02-03,1588493.64,12.31,60,10,N,N
LOAN_0004426,CUST_10002,Personal,2025-10-14,597795.57,16.35,36,27,N,N
LOAN_0004427,CUST_08759,Home,2026-05-18,9234510.92,9.95,180,6,N,N
LOAN_0004428,CUST_00636,Home,2021-10-31,3332962.69,10.47,120,0,N,N
LOAN_0004429,CUST_08266,Personal,2022-01-19,948555.62,17.62,24,10,N,N
LOAN_0004430,CUST_07271,Education,2025-08-18,696032.75,10.56,60,11,N,N
LOAN_0004431,CUST_06127,Auto,2026-05-04,1863873.22,8.61,72,2,N,N
LOAN_0004432,CUST_00579,Personal,2023-11-25,634555.95,11.58,36,2,N,N
LOAN_0004433,CUST_01462,Home,2021-07-20,4452530.93,9.78,300,0,N,N
LOAN_0004434,CUST_07017,Home,2023-03-12,8415648.62,7.38,300,5,N,N
LOAN_0004435,CUST_03537,Auto,2025-12-03,758104.32,9.36,36,9,N,N
LOAN_0004436,CUST_05140,Home,2021-08-01,5823895.08,7.82,180,23,N,N
LOAN_0004437,CUST_07915,Auto,2025-12-03,1159185.66,8.91,72,3,N,N
LOAN_0004438,CUST_01426,Auto,2025-09-11,530864.47,8.82,60,8,N,N
LOAN_0004439,CUST_08172,Personal,2023-03-15,238705.6,15.04,36,1,N,N
LOAN_0004440,CUST_09136,Education,2021-01-21,1833775.61,10.1,84,5,N,N
LOAN_0004441,CUST_02197,Home,2024-05-10,5294735.14,10.12,240,3,N,N
LOAN_0004442,CUST_07562,Education,2023-06-06,1210300.93,7.67,120,18,N,N
LOAN_0004443,CUST_02610,Personal,2025-09-06,1418590.16,14.1,36,1,N,N
LOAN_0004444,CUST_01454,Education,2026-04-11,1684702.62,7.95,60,2,N,N
LOAN_0004445,CUST_08570,Home,2022-01-29,9617515.87,8.25,240,7,N,N
LOAN_0004446,CUST_03964,Education,2022-07-30,1159332.73,8.4,120,4,N,N
LOAN_0004447,CUST_10056,Auto,2024-12-30,1594919.83,8.72,36,3,N,N
LOAN_0004448,CUST_01493,Home,2022-04-13,4763412.64,9.95,240,11,N,N
LOAN_0004449,CUST_01244,Auto,2022-04-28,870842.84,8.29,60,2,N,N
LOAN_0004450,CUST_07222,Home,2021-03-11,7289373.43,9.67,300,0,N,N
LOAN_0004451,CUST_06486,Education,2021-09-29,1133446.59,10.42,84,3,N,N
LOAN_0004452,CUST_02193,Auto,2026-06-01,1415856.6,12.36,60,9,N,N
LOAN_0004453,CUST_02510,Home,2026-04-28,8817941.41,7.14,300,0,N,N
LOAN_0004454,CUST_07686,Home,2022-11-16,3365485.26,10.14,120,8,N,N
LOAN_0004455,CUST_00570,Auto,2022-02-08,1719381.5,8.14,36,2,N,N
LOAN_0004456,CUST_04411,Auto,2022-03-19,522074.19,11.83,72,15,N,N
LOAN_0004457,CUST_03457,Home,2024-01-06,7560027.97,10.04,300,4,N,N
LOAN_0004458,CUST_01936,Education,2023-05-19,316889.71,9.34,84,1,N,N
LOAN_0004459,CUST_08420,Home,2025-04-02,3137694.53,8.09,300,10,N,N
LOAN_0004460,CUST_04985,Auto,2021-06-27,2357382.2,10.21,48,10,N,N
LOAN_0004461,CUST_03508,Auto,2021-12-15,1960799.09,11.8,36,3,N,N
LOAN_0004462,CUST_09334,Personal,2024-10-09,418753.15,13.7,36,33,N,N
LOAN_0004463,CUST_09855,Home,2022-09-09,2801113.41,7.53,120,6,N,N
LOAN_0004464,CUST_01474,Auto,2024-05-20,1107429.51,10.06,36,5,N,N
LOAN_0004465,CUST_06325,Personal,2025-09-18,238179.75,12.26,60,3,N,N
LOAN_0004466,CUST_06787,Personal,2024-11-11,984487.81,11.76,36,75,N,N
LOAN_0004467,CUST_08073,Auto,2024-11-14,1267337.7,12.83,72,2,N,N
LOAN_0004468,CUST_00302,Personal,2021-01-16,1292060.73,17.25,24,6,N,N
LOAN_0004469,CUST_00715,Auto,2026-03-14,2323306.53,9.47,48,9,N,N
LOAN_0004470,CUST_02547,Personal,2026-06-02,953226.88,12.55,24,8,N,N
LOAN_0004471,CUST_09029,Personal,2022-03-31,1271255.38,14.09,36,8,N,N
LOAN_0004472,CUST_02991,Auto,2025-04-15,624694.17,10.9,48,20,N,N
LOAN_0004473,CUST_08492,Education,2023-06-26,646122.85,8.12,84,3,N,N
LOAN_0004474,CUST_08217,Home,2021-03-24,8764482.08,9.49,240,1,N,N
LOAN_0004475,CUST_02376,Personal,2021-05-08,1060028.42,13.45,36,7,N,N
LOAN_0004476,CUST_03015,Personal,2022-03-07,928200.27,15.28,24,6,N,N
LOAN_0004477,CUST_08469,Home,2022-05-24,4231119.75,9.36,180,3,N,N
LOAN_0004478,CUST_06841,Personal,2023-09-14,859861.11,10.72,60,4,N,N
LOAN_0004479,CUST_09154,Personal,2024-05-21,550525.79,16.83,48,75,N,N
LOAN_0004480,CUST_08966,Home,2024-03-31,4622232.5,8.48,240,6,N,N
LOAN_0004481,CUST_02525,Home,2021-11-09,4198156.86,7.08,180,2,N,N
LOAN_0004482,CUST_02505,Personal,2024-01-10,1320447.39,17.26,60,0,N,N
LOAN_0004483,CUST_01695,Education,2023-08-16,365703.32,8.52,120,5,N,N
LOAN_0004484,CUST_06774,Home,2025-12-28,5363804.65,7.97,180,3,N,N
LOAN_0004485,CUST_01818,Home,2023-06-21,8327143.04,8.24,300,0,N,N
LOAN_0004486,CUST_00614,Auto,2021-04-01,746099.89,11.04,36,25,N,N
LOAN_0004487,CUST_03690,Education,2026-06-08,1811694.18,11.72,120,1,N,N
LOAN_0004488,CUST_00264,Education,2024-07-14,1668020.41,9.83,84,0,N,N
LOAN_0004489,CUST_00346,Education,2023-09-17,1477235.35,12.08,84,13,N,N
LOAN_0004490,CUST_02799,Education,2025-08-24,483374.7,7.56,120,13,N,N
LOAN_0004491,CUST_07955,Personal,2021-04-09,166385.15,11.95,36,3,N,N
LOAN_0004492,CUST_00959,Personal,2024-04-26,1327270.16,16.49,36,18,N,N
LOAN_0004493,CUST_09136,Home,2021-09-23,2411586.69,7.33,300,0,N,N
LOAN_0004494,CUST_08261,Auto,2026-01-04,470427.37,8.76,60,9,N,N
LOAN_0004495,CUST_06338,Home,2026-01-04,2210765.21,8.5,180,27,N,N
LOAN_0004496,CUST_05066,Personal,2023-03-26,435034.51,15.13,24,2,N,N
LOAN_0004497,CUST_9999,Personal,2021-08-02,1154323.59,14.49,24,6,N,N
LOAN_0004498,CUST_06335,Education,2026-03-01,1160349.91,7.97,60,8,N,N
LOAN_0004499,CUST_05920,Home,2026-06-08,5710923.67,9.97,300,7,N,N
LOAN_0004500,CUST_08764,Auto,2024-05-03,1596139.77,8.02,72,37,N,N
LOAN_0004501,CUST_05551,Personal,2024-06-09,1015330.01,12.33,60,8,N,N
LOAN_0004502,CUST_05437,Education,2025-08-12,1960213.74,9.36,60,150,Y,Y
LOAN_0004503,CUST_00318,Personal,2021-12-05,942780.83,15.84,24,0,N,N
LOAN_0004504,CUST_07639,Home,2025-01-11,8828956.57,7.4,120,0,N,N
LOAN_0004505,CUST_01703,Education,2021-02-19,426132.43,9.9,84,18,N,N
LOAN_0004506,CUST_07919,Personal,2025-09-28,1184596.07,12.26,24,4,N,N
LOAN_0004507,CUST_08148,Education,2025-01-31,1551749.14,8.2,120,12,N,N
LOAN_0004508,CUST_02754,Personal,2025-05-18,865110.02,15.92,60,3,N,N
LOAN_0004509,CUST_07377,Auto,2025-02-10,695294.84,10.22,36,0,N,N
LOAN_0004510,CUST_09873,Education,2022-08-07,457784.69,10.78,60,1,N,N
LOAN_0004511,CUST_07549,Home,2025-02-03,7077716.52,8.38,300,13,N,N
LOAN_0004512,CUST_10035,Auto,2022-11-29,2491788.46,11.06,60,15,N,N
LOAN_0004513,CUST_09971,Personal,2021-04-12,332659.88,16.2,48,1,N,N
LOAN_0004514,CUST_08308,Personal,2025-10-20,636777.46,12.06,48,0,N,N
LOAN_0004515,CUST_08695,Auto,2024-01-29,1527968.61,9.15,72,15,N,N
LOAN_0004516,CUST_01769,Home,2026-03-17,8789287.57,8.29,240,2,N,N
LOAN_0004517,CUST_07009,Education,2023-03-28,1279568.41,10.37,120,5,N,N
LOAN_0004518,CUST_05288,Home,2025-02-26,4899254.7,9.24,120,4,N,N
LOAN_0004519,CUST_09300,Auto,2025-05-13,1260396.37,10.75,36,6,N,N
LOAN_0004520,CUST_09209,Auto,2022-04-06,549625.76,12.88,36,0,N,N
LOAN_0004521,CUST_00348,Auto,2021-11-16,1937135.24,11.99,48,14,N,N
LOAN_0004522,CUST_07032,Home,2021-05-04,7480340.75,7.44,120,4,N,N
LOAN_0004523,CUST_04050,Personal,2022-01-10,866576.06,13.69,48,4,N,N
LOAN_0004524,CUST_05464,Home,2022-12-04,6578579.18,10.48,240,6,N,N
LOAN_0004525,CUST_06818,Home,2021-04-22,5455105.02,9.37,240,6,N,N
LOAN_0004526,CUST_08661,Personal,2026-05-18,1357053.16,12.58,48,3,N,N
LOAN_0004527,CUST_08308,Home,2022-12-17,2710379.52,7.55,240,0,N,N
LOAN_0004528,CUST_06896,Personal,2026-03-13,107965.38,14.89,48,3,N,N
LOAN_0004529,CUST_06091,Home,2022-05-10,4504105.23,9.54,180,4,N,N
LOAN_0004530,CUST_08762,Auto,2023-06-13,2077256.27,9.6,60,4,N,N
LOAN_0004531,CUST_07702,Personal,2024-01-12,576402.26,15.68,60,0,N,N
LOAN_0004532,CUST_05431,Home,2023-06-14,8694378.46,9.99,180,11,N,N
LOAN_0004533,CUST_05422,Education,2026-01-14,1406467.91,8.55,60,0,N,N
LOAN_0004534,CUST_03389,Education,2021-12-16,1644660.56,10.83,60,11,N,N
LOAN_0004535,CUST_01658,Personal,2022-01-30,1027602.84,14.32,24,2,N,N
LOAN_0004536,CUST_05058,Education,2022-02-24,424429.02,10.96,60,2,N,N
LOAN_0004537,CUST_08325,Home,2026-04-04,3786467.92,9.93,120,9,N,N
LOAN_0004538,CUST_08461,Home,2021-03-12,8966899.06,10.46,120,1,N,N
LOAN_0004539,CUST_03704,Personal,2025-09-03,940340.38,16.59,48,2,N,N
LOAN_0004540,CUST_05510,Home,2026-03-12,8379537.47,9.6,300,6,N,N
LOAN_0004541,CUST_08295,Home,2025-12-05,7211284.72,9.41,120,1,N,N
LOAN_0004542,CUST_07460,Education,2022-12-12,933150.41,9.37,84,15,N,N
LOAN_0004543,CUST_01797,Home,2021-02-16,4684021.51,8.87,240,24,N,N
LOAN_0004544,CUST_06479,Education,2026-01-04,276961.28,8.66,120,6,N,N
LOAN_0004545,CUST_06108,Auto,2023-10-04,1040682.56,11.77,36,16,N,N
LOAN_0004546,CUST_04272,Home,2021-10-05,7898858.37,8.83,120,120,Y,Y
LOAN_0004547,CUST_04073,Home,2022-10-07,6022359.07,7.96,120,3,N,N
LOAN_0004548,CUST_01831,Home,2025-03-12,3006615.92,7.49,240,2,N,N
LOAN_0004549,CUST_00175,Education,2021-09-09,984740.37,11.95,84,1,N,N
LOAN_0004550,CUST_08737,Home,2023-09-14,2685133.13,8.41,120,12,N,N
LOAN_0004551,CUST_06089,Personal,2023-02-28,431948.43,10.93,48,0,N,N
LOAN_0004552,CUST_05335,Home,2022-09-22,2714791.93,8.13,240,2,N,N
LOAN_0004553,CUST_08624,Home,2024-09-03,7615411.75,8.52,180,21,N,N
LOAN_0004554,CUST_06383,Home,2022-07-23,4029010.11,9.64,300,120,Y,Y
LOAN_0004555,CUST_09755,Personal,2021-06-08,1270279.36,17.54,24,4,N,N
LOAN_0004556,CUST_01051,Home,2026-04-16,5838749.19,8.52,180,7,N,N
LOAN_0004557,CUST_04667,Auto,2022-01-21,552402.25,9.28,36,4,N,N
LOAN_0004558,CUST_9999,Home,2024-07-31,7523818.49,8.88,240,8,N,N
LOAN_0004559,CUST_04293,Home,2024-02-15,8884851.11,10.22,240,1,N,N
LOAN_0004560,CUST_00992,Home,2024-07-27,6655535.46,8.05,120,0,N,N
LOAN_0004561,CUST_08951,Home,2022-07-27,7220518.34,7.04,240,1,N,N
LOAN_0004562,CUST_00864,Education,2023-04-12,1796865.17,8.12,120,0,N,N
LOAN_0004563,CUST_05606,Education,2025-07-29,1387443.81,11.95,84,3,N,N
LOAN_0004564,CUST_02434,Home,2024-09-09,6958049.28,8.69,180,75,N,N
LOAN_0004565,CUST_04094,Personal,2022-07-25,945199.15,16.48,36,4,N,N
LOAN_0004566,CUST_07708,Auto,2026-03-24,568162.38,10.93,36,2,N,N
LOAN_0004567,CUST_06940,Home,2021-02-24,9935573.44,8.82,300,3,N,N
LOAN_0004568,CUST_04102,Personal,2024-11-23,1047783.78,12.92,36,6,N,N
LOAN_0004569,CUST_01593,Education,2023-09-30,310565.61,8.76,84,3,N,N
LOAN_0004570,CUST_00065,Home,2024-04-03,9927291.47,8.36,180,18,N,N
LOAN_0004571,CUST_00531,Home,2022-11-19,4789383.86,10.1,240,12,N,N
LOAN_0004572,CUST_03377,Education,2021-03-28,1785510.66,9.07,84,5,N,N
LOAN_0004573,CUST_10143,Personal,2024-05-09,432009.34,14.21,24,3,N,N
LOAN_0004574,CUST_02898,Home,2021-11-26,8568536.23,7.61,300,11,N,N
LOAN_0004575,CUST_06155,Home,2024-01-02,8398417.41,7.89,180,1,N,N
LOAN_0004576,CUST_04638,Personal,2022-11-09,1343824.16,11.92,60,10,N,N
LOAN_0004577,CUST_06285,Home,2021-11-02,9830635.45,9.45,300,11,N,N
LOAN_0004578,CUST_09576,Auto,2022-01-15,782087.97,12.87,48,1,N,N
LOAN_0004579,CUST_01061,Home,2023-02-10,9240855.47,8.17,180,2,N,N
LOAN_0004580,CUST_02453,Home,2023-02-17,7048618.37,9.43,240,1,N,N
LOAN_0004581,CUST_01400,Home,2025-03-21,4505909.79,8.62,180,3,N,N
LOAN_0004582,CUST_02517,Personal,2026-03-03,1164129.24,12.78,60,11,N,N
LOAN_0004583,CUST_02280,Personal,2021-06-21,1115721.97,16.39,24,2,N,N
LOAN_0004584,CUST_09913,Home,2021-05-08,7717831.96,9.13,180,3,N,N
LOAN_0004585,CUST_08986,Home,2025-08-10,9976730.5,7.86,300,10,N,N
LOAN_0004586,CUST_06428,Auto,2023-02-10,857245.14,11.14,48,8,N,N
LOAN_0004587,CUST_02462,Home,2021-12-22,6645102.48,8.31,300,2,N,N
LOAN_0004588,CUST_06625,Home,2025-10-22,4711960.92,9.22,120,13,N,N
LOAN_0004589,CUST_09984,Auto,2022-02-28,1899430.12,9.72,72,13,N,N
LOAN_0004590,CUST_08196,Auto,2023-12-01,2376228.18,9.8,72,36,N,N
LOAN_0004591,CUST_03795,Auto,2024-11-30,682472.0,10.24,72,12,N,N
LOAN_0004592,CUST_08981,Personal,2022-04-04,257551.58,15.03,48,2,N,N
LOAN_0004593,CUST_06914,Personal,2022-06-25,519969.48,10.73,60,4,N,N
LOAN_0004594,CUST_04354,Education,2023-10-01,311033.5,9.84,84,22,N,N
LOAN_0004595,CUST_00621,Auto,2022-11-26,531987.85,9.27,36,0,N,N
LOAN_0004596,CUST_06727,Education,2025-10-15,1274556.32,10.9,84,15,N,N
LOAN_0004597,CUST_08482,Education,2025-02-17,1829881.58,9.89,84,9,N,N
LOAN_0004598,CUST_08247,Home,2025-12-10,3757447.28,10.05,300,8,N,N
LOAN_0004599,CUST_04481,Personal,2022-11-04,1209820.66,17.76,36,2,N,N
LOAN_0004600,CUST_00658,Education,2024-02-21,1090458.51,10.61,120,4,N,N
LOAN_0004601,CUST_01701,Personal,2023-03-10,1229982.61,15.69,60,0,N,N
LOAN_0004602,CUST_02782,Personal,2023-11-11,1434394.39,15.69,24,4,N,N
LOAN_0004603,CUST_04523,Personal,2023-12-05,205769.04,17.76,36,46,N,N
LOAN_0004604,CUST_10149,Personal,2023-09-08,1156220.84,13.54,48,4,N,N
LOAN_0004605,CUST_08435,Education,2026-03-23,503593.37,9.84,120,0,N,N
LOAN_0004606,CUST_06273,Home,2023-03-30,7225679.08,10.48,180,19,N,N
LOAN_0004607,CUST_02490,Education,2021-05-25,874814.41,8.06,84,17,N,N
LOAN_0004608,CUST_02312,Auto,2025-06-21,1269221.98,12.59,36,12,N,N
LOAN_0004609,CUST_01485,Education,2021-11-06,306811.89,8.6,120,9,N,N
LOAN_0004610,CUST_02630,Home,2025-03-27,6285381.58,10.09,240,11,N,N
LOAN_0004611,CUST_00516,Home,2023-01-24,5484004.78,7.38,120,0,N,N
LOAN_0004612,CUST_03429,Home,2025-06-07,9578292.88,9.18,300,8,N,N
LOAN_0004613,CUST_07547,Home,2023-05-04,2790521.57,10.47,240,5,N,N
LOAN_0004614,CUST_00856,Personal,2022-07-26,960801.82,14.88,48,7,N,N
LOAN_0004615,CUST_09752,Personal,2025-03-15,1144555.6,17.26,24,8,N,N
LOAN_0004616,CUST_02952,Education,2023-09-30,471373.12,11.51,120,1,N,N
LOAN_0004617,CUST_07498,Home,2023-08-23,7241022.17,9.8,120,10,N,N
LOAN_0004618,CUST_07332,Personal,2024-04-13,189198.81,10.97,60,4,N,N
LOAN_0004619,CUST_05044,Education,2026-04-04,764294.93,9.85,84,1,N,N
LOAN_0004620,CUST_02080,Education,2025-04-22,1674693.71,9.13,60,9,N,N
LOAN_0004621,CUST_03785,Personal,2026-04-21,1049651.16,11.11,60,5,N,N
LOAN_0004622,CUST_02777,Auto,2024-04-20,1042538.59,10.13,48,18,N,N
LOAN_0004623,CUST_06675,Personal,2021-12-25,860629.12,10.71,48,0,N,N
LOAN_0004624,CUST_08488,Home,2026-04-17,6201090.96,7.7,240,1,N,N
LOAN_0004625,CUST_05396,Personal,2024-08-12,1394437.94,14.42,48,3,N,N
LOAN_0004626,CUST_03676,Home,2025-07-27,2419785.29,8.43,300,3,N,N
LOAN_0004627,CUST_05085,Auto,2022-03-02,687692.07,9.97,72,12,N,N
LOAN_0004628,CUST_10035,Home,2021-07-07,5220127.71,9.06,240,38,N,N
LOAN_0004629,CUST_03262,Auto,2026-03-19,879033.28,12.71,48,23,N,N
LOAN_0004630,CUST_00725,Home,2026-05-26,7725060.8,9.53,240,4,N,N
LOAN_0004631,CUST_09367,Education,2021-08-18,901838.51,7.71,60,2,N,N
LOAN_0004632,CUST_04641,Auto,2023-03-24,1637371.96,10.82,36,1,N,N
LOAN_0004633,CUST_06933,Home,2021-07-10,9032696.15,8.05,180,2,N,N
LOAN_0004634,CUST_08707,Home,2026-01-21,7007517.95,9.06,120,0,N,N
LOAN_0004635,CUST_02839,Personal,2021-01-09,232200.77,15.72,36,6,N,N
LOAN_0004636,CUST_03454,Home,2022-07-08,5810567.81,10.38,300,13,N,N
LOAN_0004637,CUST_03102,Auto,2025-11-21,1263859.86,9.59,72,8,N,N
LOAN_0004638,CUST_09680,Auto,2023-05-22,2106122.51,8.38,36,1,N,N
LOAN_0004639,CUST_07965,Personal,2023-03-10,816172.79,16.08,60,6,N,N
LOAN_0004640,CUST_00091,Home,2021-03-01,2928553.33,9.68,180,0,N,N
LOAN_0004641,CUST_04947,Personal,2021-02-17,1193346.85,15.95,24,1,N,N
LOAN_0004642,CUST_03934,Personal,2022-07-22,1131307.97,12.42,36,1,N,N
LOAN_0004643,CUST_09474,Personal,2021-06-28,226353.25,14.29,48,13,N,N
LOAN_0004644,CUST_06115,Personal,2022-03-20,1403594.73,16.9,48,26,N,N
LOAN_0004645,CUST_04504,Personal,2026-05-01,1312866.07,15.3,60,3,N,N
LOAN_0004646,CUST_03198,Education,2023-06-10,1549516.73,8.48,60,3,N,N
LOAN_0004647,CUST_01231,Auto,2023-04-04,2275147.44,12.94,72,0,N,N
LOAN_0004648,CUST_06171,Home,2022-10-03,3865652.68,9.92,240,150,Y,Y
LOAN_0004649,CUST_07801,Personal,2023-07-18,846815.82,11.76,60,4,N,N
LOAN_0004650,CUST_04826,Personal,2023-01-08,1021669.1,10.62,36,9,N,N
LOAN_0004651,CUST_01605,Personal,2022-03-24,1455515.33,10.84,60,2,N,N
LOAN_0004652,CUST_09613,Auto,2025-01-15,537539.36,11.45,48,26,N,N
LOAN_0004653,CUST_07933,Auto,2026-01-26,1998168.66,8.16,60,1,N,N
LOAN_0004654,CUST_03921,Personal,2022-05-29,1012364.34,16.83,36,3,N,N
LOAN_0004655,CUST_01120,Auto,2021-10-20,882518.39,12.25,60,5,N,N
LOAN_0004656,CUST_08228,Home,2022-04-16,4762828.48,9.7,180,10,N,N
LOAN_0004657,CUST_04922,Home,2023-05-15,7565392.5,7.05,120,1,N,N
LOAN_0004658,CUST_07144,Education,2022-10-02,1008749.64,12.14,60,9,N,N
LOAN_0004659,CUST_00860,Auto,2022-01-25,1997032.99,11.27,72,0,N,N
LOAN_0004660,CUST_00422,Home,2022-03-15,5908103.39,9.1,240,8,N,N
LOAN_0004661,CUST_03962,Education,2022-06-30,1172547.26,10.09,84,0,N,N
LOAN_0004662,CUST_09051,Auto,2021-06-25,699882.01,9.97,72,9,N,N
LOAN_0004663,CUST_09122,Home,2023-05-15,9967138.05,10.01,300,0,N,N
LOAN_0004664,CUST_07915,Auto,2021-10-23,935969.94,12.74,72,5,N,N
LOAN_0004665,CUST_02274,Home,2025-12-25,6001212.36,8.48,180,14,N,N
LOAN_0004666,CUST_00408,Personal,2026-05-04,322353.67,15.46,36,21,N,N
LOAN_0004667,CUST_02223,Education,2023-09-24,1638275.6,9.32,60,5,N,N
LOAN_0004668,CUST_03073,Auto,2026-02-12,1090910.03,9.85,36,13,N,N
LOAN_0004669,CUST_06587,Home,2025-04-10,6568514.16,10.09,120,3,N,N
LOAN_0004670,CUST_00086,Auto,2024-07-02,2346128.32,9.9,60,10,N,N
LOAN_0004671,CUST_06390,Personal,2024-02-24,729644.12,13.69,24,4,N,N
LOAN_0004672,CUST_04904,Auto,2026-04-20,1635235.0,10.79,72,0,N,N
LOAN_0004673,CUST_05753,Personal,2023-01-03,273253.19,16.53,48,3,N,N
LOAN_0004674,CUST_00933,Personal,2024-09-15,1129459.52,17.71,60,9,N,N
LOAN_0004675,CUST_06046,Personal,2024-04-13,305587.75,10.75,48,0,N,N
LOAN_0004676,CUST_02279,Education,2022-03-24,654339.61,9.98,60,1,N,N
LOAN_0004677,CUST_05069,Home,2022-07-15,2171366.24,10.29,180,0,N,N
LOAN_0004678,CUST_06677,Education,2025-05-10,1338184.56,8.74,60,4,N,N
LOAN_0004679,CUST_06395,Education,2024-09-18,1268577.08,10.52,60,5,N,N
LOAN_0004680,CUST_06710,Personal,2022-06-03,1014874.52,12.76,60,1,N,N
LOAN_0004681,CUST_08592,Personal,2024-06-08,926430.26,13.35,36,0,N,N
LOAN_0004682,CUST_00499,Personal,2026-01-02,936257.17,16.26,24,7,N,N
LOAN_0004683,CUST_04111,Home,2022-10-28,6952279.91,7.0,180,1,N,N
LOAN_0004684,CUST_04699,Personal,2021-11-15,1401974.07,13.55,48,9,N,N
LOAN_0004685,CUST_01920,Home,2024-06-28,2073171.25,10.11,180,14,N,N
LOAN_0004686,CUST_04027,Education,2021-07-02,587213.66,10.25,60,12,N,N
LOAN_0004687,CUST_04667,Personal,2022-08-01,890096.56,10.83,24,0,N,N
LOAN_0004688,CUST_03858,Auto,2025-06-29,440963.77,8.68,60,24,N,N
LOAN_0004689,CUST_03372,Auto,2023-03-13,2406492.6,9.88,72,3,N,N
LOAN_0004690,CUST_03190,Education,2021-12-18,791570.02,7.62,120,2,N,N
LOAN_0004691,CUST_07570,Personal,2023-09-17,1180963.24,14.48,24,1,N,N
LOAN_0004692,CUST_00252,Home,2022-06-01,4792021.56,9.08,240,9,N,N
LOAN_0004693,CUST_08448,Personal,2022-06-14,940955.43,11.84,60,6,N,N
LOAN_0004694,CUST_03028,Home,2022-09-07,3702347.05,10.12,120,3,N,N
LOAN_0004695,CUST_05163,Personal,2022-08-14,486833.78,14.38,48,13,N,N
LOAN_0004696,CUST_06383,Home,2023-09-11,2600452.15,7.19,180,0,N,N
LOAN_0004697,CUST_05435,Personal,2021-02-27,375011.18,14.21,36,0,N,N
LOAN_0004698,CUST_01098,Home,2024-03-19,4306063.18,8.08,180,4,N,N
LOAN_0004699,CUST_00673,Personal,2021-05-03,861887.73,12.57,60,60,N,N
LOAN_0004700,CUST_01801,Education,2023-01-03,530398.48,10.49,84,20,N,N
LOAN_0004701,CUST_08383,Personal,2026-06-16,889479.13,11.01,48,0,N,N
LOAN_0004702,CUST_05035,Personal,2023-01-02,519137.03,14.55,24,10,N,N
LOAN_0004703,CUST_10105,Home,2026-06-30,5400654.92,10.09,120,6,N,N
LOAN_0004704,CUST_01706,Home,2021-08-08,5962203.69,9.65,240,5,N,N
LOAN_0004705,CUST_00530,Home,2023-06-08,3924289.88,9.69,180,3,N,N
LOAN_0004706,CUST_06714,Personal,2021-05-12,620343.59,15.46,60,6,N,N
LOAN_0004707,CUST_07157,Auto,2024-12-27,753357.81,9.6,48,4,N,N
LOAN_0004708,CUST_05794,Auto,2023-09-07,1072221.15,8.28,60,30,N,N
LOAN_0004709,CUST_01488,Education,2024-03-01,670478.89,7.97,60,6,N,N
LOAN_0004710,CUST_08970,Auto,2021-05-13,436851.06,12.56,48,8,N,N
LOAN_0004711,CUST_06536,Auto,2025-09-24,939952.95,9.16,36,0,N,N
LOAN_0004712,CUST_09346,Auto,2024-10-28,945362.87,8.21,72,1,N,N
LOAN_0004713,CUST_04364,Personal,2022-07-24,1157467.4,11.94,24,0,N,N
LOAN_0004714,CUST_03739,Personal,2021-01-21,631923.01,14.69,36,2,N,N
LOAN_0004715,CUST_02780,Home,2021-03-08,8669789.91,7.77,300,16,N,N
LOAN_0004716,CUST_02905,Personal,2021-10-06,885665.9,12.88,48,5,N,N
LOAN_0004717,CUST_04040,Home,2021-05-13,4557599.75,8.33,120,150,Y,Y
LOAN_0004718,CUST_03408,Personal,2021-06-25,1149671.14,12.39,24,16,N,N
LOAN_0004719,CUST_06956,Home,2022-12-18,2457063.02,8.75,180,10,N,N
LOAN_0004720,CUST_05392,Personal,2021-07-13,1443941.66,11.48,24,4,N,N
LOAN_0004721,CUST_07742,Education,2021-02-27,267980.57,8.62,60,1,N,N
LOAN_0004722,CUST_00115,Personal,2024-04-01,704149.62,13.7,24,5,N,N
LOAN_0004723,CUST_08026,Personal,2026-04-03,325754.59,15.06,24,1,N,N
LOAN_0004724,CUST_09647,Auto,2025-07-18,434117.4,9.28,36,8,N,N
LOAN_0004725,CUST_02784,Personal,2024-04-07,310224.81,11.16,24,3,N,N
LOAN_0004726,CUST_09423,Personal,2026-02-25,1269433.04,13.58,36,0,N,N
LOAN_0004727,CUST_03436,Education,2023-11-06,509094.73,9.0,120,1,N,N
LOAN_0004728,CUST_08572,Auto,2025-03-23,887634.11,12.29,60,1,N,N
LOAN_0004729,CUST_09922,Personal,2025-07-12,207985.18,12.8,36,8,N,N
LOAN_0004730,CUST_03645,Home,2025-02-19,8572418.57,9.96,180,5,N,N
LOAN_0004731,CUST_10006,Home,2022-09-30,7255746.05,10.07,180,9,N,N
LOAN_0004732,CUST_08939,Personal,2021-08-21,618604.8,11.68,48,0,N,N
LOAN_0004733,CUST_08483,Auto,2022-06-28,686230.51,12.98,72,1,N,N
LOAN_0004734,CUST_04345,Education,2021-05-06,1438578.25,10.7,60,8,N,N
LOAN_0004735,CUST_04659,Personal,2022-10-12,683065.22,14.88,48,75,N,N
LOAN_0004736,CUST_01952,Auto,2022-11-21,1674914.41,11.97,48,35,N,N
LOAN_0004737,CUST_09390,Personal,2021-03-08,698739.78,16.56,48,1,N,N
LOAN_0004738,CUST_05630,Personal,2025-06-28,1280318.47,14.21,36,1,N,N
LOAN_0004739,CUST_09704,Personal,2022-09-08,1421619.64,16.57,48,5,N,N
LOAN_0004740,CUST_05176,Personal,2022-12-06,790499.22,16.25,24,17,N,N
LOAN_0004741,CUST_04617,Home,2024-02-11,9540342.66,9.18,120,6,N,N
LOAN_0004742,CUST_00392,Personal,2025-01-21,735144.02,11.92,60,1,N,N
LOAN_0004743,CUST_00641,Education,2021-11-15,1737542.34,9.03,84,0,N,N
LOAN_0004744,CUST_01233,Auto,2023-04-09,799266.69,8.25,48,12,N,N
LOAN_0004745,CUST_09757,Home,2025-10-29,8956095.61,10.03,240,5,N,N
LOAN_0004746,CUST_04320,Personal,2026-04-19,585417.96,13.66,36,2,N,N
LOAN_0004747,CUST_04529,Home,2024-04-26,3585744.78,10.23,300,30,N,N
LOAN_0004748,CUST_00223,Personal,2023-03-17,904941.33,15.84,48,7,N,N
LOAN_0004749,CUST_03249,Auto,2022-03-22,579379.67,9.56,36,13,N,N
LOAN_0004750,CUST_03454,Personal,2022-02-04,1003603.5,17.34,24,2,N,N
LOAN_0004751,CUST_05432,Home,2021-07-28,2020872.34,8.97,120,1,N,N
LOAN_0004752,CUST_03105,Home,2024-12-19,2290879.91,9.23,120,24,N,N
LOAN_0004753,CUST_08870,Auto,2024-12-14,1719891.17,10.2,48,14,N,N
LOAN_0004754,CUST_09456,Education,2026-07-06,379341.04,9.06,84,2,N,N
LOAN_0004755,CUST_06203,Home,2024-01-28,3078902.6,7.09,120,2,N,N
LOAN_0004756,CUST_00311,Auto,2026-06-28,2313742.27,10.77,72,10,N,N
LOAN_0004757,CUST_07902,Auto,2023-10-11,1425286.11,13.0,48,2,N,N
LOAN_0004758,CUST_00606,Auto,2025-05-29,402844.47,12.79,48,8,N,N
LOAN_0004759,CUST_09824,Home,2021-11-18,3698977.99,8.26,300,5,N,N
LOAN_0004760,CUST_02800,Home,2021-09-14,2248942.05,7.63,180,120,Y,Y
LOAN_0004761,CUST_04827,Home,2026-05-11,3230770.58,9.87,300,9,N,N
LOAN_0004762,CUST_01037,Personal,2021-02-12,449050.27,17.91,48,7,N,N
LOAN_0004763,CUST_02086,Education,2022-05-05,249030.63,9.04,84,12,N,N
LOAN_0004764,CUST_09577,Education,2024-03-20,347167.93,7.96,84,4,N,N
LOAN_0004765,CUST_03310,Personal,2021-11-09,580554.92,11.26,36,7,N,N
LOAN_0004766,CUST_06555,Personal,2023-05-02,136273.43,14.71,48,8,N,N
LOAN_0004767,CUST_01355,Education,2021-02-19,1809836.59,11.15,120,1,N,N
LOAN_0004768,CUST_01337,Home,2024-11-01,3164912.05,9.4,120,8,N,N
LOAN_0004769,CUST_09063,Education,2022-04-12,1320751.51,9.99,84,8,N,N
LOAN_0004770,CUST_07537,Personal,2026-02-07,804928.32,17.32,24,3,N,N
LOAN_0004771,CUST_09713,Home,2024-06-19,8712014.23,9.2,120,6,N,N
LOAN_0004772,CUST_02561,Personal,2026-06-20,1295939.07,13.93,60,1,N,N
LOAN_0004773,CUST_05131,Home,2025-09-01,2905373.8,7.11,300,17,N,N
LOAN_0004774,CUST_03133,Personal,2026-04-10,852043.62,12.31,48,0,N,N
LOAN_0004775,CUST_08543,Education,2022-01-30,1010555.65,12.09,60,1,N,N
LOAN_0004776,CUST_00173,Education,2025-10-01,588636.1,7.54,120,6,N,N
LOAN_0004777,CUST_05116,Personal,2025-02-16,606088.45,11.55,36,7,N,N
LOAN_0004778,CUST_00464,Home,2021-03-07,8473372.51,10.1,180,17,N,N
LOAN_0004779,CUST_03162,Education,2022-01-06,381348.18,8.86,84,1,N,N
LOAN_0004780,CUST_02301,Education,2023-08-16,1368073.7,10.1,120,17,N,N
LOAN_0004781,CUST_04591,Education,2023-11-30,1466358.12,9.66,120,1,N,N
LOAN_0004782,CUST_04718,Education,2021-07-22,1614717.4,8.06,60,2,N,N
LOAN_0004783,CUST_03238,Personal,2022-08-26,580231.55,10.64,24,2,N,N
LOAN_0004784,CUST_05438,Home,2024-09-03,5070441.43,8.39,180,2,N,N
LOAN_0004785,CUST_08304,Auto,2022-01-28,854667.28,12.64,36,2,N,N
LOAN_0004786,CUST_03484,Personal,2022-04-02,461165.82,11.11,24,6,N,N
LOAN_0004787,CUST_09827,Personal,2022-12-22,539235.52,16.88,60,7,N,N
LOAN_0004788,CUST_01953,Personal,2021-08-11,228056.86,15.77,24,14,N,N
LOAN_0004789,CUST_05241,Auto,2021-02-21,2274610.48,8.86,60,8,N,N
LOAN_0004790,CUST_10049,Auto,2022-04-15,530177.6,10.39,60,4,N,N
LOAN_0004791,CUST_9999,Auto,2023-06-23,1968668.98,9.22,60,4,N,N
LOAN_0004792,CUST_06752,Home,2021-02-12,8671006.27,9.02,120,1,N,N
LOAN_0004793,CUST_01952,Personal,2023-09-25,881112.33,16.65,36,3,N,N
LOAN_0004794,CUST_08429,Home,2023-06-30,4761306.49,7.97,180,9,N,N
LOAN_0004795,CUST_05853,Auto,2021-01-07,1334832.83,10.9,72,3,N,N
LOAN_0004796,CUST_01559,Personal,2021-02-25,911240.79,17.39,60,1,N,N
LOAN_0004797,CUST_04373,Home,2022-02-19,4414682.88,9.28,300,0,N,N
LOAN_0004798,CUST_08347,Personal,2026-07-11,1344495.91,14.53,48,2,N,N
LOAN_0004799,CUST_01977,Home,2021-12-28,5347488.86,8.22,120,6,N,N
LOAN_0004800,CUST_08644,Auto,2021-09-04,1710386.88,9.82,72,15,N,N
LOAN_0004801,CUST_07292,Auto,2021-06-12,1301321.02,11.74,36,7,N,N
LOAN_0004802,CUST_09500,Personal,2021-09-07,412376.16,13.3,48,8,N,N
LOAN_0004803,CUST_10104,Home,2023-03-18,5594492.39,10.38,120,18,N,N
LOAN_0004804,CUST_01156,Home,2021-01-31,5891850.77,8.56,300,120,Y,Y
LOAN_0004805,CUST_00581,Personal,2025-02-21,1172168.73,16.55,60,5,N,N
LOAN_0004806,CUST_9999,Home,2022-03-03,4921248.28,8.69,300,2,N,N
LOAN_0004807,CUST_05036,Home,2025-05-25,4157262.7,9.8,240,6,N,N
LOAN_0004808,CUST_04693,Personal,2024-01-03,1401661.16,17.24,60,21,N,N
LOAN_0004809,CUST_08703,Education,2023-06-09,397619.93,12.36,120,0,N,N
LOAN_0004810,CUST_03573,Auto,2022-09-07,750652.89,12.63,72,0,N,N
LOAN_0004811,CUST_00711,Home,2024-05-27,8090045.32,8.93,180,6,N,N
LOAN_0004812,CUST_06676,Auto,2023-11-17,1023006.97,8.04,36,2,N,N
LOAN_0004813,CUST_06741,Home,2024-08-12,8751504.63,7.68,240,4,N,N
LOAN_0004814,CUST_06946,Education,2024-09-18,1109402.62,8.22,84,24,N,N
LOAN_0004815,CUST_04930,Home,2022-12-10,2293517.54,7.79,300,2,N,N
LOAN_0004816,CUST_02913,Auto,2023-12-28,867879.68,12.62,60,1,N,N
LOAN_0004817,CUST_05302,Personal,2024-03-25,1357223.23,12.98,36,5,N,N
LOAN_0004818,CUST_00381,Personal,2025-09-27,542278.19,11.41,24,3,N,N
LOAN_0004819,CUST_04734,Personal,2022-02-02,302422.68,11.59,24,17,N,N
LOAN_0004820,CUST_07712,Education,2021-08-28,1971109.33,9.52,84,2,N,N
LOAN_0004821,CUST_08403,Home,2025-12-26,7180132.53,7.03,240,12,N,N
LOAN_0004822,CUST_07398,Personal,2021-09-20,833283.82,10.97,60,16,N,N
LOAN_0004823,CUST_00161,Home,2022-03-06,2012191.91,7.58,300,1,N,N
LOAN_0004824,CUST_03048,Personal,2023-09-28,1485390.97,11.18,48,4,N,N
LOAN_0004825,CUST_04372,Personal,2023-03-27,1192363.27,16.46,48,15,N,N
LOAN_0004826,CUST_02603,Home,2021-09-19,5030468.1,9.8,120,3,N,N
LOAN_0004827,CUST_10113,Personal,2024-09-15,974907.14,16.97,60,13,N,N
LOAN_0004828,CUST_03315,Auto,2023-08-01,2137613.3,9.69,48,0,N,N
LOAN_0004829,CUST_01567,Education,2026-06-01,469210.48,9.13,120,7,N,N
LOAN_0004830,CUST_02483,Education,2021-01-30,1022742.05,7.65,84,2,N,N
LOAN_0004831,CUST_09685,Auto,2026-04-05,531176.94,9.12,48,1,N,N
LOAN_0004832,CUST_09338,Home,2021-03-30,4821035.36,7.11,300,5,N,N
LOAN_0004833,CUST_07670,Auto,2023-04-01,1495635.34,11.56,72,19,N,N
LOAN_0004834,CUST_09314,Education,2024-04-06,684740.67,8.93,84,4,N,N
LOAN_0004835,CUST_07282,Personal,2023-10-09,328150.17,14.25,48,0,N,N
LOAN_0004836,CUST_02488,Personal,2021-06-22,1422181.42,12.73,60,5,N,N
LOAN_0004837,CUST_01082,Home,2021-02-28,5498149.1,8.54,240,11,N,N
LOAN_0004838,CUST_07473,Personal,2021-01-27,468855.66,10.64,60,27,N,N
LOAN_0004839,CUST_00362,Personal,2023-10-11,854446.82,15.27,48,0,N,N
LOAN_0004840,CUST_02425,Education,2025-07-04,1585545.47,11.93,60,6,N,N
LOAN_0004841,CUST_02097,Home,2026-03-17,9444626.79,8.92,240,1,N,N
LOAN_0004842,CUST_03401,Home,2022-03-18,6662563.37,10.42,240,0,N,N
LOAN_0004843,CUST_05756,Auto,2025-05-16,1441262.52,12.09,72,5,N,N
LOAN_0004844,CUST_04816,Personal,2021-02-05,1154472.94,17.93,24,3,N,N
LOAN_0004845,CUST_02932,Personal,2025-06-11,365441.76,17.9,24,16,N,N
LOAN_0004846,CUST_09204,Home,2025-06-05,9682464.55,10.4,240,17,N,N
LOAN_0004847,CUST_07656,Home,2026-07-02,8912575.75,8.76,240,75,N,N
LOAN_0004848,CUST_09697,Auto,2025-06-08,1816760.57,10.04,36,25,N,N
LOAN_0004849,CUST_09695,Education,2024-11-20,251185.54,7.51,84,1,N,N
LOAN_0004850,CUST_02227,Home,2024-11-19,2490770.23,9.16,120,75,N,N
LOAN_0004851,CUST_00277,Personal,2024-03-29,1319938.33,15.54,48,2,N,N
LOAN_0004852,CUST_04579,Personal,2024-09-17,1349037.89,11.72,48,18,N,N
LOAN_0004853,CUST_04243,Personal,2021-08-30,1085641.66,15.59,48,0,N,N
LOAN_0004854,CUST_10135,Personal,2022-05-19,453666.27,12.58,36,1,N,N
LOAN_0004855,CUST_08999,Auto,2024-08-16,1848925.8,12.03,60,39,N,N
LOAN_0004856,CUST_07477,Home,2022-07-06,5046211.75,10.49,240,5,N,N
LOAN_0004857,CUST_05343,Auto,2023-09-09,1526192.72,9.44,72,5,N,N
LOAN_0004858,CUST_07955,Education,2023-12-27,1359584.95,10.28,120,1,N,N
LOAN_0004859,CUST_00246,Personal,2025-01-16,721626.13,11.32,24,7,N,N
LOAN_0004860,CUST_08648,Personal,2024-05-14,1497691.51,12.7,24,0,N,N
LOAN_0004861,CUST_07281,Education,2026-04-29,1370075.32,10.98,60,3,N,N
LOAN_0004862,CUST_04758,Home,2022-01-23,7024165.68,9.14,180,4,N,N
LOAN_0004863,CUST_02390,Home,2021-09-20,3762678.92,8.1,240,1,N,N
LOAN_0004864,CUST_02663,Personal,2025-01-06,1485743.65,17.54,48,1,N,N
LOAN_0004865,CUST_00939,Home,2022-01-03,3181963.85,7.04,120,0,N,N
LOAN_0004866,CUST_04491,Personal,2025-03-30,1218649.42,12.89,48,10,N,N
LOAN_0004867,CUST_01305,Auto,2025-06-26,1667055.31,10.21,48,1,N,N
LOAN_0004868,CUST_06282,Home,2024-03-22,2814449.76,7.77,240,18,N,N
LOAN_0004869,CUST_02242,Home,2025-10-13,5784403.77,9.73,240,3,N,N
LOAN_0004870,CUST_00581,Personal,2026-05-12,755846.75,15.14,36,8,N,N
LOAN_0004871,CUST_04672,Auto,2021-10-03,2254495.05,10.34,72,13,N,N
LOAN_0004872,CUST_08187,Auto,2022-11-03,2460108.12,11.05,72,6,N,N
LOAN_0004873,CUST_07010,Auto,2024-07-24,1475282.55,8.56,60,25,N,N
LOAN_0004874,CUST_08244,Personal,2024-06-05,1449154.18,12.58,36,6,N,N
LOAN_0004875,CUST_02699,Education,2024-09-19,701233.09,7.55,120,0,N,N
LOAN_0004876,CUST_00727,Personal,2022-10-27,764129.36,14.4,48,2,N,N
LOAN_0004877,CUST_08841,Personal,2023-06-23,830625.85,16.94,60,3,N,N
LOAN_0004878,CUST_01665,Home,2025-03-19,3353713.08,8.55,300,3,N,N
LOAN_0004879,CUST_00797,Home,2022-07-24,3033025.58,10.2,120,4,N,N
LOAN_0004880,CUST_05231,Education,2025-11-29,1666116.63,11.36,60,4,N,N
LOAN_0004881,CUST_02017,Education,2026-04-26,411004.98,8.75,84,0,N,N
LOAN_0004882,CUST_06991,Personal,2021-08-29,619832.41,16.74,24,150,Y,Y
LOAN_0004883,CUST_00535,Auto,2022-04-06,1142754.78,8.12,72,8,N,N
LOAN_0004884,CUST_08653,Auto,2023-01-01,757229.23,10.97,48,6,N,N
LOAN_0004885,CUST_04834,Personal,2022-05-17,241708.88,13.06,36,2,N,N
LOAN_0004886,CUST_04799,Home,2025-08-08,9835730.97,7.71,300,3,N,N
LOAN_0004887,CUST_08454,Home,2021-02-08,9752288.13,8.66,180,4,N,N
LOAN_0004888,CUST_02523,Education,2026-07-15,611916.01,9.72,120,20,N,N
LOAN_0004889,CUST_02311,Home,2024-11-04,5929716.22,10.25,180,0,N,N
LOAN_0004890,CUST_04685,Personal,2022-07-20,948858.5,13.39,48,10,N,N
LOAN_0004891,CUST_09123,Auto,2025-08-07,2053360.45,8.99,60,3,N,N
LOAN_0004892,CUST_07561,Education,2023-04-30,291336.02,9.28,120,13,N,N
LOAN_0004893,CUST_07978,Personal,2023-10-21,856064.04,12.79,60,3,N,N
LOAN_0004894,CUST_06262,Personal,2025-01-18,214313.38,10.97,60,1,N,N
LOAN_0004895,CUST_09557,Education,2024-05-15,1387816.1,9.21,84,16,N,N
LOAN_0004896,CUST_05453,Home,2023-06-22,9224151.69,8.26,240,4,N,N
LOAN_0004897,CUST_01700,Personal,2022-10-12,770579.0,17.87,48,120,Y,Y
LOAN_0004898,CUST_08013,Personal,2021-04-26,767284.74,15.74,36,7,N,N
LOAN_0004899,CUST_04439,Home,2022-07-22,9243277.74,9.04,240,9,N,N
LOAN_0004900,CUST_00068,Personal,2024-04-17,772827.71,16.63,36,7,N,N
LOAN_0004901,CUST_02975,Education,2026-03-17,729139.85,9.73,60,2,N,N
LOAN_0004902,CUST_03594,Education,2021-04-21,708856.19,10.64,84,60,N,N
LOAN_0004903,CUST_00343,Auto,2025-09-30,1930234.5,9.39,60,0,N,N
LOAN_0004904,CUST_09490,Home,2026-06-11,9549085.26,9.14,300,6,N,N
LOAN_0004905,CUST_09590,Home,2022-02-17,3108337.01,8.26,240,14,N,N
LOAN_0004906,CUST_01635,Home,2022-09-18,5393948.83,8.37,240,8,N,N
LOAN_0004907,CUST_08581,Auto,2025-06-30,2426148.32,12.49,72,2,N,N
LOAN_0004908,CUST_06164,Home,2023-11-05,3538835.84,7.59,240,16,N,N
LOAN_0004909,CUST_02027,Education,2022-07-07,510301.81,9.6,60,1,N,N
LOAN_0004910,CUST_04687,Home,2024-05-21,5647239.83,9.21,120,0,N,N
LOAN_0004911,CUST_09261,Personal,2024-05-19,884294.08,17.64,60,2,N,N
LOAN_0004912,CUST_01831,Home,2025-07-15,9332111.92,9.83,300,0,N,N
LOAN_0004913,CUST_09588,Auto,2026-04-24,1283406.91,8.53,48,2,N,N
LOAN_0004914,CUST_07609,Personal,2023-11-21,739455.17,13.4,36,0,N,N
LOAN_0004915,CUST_04995,Personal,2022-11-04,1459845.18,12.16,36,18,N,N
LOAN_0004916,CUST_06532,Auto,2021-02-18,2072981.34,10.43,48,5,N,N
LOAN_0004917,CUST_04002,Home,2023-05-07,7212147.25,10.11,300,11,N,N
LOAN_0004918,CUST_02615,Home,2022-02-28,3502968.96,9.64,300,14,N,N
LOAN_0004919,CUST_02467,Auto,2021-12-31,1771174.44,8.13,48,4,N,N
LOAN_0004920,CUST_00979,Home,2025-11-20,7788724.26,9.06,120,14,N,N
LOAN_0004921,CUST_02120,Education,2022-04-02,1679542.22,8.24,120,12,N,N
LOAN_0004922,CUST_03500,Auto,2026-04-07,974664.78,12.08,60,4,N,N
LOAN_0004923,CUST_06876,Home,2025-09-10,3283127.68,7.46,300,14,N,N
LOAN_0004924,CUST_00629,Auto,2024-02-07,2426745.87,11.83,60,6,N,N
LOAN_0004925,CUST_00933,Education,2026-07-08,1017622.34,10.77,84,4,N,N
LOAN_0004926,CUST_00311,Personal,2022-01-19,1024850.09,10.87,24,0,N,N
LOAN_0004927,CUST_03852,Auto,2023-11-03,1505407.47,9.38,36,4,N,N
LOAN_0004928,CUST_00179,Home,2023-07-03,4952092.57,10.29,300,11,N,N
LOAN_0004929,CUST_03855,Auto,2022-02-07,688375.18,10.65,72,5,N,N
LOAN_0004930,CUST_07123,Home,2025-12-04,7108417.55,9.13,120,7,N,N
LOAN_0004931,CUST_09275,Home,2022-09-17,9577752.69,7.95,300,2,N,N
LOAN_0004932,CUST_00689,Personal,2024-01-29,1126309.58,14.49,48,2,N,N
LOAN_0004933,CUST_01304,Personal,2021-01-23,189706.36,17.9,60,15,N,N
LOAN_0004934,CUST_07443,Education,2022-10-14,992762.12,8.68,84,12,N,N
LOAN_0004935,CUST_02979,Personal,2024-11-13,423019.94,16.9,36,6,N,N
LOAN_0004936,CUST_08161,Home,2024-11-27,6195976.58,8.95,300,0,N,N
LOAN_0004937,CUST_03158,Auto,2026-02-14,1993126.47,12.87,36,9,N,N
LOAN_0004938,CUST_05388,Auto,2026-03-26,1335969.36,10.08,60,12,N,N
LOAN_0004939,CUST_05056,Auto,2025-04-03,2056565.19,8.15,60,9,N,N
LOAN_0004940,CUST_00735,Education,2026-05-16,283815.49,10.36,60,0,N,N
LOAN_0004941,CUST_05920,Personal,2022-05-31,965745.38,17.62,48,2,N,N
LOAN_0004942,CUST_02822,Personal,2023-06-20,1302263.23,16.37,24,6,N,N
LOAN_0004943,CUST_07756,Auto,2024-12-22,2220290.2,10.41,36,1,N,N
LOAN_0004944,CUST_08771,Education,2021-07-28,1429976.88,12.44,60,12,N,N
LOAN_0004945,CUST_08307,Personal,2026-05-07,217746.63,13.59,36,10,N,N
LOAN_0004946,CUST_09203,Education,2025-09-08,1579578.42,10.09,120,1,N,N
LOAN_0004947,CUST_06476,Auto,2026-04-11,1440346.04,8.57,48,4,N,N
LOAN_0004948,CUST_05335,Education,2022-03-04,918008.4,11.68,120,0,N,N
LOAN_0004949,CUST_08992,Home,2021-03-10,7284738.29,8.17,180,14,N,N
LOAN_0004950,CUST_03475,Personal,2025-12-20,889204.19,14.95,60,6,N,N
LOAN_0004951,CUST_07805,Personal,2024-08-30,180572.72,13.69,24,8,N,N
LOAN_0004952,CUST_03390,Personal,2023-02-17,574154.07,11.75,24,9,N,N
LOAN_0004953,CUST_09097,Home,2026-07-11,5159329.0,7.59,240,15,N,N
LOAN_0004954,CUST_09253,Home,2022-10-30,6916729.93,8.83,300,0,N,N
LOAN_0004955,CUST_10170,Home,2022-01-15,9714103.88,8.47,240,10,N,N
LOAN_0004956,CUST_03086,Home,2021-06-11,5135698.35,8.64,120,6,N,N
LOAN_0004957,CUST_06784,Education,2026-05-21,948045.86,7.63,84,2,N,N
LOAN_0004958,CUST_05649,Education,2024-06-20,1401274.65,11.66,60,1,N,N
LOAN_0004959,CUST_05480,Education,2023-10-18,1084996.09,8.83,84,10,N,N
LOAN_0004960,CUST_00834,Personal,2022-03-15,1450303.66,15.18,60,2,N,N
LOAN_0004961,CUST_09396,Auto,2026-05-08,1935767.11,9.9,60,13,N,N
LOAN_0004962,CUST_04636,Auto,2024-09-24,1659381.43,9.4,48,9,N,N
LOAN_0004963,CUST_03233,Personal,2021-02-07,795074.65,13.94,60,0,N,N
LOAN_0004964,CUST_03425,Education,2025-06-03,251449.89,11.62,60,3,N,N
LOAN_0004965,CUST_06958,Home,2024-01-20,6709592.42,10.31,120,1,N,N
LOAN_0004966,CUST_01425,Auto,2021-05-24,1728093.88,11.25,36,14,N,N
LOAN_0004967,CUST_06579,Auto,2021-01-08,669409.13,10.56,48,10,N,N
LOAN_0004968,CUST_09979,Auto,2025-07-16,888536.65,9.51,60,11,N,N
LOAN_0004969,CUST_02936,Personal,2024-04-08,215040.3,16.16,48,4,N,N
LOAN_0004970,CUST_06401,Auto,2024-04-17,825652.28,8.08,36,2,N,N
LOAN_0004971,CUST_08393,Auto,2023-09-21,914426.8,11.2,72,4,N,N
LOAN_0004972,CUST_09395,Personal,2024-08-18,1488352.46,17.28,24,1,N,N
LOAN_0004973,CUST_05011,Education,2024-04-08,1115000.23,11.29,120,3,N,N
LOAN_0004974,CUST_05824,Education,2024-08-16,950312.91,9.6,84,5,N,N
LOAN_0004975,CUST_00944,Auto,2025-07-27,1236560.01,8.9,36,2,N,N
LOAN_0004976,CUST_09119,Home,2024-01-24,4798625.35,8.93,180,10,N,N
LOAN_0004977,CUST_01427,Education,2021-09-22,839550.92,7.59,120,1,N,N
LOAN_0004978,CUST_09460,Personal,2025-09-26,1287378.05,11.66,36,9,N,N
LOAN_0004979,CUST_09054,Education,2021-10-06,1821227.87,11.13,60,5,N,N
LOAN_0004980,CUST_08839,Personal,2024-12-02,503207.58,12.84,48,4,N,N
LOAN_0004981,CUST_09471,Auto,2024-05-07,2131092.86,10.72,60,7,N,N
LOAN_0004982,CUST_08889,Home,2021-03-03,5353896.61,7.17,240,8,N,N
LOAN_0004983,CUST_09328,Personal,2022-07-19,866897.36,10.54,36,1,N,N
LOAN_0004984,CUST_07834,Auto,2022-07-17,585813.96,11.79,48,24,N,N
LOAN_0004985,CUST_03955,Education,2024-03-19,744811.46,10.6,84,20,N,N
LOAN_0004986,CUST_03897,Personal,2021-06-20,557992.49,11.73,36,7,N,N
LOAN_0004987,CUST_09316,Home,2026-05-27,9615112.95,10.22,180,5,N,N
LOAN_0004988,CUST_05302,Personal,2025-05-01,924528.26,17.95,36,6,N,N
LOAN_0004989,CUST_03328,Education,2023-08-30,1876895.63,7.69,60,3,N,N
LOAN_0004990,CUST_09039,Home,2021-12-30,9319625.81,8.58,300,1,N,N
LOAN_0004991,CUST_03850,Home,2021-03-24,5776787.39,9.89,300,7,N,N
LOAN_0004992,CUST_04983,Auto,2026-07-05,1723716.79,11.06,72,0,N,N
LOAN_0004993,CUST_09888,Personal,2025-11-11,959028.27,14.62,48,7,N,N
LOAN_0004994,CUST_08044,Home,2021-02-23,2217348.36,8.1,240,4,N,N
LOAN_0004995,CUST_08903,Education,2026-06-09,641083.91,9.04,60,6,N,N
LOAN_0004996,CUST_06412,Auto,2021-07-25,814121.09,9.49,48,0,N,N
LOAN_0004997,CUST_01773,Education,2022-03-14,1372497.36,10.88,120,8,N,N
LOAN_0004998,CUST_03160,Home,2024-03-14,4760124.93,9.01,120,1,N,N
LOAN_0004999,CUST_08528,Home,2025-02-27,3835233.61,9.76,240,12,N,N
LOAN_0005000,CUST_01496,Home,2024-03-29,7132702.15,9.6,240,4,N,N
