Complaint_ID,Customer_ID,Complaint_Date,Category,Channel,Resolution_TAT_Days,CSAT_Score
CMP_0000001,CUST_04670,2025-05-10,Service,Digital,8,5
CMP_0000002,CUST_09740,2022-02-05,Service,Phone,8,5
CMP_0000003,CUST_01124,2025-03-18,Fees,Phone,2,5
CMP_0000004,CUST_03621,2025-09-02,Service,Digital,6,3
CMP_0000005,CUST_03679,2024-07-10,KYC,Phone,5,3
CMP_0000006,CUST_01639,2023-10-30,Service,Digital,2,4
CMP_0000007,CUST_06546,2023-02-24,Service,Digital,1,5
CMP_0000008,CUST_07941,2022-07-06,Service,Phone,8,4
CMP_0000009,CUST_07161,2026-07-19,Fees,Branch,1,5
CMP_0000010,CUST_03184,2023-01-15,Fees,Phone,10,5
CMP_0000011,CUST_01348,2026-04-03,Fees,Phone,12,5
CMP_0000012,CUST_04275,2023-12-08,Service,Branch,1,4
CMP_0000013,CUST_06459,2026-06-19,Service,Branch,5,2
CMP_0000014,CUST_01672,2022-07-19,Service,Phone,3,1
CMP_0000015,CUST_01891,2023-09-01,Fees,Phone,5,5
CMP_0000016,CUST_04557,2024-03-09,Service,Branch,55,4
CMP_0000017,CUST_02436,2023-12-09,Service,Phone,2,3
CMP_0000018,CUST_05018,2022-07-12,Service,Branch,3,5
CMP_0000019,CUST_07093,2024-05-11,Fees,Branch,3,4
CMP_0000020,CUST_06090,2026-06-17,Service,Phone,10,4
CMP_0000021,CUST_08955,2026-01-28,Fees,Digital,1,4
CMP_0000022,CUST_02207,2026-06-23,Fees,Branch,6,5
CMP_0000023,CUST_04480,2024-01-23,Fraud,Branch,2,4
CMP_0000024,CUST_02012,2024-01-20,Service,Digital,7,3
CMP_0000025,CUST_02352,2022-07-12,KYC,Phone,5,1
CMP_0000026,CUST_05024,2025-06-12,Service,Branch,7,2
CMP_0000027,CUST_07307,2024-09-19,KYC,Digital,6,4
CMP_0000028,CUST_00270,2026-01-06,Fees,Phone,5,5
CMP_0000029,CUST_00592,2023-08-14,Service,Digital,1,4
CMP_0000030,CUST_03423,2025-08-27,Service,Branch,3,3
CMP_0000031,CUST_08427,2024-02-07,Service,Phone,1,4
CMP_0000032,CUST_01509,2025-11-01,Fraud,Branch,6,5
CMP_0000033,CUST_06432,2022-09-12,Fees,Phone,4,3
CMP_0000034,CUST_07179,2024-09-30,Service,Phone,4,3
CMP_0000035,CUST_09033,2025-03-04,KYC,Phone,5,5
CMP_0000036,CUST_04722,2024-04-17,Service,Digital,2,5
CMP_0000037,CUST_01445,2023-09-28,Fees,Branch,9,5
CMP_0000038,CUST_01038,2023-12-13,Service,Digital,2,2
CMP_0000039,CUST_01595,2025-07-30,Service,Digital,8,4
CMP_0000040,CUST_05191,2026-05-30,Fees,Digital,8,1
CMP_0000041,CUST_02428,2026-06-27,Fees,Digital,2,3
CMP_0000042,CUST_04938,2025-08-12,Service,Branch,5,5
CMP_0000043,CUST_08176,2022-05-05,KYC,Digital,14,2
CMP_0000044,CUST_06191,2026-04-13,Service,Digital,6,4
CMP_0000045,CUST_05695,2025-10-13,Fees,Digital,1,5
CMP_0000046,CUST_09110,2022-03-19,KYC,Branch,2,5
CMP_0000047,CUST_00390,2022-04-13,Service,Digital,20,3
CMP_0000048,CUST_09339,2024-10-14,Service,Phone,10,4
CMP_0000049,CUST_09042,2022-02-05,Fraud,Digital,2,5
CMP_0000050,CUST_05566,2025-09-19,Fees,Branch,71,3
CMP_0000051,CUST_03114,2025-04-27,Service,Phone,4,4
CMP_0000052,CUST_00815,2023-07-09,Service,Branch,42,2
CMP_0000053,CUST_03568,2022-09-25,KYC,Digital,11,2
CMP_0000054,CUST_04335,2025-09-18,Fees,Branch,2,2
CMP_0000055,CUST_03340,2022-09-01,Service,Digital,4,1
CMP_0000056,CUST_02070,2024-04-20,KYC,Phone,4,4
CMP_0000057,CUST_07138,2023-06-11,Service,Branch,4,4
CMP_0000058,CUST_00164,2023-04-07,Fees,Phone,4,4
CMP_0000059,CUST_02378,2025-07-11,Fees,Branch,7,5
CMP_0000060,CUST_09842,2022-01-26,Service,Branch,4,4
CMP_0000061,CUST_05075,2025-08-27,Service,Phone,3,4
CMP_0000062,CUST_00944,2023-10-26,Fees,Phone,5,3
CMP_0000063,CUST_01744,2023-04-01,KYC,Digital,5,5
CMP_0000064,CUST_07186,2025-08-25,Service,Phone,3,4
CMP_0000065,CUST_07674,2022-08-18,KYC,Digital,2,5
CMP_0000066,CUST_06200,2026-06-30,KYC,Digital,9,4
CMP_0000067,CUST_03232,2022-07-09,Service,Phone,5,4
CMP_0000068,CUST_08283,2025-03-25,Fees,Branch,3,4
CMP_0000069,CUST_01016,2023-08-09,Fees,Phone,1,1
CMP_0000070,CUST_03163,2022-07-01,Fees,Branch,1,4
CMP_0000071,CUST_09454,2026-06-28,KYC,Phone,69,4
CMP_0000072,CUST_07204,2024-04-21,Fraud,Digital,10,3
CMP_0000073,CUST_08564,2025-07-01,Service,Branch,1,5
CMP_0000074,CUST_05344,2026-05-13,Fees,Branch,11,5
CMP_0000075,CUST_08008,2023-06-19,Fraud,Branch,3,2
CMP_0000076,CUST_06112,2024-06-22,Fees,Digital,8,5
CMP_0000077,CUST_09501,2023-01-31,KYC,Phone,3,5
CMP_0000078,CUST_09128,2024-11-11,KYC,Phone,2,5
CMP_0000079,CUST_05887,2024-12-19,Service,Branch,4,1
CMP_0000080,CUST_04554,2025-02-17,Service,Digital,3,5
CMP_0000081,CUST_03421,2026-02-28,Service,Phone,9,4
CMP_0000082,CUST_04708,2022-05-13,Service,Phone,5,1
CMP_0000083,CUST_08989,2023-09-20,Service,Digital,11,5
CMP_0000084,CUST_00485,2026-01-22,Fees,Digital,4,5
CMP_0000085,CUST_01191,2023-03-08,KYC,Phone,7,5
CMP_0000086,CUST_07546,2022-06-24,Service,Phone,14,5
CMP_0000087,CUST_06203,2025-02-14,Service,Phone,4,2
CMP_0000088,CUST_00136,2022-03-26,Fees,Digital,2,3
CMP_0000089,CUST_00484,2024-12-10,Fees,Branch,3,5
CMP_0000090,CUST_09450,2025-03-28,Service,Phone,3,5
CMP_0000091,CUST_05915,2024-07-24,Service,Phone,6,5
CMP_0000092,CUST_01008,2024-06-14,Service,Digital,14,1
CMP_0000093,CUST_02444,2022-05-03,Service,Digital,3,5
CMP_0000094,CUST_05706,2026-01-21,KYC,Branch,2,5
CMP_0000095,CUST_04722,2025-03-10,Fees,Branch,12,3
CMP_0000096,CUST_05949,2025-05-23,Service,Digital,11,5
CMP_0000097,CUST_08302,2022-07-16,KYC,Phone,8,4
CMP_0000098,CUST_07711,2022-01-13,Fraud,Digital,7,5
CMP_0000099,CUST_01851,2024-06-21,Service,Digital,3,5
CMP_0000100,CUST_03578,2025-07-31,Fees,Digital,4,3
CMP_0000101,CUST_08514,2022-08-13,Fraud,Phone,6,2
CMP_0000102,CUST_01446,2025-12-31,KYC,Branch,10,3
CMP_0000103,CUST_01640,2022-05-03,Fees,Digital,5,5
CMP_0000104,CUST_02677,2025-09-09,Fees,Branch,2,3
CMP_0000105,CUST_08815,2024-05-17,Fees,Phone,5,2
CMP_0000106,CUST_08944,2023-04-03,Service,Branch,16,5
CMP_0000107,CUST_01471,2024-12-27,Service,Digital,4,4
CMP_0000108,CUST_10146,2024-04-29,Service,Branch,15,3
CMP_0000109,CUST_01820,2024-03-22,Fees,Branch,72,5
CMP_0000110,CUST_01710,2025-01-21,Service,Phone,7,2
CMP_0000111,CUST_09444,2025-07-15,Fraud,Phone,7,5
CMP_0000112,CUST_05322,2024-12-23,KYC,Phone,2,2
CMP_0000113,CUST_08469,2022-07-07,Fees,Phone,1,4
CMP_0000114,CUST_00314,2025-12-25,KYC,Digital,19,2
CMP_0000115,CUST_01023,2022-08-05,KYC,Branch,6,4
CMP_0000116,CUST_07182,2022-05-24,Fees,Phone,8,5
CMP_0000117,CUST_06011,2024-06-22,KYC,Branch,5,3
CMP_0000118,CUST_02008,2022-09-07,Service,Branch,3,5
CMP_0000119,CUST_09197,2023-12-27,Service,Digital,1,1
CMP_0000120,CUST_05160,2024-03-18,Service,Branch,2,5
CMP_0000121,CUST_09985,2023-12-27,Service,Branch,5,4
CMP_0000122,CUST_02004,2025-09-30,Service,Phone,3,4
CMP_0000123,CUST_00847,2025-06-20,Service,Digital,7,1
CMP_0000124,CUST_08107,2022-07-05,KYC,Branch,2,4
CMP_0000125,CUST_01363,2022-09-03,Service,Phone,3,5
CMP_0000126,CUST_07166,2026-01-22,Fees,Phone,5,4
CMP_0000127,CUST_04365,2023-09-19,Fees,Branch,8,2
CMP_0000128,CUST_06131,2026-04-07,Service,Phone,7,5
CMP_0000129,CUST_02979,2022-12-06,Service,Branch,1,4
CMP_0000130,CUST_07108,2022-05-06,Fees,Digital,12,4
CMP_0000131,CUST_02319,2024-12-23,Fees,Branch,2,4
CMP_0000132,CUST_06880,2022-05-26,Fraud,Phone,13,4
CMP_0000133,CUST_05927,2024-07-08,Service,Branch,2,5
CMP_0000134,CUST_09036,2022-06-17,KYC,Branch,8,5
CMP_0000135,CUST_02144,2024-11-20,Service,Branch,3,4
CMP_0000136,CUST_08938,2025-03-18,Fees,Phone,6,4
CMP_0000137,CUST_07388,2024-06-03,Fees,Phone,2,4
CMP_0000138,CUST_06877,2026-02-01,Service,Digital,3,4
CMP_0000139,CUST_02437,2022-08-14,Service,Phone,7,4
CMP_0000140,CUST_01177,2025-04-03,Fees,Digital,8,4
CMP_0000141,CUST_04648,2025-05-01,Service,Digital,5,4
CMP_0000142,CUST_07262,2024-06-02,Fees,Digital,5,2
CMP_0000143,CUST_03075,2023-11-26,KYC,Digital,12,4
CMP_0000144,CUST_05199,2025-11-12,KYC,Branch,7,1
CMP_0000145,CUST_09063,2024-10-11,Service,Phone,5,3
CMP_0000146,CUST_04843,2023-05-16,Fraud,Digital,4,4
CMP_0000147,CUST_09490,2023-08-06,Service,Digital,17,3
CMP_0000148,CUST_07976,2025-10-15,Fees,Phone,1,5
CMP_0000149,CUST_01777,2023-11-18,Service,Phone,3,5
CMP_0000150,CUST_06068,2023-12-15,Service,Phone,8,4
CMP_0000151,CUST_01753,2022-11-12,Fees,Phone,1,5
CMP_0000152,CUST_00348,2022-09-23,Fees,Branch,6,5
CMP_0000153,CUST_03767,2025-01-18,KYC,Phone,7,2
CMP_0000154,CUST_05149,2024-12-26,Service,Branch,4,3
CMP_0000155,CUST_02733,2025-07-30,Fees,Phone,5,4
CMP_0000156,CUST_07419,2025-11-21,Service,Digital,3,3
CMP_0000157,CUST_06349,2025-06-12,Service,Branch,14,5
CMP_0000158,CUST_04064,2024-01-27,Fees,Phone,17,3
CMP_0000159,CUST_10146,2026-03-30,Service,Digital,4,3
CMP_0000160,CUST_09763,2023-08-31,Service,Branch,2,5
CMP_0000161,CUST_07637,2025-08-05,KYC,Phone,1,5
CMP_0000162,CUST_08512,2024-09-23,Fees,Phone,2,5
CMP_0000163,CUST_03264,2022-03-04,Fees,Branch,2,3
CMP_0000164,CUST_09299,2022-01-02,Service,Digital,36,2
CMP_0000165,CUST_09040,2024-06-15,Fraud,Phone,6,5
CMP_0000166,CUST_06874,2025-09-20,Service,Digital,5,4
CMP_0000167,CUST_06771,2024-04-11,Service,Digital,5,4
CMP_0000168,CUST_04911,2024-03-23,Service,Digital,14,3
CMP_0000169,CUST_08488,2025-09-18,Fraud,Branch,2,4
CMP_0000170,CUST_01170,2025-07-26,Service,Digital,2,5
CMP_0000171,CUST_00066,2024-04-22,Service,Branch,6,4
CMP_0000172,CUST_05429,2025-03-27,Fees,Digital,2,3
CMP_0000173,CUST_06938,2022-01-10,Service,Phone,14,4
CMP_0000174,CUST_05040,2023-12-18,Fees,Digital,7,3
CMP_0000175,CUST_03699,2025-01-28,Fees,Phone,13,4
CMP_0000176,CUST_03525,2023-09-12,Service,Phone,9,3
CMP_0000177,CUST_09577,2025-03-28,Service,Branch,5,5
CMP_0000178,CUST_04286,2024-06-12,Fees,Phone,24,3
CMP_0000179,CUST_05183,2022-12-06,Service,Digital,2,5
CMP_0000180,CUST_05700,2025-04-19,KYC,Phone,9,5
CMP_0000181,CUST_04004,2022-11-28,Fees,Phone,9,2
CMP_0000182,CUST_06623,2025-12-14,KYC,Phone,4,5
CMP_0000183,CUST_05196,2024-02-20,Fees,Phone,6,5
CMP_0000184,CUST_00290,2025-06-10,Fees,Branch,4,5
CMP_0000185,CUST_05223,2026-01-31,KYC,Phone,7,5
CMP_0000186,CUST_00254,2022-10-17,Fees,Branch,7,4
CMP_0000187,CUST_10155,2026-06-17,Fees,Digital,9,4
CMP_0000188,CUST_02800,2022-11-06,Fraud,Branch,24,1
CMP_0000189,CUST_02603,2026-01-12,Service,Branch,8,3
CMP_0000190,CUST_06071,2023-01-15,Service,Digital,2,5
CMP_0000191,CUST_09178,2023-01-06,Fraud,Branch,3,5
CMP_0000192,CUST_05236,2024-07-24,Fees,Phone,3,4
CMP_0000193,CUST_09944,2022-03-07,Service,Branch,10,3
CMP_0000194,CUST_02287,2023-03-06,Fees,Branch,1,5
CMP_0000195,CUST_09209,2025-12-23,Service,Branch,13,5
CMP_0000196,CUST_07885,2025-07-29,Fees,Digital,4,3
CMP_0000197,CUST_07315,2022-04-20,Service,Digital,17,5
CMP_0000198,CUST_09630,2026-05-21,Fees,Digital,8,5
CMP_0000199,CUST_08438,2025-04-17,Fees,Branch,2,4
CMP_0000200,CUST_02545,2023-08-25,KYC,Branch,2,5
CMP_0000201,CUST_01636,2022-11-18,Fees,Branch,11,5
CMP_0000202,CUST_03120,2025-04-16,Fees,Digital,7,5
CMP_0000203,CUST_07324,2026-04-19,KYC,Phone,3,5
CMP_0000204,CUST_07441,2024-01-14,Service,Digital,4,5
CMP_0000205,CUST_00318,2024-06-10,Service,Digital,15,2
CMP_0000206,CUST_03283,2025-10-22,Fees,Branch,13,4
CMP_0000207,CUST_06068,2024-07-26,KYC,Phone,7,3
CMP_0000208,CUST_00375,2025-12-07,Service,Phone,15,2
CMP_0000209,CUST_02769,2026-01-04,Fees,Phone,9,5
CMP_0000210,CUST_07925,2022-01-13,Fees,Phone,5,5
CMP_0000211,CUST_06639,2026-02-19,Service,Phone,12,3
CMP_0000212,CUST_09409,2022-11-30,Service,Branch,13,5
CMP_0000213,CUST_00063,2025-10-11,Fees,Phone,6,4
CMP_0000214,CUST_02296,2024-08-27,Service,Digital,4,4
CMP_0000215,CUST_04617,2022-02-15,Fees,Branch,8,5
CMP_0000216,CUST_09274,2024-04-20,KYC,Digital,7,4
CMP_0000217,CUST_09054,2026-06-18,Service,Phone,9,2
CMP_0000218,CUST_07992,2024-02-04,Fees,Phone,5,2
CMP_0000219,CUST_04626,2022-07-27,Service,Branch,2,1
CMP_0000220,CUST_09378,2023-02-24,KYC,Phone,1,3
CMP_0000221,CUST_07718,2026-01-18,KYC,Branch,2,5
CMP_0000222,CUST_07247,2022-12-04,Service,Phone,5,3
CMP_0000223,CUST_04957,2025-06-03,Fees,Phone,3,5
CMP_0000224,CUST_00672,2022-03-30,Service,Phone,33,5
CMP_0000225,CUST_04191,2023-03-08,Service,Phone,15,3
CMP_0000226,CUST_06826,2024-03-18,Fees,Branch,6,4
CMP_0000227,CUST_01096,2026-03-01,Fees,Digital,4,4
CMP_0000228,CUST_09712,2024-04-24,Fees,Phone,40,2
CMP_0000229,CUST_00180,2025-04-14,KYC,Branch,7,5
CMP_0000230,CUST_07264,2023-10-06,Service,Phone,5,5
CMP_0000231,CUST_05231,2022-05-22,Service,Digital,3,5
CMP_0000232,CUST_02073,2022-04-20,Fees,Digital,10,2
CMP_0000233,CUST_04240,2024-10-16,Service,Branch,6,4
CMP_0000234,CUST_06827,2025-08-13,Fraud,Branch,6,2
CMP_0000235,CUST_07199,2026-05-03,Fees,Digital,4,5
CMP_0000236,CUST_00689,2024-07-21,Service,Digital,2,4
CMP_0000237,CUST_07472,2022-02-10,Service,Digital,8,3
CMP_0000238,CUST_03778,2022-01-02,KYC,Digital,10,5
CMP_0000239,CUST_02032,2025-07-15,Fraud,Branch,16,5
CMP_0000240,CUST_07257,2023-01-12,Service,Branch,11,4
CMP_0000241,CUST_04389,2022-03-09,Service,Branch,7,5
CMP_0000242,CUST_01568,2024-07-24,Service,Phone,3,5
CMP_0000243,CUST_06549,2022-05-18,Fraud,Digital,2,3
CMP_0000244,CUST_01457,2024-06-25,Fees,Digital,42,2
CMP_0000245,CUST_01604,2024-12-28,Fraud,Digital,4,4
CMP_0000246,CUST_00768,2024-01-23,Service,Digital,4,5
CMP_0000247,CUST_03540,2022-11-06,KYC,Digital,4,4
CMP_0000248,CUST_02646,2022-08-25,Fees,Branch,13,4
CMP_0000249,CUST_03062,2023-07-24,Service,Digital,8,5
CMP_0000250,CUST_02439,2023-12-25,KYC,Digital,1,5
CMP_0000251,CUST_06981,2026-04-07,Service,Digital,9,5
CMP_0000252,CUST_02195,2024-11-20,Fees,Branch,26,5
CMP_0000253,CUST_04707,2024-08-01,Fraud,Digital,5,5
CMP_0000254,CUST_03940,2026-01-08,Fraud,Phone,22,5
CMP_0000255,CUST_05149,2025-10-22,Service,Branch,4,5
CMP_0000256,CUST_01727,2026-05-26,Service,Branch,3,4
CMP_0000257,CUST_03825,2023-03-19,KYC,Phone,4,4
CMP_0000258,CUST_09102,2024-04-08,Fees,Phone,3,1
CMP_0000259,CUST_04982,2024-06-15,Service,Digital,29,5
CMP_0000260,CUST_05268,2022-04-13,Fees,Phone,1,2
CMP_0000261,CUST_07916,2023-01-02,Fees,Branch,6,4
CMP_0000262,CUST_09253,2022-07-14,Service,Phone,9,4
CMP_0000263,CUST_04709,2025-04-12,Service,Phone,8,3
CMP_0000264,CUST_00499,2023-06-02,Fees,Branch,4,1
CMP_0000265,CUST_06159,2024-01-02,Service,Branch,5,4
CMP_0000266,CUST_04319,2025-12-14,Fees,Branch,12,5
CMP_0000267,CUST_04732,2024-08-14,Service,Phone,5,4
CMP_0000268,CUST_03065,2022-07-27,KYC,Phone,8,5
CMP_0000269,CUST_05693,2022-03-04,Fees,Phone,13,4
CMP_0000270,CUST_09810,2026-03-13,Service,Branch,1,4
CMP_0000271,CUST_07737,2022-10-27,Service,Digital,6,4
CMP_0000272,CUST_07136,2023-01-15,Fees,Branch,23,5
CMP_0000273,CUST_09975,2025-09-12,Service,Branch,7,2
CMP_0000274,CUST_05583,2026-01-14,Service,Digital,13,3
CMP_0000275,CUST_02382,2022-05-03,KYC,Branch,3,1
CMP_0000276,CUST_04320,2025-07-11,KYC,Branch,5,3
CMP_0000277,CUST_01504,2026-04-09,Fees,Branch,6,5
CMP_0000278,CUST_02783,2023-05-14,Service,Phone,2,4
CMP_0000279,CUST_02260,2022-04-21,Fraud,Branch,3,3
CMP_0000280,CUST_08941,2023-03-28,Service,Branch,3,5
CMP_0000281,CUST_09976,2023-05-07,Service,Digital,7,4
CMP_0000282,CUST_06544,2023-04-24,Fees,Branch,10,2
CMP_0000283,CUST_04383,2025-02-28,Fees,Phone,9,1
CMP_0000284,CUST_02128,2026-07-05,Service,Branch,4,2
CMP_0000285,CUST_02841,2022-07-03,Fraud,Branch,4,4
CMP_0000286,CUST_00198,2022-03-17,Service,Digital,6,1
CMP_0000287,CUST_07262,2024-02-05,Fees,Phone,3,2
CMP_0000288,CUST_01969,2022-10-20,Service,Phone,6,1
CMP_0000289,CUST_05992,2022-11-05,Service,Branch,4,1
CMP_0000290,CUST_09766,2025-04-27,Fees,Digital,2,3
CMP_0000291,CUST_02225,2023-12-28,Fees,Digital,5,5
CMP_0000292,CUST_09785,2024-05-31,Service,Digital,2,3
CMP_0000293,CUST_02207,2022-06-26,Fraud,Digital,8,4
CMP_0000294,CUST_05756,2026-01-03,Fees,Branch,13,3
CMP_0000295,CUST_02032,2022-04-12,KYC,Digital,10,5
CMP_0000296,CUST_00598,2023-05-13,Fees,Digital,1,4
CMP_0000297,CUST_03239,2025-11-18,Fees,Digital,7,5
CMP_0000298,CUST_03641,2023-06-30,Service,Digital,1,4
CMP_0000299,CUST_05972,2022-07-05,KYC,Branch,7,3
CMP_0000300,CUST_00702,2023-07-28,Fees,Branch,9,4
CMP_0000301,CUST_02163,2024-02-06,KYC,Branch,6,4
CMP_0000302,CUST_01491,2024-05-28,Fees,Branch,50,4
CMP_0000303,CUST_01426,2025-02-11,Fees,Digital,2,5
CMP_0000304,CUST_06594,2025-12-05,Fees,Branch,6,3
CMP_0000305,CUST_01920,2026-05-22,Fraud,Branch,15,4
CMP_0000306,CUST_09514,2022-02-27,Service,Digital,4,2
CMP_0000307,CUST_00259,2024-09-27,KYC,Branch,9,5
CMP_0000308,CUST_03860,2025-05-27,Service,Branch,3,1
CMP_0000309,CUST_01266,2026-03-13,Fees,Branch,10,2
CMP_0000310,CUST_00707,2024-12-13,Service,Branch,1,3
CMP_0000311,CUST_08163,2024-11-26,Fees,Branch,1,4
CMP_0000312,CUST_06433,2024-09-24,KYC,Digital,2,4
CMP_0000313,CUST_03815,2025-11-06,Fees,Digital,12,1
CMP_0000314,CUST_02314,2022-03-30,Service,Phone,1,4
CMP_0000315,CUST_08284,2025-01-14,Service,Digital,1,5
CMP_0000316,CUST_01598,2025-07-26,Fees,Digital,2,5
CMP_0000317,CUST_09662,2022-07-04,Service,Digital,65,5
CMP_0000318,CUST_09585,2025-04-18,Fees,Digital,55,4
CMP_0000319,CUST_07788,2023-12-31,Fees,Digital,9,4
CMP_0000320,CUST_06607,2024-11-09,Fees,Phone,17,1
CMP_0000321,CUST_01740,2023-04-08,Fees,Branch,4,4
CMP_0000322,CUST_06902,2025-10-28,Service,Phone,23,2
CMP_0000323,CUST_07349,2024-07-02,Service,Phone,1,4
CMP_0000324,CUST_08258,2024-08-27,KYC,Digital,5,5
CMP_0000325,CUST_03442,2023-06-24,KYC,Branch,5,5
CMP_0000326,CUST_04084,2023-06-08,KYC,Branch,25,3
CMP_0000327,CUST_04162,2026-04-29,Service,Branch,4,1
CMP_0000328,CUST_03850,2023-03-21,Fees,Phone,17,5
CMP_0000329,CUST_09149,2024-07-18,Service,Phone,3,3
CMP_0000330,CUST_03870,2022-12-27,Fees,Branch,6,1
CMP_0000331,CUST_08887,2024-02-02,Service,Digital,6,3
CMP_0000332,CUST_00920,2025-10-20,Fraud,Phone,13,4
CMP_0000333,CUST_08217,2026-04-30,KYC,Branch,1,5
CMP_0000334,CUST_09430,2025-08-13,KYC,Phone,4,5
CMP_0000335,CUST_04294,2024-07-10,Fees,Digital,3,4
CMP_0000336,CUST_00789,2024-02-04,Fees,Digital,58,1
CMP_0000337,CUST_01569,2023-07-02,Fees,Digital,46,5
CMP_0000338,CUST_08086,2026-02-27,Service,Phone,4,4
CMP_0000339,CUST_03910,2024-12-11,KYC,Branch,1,4
CMP_0000340,CUST_06842,2025-12-29,Service,Branch,8,5
CMP_0000341,CUST_06588,2022-11-26,Service,Digital,6,1
CMP_0000342,CUST_09807,2026-07-15,KYC,Phone,20,2
CMP_0000343,CUST_09092,2022-04-29,KYC,Branch,2,5
CMP_0000344,CUST_04102,2022-05-20,Service,Digital,5,1
CMP_0000345,CUST_06851,2023-09-08,Service,Branch,17,4
CMP_0000346,CUST_06819,2024-01-01,KYC,Branch,5,4
CMP_0000347,CUST_02685,2025-09-30,Fraud,Phone,9,5
CMP_0000348,CUST_04200,2022-11-04,Service,Digital,6,3
CMP_0000349,CUST_08580,2023-12-07,Service,Digital,1,4
CMP_0000350,CUST_10012,2025-03-01,Service,Digital,3,4
CMP_0000351,CUST_10155,2023-10-25,Service,Phone,1,5
CMP_0000352,CUST_08648,2026-05-28,Service,Branch,4,4
CMP_0000353,CUST_01575,2022-04-25,Service,Digital,12,4
CMP_0000354,CUST_01867,2023-11-11,KYC,Digital,1,2
CMP_0000355,CUST_06071,2022-10-14,Service,Digital,3,3
CMP_0000356,CUST_03428,2022-01-17,Service,Phone,5,4
CMP_0000357,CUST_07558,2022-08-26,Fees,Digital,3,4
CMP_0000358,CUST_05189,2025-08-01,Service,Phone,13,5
CMP_0000359,CUST_02552,2022-09-20,Service,Phone,14,4
CMP_0000360,CUST_01865,2025-05-18,Service,Digital,2,4
CMP_0000361,CUST_03577,2023-10-01,Service,Branch,3,5
CMP_0000362,CUST_07257,2025-10-01,Fees,Phone,6,2
CMP_0000363,CUST_02594,2022-06-24,Service,Branch,21,4
CMP_0000364,CUST_00257,2026-05-27,Service,Branch,12,2
CMP_0000365,CUST_02381,2022-11-10,Fees,Phone,5,5
CMP_0000366,CUST_08295,2025-02-04,Fees,Phone,7,3
CMP_0000367,CUST_08659,2022-12-22,Fees,Branch,1,5
CMP_0000368,CUST_03309,2023-03-04,Fees,Phone,4,3
CMP_0000369,CUST_03376,2025-09-27,KYC,Branch,7,5
CMP_0000370,CUST_05244,2023-02-23,Fees,Phone,2,2
CMP_0000371,CUST_05967,2023-11-12,Fees,Branch,16,4
CMP_0000372,CUST_06335,2022-09-20,Fees,Digital,12,5
CMP_0000373,CUST_08062,2025-04-08,Service,Phone,7,5
CMP_0000374,CUST_08530,2022-06-15,Fees,Branch,7,2
CMP_0000375,CUST_00359,2023-07-09,Fees,Branch,1,2
CMP_0000376,CUST_08871,2025-12-13,Service,Branch,4,2
CMP_0000377,CUST_06224,2025-03-28,Fraud,Digital,19,4
CMP_0000378,CUST_08670,2025-01-29,KYC,Digital,7,4
CMP_0000379,CUST_05962,2024-12-23,Fees,Digital,12,5
CMP_0000380,CUST_07555,2026-01-29,Service,Branch,2,2
CMP_0000381,CUST_02523,2022-05-26,Fees,Branch,2,5
CMP_0000382,CUST_09578,2022-08-24,Fees,Phone,8,3
CMP_0000383,CUST_04188,2023-11-27,KYC,Branch,4,5
CMP_0000384,CUST_02094,2023-02-04,Fraud,Branch,4,4
CMP_0000385,CUST_05581,2023-03-29,Fraud,Branch,3,4
CMP_0000386,CUST_02720,2023-06-16,KYC,Phone,8,2
CMP_0000387,CUST_09712,2026-02-25,KYC,Digital,7,5
CMP_0000388,CUST_09392,2025-11-15,Fees,Phone,6,4
CMP_0000389,CUST_05911,2026-07-19,Fraud,Digital,1,5
CMP_0000390,CUST_07436,2025-09-20,KYC,Digital,1,4
CMP_0000391,CUST_01480,2022-01-10,Service,Digital,6,4
CMP_0000392,CUST_08742,2022-03-12,Fees,Digital,4,4
CMP_0000393,CUST_03628,2025-05-10,Service,Branch,8,4
CMP_0000394,CUST_09606,2022-03-05,Service,Phone,13,3
CMP_0000395,CUST_04863,2025-01-25,Service,Phone,6,4
CMP_0000396,CUST_02453,2026-03-21,Fees,Digital,5,2
CMP_0000397,CUST_00917,2025-08-15,Fees,Phone,15,1
CMP_0000398,CUST_00897,2024-12-13,KYC,Branch,5,2
CMP_0000399,CUST_03411,2022-10-16,Fees,Phone,3,4
CMP_0000400,CUST_09255,2024-10-05,Fraud,Phone,70,2
CMP_0000401,CUST_04093,2023-03-15,Fees,Branch,2,5
CMP_0000402,CUST_00790,2024-08-14,KYC,Digital,7,4
CMP_0000403,CUST_07510,2026-01-15,Fees,Phone,2,3
CMP_0000404,CUST_00567,2025-12-11,Fees,Digital,11,5
CMP_0000405,CUST_07265,2025-03-01,Fraud,Phone,10,5
CMP_0000406,CUST_04013,2024-05-19,Fees,Digital,5,5
CMP_0000407,CUST_01940,2024-04-06,Fees,Branch,2,5
CMP_0000408,CUST_05155,2022-06-11,Fraud,Phone,6,5
CMP_0000409,CUST_03392,2023-05-14,Fees,Branch,10,5
CMP_0000410,CUST_05416,2024-07-04,Service,Phone,5,4
CMP_0000411,CUST_07500,2024-03-25,Service,Digital,3,4
CMP_0000412,CUST_09589,2025-09-13,KYC,Phone,5,1
CMP_0000413,CUST_02309,2023-06-20,Fees,Phone,10,5
CMP_0000414,CUST_05269,2025-11-21,Fees,Branch,2,2
CMP_0000415,CUST_05952,2025-06-19,KYC,Branch,6,1
CMP_0000416,CUST_07525,2023-09-24,Fees,Digital,3,4
CMP_0000417,CUST_05012,2023-01-30,Fees,Branch,4,5
CMP_0000418,CUST_08364,2022-10-16,Fees,Digital,5,2
CMP_0000419,CUST_04205,2023-05-26,Service,Phone,42,5
CMP_0000420,CUST_08749,2022-07-21,Fees,Branch,7,5
CMP_0000421,CUST_06954,2026-04-11,Fees,Phone,8,5
CMP_0000422,CUST_02520,2026-03-22,Fees,Digital,2,5
CMP_0000423,CUST_01241,2023-06-22,Service,Branch,3,2
CMP_0000424,CUST_00235,2023-12-31,KYC,Digital,13,4
CMP_0000425,CUST_02303,2024-11-04,KYC,Phone,3,5
CMP_0000426,CUST_00968,2024-07-09,Service,Branch,42,2
CMP_0000427,CUST_10125,2022-02-07,Fees,Digital,4,4
CMP_0000428,CUST_05406,2024-01-30,Service,Branch,7,3
CMP_0000429,CUST_00014,2022-01-15,Service,Digital,14,2
CMP_0000430,CUST_06381,2023-10-22,Fees,Digital,10,3
CMP_0000431,CUST_00324,2024-08-01,Service,Phone,7,4
CMP_0000432,CUST_00794,2025-10-16,Fees,Digital,5,5
CMP_0000433,CUST_04553,2025-10-16,Fraud,Phone,7,4
CMP_0000434,CUST_03103,2022-06-29,Fees,Digital,2,2
CMP_0000435,CUST_02220,2024-06-16,Service,Digital,3,2
CMP_0000436,CUST_02149,2025-04-19,Fees,Digital,27,2
CMP_0000437,CUST_03434,2025-06-05,Service,Digital,17,5
CMP_0000438,CUST_00174,2025-09-25,Service,Branch,2,5
CMP_0000439,CUST_06225,2022-06-12,Fraud,Branch,4,2
CMP_0000440,CUST_09110,2025-05-12,KYC,Digital,4,4
CMP_0000441,CUST_03026,2024-02-28,Fees,Branch,1,4
CMP_0000442,CUST_01019,2024-04-10,Fees,Phone,8,5
CMP_0000443,CUST_01688,2025-08-26,Fees,Digital,10,4
CMP_0000444,CUST_03902,2023-05-19,KYC,Branch,3,5
CMP_0000445,CUST_09957,2023-02-15,Service,Branch,1,5
CMP_0000446,CUST_06109,2024-01-23,Fees,Phone,11,2
CMP_0000447,CUST_09016,2023-05-26,Service,Phone,13,3
CMP_0000448,CUST_04859,2024-10-19,Fees,Branch,8,4
CMP_0000449,CUST_05529,2023-04-22,Service,Phone,14,5
CMP_0000450,CUST_02999,2024-03-07,Service,Phone,15,5
CMP_0000451,CUST_09700,2024-12-21,Fees,Branch,10,4
CMP_0000452,CUST_01277,2024-04-22,KYC,Digital,3,4
CMP_0000453,CUST_00312,2024-09-30,Fees,Digital,54,1
CMP_0000454,CUST_01586,2022-03-29,KYC,Phone,29,5
CMP_0000455,CUST_06687,2026-05-15,Fees,Branch,12,3
CMP_0000456,CUST_04406,2024-09-19,KYC,Digital,5,5
CMP_0000457,CUST_00519,2024-05-19,Service,Digital,5,5
CMP_0000458,CUST_01471,2023-12-31,Fees,Digital,17,5
CMP_0000459,CUST_09699,2022-10-17,Fees,Digital,1,5
CMP_0000460,CUST_02809,2022-12-12,Service,Phone,3,5
CMP_0000461,CUST_04262,2025-02-11,Service,Digital,53,5
CMP_0000462,CUST_02087,2022-02-01,Fees,Branch,10,4
CMP_0000463,CUST_05708,2022-12-07,Fraud,Branch,1,4
CMP_0000464,CUST_01965,2023-09-09,Fees,Phone,34,1
CMP_0000465,CUST_00139,2026-02-17,Service,Branch,7,5
CMP_0000466,CUST_06004,2024-11-20,Fees,Digital,7,4
CMP_0000467,CUST_08252,2024-07-04,Fraud,Branch,3,3
CMP_0000468,CUST_07976,2025-12-04,Service,Phone,3,5
CMP_0000469,CUST_09958,2023-01-24,Service,Branch,9,5
CMP_0000470,CUST_05549,2024-11-01,Fees,Branch,4,5
CMP_0000471,CUST_10047,2024-05-08,Service,Branch,2,3
CMP_0000472,CUST_07200,2024-11-17,Fees,Phone,3,4
CMP_0000473,CUST_06576,2026-06-04,KYC,Digital,7,2
CMP_0000474,CUST_09278,2025-12-06,Fees,Phone,1,5
CMP_0000475,CUST_05208,2025-04-30,Service,Branch,8,2
CMP_0000476,CUST_09055,2025-08-09,Fees,Branch,10,2
CMP_0000477,CUST_08385,2023-07-09,Service,Branch,6,4
CMP_0000478,CUST_07091,2022-01-08,KYC,Phone,2,5
CMP_0000479,CUST_02350,2025-12-29,Service,Digital,3,2
CMP_0000480,CUST_02299,2024-07-17,KYC,Phone,10,1
CMP_0000481,CUST_07405,2022-03-02,KYC,Digital,5,5
CMP_0000482,CUST_02634,2022-10-26,Service,Digital,33,3
CMP_0000483,CUST_08295,2022-09-29,Service,Phone,21,2
CMP_0000484,CUST_05321,2023-02-07,Service,Digital,2,3
CMP_0000485,CUST_03668,2026-06-17,Fraud,Digital,2,4
CMP_0000486,CUST_05833,2025-10-28,Service,Digital,4,5
CMP_0000487,CUST_08027,2023-05-28,Fees,Digital,4,1
CMP_0000488,CUST_07854,2024-04-17,Fraud,Phone,2,5
CMP_0000489,CUST_00072,2025-08-05,Service,Phone,9,5
CMP_0000490,CUST_02132,2026-03-27,Fees,Branch,9,3
CMP_0000491,CUST_08253,2025-08-22,Fees,Branch,4,2
CMP_0000492,CUST_04895,2024-12-09,KYC,Phone,2,4
CMP_0000493,CUST_00425,2022-06-10,Service,Branch,6,4
CMP_0000494,CUST_02585,2023-11-08,KYC,Branch,19,3
CMP_0000495,CUST_00847,2024-08-24,Fees,Phone,30,4
CMP_0000496,CUST_02612,2024-09-26,KYC,Phone,2,5
CMP_0000497,CUST_05153,2026-02-08,Service,Branch,6,4
CMP_0000498,CUST_00108,2023-04-16,Fees,Branch,15,5
CMP_0000499,CUST_04569,2025-10-16,Service,Branch,1,3
CMP_0000500,CUST_07081,2022-09-04,Fees,Branch,46,4
CMP_0000501,CUST_01994,2025-10-07,Service,Phone,3,4
CMP_0000502,CUST_06684,2022-02-12,Fees,Branch,5,5
CMP_0000503,CUST_06798,2023-06-26,Fees,Digital,56,2
CMP_0000504,CUST_05044,2024-12-07,KYC,Phone,10,5
CMP_0000505,CUST_10027,2022-02-18,Fees,Digital,64,5
CMP_0000506,CUST_02218,2024-12-04,Service,Phone,2,4
CMP_0000507,CUST_04294,2025-11-23,KYC,Phone,13,2
CMP_0000508,CUST_02088,2023-05-19,Fees,Branch,5,5
CMP_0000509,CUST_05976,2025-07-22,Service,Phone,5,3
CMP_0000510,CUST_00510,2022-12-29,KYC,Digital,3,4
CMP_0000511,CUST_08906,2024-09-24,Service,Digital,5,3
CMP_0000512,CUST_07024,2025-05-17,Fees,Branch,8,1
CMP_0000513,CUST_09810,2024-06-16,Service,Branch,4,5
CMP_0000514,CUST_06887,2023-11-21,Fraud,Phone,7,5
CMP_0000515,CUST_08149,2022-12-10,Fees,Phone,44,3
CMP_0000516,CUST_01521,2024-12-08,Fees,Branch,4,2
CMP_0000517,CUST_00509,2026-06-18,Fees,Branch,4,4
CMP_0000518,CUST_08539,2025-07-31,Fees,Digital,13,4
CMP_0000519,CUST_02241,2026-04-28,Fees,Digital,5,3
CMP_0000520,CUST_08250,2026-05-16,KYC,Phone,2,3
CMP_0000521,CUST_10040,2024-07-05,Service,Digital,8,3
CMP_0000522,CUST_07524,2023-01-31,Service,Digital,14,5
CMP_0000523,CUST_03304,2022-11-23,KYC,Phone,6,3
CMP_0000524,CUST_04987,2025-03-09,Fraud,Branch,13,4
CMP_0000525,CUST_01331,2022-12-13,Service,Phone,50,4
CMP_0000526,CUST_01634,2024-01-09,Fees,Digital,3,4
CMP_0000527,CUST_00213,2026-07-27,Service,Digital,1,3
CMP_0000528,CUST_00488,2023-05-14,Service,Digital,1,3
CMP_0000529,CUST_04530,2024-03-20,Fees,Phone,18,3
CMP_0000530,CUST_00766,2022-04-20,Fraud,Branch,3,3
CMP_0000531,CUST_07974,2022-10-31,Service,Phone,5,4
CMP_0000532,CUST_04395,2024-02-11,Fees,Branch,4,4
CMP_0000533,CUST_05196,2022-06-14,Service,Digital,1,5
CMP_0000534,CUST_05839,2025-01-13,Fees,Digital,1,5
CMP_0000535,CUST_06884,2026-03-16,Service,Digital,1,3
CMP_0000536,CUST_05372,2026-02-05,Fees,Digital,53,1
CMP_0000537,CUST_05727,2022-10-01,Service,Phone,1,2
CMP_0000538,CUST_03457,2023-07-27,Fees,Phone,13,2
CMP_0000539,CUST_06561,2025-01-21,Service,Branch,2,5
CMP_0000540,CUST_09284,2022-06-13,Fees,Branch,4,4
CMP_0000541,CUST_02815,2022-12-30,Service,Branch,3,4
CMP_0000542,CUST_01127,2026-06-19,Service,Digital,10,3
CMP_0000543,CUST_07897,2026-05-23,KYC,Digital,7,4
CMP_0000544,CUST_06468,2023-07-22,KYC,Digital,8,4
CMP_0000545,CUST_02992,2025-11-21,Service,Branch,7,5
CMP_0000546,CUST_08852,2025-09-01,KYC,Branch,10,2
CMP_0000547,CUST_03093,2022-10-17,Service,Branch,3,4
CMP_0000548,CUST_07392,2025-11-29,KYC,Digital,5,3
CMP_0000549,CUST_00808,2022-04-23,Service,Phone,2,1
CMP_0000550,CUST_00832,2024-09-17,Fees,Digital,4,4
CMP_0000551,CUST_04487,2024-06-06,Service,Branch,12,3
CMP_0000552,CUST_03205,2024-09-19,Service,Digital,7,5
CMP_0000553,CUST_04292,2026-05-12,Service,Branch,9,5
CMP_0000554,CUST_06612,2024-04-18,Fees,Digital,4,5
CMP_0000555,CUST_06000,2025-06-11,Fees,Branch,9,2
CMP_0000556,CUST_05150,2024-09-09,Service,Phone,2,4
CMP_0000557,CUST_05290,2022-06-14,Fraud,Phone,18,4
CMP_0000558,CUST_06533,2025-01-06,KYC,Digital,12,2
CMP_0000559,CUST_04736,2024-10-09,Fees,Branch,10,4
CMP_0000560,CUST_03939,2025-02-13,KYC,Phone,6,5
CMP_0000561,CUST_10186,2026-01-18,KYC,Phone,2,3
CMP_0000562,CUST_05152,2023-02-22,Service,Digital,5,5
CMP_0000563,CUST_03958,2025-03-12,Fees,Phone,10,5
CMP_0000564,CUST_09512,2026-05-13,Service,Digital,6,5
CMP_0000565,CUST_03992,2023-10-01,Fees,Phone,3,4
CMP_0000566,CUST_06116,2026-01-14,KYC,Digital,18,5
CMP_0000567,CUST_01854,2022-02-10,Service,Digital,4,4
CMP_0000568,CUST_02311,2026-06-10,Service,Phone,5,2
CMP_0000569,CUST_00927,2022-08-27,Service,Phone,18,4
CMP_0000570,CUST_07357,2025-06-07,Service,Phone,4,4
CMP_0000571,CUST_03077,2022-02-19,Fraud,Phone,5,4
CMP_0000572,CUST_08451,2024-12-26,Service,Phone,9,5
CMP_0000573,CUST_01730,2025-07-21,Fees,Phone,6,5
CMP_0000574,CUST_08640,2024-11-03,Service,Branch,10,4
CMP_0000575,CUST_10105,2024-03-13,Fees,Digital,7,2
CMP_0000576,CUST_01983,2025-02-17,KYC,Phone,6,3
CMP_0000577,CUST_06543,2023-07-25,Fees,Branch,7,5
CMP_0000578,CUST_06888,2022-08-22,Fees,Branch,38,2
CMP_0000579,CUST_04873,2024-07-24,Service,Digital,4,3
CMP_0000580,CUST_07928,2022-02-10,Service,Phone,4,4
CMP_0000581,CUST_02912,2026-01-12,Fees,Phone,6,1
CMP_0000582,CUST_09662,2022-03-30,KYC,Branch,2,4
CMP_0000583,CUST_05071,2025-07-11,Service,Digital,16,5
CMP_0000584,CUST_03717,2026-06-21,Fees,Digital,1,2
CMP_0000585,CUST_00288,2022-12-06,Service,Digital,6,5
CMP_0000586,CUST_10049,2024-05-05,Service,Phone,1,5
CMP_0000587,CUST_02851,2022-10-28,KYC,Digital,4,3
CMP_0000588,CUST_05608,2022-01-31,Fees,Branch,10,5
CMP_0000589,CUST_04357,2023-07-16,Fraud,Phone,18,3
CMP_0000590,CUST_09753,2025-11-06,Service,Digital,2,4
CMP_0000591,CUST_01403,2023-10-16,KYC,Phone,20,3
CMP_0000592,CUST_01076,2022-04-22,Fees,Branch,17,3
CMP_0000593,CUST_10063,2022-03-01,KYC,Phone,15,4
CMP_0000594,CUST_09133,2023-02-16,Fees,Branch,10,4
CMP_0000595,CUST_06411,2022-04-07,Fraud,Branch,4,5
CMP_0000596,CUST_01119,2026-03-15,KYC,Branch,15,1
CMP_0000597,CUST_09392,2025-09-06,Fees,Branch,3,4
CMP_0000598,CUST_07394,2025-09-03,Service,Branch,12,4
CMP_0000599,CUST_07779,2022-08-13,KYC,Digital,3,2
CMP_0000600,CUST_01521,2022-04-03,Service,Branch,10,3
CMP_0000601,CUST_09859,2023-05-06,Service,Digital,12,4
CMP_0000602,CUST_02468,2026-03-09,Fees,Digital,2,1
CMP_0000603,CUST_10128,2023-12-13,KYC,Digital,8,4
CMP_0000604,CUST_03083,2022-12-26,Service,Phone,3,2
CMP_0000605,CUST_04710,2023-10-12,Fraud,Branch,4,5
CMP_0000606,CUST_08082,2023-01-12,KYC,Branch,2,4
CMP_0000607,CUST_05699,2022-02-21,Fees,Digital,56,3
CMP_0000608,CUST_02492,2022-07-07,Service,Phone,2,5
CMP_0000609,CUST_07608,2023-01-24,Service,Branch,11,5
CMP_0000610,CUST_00302,2024-11-29,Fees,Digital,8,5
CMP_0000611,CUST_10011,2026-03-30,Service,Digital,1,3
CMP_0000612,CUST_03804,2022-03-19,Fraud,Digital,8,4
CMP_0000613,CUST_07678,2023-12-25,Fraud,Branch,6,4
CMP_0000614,CUST_07610,2022-10-10,KYC,Phone,4,5
CMP_0000615,CUST_00862,2023-03-21,KYC,Digital,2,4
CMP_0000616,CUST_03404,2026-07-16,Service,Branch,3,3
CMP_0000617,CUST_01572,2024-05-04,KYC,Digital,10,3
CMP_0000618,CUST_09235,2025-11-01,KYC,Digital,4,3
CMP_0000619,CUST_07377,2026-06-27,KYC,Digital,6,4
CMP_0000620,CUST_05836,2023-05-09,Fees,Phone,1,2
CMP_0000621,CUST_00347,2026-01-11,Fees,Phone,13,5
CMP_0000622,CUST_08037,2024-05-14,Service,Branch,5,5
CMP_0000623,CUST_08136,2026-04-23,KYC,Phone,11,5
CMP_0000624,CUST_00831,2024-11-08,Fees,Phone,13,5
CMP_0000625,CUST_06421,2024-08-22,Fraud,Branch,7,5
CMP_0000626,CUST_02872,2025-11-13,Fees,Digital,6,2
CMP_0000627,CUST_00287,2023-08-20,KYC,Digital,9,5
CMP_0000628,CUST_07304,2024-07-22,Service,Digital,2,3
CMP_0000629,CUST_05206,2026-08-08,KYC,Phone,7,4
CMP_0000630,CUST_03501,2024-07-21,Service,Phone,14,3
CMP_0000631,CUST_08166,2023-08-07,Fees,Phone,4,2
CMP_0000632,CUST_08029,2023-02-06,Service,Phone,8,2
CMP_0000633,CUST_08041,2025-10-17,Service,Digital,8,5
CMP_0000634,CUST_08582,2024-11-13,KYC,Digital,8,5
CMP_0000635,CUST_03793,2022-03-29,Fraud,Phone,53,5
CMP_0000636,CUST_03876,2026-07-26,Service,Phone,1,4
CMP_0000637,CUST_06064,2023-06-12,Fees,Phone,40,2
CMP_0000638,CUST_03696,2022-01-19,Fees,Digital,41,1
CMP_0000639,CUST_07250,2023-12-10,Service,Branch,1,5
CMP_0000640,CUST_06270,2026-06-23,Service,Digital,4,1
CMP_0000641,CUST_05499,2024-07-28,Service,Digital,5,4
CMP_0000642,CUST_08889,2023-11-19,KYC,Branch,1,5
CMP_0000643,CUST_08839,2025-12-08,Service,Digital,8,1
CMP_0000644,CUST_09926,2023-01-29,Service,Branch,6,5
CMP_0000645,CUST_09063,2025-05-10,Service,Phone,7,3
CMP_0000646,CUST_08948,2022-01-19,Service,Phone,3,4
CMP_0000647,CUST_04057,2023-10-24,Service,Branch,4,4
CMP_0000648,CUST_04487,2022-09-20,Fraud,Digital,3,4
CMP_0000649,CUST_07338,2024-08-08,KYC,Phone,10,4
CMP_0000650,CUST_01716,2024-11-18,Fraud,Branch,10,5
CMP_0000651,CUST_04772,2025-05-28,Service,Digital,1,5
CMP_0000652,CUST_09574,2022-04-25,Service,Phone,39,2
CMP_0000653,CUST_06983,2026-03-10,Service,Branch,10,5
CMP_0000654,CUST_09359,2025-08-18,Fees,Branch,8,4
CMP_0000655,CUST_04014,2025-03-26,KYC,Phone,1,3
CMP_0000656,CUST_01371,2022-03-23,Fraud,Phone,3,3
CMP_0000657,CUST_09648,2024-01-11,KYC,Branch,8,3
CMP_0000658,CUST_03733,2022-05-01,Service,Branch,10,5
CMP_0000659,CUST_01360,2024-04-07,Fees,Digital,3,3
CMP_0000660,CUST_04901,2024-04-04,Service,Phone,5,4
CMP_0000661,CUST_02318,2022-07-29,Fees,Phone,2,4
CMP_0000662,CUST_05559,2025-04-07,Service,Digital,12,5
CMP_0000663,CUST_02539,2025-07-31,Fees,Phone,1,4
CMP_0000664,CUST_08782,2022-09-05,Fees,Digital,7,4
CMP_0000665,CUST_04075,2023-02-17,KYC,Digital,12,2
CMP_0000666,CUST_02196,2025-01-24,Service,Digital,6,4
CMP_0000667,CUST_09701,2023-11-24,Fees,Branch,5,4
CMP_0000668,CUST_02425,2023-06-04,Service,Phone,15,4
CMP_0000669,CUST_04250,2024-01-09,Service,Digital,12,2
CMP_0000670,CUST_05432,2026-06-28,Fees,Digital,13,2
CMP_0000671,CUST_10048,2025-01-27,Service,Branch,3,4
CMP_0000672,CUST_02849,2024-02-28,Fees,Branch,2,3
CMP_0000673,CUST_09211,2023-09-25,Fees,Phone,8,3
CMP_0000674,CUST_00210,2023-09-04,Service,Branch,2,5
CMP_0000675,CUST_08687,2022-10-31,Service,Branch,3,4
CMP_0000676,CUST_07418,2022-10-04,Fees,Phone,2,1
CMP_0000677,CUST_00523,2022-05-22,Fees,Phone,10,5
CMP_0000678,CUST_03258,2025-07-07,Service,Branch,4,5
CMP_0000679,CUST_06909,2026-05-17,Fraud,Digital,14,4
CMP_0000680,CUST_04103,2023-07-30,Fraud,Phone,3,4
CMP_0000681,CUST_09868,2024-06-03,Fees,Digital,1,5
CMP_0000682,CUST_01007,2022-02-03,Service,Branch,2,3
CMP_0000683,CUST_03406,2026-01-03,Fees,Branch,2,5
CMP_0000684,CUST_07108,2024-02-15,Fraud,Branch,2,4
CMP_0000685,CUST_02370,2023-11-26,KYC,Branch,3,5
CMP_0000686,CUST_09091,2025-05-03,Service,Phone,3,5
CMP_0000687,CUST_09995,2023-06-01,Service,Branch,3,1
CMP_0000688,CUST_04738,2024-05-08,Fees,Branch,4,3
CMP_0000689,CUST_10080,2026-08-01,Service,Digital,20,5
CMP_0000690,CUST_02007,2026-04-18,Service,Phone,7,2
CMP_0000691,CUST_08085,2024-08-29,KYC,Digital,23,4
CMP_0000692,CUST_07330,2026-01-25,Service,Branch,5,5
CMP_0000693,CUST_07280,2022-03-29,Fees,Digital,10,5
CMP_0000694,CUST_08106,2024-11-18,Fees,Phone,5,4
CMP_0000695,CUST_07268,2022-08-25,Service,Branch,5,3
CMP_0000696,CUST_02296,2023-04-20,Fees,Digital,3,5
CMP_0000697,CUST_01798,2023-01-24,Fraud,Phone,14,4
CMP_0000698,CUST_05857,2022-01-05,Service,Branch,8,4
CMP_0000699,CUST_07542,2024-08-28,KYC,Branch,1,4
CMP_0000700,CUST_00999,2025-06-01,KYC,Branch,3,2
CMP_0000701,CUST_06606,2025-12-23,Fees,Branch,1,4
CMP_0000702,CUST_01255,2025-03-07,Fraud,Digital,10,5
CMP_0000703,CUST_01418,2026-03-31,Fees,Branch,4,4
CMP_0000704,CUST_03491,2023-11-12,Service,Digital,10,4
CMP_0000705,CUST_06574,2025-05-19,KYC,Phone,7,4
CMP_0000706,CUST_08311,2023-02-24,Service,Branch,6,4
CMP_0000707,CUST_02894,2025-09-06,KYC,Phone,2,5
CMP_0000708,CUST_05091,2026-08-01,Service,Phone,13,4
CMP_0000709,CUST_02261,2024-05-25,KYC,Branch,3,3
CMP_0000710,CUST_07490,2024-02-08,Service,Digital,2,4
CMP_0000711,CUST_04458,2023-03-04,Fees,Phone,1,4
CMP_0000712,CUST_05420,2023-11-02,Fees,Branch,7,4
CMP_0000713,CUST_09817,2022-02-10,Service,Digital,4,4
CMP_0000714,CUST_04195,2025-08-23,Service,Phone,4,5
CMP_0000715,CUST_07022,2022-07-12,Fees,Branch,5,5
CMP_0000716,CUST_00435,2023-11-09,KYC,Digital,1,3
CMP_0000717,CUST_06202,2024-08-10,Service,Phone,3,4
CMP_0000718,CUST_03768,2023-10-22,Service,Phone,1,5
CMP_0000719,CUST_02878,2025-05-01,Fees,Digital,10,4
CMP_0000720,CUST_09527,2023-07-23,Fees,Phone,4,5
CMP_0000721,CUST_09541,2022-06-13,Service,Branch,1,3
CMP_0000722,CUST_03317,2022-11-14,Fees,Phone,7,2
CMP_0000723,CUST_03460,2024-08-13,Service,Branch,8,4
CMP_0000724,CUST_10050,2022-07-21,Service,Digital,1,3
CMP_0000725,CUST_07877,2023-08-20,Fraud,Branch,8,5
CMP_0000726,CUST_01502,2026-08-10,Fees,Phone,1,4
CMP_0000727,CUST_08385,2025-08-19,Fees,Branch,2,4
CMP_0000728,CUST_03109,2023-05-27,Fees,Phone,2,4
CMP_0000729,CUST_03798,2025-09-19,Service,Digital,4,5
CMP_0000730,CUST_05685,2023-09-19,Service,Phone,1,1
CMP_0000731,CUST_04946,2025-01-30,Service,Phone,8,4
CMP_0000732,CUST_08105,2026-04-06,Fees,Phone,3,3
CMP_0000733,CUST_10114,2024-07-05,Fraud,Digital,1,2
CMP_0000734,CUST_00527,2023-01-02,Fees,Branch,9,5
CMP_0000735,CUST_03746,2026-01-17,Fees,Phone,38,2
CMP_0000736,CUST_02284,2022-07-12,Service,Digital,8,1
CMP_0000737,CUST_08140,2022-07-11,Service,Phone,7,5
CMP_0000738,CUST_07145,2024-11-10,Service,Phone,16,5
CMP_0000739,CUST_06591,2022-01-24,Service,Phone,4,1
CMP_0000740,CUST_08248,2022-11-12,Service,Phone,8,5
CMP_0000741,CUST_03934,2024-12-20,Service,Phone,4,3
CMP_0000742,CUST_02990,2023-04-30,Service,Phone,4,4
CMP_0000743,CUST_03131,2023-12-28,Service,Digital,16,4
CMP_0000744,CUST_03871,2022-06-15,Fees,Branch,3,5
CMP_0000745,CUST_03951,2023-03-27,Fees,Digital,6,3
CMP_0000746,CUST_04219,2025-10-18,Service,Branch,13,4
CMP_0000747,CUST_01098,2024-01-24,Service,Digital,13,2
CMP_0000748,CUST_08323,2026-07-16,Fees,Branch,2,5
CMP_0000749,CUST_03647,2024-10-18,Fees,Digital,30,2
CMP_0000750,CUST_01371,2023-11-03,Service,Phone,4,5
CMP_0000751,CUST_05737,2023-07-06,Service,Digital,21,3
CMP_0000752,CUST_03617,2022-04-04,Service,Branch,1,4
CMP_0000753,CUST_06655,2023-09-18,Service,Branch,6,5
CMP_0000754,CUST_02146,2022-12-06,Fees,Branch,1,4
CMP_0000755,CUST_08597,2025-03-29,Fraud,Digital,5,4
CMP_0000756,CUST_01855,2022-05-19,Fees,Branch,3,3
CMP_0000757,CUST_05192,2024-11-05,KYC,Phone,10,5
CMP_0000758,CUST_04601,2024-07-19,Fraud,Branch,4,3
CMP_0000759,CUST_01697,2026-02-23,Service,Phone,10,4
CMP_0000760,CUST_06546,2025-02-05,Service,Digital,3,2
CMP_0000761,CUST_02144,2022-06-26,Fees,Branch,2,5
CMP_0000762,CUST_02827,2023-06-10,Service,Branch,9,4
CMP_0000763,CUST_00925,2024-11-06,Fees,Digital,24,5
CMP_0000764,CUST_07612,2023-05-26,Service,Digital,4,4
CMP_0000765,CUST_05646,2023-10-10,Fees,Phone,32,2
CMP_0000766,CUST_01437,2022-08-06,Service,Digital,6,4
CMP_0000767,CUST_00420,2024-05-13,KYC,Digital,6,3
CMP_0000768,CUST_01197,2024-02-11,KYC,Branch,61,3
CMP_0000769,CUST_01500,2022-08-01,Fees,Digital,10,3
CMP_0000770,CUST_00458,2023-09-23,Service,Phone,4,4
CMP_0000771,CUST_01071,2026-07-28,KYC,Phone,5,5
CMP_0000772,CUST_00233,2024-06-25,Service,Branch,4,4
CMP_0000773,CUST_07678,2023-03-23,KYC,Branch,2,3
CMP_0000774,CUST_00063,2024-11-07,Service,Digital,2,4
CMP_0000775,CUST_10103,2023-04-17,Service,Branch,7,5
CMP_0000776,CUST_05260,2026-02-28,KYC,Digital,14,5
CMP_0000777,CUST_06085,2022-04-20,Service,Branch,8,4
CMP_0000778,CUST_00461,2023-01-21,Fees,Branch,6,2
CMP_0000779,CUST_02810,2025-06-14,KYC,Phone,11,4
CMP_0000780,CUST_04533,2025-03-17,Service,Digital,47,1
CMP_0000781,CUST_04648,2025-11-01,Service,Phone,10,3
CMP_0000782,CUST_09552,2026-03-29,Service,Branch,4,5
CMP_0000783,CUST_03265,2024-04-07,Fees,Digital,6,2
CMP_0000784,CUST_09302,2024-12-11,Service,Branch,50,4
CMP_0000785,CUST_06329,2024-04-10,Service,Branch,5,5
CMP_0000786,CUST_09255,2025-07-10,Service,Branch,2,5
CMP_0000787,CUST_03504,2022-08-26,KYC,Phone,19,5
CMP_0000788,CUST_05207,2022-07-01,Fees,Digital,14,4
CMP_0000789,CUST_01239,2022-08-28,Service,Digital,57,4
CMP_0000790,CUST_07501,2024-05-13,Fees,Branch,35,3
CMP_0000791,CUST_00214,2025-09-08,Service,Digital,6,5
CMP_0000792,CUST_03174,2024-08-19,KYC,Digital,8,5
CMP_0000793,CUST_04497,2023-03-16,Service,Branch,11,3
CMP_0000794,CUST_01445,2024-08-22,Service,Digital,6,4
CMP_0000795,CUST_09754,2024-05-05,Fraud,Digital,3,3
CMP_0000796,CUST_06246,2022-04-20,Fees,Phone,8,5
CMP_0000797,CUST_07533,2024-06-08,KYC,Digital,6,5
CMP_0000798,CUST_00604,2022-06-07,KYC,Phone,3,5
CMP_0000799,CUST_09700,2022-03-09,Fees,Phone,1,4
CMP_0000800,CUST_04064,2023-01-05,Service,Digital,2,3
CMP_0000801,CUST_08275,2026-04-17,Service,Branch,4,2
CMP_0000802,CUST_02876,2022-08-10,Service,Branch,9,2
CMP_0000803,CUST_05384,2022-02-02,Fees,Branch,12,4
CMP_0000804,CUST_01078,2022-03-20,Service,Branch,6,3
CMP_0000805,CUST_09266,2023-11-18,Service,Digital,3,5
CMP_0000806,CUST_04191,2026-06-20,Service,Phone,3,4
CMP_0000807,CUST_06939,2024-12-07,Fraud,Digital,7,5
CMP_0000808,CUST_06512,2024-02-28,Fees,Branch,4,1
CMP_0000809,CUST_06648,2023-12-17,KYC,Phone,6,3
CMP_0000810,CUST_08290,2025-12-05,Fees,Branch,1,4
CMP_0000811,CUST_06809,2022-07-18,KYC,Phone,5,3
CMP_0000812,CUST_07151,2025-12-21,Service,Digital,5,4
CMP_0000813,CUST_01587,2025-01-22,Fees,Digital,3,3
CMP_0000814,CUST_03475,2022-12-23,Service,Branch,6,4
CMP_0000815,CUST_01471,2023-10-17,Service,Branch,1,5
CMP_0000816,CUST_07470,2023-04-23,Service,Digital,12,5
CMP_0000817,CUST_03230,2023-08-19,Service,Branch,4,3
CMP_0000818,CUST_03898,2023-07-14,Fees,Branch,2,1
CMP_0000819,CUST_04984,2023-07-31,KYC,Branch,4,3
CMP_0000820,CUST_05947,2026-07-03,Service,Branch,3,2
CMP_0000821,CUST_09069,2026-04-05,Fees,Digital,13,3
CMP_0000822,CUST_02107,2026-02-15,KYC,Branch,14,3
CMP_0000823,CUST_03696,2025-12-27,Fees,Phone,5,3
CMP_0000824,CUST_05760,2026-04-18,Service,Branch,9,4
CMP_0000825,CUST_01088,2024-06-22,Service,Branch,8,4
CMP_0000826,CUST_01279,2022-07-11,Fees,Phone,9,4
CMP_0000827,CUST_05186,2024-11-23,Service,Phone,4,5
CMP_0000828,CUST_04071,2025-09-19,Fees,Digital,5,4
CMP_0000829,CUST_08317,2023-06-11,KYC,Branch,2,5
CMP_0000830,CUST_00297,2023-01-22,Fraud,Digital,2,5
CMP_0000831,CUST_06891,2025-04-13,Fraud,Branch,7,5
CMP_0000832,CUST_05944,2023-07-28,KYC,Branch,1,5
CMP_0000833,CUST_04299,2022-07-05,Fees,Digital,13,3
CMP_0000834,CUST_00216,2023-11-12,Fraud,Phone,7,5
CMP_0000835,CUST_05399,2023-05-13,KYC,Phone,5,5
CMP_0000836,CUST_09685,2023-02-21,KYC,Digital,12,5
CMP_0000837,CUST_05661,2025-09-23,Fees,Digital,12,1
CMP_0000838,CUST_03353,2024-10-16,Fees,Digital,12,4
CMP_0000839,CUST_05129,2022-04-21,Fees,Branch,9,4
CMP_0000840,CUST_09835,2023-06-18,Service,Digital,4,5
CMP_0000841,CUST_05610,2025-06-03,Fees,Branch,45,4
CMP_0000842,CUST_07233,2024-08-13,Service,Phone,5,2
CMP_0000843,CUST_09568,2022-05-29,Service,Branch,6,4
CMP_0000844,CUST_07090,2023-03-19,Fees,Digital,62,4
CMP_0000845,CUST_07150,2022-04-16,Fees,Branch,5,1
CMP_0000846,CUST_07100,2023-12-09,Fees,Phone,5,2
CMP_0000847,CUST_02333,2026-05-12,Service,Branch,5,5
CMP_0000848,CUST_05382,2022-12-16,KYC,Phone,8,4
CMP_0000849,CUST_02189,2023-01-24,Fees,Phone,3,2
CMP_0000850,CUST_09775,2024-06-11,Service,Digital,5,3
CMP_0000851,CUST_08139,2024-05-11,Service,Digital,1,4
CMP_0000852,CUST_05243,2023-12-29,Fees,Digital,64,4
CMP_0000853,CUST_09794,2023-08-30,KYC,Phone,11,3
CMP_0000854,CUST_07412,2022-02-15,Fraud,Digital,8,5
CMP_0000855,CUST_07665,2024-04-12,Service,Phone,2,1
CMP_0000856,CUST_06397,2025-11-16,Service,Phone,7,1
CMP_0000857,CUST_03735,2025-07-27,Service,Phone,5,4
CMP_0000858,CUST_02762,2024-01-12,Fees,Digital,20,5
CMP_0000859,CUST_06021,2023-01-10,Fees,Phone,45,4
CMP_0000860,CUST_00137,2024-05-15,KYC,Branch,11,4
CMP_0000861,CUST_06247,2026-08-05,Fees,Branch,15,3
CMP_0000862,CUST_05910,2022-08-09,Service,Digital,15,5
CMP_0000863,CUST_02110,2024-07-03,Service,Branch,3,5
CMP_0000864,CUST_09683,2023-07-01,Fees,Branch,1,1
CMP_0000865,CUST_01428,2025-01-27,Fees,Branch,4,4
CMP_0000866,CUST_06324,2023-12-03,Fees,Branch,4,3
CMP_0000867,CUST_06067,2022-03-26,Service,Digital,4,5
CMP_0000868,CUST_09889,2023-06-07,Service,Branch,1,3
CMP_0000869,CUST_04122,2025-12-21,Service,Phone,3,2
CMP_0000870,CUST_01653,2026-07-25,KYC,Branch,8,2
CMP_0000871,CUST_00424,2023-10-25,Fees,Branch,1,4
CMP_0000872,CUST_06418,2025-10-07,Service,Branch,5,3
CMP_0000873,CUST_09539,2025-09-23,Fraud,Phone,5,5
CMP_0000874,CUST_07816,2023-08-09,Fees,Branch,3,3
CMP_0000875,CUST_05988,2026-04-13,Service,Branch,5,2
CMP_0000876,CUST_00528,2025-10-06,Service,Branch,2,3
CMP_0000877,CUST_04288,2025-03-14,KYC,Phone,2,5
CMP_0000878,CUST_03930,2022-02-14,Service,Phone,10,1
CMP_0000879,CUST_01101,2025-09-30,Fees,Branch,3,5
CMP_0000880,CUST_10084,2026-05-31,Fees,Digital,6,5
CMP_0000881,CUST_01481,2025-06-12,Fees,Digital,5,3
CMP_0000882,CUST_06275,2022-05-11,Service,Digital,12,4
CMP_0000883,CUST_06072,2024-04-08,Fees,Branch,42,3
CMP_0000884,CUST_05298,2025-08-19,KYC,Branch,68,5
CMP_0000885,CUST_00146,2026-07-18,KYC,Branch,8,4
CMP_0000886,CUST_01112,2022-01-31,KYC,Phone,1,4
CMP_0000887,CUST_00028,2022-05-01,Service,Phone,4,4
CMP_0000888,CUST_00433,2026-05-09,Service,Branch,5,5
CMP_0000889,CUST_08561,2026-04-06,Service,Digital,1,4
CMP_0000890,CUST_05277,2022-03-17,Fees,Branch,6,4
CMP_0000891,CUST_07249,2023-06-27,KYC,Branch,3,5
CMP_0000892,CUST_06282,2025-05-08,Service,Digital,5,5
CMP_0000893,CUST_08616,2024-07-06,Service,Branch,1,5
CMP_0000894,CUST_03982,2023-03-23,Fees,Phone,22,5
CMP_0000895,CUST_09592,2022-10-28,Fees,Branch,4,4
CMP_0000896,CUST_09424,2025-08-09,Service,Branch,2,3
CMP_0000897,CUST_00854,2024-07-24,KYC,Branch,10,2
CMP_0000898,CUST_08119,2024-08-05,Fees,Branch,2,5
CMP_0000899,CUST_02697,2024-12-11,KYC,Digital,7,4
CMP_0000900,CUST_06569,2025-09-04,Fees,Branch,4,2
CMP_0000901,CUST_05528,2024-04-09,Fees,Branch,12,3
CMP_0000902,CUST_03168,2026-07-31,KYC,Branch,1,4
CMP_0000903,CUST_07486,2025-08-24,KYC,Phone,4,3
CMP_0000904,CUST_00711,2023-12-08,Fees,Branch,2,2
CMP_0000905,CUST_00645,2023-08-23,Service,Branch,1,1
CMP_0000906,CUST_00561,2022-05-10,Fees,Digital,11,3
CMP_0000907,CUST_05844,2023-05-01,Service,Phone,5,2
CMP_0000908,CUST_00382,2023-06-21,Service,Branch,10,4
CMP_0000909,CUST_07760,2026-01-31,KYC,Phone,6,5
CMP_0000910,CUST_00594,2024-11-19,Fees,Digital,19,3
CMP_0000911,CUST_01875,2025-10-07,Service,Phone,2,4
CMP_0000912,CUST_08857,2023-04-26,Service,Branch,2,5
CMP_0000913,CUST_02681,2023-07-03,Service,Digital,1,4
CMP_0000914,CUST_02151,2022-01-15,Service,Phone,9,3
CMP_0000915,CUST_03678,2024-03-07,Fees,Branch,3,4
CMP_0000916,CUST_00755,2025-05-08,Fees,Phone,4,3
CMP_0000917,CUST_05855,2025-04-05,Service,Phone,11,5
CMP_0000918,CUST_05341,2024-05-08,Service,Phone,1,5
CMP_0000919,CUST_06412,2025-09-02,Fees,Digital,46,2
CMP_0000920,CUST_02208,2024-02-19,KYC,Branch,8,5
CMP_0000921,CUST_04007,2025-09-08,Service,Digital,8,2
CMP_0000922,CUST_06047,2025-08-11,Fraud,Digital,1,2
CMP_0000923,CUST_05938,2023-10-03,Fees,Branch,5,4
CMP_0000924,CUST_01578,2022-04-12,Fees,Digital,11,3
CMP_0000925,CUST_09628,2026-03-22,Fees,Digital,2,5
CMP_0000926,CUST_02460,2025-06-03,Fraud,Phone,9,4
CMP_0000927,CUST_08261,2022-06-06,Fees,Digital,10,5
CMP_0000928,CUST_10072,2024-02-24,Fees,Branch,3,3
CMP_0000929,CUST_03373,2026-03-01,Fees,Digital,1,3
CMP_0000930,CUST_01452,2026-05-28,KYC,Branch,2,1
CMP_0000931,CUST_08030,2026-04-16,Fraud,Branch,3,3
CMP_0000932,CUST_02648,2025-04-22,Fees,Digital,5,5
CMP_0000933,CUST_01015,2023-04-25,KYC,Branch,1,4
CMP_0000934,CUST_02263,2023-01-09,Fees,Digital,11,4
CMP_0000935,CUST_02327,2024-01-03,Service,Branch,1,4
CMP_0000936,CUST_08717,2022-12-25,Fees,Branch,2,3
CMP_0000937,CUST_04128,2024-07-01,Fraud,Digital,6,3
CMP_0000938,CUST_01512,2025-12-08,KYC,Phone,12,4
CMP_0000939,CUST_10116,2025-03-07,Service,Branch,14,2
CMP_0000940,CUST_03054,2022-08-18,Service,Phone,8,4
CMP_0000941,CUST_05153,2022-07-28,Fees,Branch,8,5
CMP_0000942,CUST_04258,2025-01-24,Fees,Digital,5,4
CMP_0000943,CUST_02666,2023-06-08,KYC,Phone,12,4
CMP_0000944,CUST_08640,2022-06-03,Fees,Phone,13,5
CMP_0000945,CUST_01015,2023-04-24,Service,Phone,1,2
CMP_0000946,CUST_03663,2022-05-07,Fees,Phone,2,5
CMP_0000947,CUST_05220,2024-06-12,Service,Branch,8,2
CMP_0000948,CUST_09407,2022-05-14,Service,Phone,64,3
CMP_0000949,CUST_05558,2025-08-09,Service,Phone,10,5
CMP_0000950,CUST_09815,2024-07-19,KYC,Digital,71,5
CMP_0000951,CUST_01977,2026-02-25,Fees,Phone,11,5
CMP_0000952,CUST_01964,2022-12-09,Fraud,Digital,5,5
CMP_0000953,CUST_05537,2022-11-17,KYC,Phone,3,5
CMP_0000954,CUST_03293,2023-02-15,Fees,Branch,9,3
CMP_0000955,CUST_02633,2025-06-29,Service,Digital,6,4
CMP_0000956,CUST_03258,2023-05-06,Service,Branch,3,4
CMP_0000957,CUST_00514,2022-07-12,Fees,Phone,7,3
CMP_0000958,CUST_04091,2024-03-16,Fees,Digital,11,3
CMP_0000959,CUST_02809,2024-01-14,Fees,Branch,8,2
CMP_0000960,CUST_05356,2023-03-12,Fees,Phone,2,2
CMP_0000961,CUST_08685,2024-06-25,Fees,Phone,1,2
CMP_0000962,CUST_09805,2024-11-22,Service,Digital,5,3
CMP_0000963,CUST_07089,2025-08-18,Service,Phone,2,3
CMP_0000964,CUST_03546,2025-07-22,Service,Phone,5,5
CMP_0000965,CUST_02036,2024-03-02,Fraud,Digital,15,1
CMP_0000966,CUST_00164,2025-03-11,Service,Phone,3,4
CMP_0000967,CUST_04129,2026-04-12,Fees,Branch,12,5
CMP_0000968,CUST_04353,2025-02-20,Fees,Digital,3,4
CMP_0000969,CUST_09301,2024-10-28,Fraud,Branch,7,5
CMP_0000970,CUST_08688,2023-08-27,Service,Phone,7,5
CMP_0000971,CUST_05219,2025-05-07,KYC,Phone,10,4
CMP_0000972,CUST_00343,2022-01-01,Service,Branch,8,4
CMP_0000973,CUST_07757,2023-02-26,Service,Branch,2,3
CMP_0000974,CUST_00028,2025-03-04,Service,Branch,4,4
CMP_0000975,CUST_04764,2022-01-01,Service,Phone,4,2
CMP_0000976,CUST_06806,2022-09-02,Service,Branch,8,5
CMP_0000977,CUST_02446,2025-12-30,Service,Branch,11,4
CMP_0000978,CUST_01124,2025-04-20,Service,Phone,15,2
CMP_0000979,CUST_09617,2025-07-03,Fees,Phone,9,3
CMP_0000980,CUST_05438,2025-10-27,KYC,Digital,6,4
CMP_0000981,CUST_04219,2024-11-20,Service,Digital,5,4
CMP_0000982,CUST_07346,2026-04-23,Service,Digital,5,4
CMP_0000983,CUST_04103,2024-11-04,KYC,Digital,6,4
CMP_0000984,CUST_09994,2022-09-30,KYC,Branch,11,4
CMP_0000985,CUST_07789,2026-01-15,Service,Branch,2,5
CMP_0000986,CUST_07794,2022-12-12,KYC,Branch,3,5
CMP_0000987,CUST_09961,2023-12-12,Service,Digital,2,1
CMP_0000988,CUST_02831,2025-10-19,Fees,Phone,3,4
CMP_0000989,CUST_07666,2023-10-03,Fraud,Branch,12,4
CMP_0000990,CUST_00504,2022-04-22,Fees,Phone,1,4
CMP_0000991,CUST_07461,2023-06-24,Fees,Digital,3,5
CMP_0000992,CUST_04510,2022-11-17,KYC,Phone,14,4
CMP_0000993,CUST_06210,2024-11-27,Fees,Digital,3,5
CMP_0000994,CUST_10006,2026-05-08,Fees,Digital,6,4
CMP_0000995,CUST_02702,2022-07-12,Fees,Branch,1,4
CMP_0000996,CUST_03282,2023-03-28,KYC,Phone,10,2
CMP_0000997,CUST_00547,2025-09-26,Service,Digital,5,2
CMP_0000998,CUST_03390,2022-12-21,Service,Digital,4,3
CMP_0000999,CUST_04484,2023-11-27,Fraud,Digital,8,5
CMP_0001000,CUST_04248,2022-03-30,Fees,Phone,6,5
CMP_0001001,CUST_06767,2024-08-14,Service,Phone,4,5
CMP_0001002,CUST_02374,2026-07-13,KYC,Phone,5,2
CMP_0001003,CUST_08428,2022-01-22,Service,Digital,1,5
CMP_0001004,CUST_08514,2025-06-11,Service,Digital,1,4
CMP_0001005,CUST_00707,2024-10-28,Service,Digital,5,2
CMP_0001006,CUST_03631,2023-03-10,Service,Digital,3,5
CMP_0001007,CUST_08358,2023-07-25,Fees,Phone,2,2
CMP_0001008,CUST_00106,2022-03-13,Fees,Digital,6,5
CMP_0001009,CUST_01691,2025-02-23,Service,Digital,5,2
CMP_0001010,CUST_03433,2023-01-23,Service,Digital,9,3
CMP_0001011,CUST_03583,2026-01-13,Fraud,Branch,4,3
CMP_0001012,CUST_03833,2024-02-18,Fees,Branch,6,3
CMP_0001013,CUST_04769,2024-11-27,KYC,Digital,7,3
CMP_0001014,CUST_08387,2025-02-18,Service,Phone,1,5
CMP_0001015,CUST_00597,2025-11-21,Service,Branch,14,5
CMP_0001016,CUST_07872,2026-06-28,Service,Branch,4,3
CMP_0001017,CUST_07999,2025-03-27,Service,Digital,4,4
CMP_0001018,CUST_06312,2024-10-07,Service,Digital,1,5
CMP_0001019,CUST_06073,2026-05-31,Service,Digital,2,3
CMP_0001020,CUST_06637,2025-02-27,KYC,Digital,3,4
CMP_0001021,CUST_01670,2026-03-18,KYC,Phone,8,5
CMP_0001022,CUST_07034,2022-03-22,KYC,Digital,1,4
CMP_0001023,CUST_06320,2025-06-14,Service,Phone,11,2
CMP_0001024,CUST_09695,2023-10-27,Service,Phone,12,4
CMP_0001025,CUST_07129,2022-03-30,KYC,Branch,3,2
CMP_0001026,CUST_02695,2023-04-25,Service,Branch,3,2
CMP_0001027,CUST_07496,2023-09-21,KYC,Phone,4,4
CMP_0001028,CUST_02105,2022-05-13,Service,Phone,1,5
CMP_0001029,CUST_09878,2026-03-24,Fees,Phone,4,4
CMP_0001030,CUST_06994,2024-07-24,Service,Branch,1,1
CMP_0001031,CUST_01078,2024-12-29,KYC,Branch,2,5
CMP_0001032,CUST_05513,2023-04-25,Service,Digital,8,4
CMP_0001033,CUST_02569,2023-12-03,Fees,Digital,9,4
CMP_0001034,CUST_09624,2022-06-04,KYC,Digital,1,3
CMP_0001035,CUST_01080,2023-11-17,Fees,Branch,7,5
CMP_0001036,CUST_05639,2026-03-29,Service,Branch,6,5
CMP_0001037,CUST_07260,2025-01-17,Service,Phone,4,4
CMP_0001038,CUST_07697,2024-08-18,Service,Phone,6,4
CMP_0001039,CUST_07887,2025-10-31,KYC,Phone,2,2
CMP_0001040,CUST_06961,2022-09-23,Fees,Digital,16,5
CMP_0001041,CUST_03798,2025-11-29,Fraud,Phone,2,4
CMP_0001042,CUST_00962,2023-02-07,KYC,Branch,5,4
CMP_0001043,CUST_07380,2025-08-10,Service,Branch,5,5
CMP_0001044,CUST_05376,2023-01-26,Fees,Branch,1,4
CMP_0001045,CUST_04392,2023-05-15,Service,Phone,13,4
CMP_0001046,CUST_01401,2022-09-13,Service,Phone,10,4
CMP_0001047,CUST_00592,2024-11-01,Fees,Digital,3,5
CMP_0001048,CUST_01636,2022-09-01,KYC,Branch,9,3
CMP_0001049,CUST_05435,2026-06-14,KYC,Digital,3,4
CMP_0001050,CUST_08507,2023-03-09,KYC,Phone,3,4
CMP_0001051,CUST_02506,2023-07-29,KYC,Digital,4,4
CMP_0001052,CUST_05245,2022-05-08,Fees,Digital,7,5
CMP_0001053,CUST_05699,2024-07-18,Fees,Digital,1,4
CMP_0001054,CUST_00810,2024-04-05,Fraud,Phone,4,3
CMP_0001055,CUST_03714,2022-07-11,KYC,Phone,3,4
CMP_0001056,CUST_02750,2024-02-12,Fees,Branch,6,2
CMP_0001057,CUST_05471,2024-01-23,Fees,Branch,1,4
CMP_0001058,CUST_08768,2026-05-08,Service,Branch,3,5
CMP_0001059,CUST_00270,2025-09-17,KYC,Digital,6,5
CMP_0001060,CUST_00433,2023-05-10,Service,Branch,1,1
CMP_0001061,CUST_05466,2024-01-21,Service,Branch,5,3
CMP_0001062,CUST_09296,2024-09-22,Fees,Digital,50,2
CMP_0001063,CUST_01913,2023-03-23,Service,Phone,64,1
CMP_0001064,CUST_03773,2022-03-26,Fraud,Digital,2,3
CMP_0001065,CUST_09996,2024-04-10,Service,Phone,3,4
CMP_0001066,CUST_00281,2022-03-12,Service,Digital,7,4
CMP_0001067,CUST_03929,2022-01-18,Service,Phone,8,5
CMP_0001068,CUST_00604,2025-10-06,Fees,Digital,6,2
CMP_0001069,CUST_05942,2022-11-05,Fees,Branch,9,5
CMP_0001070,CUST_03075,2022-03-15,Fraud,Phone,5,4
CMP_0001071,CUST_03229,2022-03-06,Fees,Phone,26,2
CMP_0001072,CUST_00771,2023-01-12,KYC,Phone,9,5
CMP_0001073,CUST_06898,2024-01-25,Fees,Digital,5,2
CMP_0001074,CUST_03962,2024-08-10,Service,Phone,7,3
CMP_0001075,CUST_02016,2025-03-24,Fraud,Digital,65,4
CMP_0001076,CUST_01905,2023-06-28,KYC,Digital,5,5
CMP_0001077,CUST_00667,2026-04-17,Fees,Phone,2,4
CMP_0001078,CUST_06247,2025-03-23,KYC,Branch,8,2
CMP_0001079,CUST_04000,2026-04-25,Service,Digital,3,1
CMP_0001080,CUST_08682,2024-07-18,Fees,Phone,2,3
CMP_0001081,CUST_09575,2025-12-11,Service,Branch,4,4
CMP_0001082,CUST_09658,2023-05-02,Fees,Branch,9,4
CMP_0001083,CUST_01499,2024-10-29,Fees,Digital,2,5
CMP_0001084,CUST_08454,2025-10-10,KYC,Branch,9,3
CMP_0001085,CUST_02758,2023-11-30,Fraud,Phone,3,5
CMP_0001086,CUST_01887,2025-02-07,Service,Branch,5,4
CMP_0001087,CUST_05821,2024-03-26,Service,Phone,8,4
CMP_0001088,CUST_02516,2023-09-23,Fees,Branch,5,5
CMP_0001089,CUST_01221,2024-03-28,Service,Branch,16,4
CMP_0001090,CUST_05125,2024-11-13,Service,Phone,4,4
CMP_0001091,CUST_08674,2024-12-03,Fees,Phone,40,2
CMP_0001092,CUST_07316,2022-03-04,Service,Phone,17,4
CMP_0001093,CUST_09441,2025-11-27,KYC,Branch,4,5
CMP_0001094,CUST_06362,2024-10-13,Service,Phone,2,4
CMP_0001095,CUST_04650,2024-04-17,Fees,Digital,3,3
CMP_0001096,CUST_07745,2022-08-11,Fees,Branch,6,3
CMP_0001097,CUST_01167,2026-01-24,Fraud,Phone,7,4
CMP_0001098,CUST_02815,2022-04-14,Fees,Branch,11,3
CMP_0001099,CUST_00080,2025-10-26,Service,Digital,3,2
CMP_0001100,CUST_02383,2022-07-09,Fees,Phone,7,5
CMP_0001101,CUST_07515,2025-06-28,Service,Phone,15,3
CMP_0001102,CUST_01228,2024-12-11,Fees,Phone,3,5
CMP_0001103,CUST_07624,2025-05-10,KYC,Digital,4,3
CMP_0001104,CUST_01803,2026-05-19,Fees,Branch,6,3
CMP_0001105,CUST_09032,2025-11-20,Fees,Digital,7,5
CMP_0001106,CUST_06341,2022-09-10,KYC,Branch,1,5
CMP_0001107,CUST_09757,2023-08-16,Fees,Digital,10,4
CMP_0001108,CUST_01906,2025-05-15,Service,Phone,14,4
CMP_0001109,CUST_08546,2022-05-01,Service,Digital,9,1
CMP_0001110,CUST_06427,2026-06-13,Fees,Phone,1,4
CMP_0001111,CUST_06380,2024-01-13,Fees,Digital,2,5
CMP_0001112,CUST_05965,2024-04-14,Fees,Branch,6,3
CMP_0001113,CUST_02341,2024-09-18,Fees,Branch,3,3
CMP_0001114,CUST_01695,2022-02-04,Fees,Digital,30,1
CMP_0001115,CUST_07236,2026-04-08,KYC,Digital,7,3
CMP_0001116,CUST_04443,2024-02-26,Fees,Branch,2,4
CMP_0001117,CUST_07223,2022-06-05,Fees,Branch,6,4
CMP_0001118,CUST_08582,2025-07-14,Service,Phone,11,5
CMP_0001119,CUST_08584,2025-12-30,Fees,Digital,3,4
CMP_0001120,CUST_08400,2025-04-01,Fees,Digital,1,4
CMP_0001121,CUST_05093,2026-02-13,Service,Branch,3,5
CMP_0001122,CUST_07132,2026-04-11,KYC,Digital,5,4
CMP_0001123,CUST_08271,2024-09-10,Fraud,Phone,4,2
CMP_0001124,CUST_02543,2022-05-20,Fees,Digital,4,3
CMP_0001125,CUST_07810,2023-11-11,Fees,Digital,55,1
CMP_0001126,CUST_03874,2023-04-07,Fees,Digital,2,5
CMP_0001127,CUST_04517,2022-07-09,Fees,Branch,2,4
CMP_0001128,CUST_03817,2025-08-22,Fraud,Digital,3,1
CMP_0001129,CUST_08072,2023-09-28,KYC,Branch,7,5
CMP_0001130,CUST_00495,2022-07-22,Fees,Phone,9,5
CMP_0001131,CUST_04291,2025-12-20,Fees,Phone,14,4
CMP_0001132,CUST_07544,2022-05-19,Fees,Digital,3,4
CMP_0001133,CUST_05172,2024-01-10,Service,Phone,6,5
CMP_0001134,CUST_06904,2022-07-25,Fees,Digital,12,3
CMP_0001135,CUST_00805,2022-07-07,Fees,Phone,2,1
CMP_0001136,CUST_09874,2022-09-19,Fees,Digital,12,3
CMP_0001137,CUST_08113,2025-04-02,Fees,Digital,15,4
CMP_0001138,CUST_09118,2025-03-11,KYC,Branch,2,5
CMP_0001139,CUST_09045,2026-05-18,Fees,Phone,6,3
CMP_0001140,CUST_07662,2024-09-02,Service,Phone,9,4
CMP_0001141,CUST_04572,2024-06-24,Fees,Phone,6,5
CMP_0001142,CUST_08088,2024-08-10,KYC,Phone,1,4
CMP_0001143,CUST_05637,2026-07-08,Fees,Branch,7,4
CMP_0001144,CUST_06459,2022-07-13,Fees,Branch,21,1
CMP_0001145,CUST_00027,2025-01-29,Fees,Branch,10,5
CMP_0001146,CUST_07597,2022-12-01,KYC,Digital,1,2
CMP_0001147,CUST_05031,2023-02-21,KYC,Phone,1,3
CMP_0001148,CUST_02111,2022-02-10,Fees,Branch,3,4
CMP_0001149,CUST_03999,2026-02-10,Fees,Digital,4,4
CMP_0001150,CUST_00947,2026-07-17,Fees,Digital,4,5
CMP_0001151,CUST_05384,2025-08-03,Service,Digital,11,2
CMP_0001152,CUST_03522,2023-07-06,Service,Branch,73,5
CMP_0001153,CUST_05451,2024-09-21,Fees,Digital,5,4
CMP_0001154,CUST_02373,2023-06-04,Service,Phone,8,4
CMP_0001155,CUST_00522,2024-09-30,Fees,Digital,4,5
CMP_0001156,CUST_03270,2023-02-05,Fraud,Phone,17,4
CMP_0001157,CUST_00685,2022-04-02,KYC,Digital,5,5
CMP_0001158,CUST_03858,2025-01-19,Fraud,Branch,4,3
CMP_0001159,CUST_02879,2022-01-27,Fees,Phone,7,4
CMP_0001160,CUST_06556,2024-09-09,Service,Phone,4,4
CMP_0001161,CUST_05822,2025-02-04,Fees,Branch,8,3
CMP_0001162,CUST_03141,2022-09-30,Service,Branch,4,5
CMP_0001163,CUST_07239,2022-02-11,Fraud,Phone,4,4
CMP_0001164,CUST_00516,2024-11-22,Service,Phone,11,3
CMP_0001165,CUST_02063,2023-07-04,Fraud,Branch,4,1
CMP_0001166,CUST_09026,2023-03-08,Fees,Branch,4,4
CMP_0001167,CUST_09125,2022-01-29,Fees,Branch,9,4
CMP_0001168,CUST_08969,2024-07-11,Service,Phone,2,5
CMP_0001169,CUST_04084,2024-07-28,Service,Digital,11,5
CMP_0001170,CUST_09846,2022-11-12,Service,Phone,4,5
CMP_0001171,CUST_08725,2022-11-13,KYC,Digital,3,5
CMP_0001172,CUST_10058,2023-01-08,Fees,Phone,4,5
CMP_0001173,CUST_08757,2024-08-01,Service,Phone,4,4
CMP_0001174,CUST_04556,2022-05-03,Service,Digital,5,5
CMP_0001175,CUST_04658,2023-08-06,Service,Digital,3,5
CMP_0001176,CUST_03864,2023-08-23,Service,Phone,14,4
CMP_0001177,CUST_05656,2024-04-21,KYC,Branch,15,2
CMP_0001178,CUST_04613,2022-12-23,Fees,Digital,4,4
CMP_0001179,CUST_09868,2024-11-16,Fees,Phone,4,4
CMP_0001180,CUST_06889,2022-01-17,KYC,Digital,5,2
CMP_0001181,CUST_08108,2026-07-12,Service,Digital,2,4
CMP_0001182,CUST_08050,2023-09-02,Fees,Branch,5,5
CMP_0001183,CUST_04799,2024-12-09,Service,Phone,3,1
CMP_0001184,CUST_07953,2025-02-18,Service,Digital,6,5
CMP_0001185,CUST_01957,2023-06-29,Fees,Branch,7,5
CMP_0001186,CUST_03445,2026-03-10,Fees,Digital,7,3
CMP_0001187,CUST_00310,2024-07-02,Service,Branch,4,4
CMP_0001188,CUST_04362,2024-08-20,Fees,Phone,1,4
CMP_0001189,CUST_10168,2023-03-31,Service,Phone,2,4
CMP_0001190,CUST_02400,2024-05-20,Service,Branch,2,2
CMP_0001191,CUST_08742,2024-02-14,KYC,Digital,9,4
CMP_0001192,CUST_08141,2025-09-01,Fees,Branch,12,2
CMP_0001193,CUST_04854,2024-09-12,Service,Branch,10,4
CMP_0001194,CUST_09024,2022-06-25,KYC,Branch,1,4
CMP_0001195,CUST_09799,2022-11-09,Service,Digital,6,3
CMP_0001196,CUST_05720,2025-05-27,KYC,Branch,1,2
CMP_0001197,CUST_02639,2022-07-25,KYC,Phone,2,4
CMP_0001198,CUST_00409,2026-05-30,Fees,Phone,4,4
CMP_0001199,CUST_00359,2023-07-18,Fees,Branch,6,5
CMP_0001200,CUST_05681,2025-06-10,Fees,Branch,5,5
CMP_0001201,CUST_07220,2023-01-19,Service,Phone,4,3
CMP_0001202,CUST_05259,2023-11-07,Service,Digital,2,5
CMP_0001203,CUST_03942,2026-07-12,Service,Digital,1,4
CMP_0001204,CUST_09547,2024-08-09,Fees,Phone,11,5
CMP_0001205,CUST_07899,2022-02-01,Service,Branch,5,5
CMP_0001206,CUST_03817,2023-04-08,Service,Phone,2,5
CMP_0001207,CUST_06889,2022-05-30,KYC,Branch,4,4
CMP_0001208,CUST_02450,2025-07-06,Fees,Branch,9,4
CMP_0001209,CUST_08734,2026-02-19,Fees,Digital,4,5
CMP_0001210,CUST_04424,2025-09-07,KYC,Branch,8,3
CMP_0001211,CUST_01429,2025-04-28,Service,Phone,7,5
CMP_0001212,CUST_06862,2026-08-09,Fees,Branch,3,5
CMP_0001213,CUST_00305,2022-02-27,Service,Phone,4,5
CMP_0001214,CUST_01507,2022-12-25,KYC,Branch,17,4
CMP_0001215,CUST_05401,2023-04-15,Service,Digital,12,3
CMP_0001216,CUST_04777,2025-01-23,Service,Phone,7,4
CMP_0001217,CUST_03720,2025-04-01,Service,Branch,1,5
CMP_0001218,CUST_03976,2025-04-04,Service,Digital,7,4
CMP_0001219,CUST_09807,2022-04-24,Service,Branch,1,5
CMP_0001220,CUST_01245,2024-07-23,Fees,Phone,5,4
CMP_0001221,CUST_04526,2025-11-30,Fees,Phone,5,4
CMP_0001222,CUST_07874,2023-05-16,Service,Branch,1,1
CMP_0001223,CUST_09454,2022-03-20,Service,Digital,5,4
CMP_0001224,CUST_09998,2025-04-24,KYC,Digital,5,4
CMP_0001225,CUST_05955,2025-12-13,Fees,Phone,4,4
CMP_0001226,CUST_07855,2024-01-17,Service,Phone,6,5
CMP_0001227,CUST_05405,2024-06-25,Service,Digital,45,3
CMP_0001228,CUST_00390,2022-01-16,Service,Digital,7,4
CMP_0001229,CUST_09729,2022-05-13,Service,Digital,1,4
CMP_0001230,CUST_04058,2023-07-28,Fraud,Phone,7,4
CMP_0001231,CUST_03608,2022-10-23,Fraud,Branch,7,5
CMP_0001232,CUST_06594,2025-09-02,Service,Digital,4,5
CMP_0001233,CUST_01776,2023-07-30,Fees,Phone,4,4
CMP_0001234,CUST_04756,2022-10-25,Service,Branch,14,4
CMP_0001235,CUST_06312,2024-11-23,Service,Branch,3,5
CMP_0001236,CUST_07998,2026-02-05,Fees,Phone,7,4
CMP_0001237,CUST_00502,2024-02-23,Service,Branch,1,5
CMP_0001238,CUST_07957,2025-11-19,Fees,Phone,67,4
CMP_0001239,CUST_00464,2026-07-07,Fees,Branch,2,3
CMP_0001240,CUST_03110,2025-05-15,Fees,Digital,6,3
CMP_0001241,CUST_02430,2025-11-01,Fees,Branch,10,4
CMP_0001242,CUST_05836,2022-03-14,Fees,Branch,11,4
CMP_0001243,CUST_02793,2023-08-08,Service,Phone,7,5
CMP_0001244,CUST_00358,2026-05-08,Service,Digital,1,3
CMP_0001245,CUST_00003,2025-08-07,Fraud,Digital,1,4
CMP_0001246,CUST_00208,2025-01-18,Fees,Branch,7,5
CMP_0001247,CUST_02247,2024-02-04,Service,Phone,1,4
CMP_0001248,CUST_01795,2026-01-06,Service,Digital,6,3
CMP_0001249,CUST_06794,2025-12-07,Service,Digital,2,5
CMP_0001250,CUST_07793,2022-04-02,Service,Phone,7,1
CMP_0001251,CUST_08219,2025-02-28,Fees,Phone,5,3
CMP_0001252,CUST_04929,2026-07-22,KYC,Branch,5,5
CMP_0001253,CUST_09940,2022-03-31,Fees,Phone,5,3
CMP_0001254,CUST_01002,2025-08-30,Service,Digital,6,5
CMP_0001255,CUST_09872,2023-09-03,Service,Branch,3,2
CMP_0001256,CUST_06652,2025-07-17,Service,Phone,13,2
CMP_0001257,CUST_07932,2024-10-06,Fees,Digital,1,1
CMP_0001258,CUST_01988,2024-11-10,Fees,Branch,5,4
CMP_0001259,CUST_06368,2024-06-24,KYC,Branch,7,4
CMP_0001260,CUST_01055,2024-04-29,Fraud,Branch,15,5
CMP_0001261,CUST_04128,2022-08-03,Service,Digital,68,5
CMP_0001262,CUST_00795,2025-09-08,Fraud,Digital,3,4
CMP_0001263,CUST_05001,2022-09-29,Fees,Digital,3,2
CMP_0001264,CUST_06440,2026-04-23,Service,Branch,7,4
CMP_0001265,CUST_07739,2023-10-03,KYC,Branch,3,4
CMP_0001266,CUST_00710,2022-10-05,Fraud,Branch,3,4
CMP_0001267,CUST_04414,2025-07-08,Service,Branch,3,5
CMP_0001268,CUST_05644,2025-11-22,Fees,Digital,5,4
CMP_0001269,CUST_05492,2025-09-09,Service,Branch,6,4
CMP_0001270,CUST_00231,2026-07-06,Service,Branch,7,5
CMP_0001271,CUST_01791,2022-07-23,Service,Branch,14,2
CMP_0001272,CUST_06052,2024-04-17,Fees,Digital,16,3
CMP_0001273,CUST_02490,2024-02-17,Fraud,Digital,1,2
CMP_0001274,CUST_08854,2022-12-15,Fraud,Digital,8,2
CMP_0001275,CUST_00847,2023-01-19,Fees,Branch,1,5
CMP_0001276,CUST_01813,2026-07-20,KYC,Digital,12,4
CMP_0001277,CUST_02177,2024-02-16,Fraud,Digital,5,4
CMP_0001278,CUST_09047,2026-05-08,Service,Branch,1,3
CMP_0001279,CUST_05409,2025-04-20,KYC,Phone,4,3
CMP_0001280,CUST_01454,2022-09-26,Service,Digital,12,3
CMP_0001281,CUST_05263,2024-01-19,KYC,Phone,10,5
CMP_0001282,CUST_01736,2022-08-17,KYC,Phone,6,5
CMP_0001283,CUST_07874,2024-06-14,Fees,Phone,8,4
CMP_0001284,CUST_00184,2024-07-04,KYC,Digital,4,2
CMP_0001285,CUST_08368,2022-06-15,Service,Branch,4,3
CMP_0001286,CUST_05490,2024-05-15,KYC,Phone,10,3
CMP_0001287,CUST_05849,2026-07-16,Service,Phone,6,2
CMP_0001288,CUST_05415,2025-10-15,Service,Digital,17,5
CMP_0001289,CUST_00437,2023-02-12,Fees,Digital,8,3
CMP_0001290,CUST_00738,2025-08-09,KYC,Phone,1,4
CMP_0001291,CUST_00155,2025-04-15,Fees,Digital,7,1
CMP_0001292,CUST_07526,2024-05-22,Service,Digital,1,4
CMP_0001293,CUST_01417,2026-04-11,Fees,Phone,7,4
CMP_0001294,CUST_00591,2024-08-02,KYC,Branch,10,5
CMP_0001295,CUST_09362,2025-02-22,KYC,Branch,6,2
CMP_0001296,CUST_08823,2022-03-19,Fees,Branch,45,4
CMP_0001297,CUST_05404,2024-03-31,Fraud,Digital,5,3
CMP_0001298,CUST_09501,2025-03-30,Service,Branch,14,5
CMP_0001299,CUST_07593,2022-01-14,Service,Branch,5,3
CMP_0001300,CUST_07647,2025-04-02,Fees,Branch,8,1
CMP_0001301,CUST_10056,2022-11-30,KYC,Digital,3,5
CMP_0001302,CUST_03038,2023-08-24,Fees,Phone,2,5
CMP_0001303,CUST_06574,2023-03-05,Fraud,Branch,5,5
CMP_0001304,CUST_02732,2026-07-09,Service,Phone,2,5
CMP_0001305,CUST_06170,2022-06-25,KYC,Branch,5,4
CMP_0001306,CUST_05455,2023-05-09,Service,Digital,5,4
CMP_0001307,CUST_04280,2022-02-27,Service,Phone,2,1
CMP_0001308,CUST_05188,2023-01-07,Service,Branch,1,4
CMP_0001309,CUST_03167,2024-01-18,KYC,Branch,3,5
CMP_0001310,CUST_05172,2024-09-14,KYC,Digital,8,3
CMP_0001311,CUST_07427,2023-06-30,KYC,Branch,3,4
CMP_0001312,CUST_02941,2022-04-18,Fees,Phone,5,2
CMP_0001313,CUST_01701,2023-10-15,KYC,Branch,15,4
CMP_0001314,CUST_06414,2022-10-06,Service,Phone,2,4
CMP_0001315,CUST_07432,2022-09-20,Service,Branch,10,3
CMP_0001316,CUST_09398,2023-07-31,Service,Branch,7,2
CMP_0001317,CUST_02048,2026-08-04,KYC,Branch,1,5
CMP_0001318,CUST_01935,2024-10-10,Fees,Digital,1,5
CMP_0001319,CUST_02230,2022-01-09,Service,Phone,9,4
CMP_0001320,CUST_03900,2023-01-01,KYC,Digital,10,5
CMP_0001321,CUST_01476,2022-01-18,Fees,Branch,10,4
CMP_0001322,CUST_03212,2022-08-26,Fees,Phone,2,2
CMP_0001323,CUST_04475,2025-07-23,Fees,Phone,6,4
CMP_0001324,CUST_03353,2026-05-07,Service,Phone,3,5
CMP_0001325,CUST_04715,2026-05-12,Fees,Branch,4,5
CMP_0001326,CUST_10052,2025-02-21,Fraud,Branch,6,5
CMP_0001327,CUST_07742,2025-06-06,Service,Branch,14,4
CMP_0001328,CUST_02256,2025-03-04,Service,Digital,5,5
CMP_0001329,CUST_07444,2023-09-12,Fees,Digital,42,3
CMP_0001330,CUST_09094,2023-10-28,Fees,Phone,1,5
CMP_0001331,CUST_06045,2025-02-23,KYC,Phone,10,5
CMP_0001332,CUST_06019,2024-07-02,Service,Branch,10,3
CMP_0001333,CUST_06388,2024-12-29,KYC,Digital,8,1
CMP_0001334,CUST_01209,2026-04-27,Fees,Digital,38,5
CMP_0001335,CUST_02805,2023-05-08,Service,Branch,2,5
CMP_0001336,CUST_04288,2026-03-23,Fees,Digital,3,1
CMP_0001337,CUST_05275,2023-05-28,Fraud,Branch,8,5
CMP_0001338,CUST_08179,2024-07-27,Fees,Phone,5,5
CMP_0001339,CUST_04521,2026-05-22,Fees,Phone,3,4
CMP_0001340,CUST_09435,2024-12-19,KYC,Branch,9,5
CMP_0001341,CUST_05322,2024-01-23,Service,Branch,4,2
CMP_0001342,CUST_02218,2023-05-06,Service,Phone,20,4
CMP_0001343,CUST_00147,2024-04-15,Service,Branch,13,5
CMP_0001344,CUST_04557,2025-08-08,KYC,Phone,9,3
CMP_0001345,CUST_09415,2025-11-19,Service,Digital,3,4
CMP_0001346,CUST_09572,2022-09-23,KYC,Phone,7,3
CMP_0001347,CUST_05469,2026-04-05,Fees,Digital,15,3
CMP_0001348,CUST_08283,2025-08-31,Service,Branch,3,4
CMP_0001349,CUST_05430,2024-06-15,Service,Branch,1,1
CMP_0001350,CUST_04257,2022-08-09,Fraud,Branch,4,2
CMP_0001351,CUST_07698,2022-02-03,Service,Phone,9,2
CMP_0001352,CUST_08634,2024-04-12,Service,Phone,4,4
CMP_0001353,CUST_02441,2026-02-11,Service,Branch,7,4
CMP_0001354,CUST_01487,2025-02-22,Service,Digital,2,5
CMP_0001355,CUST_00137,2022-08-21,KYC,Phone,14,5
CMP_0001356,CUST_03011,2025-11-19,KYC,Branch,8,2
CMP_0001357,CUST_05611,2026-08-12,KYC,Digital,14,4
CMP_0001358,CUST_08998,2023-04-02,KYC,Digital,16,3
CMP_0001359,CUST_02440,2025-11-07,Fees,Phone,1,4
CMP_0001360,CUST_04319,2026-02-23,Service,Digital,1,3
CMP_0001361,CUST_03093,2022-01-23,Fees,Digital,62,3
CMP_0001362,CUST_06771,2024-03-10,Fees,Phone,10,4
CMP_0001363,CUST_09871,2026-06-10,Service,Digital,4,4
CMP_0001364,CUST_05642,2022-09-18,Fees,Phone,8,5
CMP_0001365,CUST_02274,2024-04-02,KYC,Phone,1,4
CMP_0001366,CUST_06998,2022-02-22,Service,Phone,5,3
CMP_0001367,CUST_05746,2023-04-03,Service,Branch,19,4
CMP_0001368,CUST_03126,2023-05-16,Fees,Digital,3,5
CMP_0001369,CUST_06704,2023-04-04,Service,Digital,4,5
CMP_0001370,CUST_07560,2022-07-20,Fraud,Branch,8,2
CMP_0001371,CUST_01853,2023-06-15,Fees,Phone,10,4
CMP_0001372,CUST_09963,2025-10-04,Service,Branch,4,4
CMP_0001373,CUST_03440,2023-10-04,KYC,Digital,69,4
CMP_0001374,CUST_02464,2023-03-20,Service,Phone,3,3
CMP_0001375,CUST_00031,2024-11-08,Service,Phone,6,5
CMP_0001376,CUST_00756,2024-01-07,Service,Branch,3,2
CMP_0001377,CUST_02475,2022-11-14,Service,Phone,6,5
CMP_0001378,CUST_09854,2024-05-13,Service,Branch,4,4
CMP_0001379,CUST_07909,2023-07-29,Fees,Phone,8,4
CMP_0001380,CUST_04783,2024-09-20,Fraud,Digital,5,4
CMP_0001381,CUST_10117,2025-05-11,Service,Digital,11,4
CMP_0001382,CUST_03465,2023-02-17,KYC,Phone,14,4
CMP_0001383,CUST_01424,2025-06-06,Fees,Branch,4,2
CMP_0001384,CUST_00806,2023-12-16,Fees,Phone,6,3
CMP_0001385,CUST_02710,2023-09-26,Service,Branch,14,5
CMP_0001386,CUST_10008,2022-01-24,Service,Phone,4,3
CMP_0001387,CUST_02701,2023-09-21,Fees,Digital,13,5
CMP_0001388,CUST_06611,2023-08-03,Fees,Branch,12,5
CMP_0001389,CUST_00234,2026-05-22,KYC,Branch,4,4
CMP_0001390,CUST_09489,2023-06-26,Service,Branch,3,5
CMP_0001391,CUST_00926,2025-10-28,KYC,Phone,35,4
CMP_0001392,CUST_08935,2025-06-15,Service,Phone,7,4
CMP_0001393,CUST_03554,2023-03-31,Service,Phone,1,4
CMP_0001394,CUST_05048,2026-07-12,Fees,Digital,2,4
CMP_0001395,CUST_05609,2025-10-14,Service,Branch,1,2
CMP_0001396,CUST_06688,2024-06-04,Fees,Phone,5,4
CMP_0001397,CUST_06864,2024-03-31,Service,Phone,14,4
CMP_0001398,CUST_01739,2023-07-16,Fees,Digital,11,3
CMP_0001399,CUST_08842,2026-01-15,Service,Phone,10,4
CMP_0001400,CUST_09714,2025-08-02,Fees,Digital,8,2
CMP_0001401,CUST_07732,2025-03-10,Service,Phone,5,3
CMP_0001402,CUST_03703,2023-05-06,KYC,Phone,1,3
CMP_0001403,CUST_05814,2023-12-09,Fees,Phone,11,3
CMP_0001404,CUST_08752,2022-10-15,Fees,Digital,1,5
CMP_0001405,CUST_03230,2025-09-30,Fees,Phone,7,4
CMP_0001406,CUST_06296,2023-09-06,Fraud,Phone,7,4
CMP_0001407,CUST_07699,2022-03-28,Service,Digital,4,2
CMP_0001408,CUST_06819,2023-05-27,Fees,Branch,17,5
CMP_0001409,CUST_07638,2026-06-19,KYC,Digital,2,3
CMP_0001410,CUST_07052,2022-04-21,Fees,Digital,3,5
CMP_0001411,CUST_07036,2022-11-18,KYC,Digital,1,2
CMP_0001412,CUST_03084,2023-09-24,Service,Phone,3,1
CMP_0001413,CUST_02687,2023-01-14,KYC,Digital,4,4
CMP_0001414,CUST_03383,2026-03-09,Fees,Phone,9,4
CMP_0001415,CUST_08858,2025-09-25,Fees,Phone,1,4
CMP_0001416,CUST_03130,2026-04-22,Fees,Phone,6,2
CMP_0001417,CUST_00102,2025-06-02,Service,Phone,7,5
CMP_0001418,CUST_02587,2022-04-13,Fees,Phone,3,4
CMP_0001419,CUST_04012,2022-06-07,Service,Digital,12,5
CMP_0001420,CUST_07107,2026-06-02,Service,Branch,5,5
CMP_0001421,CUST_02900,2022-06-02,Service,Branch,6,4
CMP_0001422,CUST_03811,2026-03-01,Service,Digital,3,1
CMP_0001423,CUST_00449,2026-05-25,Service,Branch,9,4
CMP_0001424,CUST_06551,2024-05-02,Service,Phone,7,2
CMP_0001425,CUST_07449,2022-03-23,Service,Phone,21,5
CMP_0001426,CUST_06877,2025-09-03,KYC,Phone,9,4
CMP_0001427,CUST_05802,2023-04-20,Service,Phone,4,4
CMP_0001428,CUST_09823,2023-06-02,Service,Digital,7,5
CMP_0001429,CUST_00614,2024-10-24,KYC,Branch,5,4
CMP_0001430,CUST_03340,2022-12-08,Service,Phone,2,4
CMP_0001431,CUST_05297,2023-03-27,Service,Branch,3,3
CMP_0001432,CUST_04886,2023-03-11,Service,Digital,2,3
CMP_0001433,CUST_03522,2025-12-26,Fees,Digital,4,2
CMP_0001434,CUST_01960,2022-06-25,Service,Digital,13,5
CMP_0001435,CUST_01301,2022-10-03,Service,Phone,1,5
CMP_0001436,CUST_08439,2024-09-08,Service,Phone,4,4
CMP_0001437,CUST_01991,2023-12-19,Service,Digital,2,5
CMP_0001438,CUST_07876,2024-10-26,KYC,Branch,1,5
CMP_0001439,CUST_02856,2024-11-10,Service,Phone,5,2
CMP_0001440,CUST_02774,2025-03-29,Fees,Phone,5,4
CMP_0001441,CUST_08703,2025-04-21,Fees,Branch,3,3
CMP_0001442,CUST_00544,2023-12-21,KYC,Phone,58,4
CMP_0001443,CUST_05413,2024-03-24,Service,Branch,1,4
CMP_0001444,CUST_10152,2024-05-12,Fees,Phone,10,2
CMP_0001445,CUST_00982,2024-09-18,Fees,Digital,1,3
CMP_0001446,CUST_06865,2023-08-01,KYC,Phone,5,4
CMP_0001447,CUST_07390,2023-10-22,Service,Phone,14,4
CMP_0001448,CUST_03743,2025-01-16,Service,Digital,68,1
CMP_0001449,CUST_02639,2023-08-05,KYC,Branch,6,5
CMP_0001450,CUST_09070,2023-02-06,Fees,Phone,8,4
CMP_0001451,CUST_02075,2023-03-02,Fees,Phone,4,5
CMP_0001452,CUST_08385,2023-01-31,Fees,Branch,31,2
CMP_0001453,CUST_05727,2025-04-27,KYC,Phone,9,4
CMP_0001454,CUST_05834,2023-06-29,Fees,Digital,6,3
CMP_0001455,CUST_00839,2022-04-03,Service,Digital,2,3
CMP_0001456,CUST_06664,2022-03-14,KYC,Digital,11,4
CMP_0001457,CUST_04202,2022-02-02,Fees,Phone,14,5
CMP_0001458,CUST_08780,2024-05-08,KYC,Branch,7,5
CMP_0001459,CUST_08278,2024-11-24,Service,Phone,1,3
CMP_0001460,CUST_09503,2025-11-29,Service,Branch,22,4
CMP_0001461,CUST_09673,2022-12-07,Fraud,Phone,6,4
CMP_0001462,CUST_06844,2023-07-01,Fraud,Phone,67,5
CMP_0001463,CUST_09775,2024-11-04,Service,Digital,3,4
CMP_0001464,CUST_03382,2022-08-16,Fees,Branch,10,4
CMP_0001465,CUST_02472,2025-03-12,Fees,Branch,6,5
CMP_0001466,CUST_03610,2026-01-12,Service,Branch,6,5
CMP_0001467,CUST_09697,2022-01-01,Service,Digital,5,1
CMP_0001468,CUST_02516,2022-06-08,Fraud,Branch,5,4
CMP_0001469,CUST_00606,2024-07-05,Service,Branch,14,3
CMP_0001470,CUST_08948,2022-09-19,Fees,Branch,2,1
CMP_0001471,CUST_00238,2026-05-05,Fraud,Phone,3,4
CMP_0001472,CUST_04912,2025-04-21,Service,Branch,3,4
CMP_0001473,CUST_06223,2025-08-22,Service,Phone,4,5
CMP_0001474,CUST_07259,2024-01-23,Service,Branch,5,4
CMP_0001475,CUST_05102,2026-02-24,Fees,Digital,4,4
CMP_0001476,CUST_02706,2023-10-10,Service,Branch,2,5
CMP_0001477,CUST_00568,2022-02-26,KYC,Phone,4,5
CMP_0001478,CUST_05806,2023-04-24,Service,Digital,6,4
CMP_0001479,CUST_00432,2022-06-27,Service,Phone,1,5
CMP_0001480,CUST_06877,2022-03-30,Service,Digital,5,5
CMP_0001481,CUST_05340,2023-10-27,KYC,Branch,5,4
CMP_0001482,CUST_03856,2022-05-15,Fees,Phone,9,3
CMP_0001483,CUST_06819,2022-09-17,Fees,Branch,7,5
CMP_0001484,CUST_02385,2026-01-24,Fraud,Phone,2,5
CMP_0001485,CUST_06261,2023-04-17,Service,Phone,11,4
CMP_0001486,CUST_00550,2024-08-13,Service,Digital,4,4
CMP_0001487,CUST_10194,2022-01-18,Service,Branch,6,4
CMP_0001488,CUST_09341,2025-06-07,Service,Branch,4,2
CMP_0001489,CUST_05085,2024-03-04,Service,Phone,15,3
CMP_0001490,CUST_04602,2023-05-16,Fees,Phone,25,3
CMP_0001491,CUST_01121,2025-06-15,KYC,Phone,9,1
CMP_0001492,CUST_02835,2023-07-15,Service,Digital,2,5
CMP_0001493,CUST_07343,2025-09-19,Fees,Phone,66,1
CMP_0001494,CUST_01555,2024-04-18,Service,Digital,4,4
CMP_0001495,CUST_05935,2022-05-05,Service,Phone,5,4
CMP_0001496,CUST_06513,2023-08-10,Fraud,Digital,12,3
CMP_0001497,CUST_03509,2022-07-23,Service,Digital,1,5
CMP_0001498,CUST_01113,2025-04-02,Fees,Branch,2,4
CMP_0001499,CUST_00060,2024-03-10,Fees,Digital,3,4
CMP_0001500,CUST_04987,2023-06-04,Service,Branch,5,4
CMP_0001501,CUST_09321,2022-08-13,KYC,Phone,14,5
CMP_0001502,CUST_02137,2025-12-25,Service,Phone,4,4
CMP_0001503,CUST_00343,2022-02-20,Service,Branch,1,5
CMP_0001504,CUST_02338,2025-01-15,Fees,Digital,4,5
CMP_0001505,CUST_06933,2024-06-21,Service,Branch,5,2
CMP_0001506,CUST_04789,2026-06-21,Fees,Phone,5,3
CMP_0001507,CUST_01513,2026-06-06,Service,Branch,2,5
CMP_0001508,CUST_05844,2025-07-24,Fees,Phone,8,5
CMP_0001509,CUST_06248,2022-06-27,Service,Phone,8,1
CMP_0001510,CUST_01410,2023-02-09,Service,Digital,1,2
CMP_0001511,CUST_06816,2025-06-08,KYC,Branch,14,4
CMP_0001512,CUST_06912,2022-10-29,Fees,Phone,6,5
CMP_0001513,CUST_06351,2022-08-30,Fraud,Phone,4,4
CMP_0001514,CUST_06144,2024-03-09,Service,Digital,2,5
CMP_0001515,CUST_01901,2025-01-16,Fees,Branch,9,5
CMP_0001516,CUST_03232,2025-06-02,Service,Branch,6,4
CMP_0001517,CUST_03003,2023-03-22,Fraud,Digital,3,4
CMP_0001518,CUST_00209,2024-03-17,Service,Phone,9,1
CMP_0001519,CUST_02889,2022-05-20,KYC,Digital,13,5
CMP_0001520,CUST_09380,2025-05-07,Fees,Digital,4,4
CMP_0001521,CUST_01118,2023-07-04,Service,Phone,13,3
CMP_0001522,CUST_01957,2024-09-10,Service,Digital,2,3
CMP_0001523,CUST_08478,2023-01-18,Service,Digital,2,5
CMP_0001524,CUST_01685,2022-12-11,Fees,Digital,6,4
CMP_0001525,CUST_00034,2023-02-26,Service,Phone,19,4
CMP_0001526,CUST_05064,2022-09-08,Service,Branch,5,4
CMP_0001527,CUST_00479,2023-06-30,KYC,Phone,3,4
CMP_0001528,CUST_00963,2025-12-11,Service,Phone,7,4
CMP_0001529,CUST_05513,2024-10-17,Service,Branch,1,3
CMP_0001530,CUST_09080,2023-12-25,Service,Phone,16,4
CMP_0001531,CUST_01390,2023-07-18,Fees,Digital,9,3
CMP_0001532,CUST_01856,2024-02-06,KYC,Phone,9,4
CMP_0001533,CUST_02929,2023-12-19,Service,Phone,3,4
CMP_0001534,CUST_08067,2023-01-24,Service,Digital,12,3
CMP_0001535,CUST_09881,2022-05-21,Fees,Phone,2,2
CMP_0001536,CUST_01983,2025-10-25,Fees,Phone,4,4
CMP_0001537,CUST_04105,2025-10-08,Service,Digital,5,2
CMP_0001538,CUST_04483,2024-05-11,KYC,Digital,5,4
CMP_0001539,CUST_00729,2023-08-13,Fees,Phone,5,2
CMP_0001540,CUST_07300,2025-11-03,Service,Digital,3,2
CMP_0001541,CUST_06760,2025-12-04,Service,Phone,3,5
CMP_0001542,CUST_05217,2023-10-22,KYC,Phone,16,5
CMP_0001543,CUST_02373,2025-12-02,Service,Branch,3,5
CMP_0001544,CUST_01915,2024-10-08,Fees,Digital,8,4
CMP_0001545,CUST_00600,2023-07-28,Fees,Branch,3,4
CMP_0001546,CUST_06733,2025-10-14,Service,Phone,8,4
CMP_0001547,CUST_00147,2022-12-22,Fees,Phone,4,5
CMP_0001548,CUST_02513,2022-02-10,Service,Branch,2,5
CMP_0001549,CUST_01548,2025-07-07,Fees,Phone,57,4
CMP_0001550,CUST_06155,2022-07-14,Fees,Branch,17,2
CMP_0001551,CUST_04227,2023-12-08,Service,Phone,4,2
CMP_0001552,CUST_02219,2024-09-24,Fraud,Digital,8,4
CMP_0001553,CUST_01952,2025-11-07,KYC,Phone,4,5
CMP_0001554,CUST_07288,2026-04-09,Fraud,Branch,10,5
CMP_0001555,CUST_05927,2022-02-24,Service,Digital,1,5
CMP_0001556,CUST_07312,2023-08-26,Fraud,Digital,18,4
CMP_0001557,CUST_07300,2026-07-23,Service,Digital,4,3
CMP_0001558,CUST_07376,2024-08-16,Service,Digital,2,5
CMP_0001559,CUST_06534,2022-06-20,Fees,Branch,6,4
CMP_0001560,CUST_00389,2026-01-24,Service,Branch,7,3
CMP_0001561,CUST_00654,2023-04-10,Fees,Digital,5,5
CMP_0001562,CUST_07527,2023-12-29,Fraud,Phone,11,1
CMP_0001563,CUST_09194,2022-12-04,Service,Phone,3,5
CMP_0001564,CUST_08117,2025-05-08,Service,Phone,4,4
CMP_0001565,CUST_02585,2024-01-15,Fraud,Branch,8,5
CMP_0001566,CUST_09900,2024-08-30,Service,Digital,4,1
CMP_0001567,CUST_07412,2023-10-24,Service,Branch,7,5
CMP_0001568,CUST_04325,2026-02-14,Fees,Digital,14,5
CMP_0001569,CUST_05920,2025-08-26,KYC,Branch,2,5
CMP_0001570,CUST_09298,2023-10-26,KYC,Digital,19,3
CMP_0001571,CUST_01917,2025-02-06,Service,Phone,35,4
CMP_0001572,CUST_05623,2024-05-20,Service,Phone,2,4
CMP_0001573,CUST_06097,2023-07-17,Service,Digital,4,5
CMP_0001574,CUST_04668,2024-10-10,Service,Phone,10,4
CMP_0001575,CUST_00924,2025-11-12,Service,Branch,15,4
CMP_0001576,CUST_08305,2023-04-27,Fees,Digital,6,4
CMP_0001577,CUST_06698,2025-01-31,Fees,Digital,5,4
CMP_0001578,CUST_03008,2025-12-18,Fees,Digital,38,1
CMP_0001579,CUST_03072,2023-02-23,KYC,Digital,2,3
CMP_0001580,CUST_04065,2022-05-18,Service,Branch,4,4
CMP_0001581,CUST_00547,2024-11-13,Fees,Phone,17,4
CMP_0001582,CUST_04505,2022-10-04,Service,Phone,8,3
CMP_0001583,CUST_01641,2026-02-08,Fees,Branch,15,3
CMP_0001584,CUST_08278,2022-08-30,Service,Digital,2,2
CMP_0001585,CUST_08498,2026-03-31,Fees,Phone,2,4
CMP_0001586,CUST_07002,2023-12-29,Service,Digital,4,4
CMP_0001587,CUST_07705,2025-07-13,Fees,Branch,4,4
CMP_0001588,CUST_06139,2026-04-07,Fees,Phone,6,3
CMP_0001589,CUST_08431,2023-08-30,Service,Branch,1,4
CMP_0001590,CUST_02428,2022-02-24,Service,Branch,2,4
CMP_0001591,CUST_06628,2023-11-21,Service,Branch,6,4
CMP_0001592,CUST_08165,2025-10-13,Fees,Phone,40,2
CMP_0001593,CUST_07274,2024-02-14,Fees,Digital,14,3
CMP_0001594,CUST_06017,2023-12-31,Fees,Branch,5,4
CMP_0001595,CUST_01876,2023-12-12,Fees,Phone,12,4
CMP_0001596,CUST_07319,2024-05-31,Service,Branch,2,5
CMP_0001597,CUST_08410,2026-04-27,KYC,Branch,2,5
CMP_0001598,CUST_05530,2022-11-01,KYC,Branch,2,5
CMP_0001599,CUST_07861,2024-07-05,Service,Digital,10,4
CMP_0001600,CUST_02623,2026-03-28,Service,Phone,2,5
CMP_0001601,CUST_02062,2026-03-08,Service,Phone,2,1
CMP_0001602,CUST_04403,2023-06-08,Service,Phone,12,4
CMP_0001603,CUST_03908,2022-06-22,Fees,Digital,16,4
CMP_0001604,CUST_07125,2025-05-03,Service,Phone,5,5
CMP_0001605,CUST_04852,2024-03-27,Service,Branch,7,5
CMP_0001606,CUST_01152,2025-05-01,Service,Digital,2,4
CMP_0001607,CUST_00585,2022-05-26,Service,Digital,16,4
CMP_0001608,CUST_00024,2022-08-01,Fees,Branch,6,4
CMP_0001609,CUST_04321,2025-10-14,Fraud,Digital,7,2
CMP_0001610,CUST_08493,2026-04-12,Fees,Digital,2,4
CMP_0001611,CUST_07931,2023-07-28,KYC,Phone,5,5
CMP_0001612,CUST_01492,2023-03-01,Fees,Phone,32,2
CMP_0001613,CUST_05075,2022-10-30,Service,Phone,5,3
CMP_0001614,CUST_08448,2024-07-30,Service,Digital,9,4
CMP_0001615,CUST_04418,2025-05-23,Service,Phone,2,5
CMP_0001616,CUST_03942,2024-05-10,Service,Digital,5,5
CMP_0001617,CUST_05392,2023-12-09,Service,Branch,14,3
CMP_0001618,CUST_01054,2026-01-28,KYC,Digital,5,3
CMP_0001619,CUST_04971,2022-11-17,Fees,Digital,7,2
CMP_0001620,CUST_04131,2023-12-07,Service,Branch,31,3
CMP_0001621,CUST_09530,2025-12-25,KYC,Phone,4,3
CMP_0001622,CUST_02927,2026-06-09,Fees,Digital,3,4
CMP_0001623,CUST_10046,2026-06-26,Fees,Phone,1,5
CMP_0001624,CUST_06313,2022-09-23,Fees,Digital,5,5
CMP_0001625,CUST_07269,2024-11-07,Fees,Digital,7,3
CMP_0001626,CUST_00469,2026-01-13,Fees,Branch,4,5
CMP_0001627,CUST_07842,2023-12-10,KYC,Digital,11,3
CMP_0001628,CUST_02572,2022-05-29,Service,Phone,4,5
CMP_0001629,CUST_07315,2023-03-13,Fees,Phone,4,5
CMP_0001630,CUST_00265,2024-09-02,Fraud,Digital,5,2
CMP_0001631,CUST_03150,2022-07-11,KYC,Branch,8,4
CMP_0001632,CUST_07075,2023-08-08,Service,Digital,3,3
CMP_0001633,CUST_00216,2025-08-18,Service,Digital,3,3
CMP_0001634,CUST_07780,2025-07-13,Service,Branch,4,4
CMP_0001635,CUST_00089,2025-06-06,Service,Branch,50,4
CMP_0001636,CUST_06840,2025-08-16,Service,Branch,9,5
CMP_0001637,CUST_08017,2025-07-02,Service,Digital,2,5
CMP_0001638,CUST_06441,2024-11-17,Service,Phone,11,5
CMP_0001639,CUST_09953,2024-05-29,KYC,Phone,5,5
CMP_0001640,CUST_00469,2022-02-15,Fees,Branch,2,4
CMP_0001641,CUST_04537,2024-08-12,Service,Digital,5,3
CMP_0001642,CUST_02233,2026-02-14,Service,Branch,20,5
CMP_0001643,CUST_01659,2025-08-31,Service,Digital,1,4
CMP_0001644,CUST_02989,2024-09-24,Fraud,Branch,11,4
CMP_0001645,CUST_04085,2022-05-07,Fees,Branch,4,3
CMP_0001646,CUST_04330,2023-05-11,Fees,Digital,5,5
CMP_0001647,CUST_08196,2024-06-29,Service,Digital,3,4
CMP_0001648,CUST_02750,2024-03-10,Service,Phone,8,5
CMP_0001649,CUST_04576,2023-12-05,Fees,Branch,13,4
CMP_0001650,CUST_04094,2024-09-08,Fees,Branch,10,5
CMP_0001651,CUST_07813,2024-10-08,Fees,Digital,5,4
CMP_0001652,CUST_06918,2025-06-29,Service,Phone,6,2
CMP_0001653,CUST_07458,2024-05-03,Service,Phone,5,4
CMP_0001654,CUST_06610,2024-08-06,Service,Branch,54,4
CMP_0001655,CUST_06928,2024-11-28,Fees,Digital,50,3
CMP_0001656,CUST_06493,2022-06-22,Fees,Phone,3,4
CMP_0001657,CUST_01516,2024-09-07,Service,Digital,4,5
CMP_0001658,CUST_06322,2022-10-21,Fraud,Branch,1,2
CMP_0001659,CUST_06285,2023-07-20,Service,Branch,3,4
CMP_0001660,CUST_08682,2025-01-25,Fees,Digital,1,2
CMP_0001661,CUST_04513,2022-09-18,Fees,Phone,13,5
CMP_0001662,CUST_00227,2022-10-28,Service,Digital,4,5
CMP_0001663,CUST_02523,2026-07-30,Service,Phone,1,4
CMP_0001664,CUST_03551,2022-08-21,Service,Phone,4,4
CMP_0001665,CUST_01512,2022-08-23,Fees,Branch,4,5
CMP_0001666,CUST_06514,2024-07-15,Service,Digital,2,4
CMP_0001667,CUST_09282,2025-08-02,Service,Phone,2,3
CMP_0001668,CUST_06314,2022-08-24,Fees,Digital,10,5
CMP_0001669,CUST_07756,2022-08-05,Fees,Phone,2,5
CMP_0001670,CUST_03720,2026-06-09,Service,Branch,4,4
CMP_0001671,CUST_08370,2022-07-17,Fees,Digital,8,3
CMP_0001672,CUST_09944,2023-10-09,Fees,Digital,6,3
CMP_0001673,CUST_03674,2023-10-30,Service,Branch,4,2
CMP_0001674,CUST_04262,2022-09-07,Fees,Phone,9,4
CMP_0001675,CUST_07705,2023-11-16,Service,Branch,4,4
CMP_0001676,CUST_09896,2024-04-28,Service,Digital,2,5
CMP_0001677,CUST_02237,2023-01-09,Service,Digital,9,4
CMP_0001678,CUST_05776,2026-07-29,Service,Digital,7,4
CMP_0001679,CUST_02547,2022-05-12,KYC,Branch,9,4
CMP_0001680,CUST_04294,2022-08-17,Service,Digital,7,2
CMP_0001681,CUST_03696,2025-11-11,Service,Phone,8,4
CMP_0001682,CUST_00371,2024-03-25,KYC,Branch,10,2
CMP_0001683,CUST_03860,2026-02-11,Fraud,Phone,1,4
CMP_0001684,CUST_07094,2024-12-05,KYC,Phone,29,4
CMP_0001685,CUST_05790,2025-08-26,KYC,Phone,10,5
CMP_0001686,CUST_04895,2025-02-05,Fees,Branch,8,3
CMP_0001687,CUST_06265,2023-04-15,KYC,Phone,3,5
CMP_0001688,CUST_08385,2023-08-02,Service,Branch,8,3
CMP_0001689,CUST_04087,2026-05-25,Fees,Branch,2,3
CMP_0001690,CUST_03548,2024-04-15,Fees,Digital,5,1
CMP_0001691,CUST_00181,2026-08-08,Fees,Digital,3,3
CMP_0001692,CUST_06886,2023-10-17,Fees,Phone,3,5
CMP_0001693,CUST_03559,2024-07-15,Fees,Phone,13,5
CMP_0001694,CUST_01869,2024-08-10,KYC,Branch,3,3
CMP_0001695,CUST_06344,2023-02-28,KYC,Branch,3,3
CMP_0001696,CUST_04485,2026-06-16,Fees,Digital,12,4
CMP_0001697,CUST_09740,2026-02-09,Fraud,Branch,5,4
CMP_0001698,CUST_00718,2022-08-12,Fees,Phone,6,5
CMP_0001699,CUST_01610,2024-02-16,Service,Branch,1,4
CMP_0001700,CUST_02088,2025-11-30,Service,Phone,8,2
CMP_0001701,CUST_09979,2022-12-23,Service,Phone,10,2
CMP_0001702,CUST_09106,2022-06-04,Service,Phone,9,5
CMP_0001703,CUST_01034,2025-10-19,Fees,Branch,7,5
CMP_0001704,CUST_06414,2022-09-04,KYC,Digital,12,4
CMP_0001705,CUST_06735,2026-06-25,Service,Phone,6,3
CMP_0001706,CUST_00686,2026-06-17,Service,Branch,2,2
CMP_0001707,CUST_00822,2024-12-23,Fees,Phone,3,1
CMP_0001708,CUST_07774,2026-04-14,Service,Branch,2,2
CMP_0001709,CUST_04863,2026-01-15,Service,Digital,5,4
CMP_0001710,CUST_02933,2022-03-11,Fees,Digital,8,5
CMP_0001711,CUST_03698,2025-11-23,Fraud,Digital,5,1
CMP_0001712,CUST_00849,2023-04-28,Service,Branch,3,2
CMP_0001713,CUST_05792,2023-06-22,Fees,Digital,6,3
CMP_0001714,CUST_02283,2023-05-13,KYC,Phone,1,5
CMP_0001715,CUST_00198,2026-04-30,Fees,Digital,29,3
CMP_0001716,CUST_10059,2023-03-06,Service,Digital,1,5
CMP_0001717,CUST_04879,2024-08-30,Service,Branch,11,5
CMP_0001718,CUST_03194,2023-05-29,KYC,Digital,10,2
CMP_0001719,CUST_09961,2022-03-24,Service,Digital,2,4
CMP_0001720,CUST_06901,2026-07-15,Fees,Branch,2,3
CMP_0001721,CUST_06925,2023-07-20,KYC,Digital,2,4
CMP_0001722,CUST_05141,2024-11-25,Service,Branch,5,4
CMP_0001723,CUST_02291,2025-02-05,Fees,Branch,3,4
CMP_0001724,CUST_02118,2024-06-21,Fees,Digital,6,3
CMP_0001725,CUST_01912,2026-01-23,Fees,Phone,8,4
CMP_0001726,CUST_06764,2022-11-06,Service,Branch,2,4
CMP_0001727,CUST_02010,2023-05-25,KYC,Digital,4,2
CMP_0001728,CUST_08345,2022-12-24,Fraud,Branch,3,4
CMP_0001729,CUST_01790,2026-01-28,Fees,Digital,18,4
CMP_0001730,CUST_00378,2025-10-02,Fees,Digital,29,5
CMP_0001731,CUST_00248,2022-07-06,KYC,Branch,3,4
CMP_0001732,CUST_03146,2025-06-14,KYC,Branch,11,5
CMP_0001733,CUST_00580,2022-03-02,Service,Digital,5,3
CMP_0001734,CUST_09981,2022-10-25,KYC,Branch,18,1
CMP_0001735,CUST_04179,2023-01-30,KYC,Branch,6,4
CMP_0001736,CUST_08985,2023-02-18,Fees,Branch,4,3
CMP_0001737,CUST_02741,2023-06-10,Fees,Phone,1,4
CMP_0001738,CUST_09639,2025-03-13,KYC,Phone,4,5
CMP_0001739,CUST_04295,2024-02-18,Fees,Phone,3,4
CMP_0001740,CUST_00253,2023-01-06,KYC,Branch,15,4
CMP_0001741,CUST_07120,2024-03-10,Service,Phone,1,2
CMP_0001742,CUST_09963,2023-12-22,Service,Branch,4,1
CMP_0001743,CUST_01716,2024-07-14,Fees,Digital,8,3
CMP_0001744,CUST_05209,2023-03-16,Service,Digital,6,5
CMP_0001745,CUST_08497,2024-08-02,Service,Branch,4,3
CMP_0001746,CUST_02276,2025-12-24,Fees,Phone,56,4
CMP_0001747,CUST_05126,2024-09-01,Fees,Digital,9,5
CMP_0001748,CUST_00065,2022-12-16,Service,Phone,1,5
CMP_0001749,CUST_00931,2022-01-27,Service,Branch,9,4
CMP_0001750,CUST_00865,2024-09-11,KYC,Branch,7,5
CMP_0001751,CUST_00566,2025-03-01,Service,Digital,5,4
CMP_0001752,CUST_00984,2024-09-02,Fees,Phone,2,4
CMP_0001753,CUST_01820,2023-07-17,Fees,Branch,4,5
CMP_0001754,CUST_07118,2026-01-14,Fees,Digital,33,2
CMP_0001755,CUST_01197,2025-05-15,Service,Branch,3,4
CMP_0001756,CUST_10196,2024-02-05,Fees,Branch,9,5
CMP_0001757,CUST_03526,2025-05-21,KYC,Phone,5,3
CMP_0001758,CUST_02101,2022-03-29,Service,Phone,20,5
CMP_0001759,CUST_08289,2025-08-24,Fees,Branch,3,3
CMP_0001760,CUST_08404,2024-02-15,Fees,Phone,2,3
CMP_0001761,CUST_07643,2026-05-02,Fees,Digital,4,4
CMP_0001762,CUST_07182,2024-02-19,Service,Branch,2,5
CMP_0001763,CUST_01626,2024-06-10,Fees,Branch,47,1
CMP_0001764,CUST_03934,2024-05-06,Fees,Phone,3,5
CMP_0001765,CUST_09028,2026-06-17,KYC,Branch,14,5
CMP_0001766,CUST_01853,2024-11-25,Service,Phone,3,3
CMP_0001767,CUST_02649,2023-01-02,Service,Phone,3,4
CMP_0001768,CUST_08352,2026-08-10,Service,Digital,2,3
CMP_0001769,CUST_07976,2023-04-24,Service,Phone,7,4
CMP_0001770,CUST_07936,2022-09-22,Service,Phone,4,4
CMP_0001771,CUST_02359,2022-07-05,Fees,Phone,7,2
CMP_0001772,CUST_04686,2023-05-17,Service,Phone,2,3
CMP_0001773,CUST_04737,2025-08-06,Fees,Branch,11,5
CMP_0001774,CUST_02359,2023-10-16,Fraud,Phone,4,5
CMP_0001775,CUST_01023,2024-11-25,Fees,Digital,12,2
CMP_0001776,CUST_07613,2025-01-23,Service,Digital,39,4
CMP_0001777,CUST_00313,2025-04-18,Fraud,Phone,7,5
CMP_0001778,CUST_07848,2026-01-08,Fees,Phone,9,5
CMP_0001779,CUST_03894,2022-07-21,Service,Digital,3,3
CMP_0001780,CUST_05143,2024-12-23,KYC,Digital,74,4
CMP_0001781,CUST_02888,2025-03-08,Fees,Phone,1,4
CMP_0001782,CUST_01240,2022-07-16,Fees,Digital,13,4
CMP_0001783,CUST_05445,2026-06-15,KYC,Phone,3,4
CMP_0001784,CUST_04858,2025-09-02,Fees,Digital,5,1
CMP_0001785,CUST_03038,2022-01-04,Service,Digital,5,5
CMP_0001786,CUST_09641,2024-08-08,Fees,Branch,4,4
CMP_0001787,CUST_09770,2025-08-11,Fraud,Digital,4,3
CMP_0001788,CUST_09614,2023-04-18,Service,Branch,4,5
CMP_0001789,CUST_09594,2023-05-04,Fees,Phone,7,5
CMP_0001790,CUST_08368,2022-10-31,Service,Digital,17,3
CMP_0001791,CUST_08747,2022-08-26,Service,Phone,13,5
CMP_0001792,CUST_09627,2022-11-18,Fraud,Phone,4,4
CMP_0001793,CUST_09176,2023-01-15,Fees,Branch,4,5
CMP_0001794,CUST_03201,2024-04-20,Service,Digital,4,5
CMP_0001795,CUST_01244,2023-01-04,Service,Digital,9,4
CMP_0001796,CUST_06741,2022-01-05,Fees,Digital,4,4
CMP_0001797,CUST_02485,2023-05-27,Service,Digital,2,4
CMP_0001798,CUST_06724,2026-02-19,Service,Branch,7,5
CMP_0001799,CUST_07853,2023-03-14,Fraud,Branch,5,4
CMP_0001800,CUST_07508,2023-12-30,Service,Phone,7,5
CMP_0001801,CUST_02704,2025-01-16,Service,Branch,6,2
CMP_0001802,CUST_07578,2023-04-15,Service,Branch,2,3
CMP_0001803,CUST_06281,2024-12-27,Service,Digital,9,3
CMP_0001804,CUST_01212,2026-05-20,Fees,Branch,10,5
CMP_0001805,CUST_00136,2023-12-18,Service,Branch,4,2
CMP_0001806,CUST_02779,2026-02-18,Service,Branch,16,5
CMP_0001807,CUST_05437,2025-10-11,Service,Branch,4,4
CMP_0001808,CUST_06597,2026-04-18,Fees,Digital,5,4
CMP_0001809,CUST_08893,2022-08-08,Fees,Branch,5,5
CMP_0001810,CUST_02304,2025-07-06,Fees,Branch,37,1
CMP_0001811,CUST_06371,2022-07-22,KYC,Phone,13,5
CMP_0001812,CUST_07676,2022-03-30,Fees,Phone,7,5
CMP_0001813,CUST_06218,2024-08-18,Service,Branch,2,5
CMP_0001814,CUST_02419,2022-02-23,Fees,Phone,7,4
CMP_0001815,CUST_07330,2025-12-17,Fraud,Digital,1,4
CMP_0001816,CUST_07719,2022-11-28,KYC,Branch,2,5
CMP_0001817,CUST_07380,2024-02-10,Service,Phone,6,5
CMP_0001818,CUST_06126,2023-09-23,Fees,Digital,4,3
CMP_0001819,CUST_00376,2025-11-22,Service,Digital,7,4
CMP_0001820,CUST_00076,2026-04-04,Fraud,Phone,9,5
CMP_0001821,CUST_06968,2023-08-17,Service,Digital,2,4
CMP_0001822,CUST_01494,2023-05-25,Service,Branch,6,1
CMP_0001823,CUST_06997,2022-02-21,KYC,Digital,8,4
CMP_0001824,CUST_08680,2022-04-02,Fees,Digital,55,1
CMP_0001825,CUST_09989,2024-03-26,Fraud,Digital,2,4
CMP_0001826,CUST_04610,2024-02-05,Service,Phone,36,4
CMP_0001827,CUST_05632,2025-09-01,Service,Digital,8,4
CMP_0001828,CUST_01732,2026-04-03,Service,Phone,1,3
CMP_0001829,CUST_10118,2022-02-20,Service,Phone,8,5
CMP_0001830,CUST_06160,2025-03-18,Fees,Phone,5,2
CMP_0001831,CUST_06697,2025-10-28,Fraud,Branch,5,1
CMP_0001832,CUST_03782,2023-12-31,KYC,Phone,3,4
CMP_0001833,CUST_01389,2022-08-30,Fees,Phone,3,5
CMP_0001834,CUST_03120,2022-07-30,Fees,Digital,11,5
CMP_0001835,CUST_07012,2023-06-01,Service,Phone,6,3
CMP_0001836,CUST_01068,2025-05-04,Service,Digital,4,5
CMP_0001837,CUST_03384,2022-03-19,KYC,Digital,7,3
CMP_0001838,CUST_05948,2023-03-01,Service,Branch,7,4
CMP_0001839,CUST_07071,2023-11-18,Service,Branch,13,5
CMP_0001840,CUST_00324,2024-01-11,Fees,Branch,3,4
CMP_0001841,CUST_09621,2022-07-05,Fraud,Digital,5,4
CMP_0001842,CUST_01452,2025-08-24,Service,Digital,8,1
CMP_0001843,CUST_07567,2025-09-18,Fees,Digital,4,5
CMP_0001844,CUST_04044,2024-05-12,KYC,Digital,26,3
CMP_0001845,CUST_03664,2025-04-12,Service,Branch,5,5
CMP_0001846,CUST_00944,2023-09-08,Service,Phone,4,5
CMP_0001847,CUST_04896,2023-01-23,KYC,Phone,15,4
CMP_0001848,CUST_02969,2025-03-25,Service,Phone,5,5
CMP_0001849,CUST_02136,2026-07-25,Fees,Phone,3,4
CMP_0001850,CUST_07849,2025-02-01,Service,Branch,8,4
CMP_0001851,CUST_03371,2025-10-21,KYC,Phone,13,4
CMP_0001852,CUST_07527,2025-08-21,Fraud,Branch,3,3
CMP_0001853,CUST_00009,2024-01-28,Fees,Branch,2,3
CMP_0001854,CUST_05643,2024-12-04,Fees,Phone,14,2
CMP_0001855,CUST_09899,2023-10-11,Service,Phone,27,4
CMP_0001856,CUST_02448,2025-10-21,Service,Digital,6,5
CMP_0001857,CUST_03181,2022-06-08,Fraud,Digital,2,4
CMP_0001858,CUST_07573,2022-05-27,Service,Branch,11,3
CMP_0001859,CUST_00886,2026-05-18,Service,Phone,8,5
CMP_0001860,CUST_00414,2022-02-27,KYC,Phone,2,4
CMP_0001861,CUST_02362,2024-09-29,Fees,Digital,1,2
CMP_0001862,CUST_07068,2023-12-30,KYC,Branch,5,3
CMP_0001863,CUST_04756,2023-06-12,Fees,Digital,8,3
CMP_0001864,CUST_08236,2025-12-02,Service,Digital,4,4
CMP_0001865,CUST_04205,2025-09-25,Fees,Phone,16,5
CMP_0001866,CUST_09344,2022-07-19,Fraud,Digital,9,4
CMP_0001867,CUST_01655,2023-03-10,Service,Branch,4,5
CMP_0001868,CUST_05413,2024-11-25,Service,Phone,5,3
CMP_0001869,CUST_02796,2024-05-27,Service,Digital,11,4
CMP_0001870,CUST_07099,2023-08-22,Fees,Digital,2,5
CMP_0001871,CUST_00045,2022-01-26,Fees,Phone,5,4
CMP_0001872,CUST_05197,2024-11-12,Service,Digital,2,4
CMP_0001873,CUST_02669,2023-02-17,Service,Digital,5,3
CMP_0001874,CUST_04189,2023-04-06,Service,Branch,3,3
CMP_0001875,CUST_08518,2026-04-08,Service,Phone,5,1
CMP_0001876,CUST_06915,2024-04-17,Service,Branch,4,4
CMP_0001877,CUST_03134,2024-07-27,Service,Branch,5,2
CMP_0001878,CUST_06605,2026-01-20,Fraud,Phone,1,4
CMP_0001879,CUST_07163,2022-03-24,Service,Digital,1,2
CMP_0001880,CUST_03922,2023-03-18,Service,Digital,9,5
CMP_0001881,CUST_01418,2025-08-19,KYC,Branch,5,4
CMP_0001882,CUST_08568,2024-02-03,Fees,Branch,12,5
CMP_0001883,CUST_06729,2023-02-18,Fees,Branch,8,3
CMP_0001884,CUST_06477,2022-01-12,Service,Branch,2,3
CMP_0001885,CUST_06940,2024-02-09,Fees,Phone,15,5
CMP_0001886,CUST_00146,2023-09-07,Service,Branch,1,1
CMP_0001887,CUST_01206,2024-08-29,Service,Branch,11,5
CMP_0001888,CUST_08248,2025-10-08,Fraud,Branch,9,4
CMP_0001889,CUST_05574,2022-12-05,KYC,Phone,2,3
CMP_0001890,CUST_04023,2023-02-19,Fees,Digital,6,3
CMP_0001891,CUST_09874,2023-07-14,Service,Digital,8,5
CMP_0001892,CUST_06965,2025-02-10,Service,Phone,2,3
CMP_0001893,CUST_00551,2024-03-29,Service,Branch,7,5
CMP_0001894,CUST_03617,2026-07-25,Service,Digital,8,4
CMP_0001895,CUST_07958,2023-02-21,Fraud,Branch,9,2
CMP_0001896,CUST_08071,2025-04-01,Fees,Phone,1,5
CMP_0001897,CUST_00276,2024-08-22,KYC,Branch,7,5
CMP_0001898,CUST_00011,2023-03-16,Fees,Phone,4,4
CMP_0001899,CUST_05698,2023-06-05,Service,Phone,1,5
CMP_0001900,CUST_07282,2022-07-26,Fees,Digital,3,4
CMP_0001901,CUST_00333,2022-07-17,Service,Phone,7,4
CMP_0001902,CUST_03931,2026-07-09,Fees,Phone,4,3
CMP_0001903,CUST_08346,2022-06-04,Service,Digital,3,5
CMP_0001904,CUST_03171,2023-01-29,Service,Branch,3,5
CMP_0001905,CUST_07556,2023-10-12,Service,Phone,5,4
CMP_0001906,CUST_04986,2025-07-22,Fees,Digital,3,3
CMP_0001907,CUST_09969,2024-12-12,Service,Digital,3,2
CMP_0001908,CUST_08188,2025-02-19,Fees,Branch,13,3
CMP_0001909,CUST_01443,2023-11-20,KYC,Phone,3,3
CMP_0001910,CUST_02872,2025-04-26,Fraud,Phone,8,4
CMP_0001911,CUST_01647,2023-04-04,Service,Branch,1,3
CMP_0001912,CUST_06966,2026-01-21,KYC,Branch,73,2
CMP_0001913,CUST_08820,2023-02-26,Fees,Phone,2,5
CMP_0001914,CUST_09558,2023-10-31,Fees,Branch,8,5
CMP_0001915,CUST_00337,2024-07-18,Service,Branch,2,5
CMP_0001916,CUST_02436,2023-11-08,Service,Phone,4,4
CMP_0001917,CUST_04506,2026-03-19,Fees,Digital,8,5
CMP_0001918,CUST_03710,2023-05-25,Fees,Digital,2,5
CMP_0001919,CUST_01473,2026-01-31,KYC,Branch,18,4
CMP_0001920,CUST_07426,2025-05-07,Fees,Digital,6,4
CMP_0001921,CUST_05198,2026-01-24,Service,Branch,7,4
CMP_0001922,CUST_07578,2024-01-18,Service,Digital,9,4
CMP_0001923,CUST_00033,2025-10-24,Fees,Branch,4,4
CMP_0001924,CUST_03464,2025-06-05,Fees,Phone,6,5
CMP_0001925,CUST_05730,2026-04-24,Service,Branch,5,5
CMP_0001926,CUST_07485,2023-08-28,Fees,Branch,6,4
CMP_0001927,CUST_00579,2022-10-12,Fees,Branch,2,3
CMP_0001928,CUST_07790,2025-06-05,Fees,Phone,6,2
CMP_0001929,CUST_04742,2022-02-13,Fees,Phone,19,4
CMP_0001930,CUST_00069,2022-12-30,Fees,Branch,5,5
CMP_0001931,CUST_09659,2023-09-15,Service,Phone,6,2
CMP_0001932,CUST_00283,2025-11-13,Fees,Digital,8,2
CMP_0001933,CUST_04380,2024-03-10,Service,Branch,5,3
CMP_0001934,CUST_00562,2022-05-31,Fees,Branch,5,4
CMP_0001935,CUST_02420,2025-01-17,Fees,Branch,1,2
CMP_0001936,CUST_00085,2025-09-14,Fees,Digital,10,2
CMP_0001937,CUST_01600,2023-04-29,Service,Digital,4,4
CMP_0001938,CUST_06506,2024-10-20,KYC,Phone,8,3
CMP_0001939,CUST_04889,2023-01-30,Service,Digital,6,4
CMP_0001940,CUST_09976,2025-07-12,Fees,Phone,13,1
CMP_0001941,CUST_00943,2023-10-21,KYC,Branch,59,5
CMP_0001942,CUST_07781,2023-05-07,Service,Branch,6,5
CMP_0001943,CUST_10061,2024-01-25,Service,Phone,4,3
CMP_0001944,CUST_02167,2023-05-27,KYC,Phone,4,4
CMP_0001945,CUST_00309,2024-02-03,Service,Phone,7,4
CMP_0001946,CUST_04427,2025-05-27,Service,Branch,4,4
CMP_0001947,CUST_08420,2023-07-29,Fraud,Phone,2,4
CMP_0001948,CUST_07053,2022-01-02,Service,Digital,8,5
CMP_0001949,CUST_09073,2023-07-30,Fees,Digital,12,3
CMP_0001950,CUST_07742,2022-07-10,Fees,Phone,4,4
CMP_0001951,CUST_00758,2026-02-11,Fees,Phone,4,4
CMP_0001952,CUST_09289,2023-11-14,Fees,Branch,20,3
CMP_0001953,CUST_05774,2023-06-04,KYC,Phone,2,3
CMP_0001954,CUST_04463,2022-05-25,Fraud,Branch,2,5
CMP_0001955,CUST_04995,2022-07-20,Service,Branch,10,5
CMP_0001956,CUST_06799,2024-11-14,Service,Branch,12,4
CMP_0001957,CUST_08688,2025-05-16,Fraud,Digital,5,5
CMP_0001958,CUST_09193,2023-02-13,Fees,Phone,2,3
CMP_0001959,CUST_01367,2023-02-25,Fees,Branch,3,2
CMP_0001960,CUST_00533,2024-11-29,Fees,Digital,1,5
CMP_0001961,CUST_03231,2025-03-17,KYC,Phone,11,3
CMP_0001962,CUST_01908,2025-08-24,KYC,Phone,9,2
CMP_0001963,CUST_04792,2023-02-28,Fees,Phone,8,5
CMP_0001964,CUST_09074,2023-06-29,Fees,Digital,3,3
CMP_0001965,CUST_09135,2025-04-09,Service,Phone,4,3
CMP_0001966,CUST_00611,2023-12-25,Service,Branch,14,3
CMP_0001967,CUST_02238,2024-11-13,Service,Branch,8,4
CMP_0001968,CUST_00521,2024-02-11,Service,Phone,10,5
CMP_0001969,CUST_00037,2026-05-19,KYC,Digital,3,2
CMP_0001970,CUST_00114,2023-11-20,Fees,Phone,14,2
CMP_0001971,CUST_05920,2023-10-24,Service,Digital,9,5
CMP_0001972,CUST_05684,2026-01-25,KYC,Digital,8,2
CMP_0001973,CUST_08885,2024-04-24,Fees,Phone,15,4
CMP_0001974,CUST_05471,2026-08-09,Service,Phone,3,3
CMP_0001975,CUST_00274,2025-07-28,Service,Digital,11,4
CMP_0001976,CUST_02352,2024-02-18,Fees,Branch,5,3
CMP_0001977,CUST_04527,2024-07-08,Service,Phone,1,5
CMP_0001978,CUST_02485,2025-05-19,Fees,Phone,4,2
CMP_0001979,CUST_03527,2024-08-18,Service,Digital,2,5
CMP_0001980,CUST_08991,2025-08-16,Fraud,Phone,3,5
CMP_0001981,CUST_09147,2025-08-19,Service,Digital,4,1
CMP_0001982,CUST_01968,2026-07-02,Fees,Phone,12,4
CMP_0001983,CUST_00425,2026-04-25,Fees,Phone,8,4
CMP_0001984,CUST_06531,2022-11-21,Fees,Digital,1,4
CMP_0001985,CUST_06725,2025-08-10,Fees,Digital,8,5
CMP_0001986,CUST_06572,2026-03-10,Fees,Phone,20,5
CMP_0001987,CUST_06339,2023-04-25,Fees,Digital,5,2
CMP_0001988,CUST_08062,2022-06-26,Fees,Phone,6,5
CMP_0001989,CUST_05921,2026-04-06,KYC,Branch,63,5
CMP_0001990,CUST_10121,2024-06-27,Fees,Phone,1,4
CMP_0001991,CUST_01515,2022-10-08,Service,Phone,4,3
CMP_0001992,CUST_04522,2025-06-09,Service,Branch,5,4
CMP_0001993,CUST_02757,2026-07-03,KYC,Digital,7,4
CMP_0001994,CUST_05817,2025-12-18,Service,Phone,3,4
CMP_0001995,CUST_07925,2026-06-11,Fraud,Branch,4,5
CMP_0001996,CUST_05534,2022-08-15,Fees,Branch,4,5
CMP_0001997,CUST_07419,2022-11-20,Fees,Digital,17,5
CMP_0001998,CUST_03708,2025-09-06,Service,Branch,5,5
CMP_0001999,CUST_09578,2025-04-25,Service,Phone,8,5
CMP_0002000,CUST_00601,2026-02-10,Fees,Digital,6,5
CMP_0002001,CUST_06875,2022-07-27,KYC,Digital,1,4
CMP_0002002,CUST_08559,2023-07-15,Fees,Digital,17,3
CMP_0002003,CUST_08586,2023-03-22,Fees,Digital,6,3
CMP_0002004,CUST_06993,2024-03-05,Service,Digital,8,4
CMP_0002005,CUST_00083,2022-09-18,Fees,Digital,3,5
CMP_0002006,CUST_04376,2024-04-21,Service,Branch,1,4
CMP_0002007,CUST_03367,2024-11-13,Fees,Phone,4,3
CMP_0002008,CUST_04508,2022-09-20,Fees,Phone,1,3
CMP_0002009,CUST_00339,2022-09-22,Service,Phone,13,3
CMP_0002010,CUST_04426,2026-05-30,KYC,Branch,6,4
CMP_0002011,CUST_06281,2024-10-06,Service,Branch,9,4
CMP_0002012,CUST_08557,2022-06-28,Fees,Branch,7,3
CMP_0002013,CUST_09239,2023-06-27,Fraud,Digital,9,4
CMP_0002014,CUST_08090,2026-07-06,Service,Branch,1,5
CMP_0002015,CUST_08240,2026-01-21,KYC,Digital,6,1
CMP_0002016,CUST_06496,2023-03-10,Service,Phone,2,5
CMP_0002017,CUST_06374,2023-08-10,KYC,Phone,10,5
CMP_0002018,CUST_08125,2025-06-07,Fees,Digital,1,1
CMP_0002019,CUST_07817,2023-08-11,Fees,Phone,11,4
CMP_0002020,CUST_07667,2022-09-14,Service,Branch,11,3
CMP_0002021,CUST_03174,2026-03-24,KYC,Digital,3,4
CMP_0002022,CUST_03322,2024-01-10,KYC,Phone,4,4
CMP_0002023,CUST_06410,2022-08-30,Fraud,Branch,6,2
CMP_0002024,CUST_09558,2024-11-29,Fees,Digital,8,4
CMP_0002025,CUST_08461,2025-03-07,Service,Digital,6,4
CMP_0002026,CUST_02704,2022-08-21,KYC,Branch,6,3
CMP_0002027,CUST_06626,2024-11-28,Fraud,Branch,10,3
CMP_0002028,CUST_02114,2026-02-28,KYC,Branch,4,4
CMP_0002029,CUST_08260,2024-03-19,Fees,Branch,4,5
CMP_0002030,CUST_08443,2024-08-22,Fees,Branch,5,1
CMP_0002031,CUST_08315,2025-08-20,Service,Branch,9,5
CMP_0002032,CUST_09497,2022-05-06,Service,Branch,10,3
CMP_0002033,CUST_00348,2026-01-01,KYC,Branch,1,5
CMP_0002034,CUST_05871,2024-05-02,Fees,Branch,8,5
CMP_0002035,CUST_09755,2024-09-22,KYC,Digital,15,5
CMP_0002036,CUST_09450,2022-10-25,Fees,Digital,1,2
CMP_0002037,CUST_02551,2023-02-11,Fees,Phone,7,2
CMP_0002038,CUST_05889,2025-03-19,Service,Digital,10,3
CMP_0002039,CUST_08576,2023-03-14,Fraud,Phone,12,2
CMP_0002040,CUST_09579,2024-08-31,Fees,Digital,21,2
CMP_0002041,CUST_07097,2024-08-06,KYC,Phone,13,3
CMP_0002042,CUST_08137,2022-11-24,Fees,Phone,7,5
CMP_0002043,CUST_09840,2024-02-26,Fees,Branch,6,4
CMP_0002044,CUST_04632,2023-01-01,Service,Branch,2,3
CMP_0002045,CUST_01198,2022-10-11,Service,Branch,1,4
CMP_0002046,CUST_02716,2026-01-10,Service,Digital,1,4
CMP_0002047,CUST_07676,2022-01-03,Fees,Digital,11,3
CMP_0002048,CUST_00759,2024-07-14,Fees,Branch,40,2
CMP_0002049,CUST_09062,2026-06-20,Service,Phone,2,4
CMP_0002050,CUST_09253,2025-06-09,Service,Branch,12,5
CMP_0002051,CUST_05511,2022-12-29,Service,Branch,13,4
CMP_0002052,CUST_08995,2024-06-07,Service,Phone,1,3
CMP_0002053,CUST_07714,2025-02-01,Fees,Branch,7,5
CMP_0002054,CUST_06358,2023-03-15,Service,Branch,2,5
CMP_0002055,CUST_06297,2025-10-18,KYC,Branch,2,5
CMP_0002056,CUST_01097,2024-01-17,Fees,Phone,4,5
CMP_0002057,CUST_07010,2023-04-11,Fees,Digital,1,2
CMP_0002058,CUST_08116,2023-12-14,Service,Digital,8,3
CMP_0002059,CUST_05346,2022-10-04,Fees,Phone,9,3
CMP_0002060,CUST_04779,2026-05-30,Service,Phone,9,4
CMP_0002061,CUST_02495,2022-08-01,KYC,Phone,4,5
CMP_0002062,CUST_05698,2022-10-27,Fraud,Branch,3,2
CMP_0002063,CUST_03145,2024-09-29,Fees,Branch,21,5
CMP_0002064,CUST_05075,2024-08-12,Fees,Branch,7,4
CMP_0002065,CUST_06724,2026-02-22,Fraud,Phone,10,5
CMP_0002066,CUST_06719,2023-08-14,Service,Branch,10,5
CMP_0002067,CUST_07639,2025-11-28,Fees,Branch,9,4
CMP_0002068,CUST_05212,2025-08-04,Service,Branch,4,4
CMP_0002069,CUST_06321,2022-09-22,Service,Branch,1,3
CMP_0002070,CUST_01458,2023-09-03,Fees,Branch,9,5
CMP_0002071,CUST_00707,2026-02-13,Fees,Digital,17,4
CMP_0002072,CUST_08289,2024-02-20,Fees,Digital,6,5
CMP_0002073,CUST_07912,2025-12-30,Fraud,Phone,14,2
CMP_0002074,CUST_00973,2023-11-06,KYC,Phone,16,2
CMP_0002075,CUST_04690,2025-07-13,KYC,Digital,6,3
CMP_0002076,CUST_07378,2023-05-12,KYC,Phone,8,3
CMP_0002077,CUST_06712,2025-03-26,Fees,Branch,8,5
CMP_0002078,CUST_05029,2022-07-06,Service,Phone,4,4
CMP_0002079,CUST_00117,2022-06-28,Service,Phone,6,4
CMP_0002080,CUST_02119,2025-05-31,Fraud,Digital,11,3
CMP_0002081,CUST_02313,2026-02-25,KYC,Branch,17,5
CMP_0002082,CUST_00093,2023-12-04,Fees,Branch,4,3
CMP_0002083,CUST_02625,2024-08-04,Fees,Phone,12,5
CMP_0002084,CUST_09757,2024-05-29,Service,Phone,2,1
CMP_0002085,CUST_04614,2024-04-10,Fees,Branch,1,4
CMP_0002086,CUST_02955,2022-06-23,Service,Phone,5,2
CMP_0002087,CUST_08160,2023-03-16,KYC,Phone,7,4
CMP_0002088,CUST_00530,2024-02-23,KYC,Digital,15,4
CMP_0002089,CUST_01682,2024-08-14,Service,Branch,11,4
CMP_0002090,CUST_08321,2023-09-19,Service,Digital,5,5
CMP_0002091,CUST_03472,2022-10-31,KYC,Digital,6,5
CMP_0002092,CUST_05948,2026-02-15,Fraud,Branch,6,5
CMP_0002093,CUST_04507,2023-01-03,Service,Digital,9,2
CMP_0002094,CUST_07722,2025-03-27,Fees,Phone,6,3
CMP_0002095,CUST_06598,2022-11-16,Service,Digital,1,4
CMP_0002096,CUST_00984,2025-01-20,Service,Digital,13,3
CMP_0002097,CUST_04549,2022-01-04,Service,Phone,11,2
CMP_0002098,CUST_08348,2024-04-04,Fees,Digital,8,5
CMP_0002099,CUST_05360,2023-03-24,KYC,Digital,2,5
CMP_0002100,CUST_04210,2022-03-11,KYC,Branch,1,4
CMP_0002101,CUST_03197,2022-06-15,Fees,Phone,10,3
CMP_0002102,CUST_09751,2025-01-05,Fraud,Branch,4,3
CMP_0002103,CUST_00038,2022-12-16,Fees,Branch,15,4
CMP_0002104,CUST_09721,2025-02-27,Service,Branch,14,4
CMP_0002105,CUST_03477,2025-11-04,Fees,Phone,4,5
CMP_0002106,CUST_03221,2025-05-11,Fraud,Branch,2,5
CMP_0002107,CUST_09064,2026-01-22,Service,Phone,2,5
CMP_0002108,CUST_09775,2024-03-27,Fees,Digital,30,2
CMP_0002109,CUST_09205,2025-08-01,Fees,Phone,7,5
CMP_0002110,CUST_08100,2025-08-09,Service,Branch,10,1
CMP_0002111,CUST_09937,2024-01-04,Service,Phone,4,4
CMP_0002112,CUST_01102,2023-08-25,Fees,Digital,5,5
CMP_0002113,CUST_01271,2023-07-18,Fees,Digital,4,1
CMP_0002114,CUST_09324,2025-05-02,Fraud,Digital,4,4
CMP_0002115,CUST_03199,2023-08-04,KYC,Branch,9,4
CMP_0002116,CUST_03048,2022-09-17,Service,Branch,68,3
CMP_0002117,CUST_07142,2025-07-29,KYC,Branch,1,5
CMP_0002118,CUST_01968,2026-01-05,Service,Digital,26,4
CMP_0002119,CUST_07851,2024-04-24,Fees,Digital,6,1
CMP_0002120,CUST_04971,2025-12-08,Service,Branch,4,4
CMP_0002121,CUST_00112,2024-05-20,KYC,Digital,2,4
CMP_0002122,CUST_04618,2025-05-15,Fees,Phone,17,5
CMP_0002123,CUST_03688,2026-02-19,Service,Branch,2,3
CMP_0002124,CUST_01464,2022-12-30,Service,Phone,6,3
CMP_0002125,CUST_06704,2025-03-31,Fees,Branch,8,2
CMP_0002126,CUST_06070,2023-08-08,Fees,Phone,7,5
CMP_0002127,CUST_07880,2022-02-15,Fees,Branch,5,4
CMP_0002128,CUST_07337,2023-12-31,KYC,Digital,4,4
CMP_0002129,CUST_07486,2023-08-30,Fees,Digital,16,4
CMP_0002130,CUST_08270,2024-10-25,Service,Digital,3,4
CMP_0002131,CUST_05611,2024-03-02,KYC,Branch,15,5
CMP_0002132,CUST_02912,2024-10-17,KYC,Branch,5,5
CMP_0002133,CUST_04957,2024-10-25,Service,Branch,1,5
CMP_0002134,CUST_01801,2022-05-30,Service,Branch,4,2
CMP_0002135,CUST_07664,2023-10-10,Service,Branch,9,3
CMP_0002136,CUST_01819,2025-08-03,Service,Phone,11,1
CMP_0002137,CUST_02660,2022-02-01,Fees,Branch,8,5
CMP_0002138,CUST_08482,2022-03-08,Fraud,Digital,15,4
CMP_0002139,CUST_02527,2023-01-02,Fees,Digital,6,4
CMP_0002140,CUST_09913,2024-08-20,Service,Branch,5,5
CMP_0002141,CUST_05864,2023-10-03,Service,Digital,4,4
CMP_0002142,CUST_05233,2022-04-08,Service,Phone,7,2
CMP_0002143,CUST_09567,2024-04-27,Service,Digital,7,3
CMP_0002144,CUST_08083,2022-11-07,Fees,Digital,2,3
CMP_0002145,CUST_05171,2023-06-21,Service,Branch,5,3
CMP_0002146,CUST_02125,2023-07-31,Fraud,Digital,9,5
CMP_0002147,CUST_07077,2025-07-27,KYC,Digital,6,3
CMP_0002148,CUST_07242,2025-04-04,Fees,Branch,2,3
CMP_0002149,CUST_04913,2024-07-09,Fees,Phone,3,3
CMP_0002150,CUST_00124,2026-04-05,Fraud,Branch,5,5
CMP_0002151,CUST_01820,2022-12-23,Fees,Phone,3,4
CMP_0002152,CUST_00559,2024-04-10,Fraud,Branch,7,3
CMP_0002153,CUST_03480,2026-06-30,KYC,Phone,15,4
CMP_0002154,CUST_07247,2022-11-05,Service,Phone,11,5
CMP_0002155,CUST_02440,2023-01-28,Fees,Branch,2,5
CMP_0002156,CUST_03478,2023-07-31,Service,Phone,4,4
CMP_0002157,CUST_08810,2022-05-11,Fees,Digital,1,2
CMP_0002158,CUST_07039,2024-04-13,Fees,Phone,4,5
CMP_0002159,CUST_02313,2025-05-24,KYC,Phone,6,5
CMP_0002160,CUST_00419,2022-06-09,Service,Branch,1,5
CMP_0002161,CUST_09204,2026-01-07,Service,Digital,3,5
CMP_0002162,CUST_09856,2025-03-06,Service,Digital,3,4
CMP_0002163,CUST_02435,2023-06-18,Fees,Digital,3,5
CMP_0002164,CUST_04780,2024-06-27,Service,Digital,1,5
CMP_0002165,CUST_03726,2022-11-21,Service,Branch,9,5
CMP_0002166,CUST_02814,2024-11-01,Fraud,Branch,7,2
CMP_0002167,CUST_08614,2022-08-13,Service,Digital,5,4
CMP_0002168,CUST_04122,2024-12-24,Service,Branch,19,5
CMP_0002169,CUST_05114,2023-01-20,Fees,Branch,7,4
CMP_0002170,CUST_01730,2024-06-18,KYC,Digital,7,3
CMP_0002171,CUST_01222,2022-12-05,Fees,Phone,11,2
CMP_0002172,CUST_04934,2025-12-30,KYC,Digital,7,3
CMP_0002173,CUST_00638,2024-06-01,Fees,Branch,11,4
CMP_0002174,CUST_01574,2026-07-19,Service,Branch,8,4
CMP_0002175,CUST_08200,2025-04-13,KYC,Phone,5,3
CMP_0002176,CUST_02347,2024-06-20,Fees,Phone,6,4
CMP_0002177,CUST_05329,2022-02-20,Fees,Phone,9,3
CMP_0002178,CUST_04992,2022-01-08,KYC,Phone,2,4
CMP_0002179,CUST_06861,2022-06-19,Service,Phone,10,4
CMP_0002180,CUST_01688,2023-04-06,Fees,Digital,6,4
CMP_0002181,CUST_05872,2024-08-07,Service,Branch,74,4
CMP_0002182,CUST_02747,2022-10-09,KYC,Phone,2,4
CMP_0002183,CUST_02070,2026-06-27,Service,Phone,13,4
CMP_0002184,CUST_09500,2022-12-24,Service,Branch,4,4
CMP_0002185,CUST_02762,2026-02-05,Fees,Phone,2,3
CMP_0002186,CUST_08826,2024-06-21,Service,Branch,15,4
CMP_0002187,CUST_08459,2025-08-29,Fees,Branch,7,4
CMP_0002188,CUST_00526,2024-11-04,Fees,Branch,5,2
CMP_0002189,CUST_08310,2025-05-09,Service,Phone,2,5
CMP_0002190,CUST_01450,2022-03-14,Fees,Digital,3,2
CMP_0002191,CUST_02508,2022-04-01,KYC,Digital,6,3
CMP_0002192,CUST_07156,2024-09-01,Service,Branch,5,4
CMP_0002193,CUST_00456,2025-02-01,Service,Phone,3,1
CMP_0002194,CUST_07776,2024-01-09,Fees,Digital,5,3
CMP_0002195,CUST_09461,2024-09-04,Fees,Digital,10,4
CMP_0002196,CUST_05039,2026-08-05,Service,Branch,4,4
CMP_0002197,CUST_05590,2022-12-15,Fees,Digital,7,4
CMP_0002198,CUST_04887,2025-04-12,Fees,Digital,1,4
CMP_0002199,CUST_06970,2024-08-03,Service,Branch,1,5
CMP_0002200,CUST_01640,2024-02-13,KYC,Phone,1,4
CMP_0002201,CUST_02318,2025-11-15,KYC,Branch,4,2
CMP_0002202,CUST_10097,2022-10-18,Service,Branch,6,3
CMP_0002203,CUST_07612,2026-04-23,Service,Phone,6,5
CMP_0002204,CUST_08695,2025-09-05,Service,Phone,7,5
CMP_0002205,CUST_02034,2025-09-18,Service,Branch,2,2
CMP_0002206,CUST_07356,2023-04-17,KYC,Phone,11,3
CMP_0002207,CUST_09378,2024-08-26,Fees,Branch,9,4
CMP_0002208,CUST_04533,2025-04-06,KYC,Digital,18,4
CMP_0002209,CUST_08531,2023-07-13,Fees,Phone,4,2
CMP_0002210,CUST_04410,2025-03-27,KYC,Phone,4,4
CMP_0002211,CUST_05411,2024-09-17,KYC,Branch,6,5
CMP_0002212,CUST_02202,2022-12-22,Service,Digital,4,4
CMP_0002213,CUST_04184,2023-06-16,KYC,Phone,7,4
CMP_0002214,CUST_02135,2022-07-07,KYC,Phone,1,3
CMP_0002215,CUST_04938,2022-08-02,Service,Digital,6,3
CMP_0002216,CUST_00368,2025-03-17,Fraud,Digital,5,3
CMP_0002217,CUST_03798,2025-02-06,Fees,Phone,6,5
CMP_0002218,CUST_05071,2025-12-11,Fees,Phone,2,5
CMP_0002219,CUST_04739,2025-08-14,KYC,Phone,8,5
CMP_0002220,CUST_04830,2023-10-01,Service,Digital,11,2
CMP_0002221,CUST_05151,2026-04-26,KYC,Digital,8,2
CMP_0002222,CUST_08915,2025-07-04,Fees,Digital,5,5
CMP_0002223,CUST_08849,2022-06-05,KYC,Phone,2,5
CMP_0002224,CUST_01077,2026-05-17,Fees,Digital,7,5
CMP_0002225,CUST_06731,2024-11-30,Service,Phone,15,3
CMP_0002226,CUST_05201,2022-05-19,KYC,Branch,2,3
CMP_0002227,CUST_00597,2025-10-21,Fees,Branch,2,4
CMP_0002228,CUST_00908,2024-05-02,Fees,Digital,5,4
CMP_0002229,CUST_10053,2023-08-18,Fees,Phone,14,3
CMP_0002230,CUST_01150,2023-04-17,Service,Branch,4,5
CMP_0002231,CUST_00738,2023-05-04,Service,Branch,8,3
CMP_0002232,CUST_09278,2026-06-05,KYC,Phone,7,4
CMP_0002233,CUST_04653,2023-06-27,Service,Digital,3,3
CMP_0002234,CUST_06363,2026-02-16,Fees,Phone,6,5
CMP_0002235,CUST_08773,2026-03-23,Service,Digital,9,4
CMP_0002236,CUST_09785,2023-09-05,Service,Digital,1,5
CMP_0002237,CUST_01283,2025-11-02,Service,Phone,12,4
CMP_0002238,CUST_08657,2025-09-04,Fraud,Digital,3,2
CMP_0002239,CUST_04524,2023-03-02,Service,Digital,2,1
CMP_0002240,CUST_03746,2023-09-15,Service,Phone,4,4
CMP_0002241,CUST_02738,2025-07-17,Fees,Phone,4,5
CMP_0002242,CUST_03351,2024-10-18,Service,Digital,7,4
CMP_0002243,CUST_00519,2025-03-01,Service,Branch,5,5
CMP_0002244,CUST_01281,2025-09-18,Fees,Digital,12,2
CMP_0002245,CUST_02805,2024-08-15,Fees,Phone,4,3
CMP_0002246,CUST_08054,2024-11-17,Service,Branch,3,4
CMP_0002247,CUST_01173,2025-05-26,Fraud,Digital,6,3
CMP_0002248,CUST_08782,2023-06-10,Service,Phone,5,5
CMP_0002249,CUST_03830,2023-07-14,Service,Branch,13,4
CMP_0002250,CUST_04749,2026-03-25,Fees,Digital,5,5
CMP_0002251,CUST_06502,2023-10-19,Service,Digital,8,4
CMP_0002252,CUST_04884,2022-04-13,Service,Digital,7,5
CMP_0002253,CUST_00542,2023-07-30,Fees,Phone,10,5
CMP_0002254,CUST_03657,2024-02-12,Fees,Branch,12,5
CMP_0002255,CUST_08194,2024-11-26,Service,Phone,3,5
CMP_0002256,CUST_08149,2025-06-06,Service,Digital,3,5
CMP_0002257,CUST_01766,2023-08-09,Service,Digital,6,3
CMP_0002258,CUST_03522,2025-05-05,KYC,Digital,13,5
CMP_0002259,CUST_05692,2023-06-19,Fees,Phone,9,3
CMP_0002260,CUST_07022,2026-06-17,Service,Digital,6,4
CMP_0002261,CUST_07737,2024-06-15,Fees,Phone,4,5
CMP_0002262,CUST_08665,2024-07-21,Fees,Branch,5,4
CMP_0002263,CUST_05253,2023-04-26,Fees,Branch,4,4
CMP_0002264,CUST_09973,2023-12-15,Fraud,Digital,4,5
CMP_0002265,CUST_00495,2024-10-17,Fraud,Phone,7,3
CMP_0002266,CUST_03387,2024-06-25,Service,Branch,14,4
CMP_0002267,CUST_10091,2024-06-09,Service,Phone,1,3
CMP_0002268,CUST_10078,2024-09-19,Service,Digital,13,3
CMP_0002269,CUST_01126,2024-03-03,Service,Phone,3,3
CMP_0002270,CUST_00727,2025-09-11,Service,Phone,3,3
CMP_0002271,CUST_06432,2024-08-19,Fraud,Digital,7,2
CMP_0002272,CUST_05590,2025-10-12,KYC,Phone,5,5
CMP_0002273,CUST_02058,2024-05-08,Fees,Branch,7,5
CMP_0002274,CUST_00954,2023-07-18,Fraud,Phone,59,2
CMP_0002275,CUST_03188,2024-01-13,Service,Digital,9,5
CMP_0002276,CUST_01694,2022-06-12,Fees,Digital,5,4
CMP_0002277,CUST_01839,2023-08-20,Service,Digital,8,3
CMP_0002278,CUST_07450,2026-04-12,Fraud,Phone,7,5
CMP_0002279,CUST_03731,2026-04-05,Fees,Branch,10,5
CMP_0002280,CUST_01417,2024-01-27,Service,Phone,5,2
CMP_0002281,CUST_09627,2025-05-18,Fees,Branch,6,4
CMP_0002282,CUST_04746,2025-12-11,KYC,Digital,10,5
CMP_0002283,CUST_05669,2023-12-24,Service,Branch,4,5
CMP_0002284,CUST_07620,2023-08-26,Fees,Phone,5,5
CMP_0002285,CUST_09271,2022-03-08,KYC,Digital,4,5
CMP_0002286,CUST_03855,2024-07-21,Fees,Digital,1,4
CMP_0002287,CUST_08477,2024-10-11,Service,Branch,5,1
CMP_0002288,CUST_02910,2025-03-23,Service,Phone,33,4
CMP_0002289,CUST_00268,2025-08-10,KYC,Branch,2,4
CMP_0002290,CUST_08813,2025-01-31,Fraud,Branch,10,5
CMP_0002291,CUST_05882,2025-08-06,Fees,Branch,3,5
CMP_0002292,CUST_04604,2023-10-11,Service,Branch,6,5
CMP_0002293,CUST_00047,2022-06-04,Service,Phone,1,5
CMP_0002294,CUST_08133,2025-02-18,Service,Branch,5,2
CMP_0002295,CUST_08918,2024-02-02,Service,Digital,3,5
CMP_0002296,CUST_01849,2024-10-23,Service,Digital,2,4
CMP_0002297,CUST_00790,2025-10-18,KYC,Phone,11,5
CMP_0002298,CUST_01665,2022-11-06,Fraud,Branch,4,4
CMP_0002299,CUST_01190,2025-02-21,KYC,Phone,2,3
CMP_0002300,CUST_01274,2025-10-04,Service,Digital,12,4
CMP_0002301,CUST_00936,2026-02-21,Service,Digital,3,5
CMP_0002302,CUST_01213,2025-01-14,KYC,Digital,6,5
CMP_0002303,CUST_10096,2025-10-27,KYC,Digital,11,5
CMP_0002304,CUST_03243,2023-12-08,Fraud,Branch,1,4
CMP_0002305,CUST_03808,2025-07-16,Service,Phone,6,5
CMP_0002306,CUST_06374,2024-12-18,KYC,Branch,4,4
CMP_0002307,CUST_07211,2022-10-30,Service,Phone,3,3
CMP_0002308,CUST_09545,2025-08-01,KYC,Phone,3,3
CMP_0002309,CUST_02575,2024-06-01,Service,Digital,8,3
CMP_0002310,CUST_01163,2026-03-22,Fraud,Branch,3,4
CMP_0002311,CUST_00279,2023-04-22,Service,Branch,9,1
CMP_0002312,CUST_05742,2022-06-29,Service,Branch,8,3
CMP_0002313,CUST_09267,2025-11-20,Fraud,Digital,6,4
CMP_0002314,CUST_01320,2023-08-20,KYC,Branch,2,4
CMP_0002315,CUST_05582,2024-04-26,Fraud,Branch,5,4
CMP_0002316,CUST_05416,2023-10-06,Service,Digital,8,3
CMP_0002317,CUST_08277,2022-10-02,Service,Phone,8,2
CMP_0002318,CUST_05157,2022-10-31,Fees,Digital,5,5
CMP_0002319,CUST_04922,2023-03-13,Fees,Branch,4,1
CMP_0002320,CUST_01315,2022-03-10,Service,Digital,13,5
CMP_0002321,CUST_03387,2024-03-19,Fees,Phone,3,5
CMP_0002322,CUST_02872,2026-03-12,KYC,Phone,1,2
CMP_0002323,CUST_05286,2023-06-18,Fees,Digital,2,1
CMP_0002324,CUST_09185,2023-12-29,Service,Branch,6,4
CMP_0002325,CUST_07507,2022-03-05,Service,Phone,4,1
CMP_0002326,CUST_08425,2023-10-05,KYC,Branch,7,2
CMP_0002327,CUST_07940,2022-01-01,KYC,Phone,6,2
CMP_0002328,CUST_07547,2022-04-07,Service,Digital,6,4
CMP_0002329,CUST_08300,2024-06-05,Service,Branch,4,2
CMP_0002330,CUST_09783,2024-02-13,Fees,Phone,1,2
CMP_0002331,CUST_05435,2024-02-12,Fees,Digital,38,3
CMP_0002332,CUST_08608,2024-06-06,Service,Phone,8,1
CMP_0002333,CUST_06281,2025-04-15,Fees,Phone,2,3
CMP_0002334,CUST_06188,2023-06-14,Service,Digital,2,4
CMP_0002335,CUST_09825,2025-05-22,Fraud,Digital,2,4
CMP_0002336,CUST_04902,2023-07-13,Service,Digital,9,5
CMP_0002337,CUST_05950,2023-05-30,Service,Phone,8,3
CMP_0002338,CUST_06810,2025-12-20,Service,Digital,2,5
CMP_0002339,CUST_05152,2022-10-13,Service,Branch,2,4
CMP_0002340,CUST_01147,2025-01-04,Service,Phone,13,5
CMP_0002341,CUST_05445,2022-11-05,Fees,Phone,1,5
CMP_0002342,CUST_06727,2022-03-14,Fees,Branch,37,3
CMP_0002343,CUST_07117,2025-06-05,Fees,Branch,5,4
CMP_0002344,CUST_05681,2023-01-02,Fees,Phone,2,3
CMP_0002345,CUST_00373,2023-11-16,KYC,Phone,3,3
CMP_0002346,CUST_00478,2023-03-08,Fraud,Digital,5,4
CMP_0002347,CUST_03601,2025-03-18,Fees,Branch,4,4
CMP_0002348,CUST_04157,2026-06-03,Service,Phone,11,3
CMP_0002349,CUST_09811,2024-02-05,Fraud,Branch,3,3
CMP_0002350,CUST_00601,2023-09-06,Fees,Phone,1,4
CMP_0002351,CUST_09872,2024-10-17,Service,Digital,1,3
CMP_0002352,CUST_00019,2025-03-17,Service,Branch,10,2
CMP_0002353,CUST_01981,2022-08-20,Service,Branch,2,4
CMP_0002354,CUST_04987,2025-07-31,Fees,Phone,2,5
CMP_0002355,CUST_03551,2025-10-03,Fees,Phone,4,1
CMP_0002356,CUST_07076,2025-10-08,Fees,Phone,1,4
CMP_0002357,CUST_08549,2025-04-08,KYC,Phone,2,3
CMP_0002358,CUST_00013,2023-05-17,Service,Digital,4,4
CMP_0002359,CUST_04397,2023-10-31,KYC,Digital,6,2
CMP_0002360,CUST_01263,2023-02-16,Service,Branch,4,5
CMP_0002361,CUST_04553,2024-02-19,Fees,Phone,11,3
CMP_0002362,CUST_05546,2024-08-30,KYC,Branch,10,5
CMP_0002363,CUST_06807,2024-06-24,KYC,Phone,6,3
CMP_0002364,CUST_04002,2022-01-27,Fees,Digital,4,3
CMP_0002365,CUST_07707,2026-07-16,Fees,Phone,36,4
CMP_0002366,CUST_07179,2025-10-30,Fees,Digital,14,5
CMP_0002367,CUST_06589,2024-09-18,Service,Phone,11,4
CMP_0002368,CUST_01207,2023-06-01,KYC,Branch,6,5
CMP_0002369,CUST_01219,2025-10-12,KYC,Digital,6,4
CMP_0002370,CUST_09214,2022-03-13,Service,Phone,44,4
CMP_0002371,CUST_02287,2023-07-20,KYC,Phone,14,5
CMP_0002372,CUST_06422,2024-08-16,Service,Digital,1,4
CMP_0002373,CUST_08308,2022-12-27,Service,Phone,25,1
CMP_0002374,CUST_01284,2022-04-15,KYC,Phone,2,4
CMP_0002375,CUST_06929,2022-01-11,Service,Branch,8,5
CMP_0002376,CUST_00214,2023-04-14,Fees,Branch,9,4
CMP_0002377,CUST_03485,2022-10-14,Service,Branch,12,4
CMP_0002378,CUST_00853,2026-03-17,Fees,Phone,2,4
CMP_0002379,CUST_01285,2022-08-13,Fees,Phone,4,3
CMP_0002380,CUST_01205,2023-05-17,KYC,Branch,11,5
CMP_0002381,CUST_00775,2024-03-24,Service,Digital,7,5
CMP_0002382,CUST_02386,2022-05-19,Fraud,Branch,2,4
CMP_0002383,CUST_02040,2026-05-08,Fraud,Phone,10,4
CMP_0002384,CUST_04515,2023-05-17,Fees,Branch,5,4
CMP_0002385,CUST_02672,2025-10-24,Service,Phone,7,2
CMP_0002386,CUST_07586,2022-05-09,Service,Digital,10,4
CMP_0002387,CUST_06996,2024-07-10,Fees,Branch,2,3
CMP_0002388,CUST_09756,2022-08-18,KYC,Branch,1,3
CMP_0002389,CUST_06000,2022-11-05,KYC,Phone,9,3
CMP_0002390,CUST_06256,2022-01-13,Service,Branch,9,3
CMP_0002391,CUST_02555,2022-03-19,Fees,Phone,1,4
CMP_0002392,CUST_07874,2022-11-12,KYC,Branch,18,5
CMP_0002393,CUST_06924,2023-07-25,KYC,Phone,7,4
CMP_0002394,CUST_02687,2022-04-12,KYC,Branch,8,4
CMP_0002395,CUST_02228,2026-07-29,Fees,Branch,5,5
CMP_0002396,CUST_05091,2024-02-13,Fees,Branch,3,3
CMP_0002397,CUST_00062,2023-09-08,Service,Branch,5,4
CMP_0002398,CUST_04391,2025-12-04,Service,Phone,16,5
CMP_0002399,CUST_05478,2023-11-07,Fees,Digital,1,5
CMP_0002400,CUST_02728,2024-07-21,Fees,Branch,4,3
CMP_0002401,CUST_03085,2023-06-25,Fees,Phone,46,3
CMP_0002402,CUST_08760,2022-08-04,KYC,Branch,62,4
CMP_0002403,CUST_04531,2023-03-03,Fraud,Digital,11,4
CMP_0002404,CUST_06440,2022-11-28,Service,Phone,11,4
CMP_0002405,CUST_04942,2024-07-26,Service,Digital,2,5
CMP_0002406,CUST_06571,2026-05-27,Fees,Digital,9,4
CMP_0002407,CUST_04333,2025-11-18,Service,Branch,8,4
CMP_0002408,CUST_06061,2022-07-04,KYC,Branch,6,1
CMP_0002409,CUST_00778,2025-01-10,KYC,Phone,69,5
CMP_0002410,CUST_08505,2022-02-24,Service,Phone,3,4
CMP_0002411,CUST_01511,2023-06-26,Service,Digital,9,3
CMP_0002412,CUST_05082,2024-01-07,KYC,Digital,9,2
CMP_0002413,CUST_00111,2022-11-14,Fraud,Phone,4,3
CMP_0002414,CUST_00106,2025-10-06,Service,Digital,8,5
CMP_0002415,CUST_02721,2026-08-03,KYC,Digital,5,4
CMP_0002416,CUST_09535,2024-08-20,KYC,Digital,3,2
CMP_0002417,CUST_09067,2024-05-01,Service,Phone,4,5
CMP_0002418,CUST_09531,2025-01-05,Fees,Phone,3,5
CMP_0002419,CUST_08226,2023-06-20,Fees,Branch,9,5
CMP_0002420,CUST_01006,2025-04-02,KYC,Branch,4,4
CMP_0002421,CUST_00416,2025-05-10,Fees,Branch,7,4
CMP_0002422,CUST_02646,2026-08-01,Fraud,Digital,12,4
CMP_0002423,CUST_07065,2022-11-07,Fraud,Branch,8,3
CMP_0002424,CUST_06983,2022-01-12,Fees,Phone,3,3
CMP_0002425,CUST_04600,2026-04-17,Fraud,Phone,4,5
CMP_0002426,CUST_02859,2025-09-26,Service,Phone,5,2
CMP_0002427,CUST_08672,2023-01-20,Fees,Phone,1,4
CMP_0002428,CUST_02590,2023-08-19,Service,Branch,4,5
CMP_0002429,CUST_02773,2025-03-25,KYC,Branch,7,4
CMP_0002430,CUST_05873,2026-05-26,Fees,Branch,5,1
CMP_0002431,CUST_06255,2026-08-12,Service,Phone,4,5
CMP_0002432,CUST_02563,2026-05-21,Service,Digital,4,3
CMP_0002433,CUST_02480,2026-03-25,Fees,Phone,5,4
CMP_0002434,CUST_04758,2026-03-06,Fees,Phone,36,2
CMP_0002435,CUST_08317,2024-08-30,Fees,Digital,2,2
CMP_0002436,CUST_02201,2022-08-26,Service,Phone,2,4
CMP_0002437,CUST_00572,2022-01-25,Service,Digital,2,4
CMP_0002438,CUST_01450,2026-05-10,Fees,Digital,7,5
CMP_0002439,CUST_07820,2022-03-29,KYC,Digital,3,3
CMP_0002440,CUST_07614,2024-10-07,Service,Phone,13,5
CMP_0002441,CUST_05903,2026-04-28,Service,Branch,6,5
CMP_0002442,CUST_03547,2025-07-19,Fees,Branch,5,2
CMP_0002443,CUST_04999,2022-09-09,Fees,Digital,8,4
CMP_0002444,CUST_08489,2024-11-22,Fraud,Branch,8,3
CMP_0002445,CUST_02419,2024-02-23,Service,Phone,4,4
CMP_0002446,CUST_06654,2025-05-27,KYC,Phone,11,5
CMP_0002447,CUST_02819,2022-06-26,Service,Branch,8,3
CMP_0002448,CUST_06862,2023-06-03,Service,Branch,3,3
CMP_0002449,CUST_03210,2023-05-06,Fees,Branch,1,5
CMP_0002450,CUST_09318,2026-01-18,Fees,Digital,5,4
CMP_0002451,CUST_08300,2024-09-18,Service,Branch,2,5
CMP_0002452,CUST_07955,2022-04-23,Service,Branch,2,4
CMP_0002453,CUST_01436,2025-11-24,KYC,Branch,15,2
CMP_0002454,CUST_09843,2022-05-14,Fraud,Branch,11,3
CMP_0002455,CUST_05353,2024-08-12,Fees,Digital,3,5
CMP_0002456,CUST_00911,2024-02-08,Fees,Phone,1,3
CMP_0002457,CUST_03108,2022-05-02,Service,Phone,1,5
CMP_0002458,CUST_00189,2024-06-12,Service,Digital,9,4
CMP_0002459,CUST_04469,2026-01-25,Service,Phone,2,1
CMP_0002460,CUST_09270,2023-02-17,Service,Digital,3,4
CMP_0002461,CUST_06144,2024-07-06,KYC,Branch,13,5
CMP_0002462,CUST_09594,2022-08-01,Service,Branch,70,3
CMP_0002463,CUST_07182,2024-10-16,Fees,Digital,8,4
CMP_0002464,CUST_01223,2023-12-01,Service,Branch,2,4
CMP_0002465,CUST_00486,2023-12-01,Service,Digital,2,2
CMP_0002466,CUST_02091,2023-10-27,KYC,Phone,8,5
CMP_0002467,CUST_05787,2025-09-25,KYC,Digital,5,4
CMP_0002468,CUST_07790,2026-06-26,KYC,Branch,5,5
CMP_0002469,CUST_07775,2023-12-29,Service,Digital,6,5
CMP_0002470,CUST_08034,2023-02-18,Fees,Phone,1,4
CMP_0002471,CUST_08198,2026-06-05,Service,Phone,1,3
CMP_0002472,CUST_03693,2024-06-07,Service,Digital,20,4
CMP_0002473,CUST_04081,2024-01-16,Service,Branch,1,3
CMP_0002474,CUST_02545,2024-10-29,KYC,Branch,13,2
CMP_0002475,CUST_01351,2024-04-21,Service,Digital,6,4
CMP_0002476,CUST_09991,2024-07-20,Fees,Phone,4,4
CMP_0002477,CUST_03984,2026-06-29,KYC,Digital,4,4
CMP_0002478,CUST_07043,2024-06-28,Service,Digital,9,3
CMP_0002479,CUST_08116,2025-01-24,Service,Phone,3,5
CMP_0002480,CUST_04130,2022-06-05,Service,Branch,1,4
CMP_0002481,CUST_05352,2022-03-03,Fees,Branch,12,5
CMP_0002482,CUST_07325,2024-01-18,Fees,Phone,3,3
CMP_0002483,CUST_03501,2023-10-22,Service,Branch,3,4
CMP_0002484,CUST_06530,2023-03-04,Service,Phone,5,4
CMP_0002485,CUST_01231,2025-08-13,KYC,Phone,20,5
CMP_0002486,CUST_01585,2025-04-03,Service,Digital,1,5
CMP_0002487,CUST_05559,2026-05-28,Service,Digital,10,5
CMP_0002488,CUST_04208,2024-03-31,Fees,Phone,6,5
CMP_0002489,CUST_09025,2022-02-19,KYC,Digital,5,4
CMP_0002490,CUST_03719,2025-04-16,Fees,Digital,6,4
CMP_0002491,CUST_00475,2026-03-08,Fees,Branch,3,3
CMP_0002492,CUST_00472,2024-04-05,Fraud,Phone,8,5
CMP_0002493,CUST_01424,2023-06-13,Fees,Branch,1,1
CMP_0002494,CUST_05769,2025-09-08,Service,Digital,5,4
CMP_0002495,CUST_03834,2025-12-11,KYC,Digital,2,3
CMP_0002496,CUST_04763,2022-04-26,Service,Phone,5,1
CMP_0002497,CUST_02343,2025-02-08,KYC,Digital,1,5
CMP_0002498,CUST_08331,2024-07-21,KYC,Digital,7,4
CMP_0002499,CUST_04496,2022-06-25,Service,Branch,10,4
CMP_0002500,CUST_01371,2023-06-18,Service,Branch,3,4
CMP_0002501,CUST_10002,2025-05-27,KYC,Digital,1,5
CMP_0002502,CUST_07746,2023-11-25,Service,Branch,9,2
CMP_0002503,CUST_02177,2025-07-06,KYC,Branch,1,2
CMP_0002504,CUST_09305,2024-07-26,KYC,Digital,7,5
CMP_0002505,CUST_07910,2025-03-27,Fees,Digital,6,5
CMP_0002506,CUST_09798,2022-08-03,Fees,Branch,1,2
CMP_0002507,CUST_02418,2025-10-17,Service,Branch,7,3
CMP_0002508,CUST_01893,2023-09-26,Service,Branch,3,5
CMP_0002509,CUST_04808,2024-05-06,Service,Branch,73,5
CMP_0002510,CUST_05606,2024-08-03,Service,Phone,3,3
CMP_0002511,CUST_07226,2024-07-19,Service,Branch,3,4
CMP_0002512,CUST_04811,2024-12-03,Fees,Phone,11,5
CMP_0002513,CUST_02229,2023-04-04,Service,Phone,7,4
CMP_0002514,CUST_08157,2023-10-03,Service,Digital,15,5
CMP_0002515,CUST_09628,2024-01-20,Fees,Digital,7,4
CMP_0002516,CUST_01985,2023-05-16,Fees,Phone,6,3
CMP_0002517,CUST_08997,2023-03-24,Service,Branch,5,4
CMP_0002518,CUST_03370,2022-11-02,Service,Phone,8,4
CMP_0002519,CUST_00982,2025-07-13,Service,Digital,9,5
CMP_0002520,CUST_04113,2022-12-08,KYC,Branch,1,1
CMP_0002521,CUST_00813,2023-05-24,KYC,Phone,5,5
CMP_0002522,CUST_03452,2023-11-18,Service,Phone,4,5
CMP_0002523,CUST_03581,2024-12-30,KYC,Branch,17,1
CMP_0002524,CUST_01700,2025-08-19,Fees,Phone,18,5
CMP_0002525,CUST_08718,2025-02-19,KYC,Digital,4,5
CMP_0002526,CUST_06227,2022-01-02,Service,Digital,20,3
CMP_0002527,CUST_09584,2023-08-07,Service,Branch,68,2
CMP_0002528,CUST_06276,2023-06-27,Service,Digital,47,4
CMP_0002529,CUST_04752,2024-06-04,Service,Digital,3,4
CMP_0002530,CUST_06703,2024-08-16,Service,Phone,6,1
CMP_0002531,CUST_07227,2024-12-16,Fees,Phone,3,5
CMP_0002532,CUST_06397,2024-10-19,Service,Branch,3,4
CMP_0002533,CUST_03230,2024-02-03,Service,Digital,2,5
CMP_0002534,CUST_02636,2025-12-09,Fees,Phone,3,4
CMP_0002535,CUST_01701,2024-04-24,KYC,Branch,4,5
CMP_0002536,CUST_03419,2026-01-29,KYC,Digital,17,3
CMP_0002537,CUST_07490,2024-08-15,KYC,Phone,6,5
CMP_0002538,CUST_05014,2025-11-29,Service,Branch,5,5
CMP_0002539,CUST_05392,2024-03-10,KYC,Branch,2,3
CMP_0002540,CUST_03886,2022-03-23,Service,Branch,7,3
CMP_0002541,CUST_01675,2026-01-30,KYC,Digital,12,5
CMP_0002542,CUST_04687,2023-12-14,Fees,Digital,12,5
CMP_0002543,CUST_04450,2022-03-21,Fees,Digital,11,2
CMP_0002544,CUST_02441,2022-05-12,KYC,Branch,1,5
CMP_0002545,CUST_08601,2022-02-10,Fees,Digital,9,2
CMP_0002546,CUST_04956,2022-01-24,Service,Digital,3,5
CMP_0002547,CUST_06600,2023-08-31,KYC,Phone,8,4
CMP_0002548,CUST_01902,2023-02-27,Fees,Phone,12,5
CMP_0002549,CUST_05879,2025-01-16,Service,Branch,4,2
CMP_0002550,CUST_09753,2023-08-19,Fraud,Phone,12,4
CMP_0002551,CUST_08757,2024-10-08,Service,Branch,2,5
CMP_0002552,CUST_01716,2025-11-17,Service,Phone,4,5
CMP_0002553,CUST_01573,2024-12-14,Service,Digital,17,3
CMP_0002554,CUST_09282,2024-07-07,KYC,Branch,14,5
CMP_0002555,CUST_01197,2022-12-13,Service,Digital,8,5
CMP_0002556,CUST_00850,2024-08-12,Service,Branch,8,5
CMP_0002557,CUST_05630,2024-08-10,Service,Branch,1,2
CMP_0002558,CUST_05618,2024-07-19,Fees,Phone,7,4
CMP_0002559,CUST_06135,2024-05-25,KYC,Digital,7,3
CMP_0002560,CUST_07306,2026-05-28,KYC,Phone,10,5
CMP_0002561,CUST_04093,2024-12-19,Fees,Phone,15,4
CMP_0002562,CUST_08827,2025-01-13,Service,Branch,1,4
CMP_0002563,CUST_06207,2023-09-23,Fees,Phone,6,4
CMP_0002564,CUST_07304,2026-06-03,Service,Branch,5,3
CMP_0002565,CUST_03746,2022-07-09,Service,Branch,3,3
CMP_0002566,CUST_09745,2025-09-08,Service,Digital,10,3
CMP_0002567,CUST_03515,2024-02-19,KYC,Branch,6,5
CMP_0002568,CUST_01459,2024-08-15,Fees,Branch,2,3
CMP_0002569,CUST_08316,2025-06-04,Fraud,Branch,3,4
CMP_0002570,CUST_05116,2023-04-07,Fees,Phone,10,1
CMP_0002571,CUST_02565,2026-01-28,Service,Phone,6,5
CMP_0002572,CUST_08961,2025-05-12,Service,Branch,4,3
CMP_0002573,CUST_06499,2025-01-14,Service,Digital,2,4
CMP_0002574,CUST_03204,2023-01-27,Service,Digital,23,4
CMP_0002575,CUST_00202,2025-11-14,Fees,Digital,7,4
CMP_0002576,CUST_07761,2023-12-26,KYC,Phone,2,5
CMP_0002577,CUST_09524,2022-03-26,Service,Digital,4,4
CMP_0002578,CUST_02805,2022-08-12,Service,Phone,9,4
CMP_0002579,CUST_03591,2023-09-26,KYC,Phone,3,4
CMP_0002580,CUST_06769,2025-12-04,KYC,Digital,11,3
CMP_0002581,CUST_07075,2022-04-27,Fraud,Digital,13,5
CMP_0002582,CUST_07924,2024-05-26,Service,Digital,2,3
CMP_0002583,CUST_08476,2023-08-01,KYC,Digital,9,4
CMP_0002584,CUST_00365,2024-03-28,Fees,Branch,7,5
CMP_0002585,CUST_00674,2023-04-28,KYC,Phone,1,5
CMP_0002586,CUST_08894,2024-11-08,Fees,Branch,12,3
CMP_0002587,CUST_05999,2025-05-26,Fees,Branch,5,5
CMP_0002588,CUST_00920,2023-05-06,Fraud,Digital,12,5
CMP_0002589,CUST_03605,2022-06-23,KYC,Phone,2,5
CMP_0002590,CUST_04029,2024-09-30,Service,Branch,2,4
CMP_0002591,CUST_02438,2023-05-26,Service,Digital,4,5
CMP_0002592,CUST_09011,2024-02-14,Fees,Phone,4,5
CMP_0002593,CUST_06449,2024-04-06,Fees,Phone,5,5
CMP_0002594,CUST_00729,2024-12-08,Service,Digital,9,4
CMP_0002595,CUST_04214,2023-04-17,Fees,Digital,12,2
CMP_0002596,CUST_03004,2023-01-03,Service,Branch,3,3
CMP_0002597,CUST_04425,2025-09-17,Service,Phone,1,5
CMP_0002598,CUST_06348,2022-12-12,Service,Digital,7,2
CMP_0002599,CUST_03187,2023-07-30,Fees,Phone,9,5
CMP_0002600,CUST_03784,2024-11-30,Fees,Digital,7,5
CMP_0002601,CUST_02430,2025-01-12,Fraud,Phone,5,4
CMP_0002602,CUST_00815,2022-10-19,Fraud,Phone,5,3
CMP_0002603,CUST_05879,2023-03-31,Fraud,Phone,1,4
CMP_0002604,CUST_09253,2025-11-29,Service,Digital,2,4
CMP_0002605,CUST_00292,2025-09-09,Fees,Branch,9,4
CMP_0002606,CUST_01116,2025-09-11,Fees,Branch,5,5
CMP_0002607,CUST_07460,2025-04-05,Service,Phone,8,3
CMP_0002608,CUST_00825,2026-02-20,Fees,Digital,16,3
CMP_0002609,CUST_05581,2023-10-24,Service,Phone,4,5
CMP_0002610,CUST_07208,2023-11-12,Fraud,Digital,2,4
CMP_0002611,CUST_01224,2022-08-10,Fraud,Phone,2,4
CMP_0002612,CUST_05030,2022-03-09,KYC,Digital,2,4
CMP_0002613,CUST_03178,2024-09-08,Fees,Branch,5,3
CMP_0002614,CUST_09457,2023-03-23,Service,Phone,8,5
CMP_0002615,CUST_09451,2023-03-21,Service,Phone,9,4
CMP_0002616,CUST_00638,2023-09-29,Fees,Digital,5,4
CMP_0002617,CUST_00706,2024-04-07,Service,Digital,8,5
CMP_0002618,CUST_10159,2024-10-19,Fees,Digital,5,2
CMP_0002619,CUST_04490,2025-02-18,Service,Digital,1,4
CMP_0002620,CUST_05481,2025-09-09,Service,Digital,5,4
CMP_0002621,CUST_08767,2022-09-07,KYC,Phone,1,3
CMP_0002622,CUST_09563,2022-12-15,Service,Phone,2,3
CMP_0002623,CUST_01927,2023-03-01,Service,Branch,9,3
CMP_0002624,CUST_00745,2026-01-31,KYC,Digital,3,4
CMP_0002625,CUST_09103,2023-06-29,KYC,Digital,11,1
CMP_0002626,CUST_08588,2023-01-20,Fees,Branch,1,4
CMP_0002627,CUST_01816,2024-11-20,Service,Digital,7,5
CMP_0002628,CUST_01198,2022-07-09,Service,Phone,7,4
CMP_0002629,CUST_05501,2026-02-26,Fees,Phone,3,2
CMP_0002630,CUST_06164,2022-08-17,Fees,Branch,2,5
CMP_0002631,CUST_02380,2022-09-20,Fraud,Digital,8,4
CMP_0002632,CUST_07673,2023-01-26,Service,Phone,7,3
CMP_0002633,CUST_03408,2024-03-23,KYC,Branch,9,5
CMP_0002634,CUST_06455,2022-12-13,Service,Phone,5,3
CMP_0002635,CUST_05323,2025-07-15,Fees,Phone,10,5
CMP_0002636,CUST_06546,2026-06-08,Service,Phone,2,3
CMP_0002637,CUST_05047,2026-06-05,Service,Branch,4,3
CMP_0002638,CUST_03937,2024-09-30,Service,Branch,5,4
CMP_0002639,CUST_00947,2022-01-19,Fees,Phone,10,1
CMP_0002640,CUST_09498,2023-11-21,Fraud,Branch,1,4
CMP_0002641,CUST_05853,2022-02-13,Service,Branch,8,5
CMP_0002642,CUST_05140,2026-06-05,Service,Digital,11,4
CMP_0002643,CUST_04470,2025-11-26,KYC,Branch,1,4
CMP_0002644,CUST_05220,2022-12-25,Fees,Phone,3,4
CMP_0002645,CUST_08263,2026-02-27,Service,Digital,13,5
CMP_0002646,CUST_08029,2024-06-09,KYC,Digital,6,4
CMP_0002647,CUST_09671,2025-05-30,Fees,Branch,11,5
CMP_0002648,CUST_01169,2026-02-19,Service,Branch,5,5
CMP_0002649,CUST_03110,2023-02-11,Service,Branch,3,3
CMP_0002650,CUST_05371,2023-05-28,Service,Digital,13,4
CMP_0002651,CUST_05105,2023-11-23,Service,Branch,9,5
CMP_0002652,CUST_06748,2025-10-04,Fees,Digital,2,5
CMP_0002653,CUST_00476,2025-03-19,KYC,Branch,3,5
CMP_0002654,CUST_03356,2026-03-22,Fees,Digital,6,4
CMP_0002655,CUST_01067,2024-06-19,Service,Branch,7,5
CMP_0002656,CUST_03683,2022-04-30,Service,Phone,8,4
CMP_0002657,CUST_01624,2023-05-26,Service,Phone,2,4
CMP_0002658,CUST_10155,2023-11-07,Service,Branch,9,1
CMP_0002659,CUST_00065,2025-04-23,Service,Phone,16,5
CMP_0002660,CUST_04668,2024-10-03,Service,Branch,9,1
CMP_0002661,CUST_02200,2025-06-14,Service,Phone,39,1
CMP_0002662,CUST_02163,2025-12-14,Service,Digital,10,4
CMP_0002663,CUST_03334,2025-06-15,Service,Branch,1,4
CMP_0002664,CUST_07435,2022-07-12,Service,Branch,6,5
CMP_0002665,CUST_04400,2022-02-07,KYC,Phone,4,4
CMP_0002666,CUST_07888,2024-10-05,Service,Digital,9,4
CMP_0002667,CUST_02928,2025-03-29,Service,Branch,14,5
CMP_0002668,CUST_05303,2022-03-07,KYC,Phone,40,4
CMP_0002669,CUST_09764,2022-09-13,Service,Branch,5,3
CMP_0002670,CUST_00748,2024-06-26,Service,Phone,5,4
CMP_0002671,CUST_07920,2024-10-05,Service,Digital,5,1
CMP_0002672,CUST_00095,2026-06-03,Service,Digital,1,1
CMP_0002673,CUST_08345,2024-01-01,KYC,Digital,5,5
CMP_0002674,CUST_03194,2025-11-30,Fees,Phone,2,1
CMP_0002675,CUST_05365,2022-02-17,Service,Digital,6,2
CMP_0002676,CUST_09921,2022-06-28,Service,Branch,11,5
CMP_0002677,CUST_07959,2026-04-28,Service,Phone,1,4
CMP_0002678,CUST_07641,2022-04-06,Service,Phone,13,5
CMP_0002679,CUST_07195,2024-01-05,Service,Phone,3,2
CMP_0002680,CUST_05792,2022-12-25,Service,Branch,3,4
CMP_0002681,CUST_03563,2023-05-20,Service,Digital,2,5
CMP_0002682,CUST_04464,2025-08-16,Service,Phone,2,5
CMP_0002683,CUST_06217,2024-04-21,Service,Digital,4,1
CMP_0002684,CUST_07101,2024-06-16,Service,Branch,6,4
CMP_0002685,CUST_07795,2025-09-03,Service,Branch,2,3
CMP_0002686,CUST_08020,2025-11-18,Fees,Branch,7,5
CMP_0002687,CUST_06491,2023-03-06,Service,Branch,1,3
CMP_0002688,CUST_02664,2022-11-26,Fees,Digital,2,3
CMP_0002689,CUST_08057,2026-04-23,Fees,Phone,72,4
CMP_0002690,CUST_09907,2024-05-28,Service,Branch,30,5
CMP_0002691,CUST_00936,2024-02-27,Service,Digital,6,5
CMP_0002692,CUST_05274,2026-04-26,Service,Branch,1,5
CMP_0002693,CUST_03381,2026-04-29,Service,Branch,5,5
CMP_0002694,CUST_03992,2023-01-14,Service,Digital,2,5
CMP_0002695,CUST_04528,2026-04-28,Fees,Digital,7,4
CMP_0002696,CUST_06167,2025-02-10,KYC,Digital,4,4
CMP_0002697,CUST_01743,2025-12-23,Fraud,Phone,10,3
CMP_0002698,CUST_06320,2025-01-05,Fees,Digital,4,4
CMP_0002699,CUST_04788,2025-02-21,Service,Phone,2,2
CMP_0002700,CUST_00818,2022-07-01,Fees,Digital,5,5
CMP_0002701,CUST_07804,2024-11-16,Fees,Phone,8,3
CMP_0002702,CUST_02193,2026-05-18,Fees,Branch,3,5
CMP_0002703,CUST_00708,2023-12-04,KYC,Digital,8,4
CMP_0002704,CUST_10166,2023-07-07,Fees,Branch,4,5
CMP_0002705,CUST_01698,2022-09-12,Service,Digital,5,5
CMP_0002706,CUST_09321,2026-01-26,Fraud,Branch,3,4
CMP_0002707,CUST_00900,2024-08-24,Fraud,Phone,2,5
CMP_0002708,CUST_09230,2024-01-14,Fraud,Branch,7,5
CMP_0002709,CUST_08271,2023-07-21,Fees,Phone,3,2
CMP_0002710,CUST_07111,2026-02-10,Fees,Digital,19,4
CMP_0002711,CUST_05827,2024-03-05,Service,Phone,1,5
CMP_0002712,CUST_00647,2026-07-07,Service,Digital,4,3
CMP_0002713,CUST_08009,2022-08-08,Service,Phone,6,4
CMP_0002714,CUST_08204,2026-01-03,Fees,Branch,9,2
CMP_0002715,CUST_07785,2023-12-10,Fees,Branch,2,5
CMP_0002716,CUST_06549,2026-06-15,Fees,Phone,1,5
CMP_0002717,CUST_01404,2025-12-08,Service,Digital,1,2
CMP_0002718,CUST_05067,2023-12-26,Service,Digital,5,4
CMP_0002719,CUST_00827,2022-07-17,Service,Branch,13,3
CMP_0002720,CUST_08504,2026-04-19,Fees,Phone,3,4
CMP_0002721,CUST_02775,2025-07-01,Service,Phone,7,4
CMP_0002722,CUST_02689,2026-05-06,Service,Phone,13,5
CMP_0002723,CUST_00346,2026-02-03,Service,Phone,72,4
CMP_0002724,CUST_07952,2025-11-15,Service,Branch,7,5
CMP_0002725,CUST_02129,2024-04-14,KYC,Digital,5,5
CMP_0002726,CUST_04007,2022-09-10,Fees,Digital,1,5
CMP_0002727,CUST_05040,2025-12-23,KYC,Phone,7,4
CMP_0002728,CUST_05721,2026-03-17,Fees,Branch,1,4
CMP_0002729,CUST_03408,2022-05-23,Fraud,Phone,3,4
CMP_0002730,CUST_02814,2024-02-02,Service,Digital,6,2
CMP_0002731,CUST_09287,2022-05-22,Service,Digital,3,4
CMP_0002732,CUST_05480,2024-12-05,KYC,Digital,8,4
CMP_0002733,CUST_08899,2025-04-25,Service,Digital,6,3
CMP_0002734,CUST_08930,2024-05-20,KYC,Digital,7,2
CMP_0002735,CUST_09521,2024-05-23,Fees,Phone,5,4
CMP_0002736,CUST_03225,2023-10-31,Service,Digital,3,5
CMP_0002737,CUST_05151,2024-03-14,Service,Phone,17,2
CMP_0002738,CUST_03943,2024-07-18,Fees,Phone,55,3
CMP_0002739,CUST_10148,2024-11-25,Service,Phone,9,5
CMP_0002740,CUST_03889,2023-10-15,Fees,Phone,2,5
CMP_0002741,CUST_00154,2025-12-27,Service,Digital,8,4
CMP_0002742,CUST_09714,2023-07-13,KYC,Branch,21,4
CMP_0002743,CUST_01427,2023-01-27,Fees,Branch,6,5
CMP_0002744,CUST_03391,2022-06-28,Service,Branch,3,2
CMP_0002745,CUST_02054,2024-06-29,Service,Phone,3,5
CMP_0002746,CUST_06129,2022-02-03,KYC,Branch,7,2
CMP_0002747,CUST_05683,2025-10-23,KYC,Digital,8,4
CMP_0002748,CUST_09230,2025-01-14,Service,Branch,2,3
CMP_0002749,CUST_03967,2024-10-13,Fees,Branch,6,5
CMP_0002750,CUST_09484,2024-04-25,Service,Branch,12,3
CMP_0002751,CUST_02176,2024-09-12,Service,Digital,1,1
CMP_0002752,CUST_08516,2023-09-02,Service,Branch,3,3
CMP_0002753,CUST_07750,2026-02-12,Fees,Digital,75,3
CMP_0002754,CUST_01521,2025-10-08,Fees,Digital,5,4
CMP_0002755,CUST_08984,2025-02-08,KYC,Phone,5,4
CMP_0002756,CUST_03469,2024-08-02,Service,Branch,2,5
CMP_0002757,CUST_04445,2024-06-18,Fees,Branch,2,5
CMP_0002758,CUST_04943,2023-10-18,Fees,Branch,3,4
CMP_0002759,CUST_05791,2022-09-05,Fees,Branch,6,5
CMP_0002760,CUST_06148,2022-04-17,Fees,Branch,2,5
CMP_0002761,CUST_06801,2025-11-23,Fraud,Digital,1,5
CMP_0002762,CUST_08302,2025-03-26,Service,Digital,73,4
CMP_0002763,CUST_00095,2025-08-29,Fees,Phone,2,3
CMP_0002764,CUST_03390,2024-10-30,Service,Branch,1,4
CMP_0002765,CUST_06789,2022-06-25,Service,Phone,8,3
CMP_0002766,CUST_02180,2025-01-22,Service,Phone,9,3
CMP_0002767,CUST_09085,2024-09-17,Service,Branch,3,4
CMP_0002768,CUST_00115,2022-06-03,KYC,Phone,11,4
CMP_0002769,CUST_09259,2026-06-11,Fees,Phone,7,1
CMP_0002770,CUST_08831,2022-07-23,KYC,Phone,1,5
CMP_0002771,CUST_05773,2023-12-18,Fees,Digital,1,1
CMP_0002772,CUST_07185,2025-12-05,KYC,Digital,4,4
CMP_0002773,CUST_05847,2023-10-23,Service,Phone,3,3
CMP_0002774,CUST_05533,2023-07-14,Service,Branch,6,3
CMP_0002775,CUST_00401,2025-01-15,KYC,Phone,6,4
CMP_0002776,CUST_01349,2024-04-02,Fees,Phone,4,5
CMP_0002777,CUST_09616,2022-08-25,Service,Phone,2,3
CMP_0002778,CUST_03853,2023-10-31,Service,Phone,3,4
CMP_0002779,CUST_06499,2022-06-04,Fees,Phone,16,2
CMP_0002780,CUST_00648,2024-04-20,Service,Branch,7,3
CMP_0002781,CUST_08228,2025-05-23,Service,Phone,2,3
CMP_0002782,CUST_07867,2024-12-10,Service,Digital,5,3
CMP_0002783,CUST_08848,2025-11-19,Fees,Phone,3,4
CMP_0002784,CUST_04981,2023-03-14,Service,Phone,7,3
CMP_0002785,CUST_10049,2022-12-31,Fees,Phone,2,4
CMP_0002786,CUST_09799,2023-08-29,Service,Phone,2,5
CMP_0002787,CUST_05793,2026-05-03,Service,Phone,10,4
CMP_0002788,CUST_02082,2024-12-15,Service,Phone,3,4
CMP_0002789,CUST_08695,2024-10-10,Service,Phone,7,5
CMP_0002790,CUST_03414,2026-04-27,Fees,Branch,2,3
CMP_0002791,CUST_09003,2025-04-04,Service,Phone,3,3
CMP_0002792,CUST_00164,2022-07-21,KYC,Digital,3,3
CMP_0002793,CUST_02154,2024-01-05,Service,Digital,2,4
CMP_0002794,CUST_05522,2024-12-25,KYC,Digital,2,4
CMP_0002795,CUST_06407,2025-08-21,KYC,Branch,13,5
CMP_0002796,CUST_06268,2025-03-10,KYC,Branch,5,4
CMP_0002797,CUST_10098,2026-04-21,KYC,Branch,5,5
CMP_0002798,CUST_06934,2024-08-02,KYC,Phone,6,2
CMP_0002799,CUST_01135,2026-05-19,KYC,Digital,1,1
CMP_0002800,CUST_03870,2025-11-16,Fees,Phone,5,5
CMP_0002801,CUST_06817,2026-01-26,Fraud,Branch,13,4
CMP_0002802,CUST_02394,2025-01-28,Fees,Branch,1,3
CMP_0002803,CUST_08600,2022-11-03,Service,Phone,1,4
CMP_0002804,CUST_02064,2024-05-06,Service,Digital,13,4
CMP_0002805,CUST_09198,2023-11-26,Service,Digital,6,5
CMP_0002806,CUST_06873,2022-12-28,Fees,Digital,5,4
CMP_0002807,CUST_07146,2026-02-14,Service,Phone,2,4
CMP_0002808,CUST_01672,2022-01-01,Fees,Phone,1,4
CMP_0002809,CUST_05216,2022-08-27,Service,Branch,4,3
CMP_0002810,CUST_10008,2022-05-13,KYC,Branch,2,4
CMP_0002811,CUST_07382,2025-04-11,Service,Phone,4,1
CMP_0002812,CUST_00401,2026-05-03,Service,Phone,2,2
CMP_0002813,CUST_07662,2022-04-04,Fees,Phone,8,4
CMP_0002814,CUST_00739,2024-04-20,Fees,Digital,8,5
CMP_0002815,CUST_02945,2026-04-18,Service,Phone,2,5
CMP_0002816,CUST_04545,2025-10-08,Service,Phone,45,3
CMP_0002817,CUST_08873,2026-05-01,Service,Branch,3,4
CMP_0002818,CUST_06545,2024-10-27,Service,Branch,11,4
CMP_0002819,CUST_02685,2022-11-12,Service,Branch,4,3
CMP_0002820,CUST_01051,2022-07-07,KYC,Phone,13,4
CMP_0002821,CUST_07767,2023-02-06,Fees,Branch,5,3
CMP_0002822,CUST_08113,2026-07-04,Fees,Phone,6,3
CMP_0002823,CUST_09546,2025-10-25,Fees,Phone,6,4
CMP_0002824,CUST_03741,2024-12-14,KYC,Branch,2,5
CMP_0002825,CUST_04907,2025-07-14,Fraud,Digital,4,3
CMP_0002826,CUST_04449,2022-05-30,Service,Phone,3,5
CMP_0002827,CUST_08386,2022-10-20,Fraud,Branch,2,3
CMP_0002828,CUST_06924,2025-08-20,Fees,Branch,1,4
CMP_0002829,CUST_05750,2024-05-03,KYC,Phone,4,5
CMP_0002830,CUST_00794,2024-11-30,Fees,Digital,6,5
CMP_0002831,CUST_02846,2026-06-26,KYC,Digital,2,5
CMP_0002832,CUST_00898,2025-03-28,Fees,Branch,1,5
CMP_0002833,CUST_08119,2023-04-26,KYC,Digital,5,5
CMP_0002834,CUST_06385,2023-10-14,Fees,Phone,61,3
CMP_0002835,CUST_08793,2022-02-06,Fees,Digital,9,2
CMP_0002836,CUST_05772,2026-06-08,KYC,Phone,15,3
CMP_0002837,CUST_02920,2024-07-24,Service,Digital,13,2
CMP_0002838,CUST_01297,2025-03-30,Service,Branch,6,4
CMP_0002839,CUST_04044,2025-09-05,KYC,Digital,2,5
CMP_0002840,CUST_03497,2023-01-25,Service,Digital,2,3
CMP_0002841,CUST_08670,2024-02-26,Service,Branch,3,5
CMP_0002842,CUST_05488,2022-04-27,Service,Digital,5,2
CMP_0002843,CUST_07964,2023-05-30,Service,Phone,9,4
CMP_0002844,CUST_04526,2025-06-24,Fees,Branch,5,1
CMP_0002845,CUST_00882,2025-09-18,Fees,Phone,1,5
CMP_0002846,CUST_07495,2022-09-22,KYC,Digital,3,4
CMP_0002847,CUST_02733,2024-04-23,Fees,Phone,4,1
CMP_0002848,CUST_03941,2023-03-22,Service,Branch,4,5
CMP_0002849,CUST_09781,2025-02-23,Fees,Branch,7,4
CMP_0002850,CUST_08953,2025-06-12,Fees,Branch,13,4
CMP_0002851,CUST_06109,2026-05-16,KYC,Digital,8,5
CMP_0002852,CUST_04768,2026-06-19,Fees,Phone,6,2
CMP_0002853,CUST_04453,2022-11-23,KYC,Branch,9,4
CMP_0002854,CUST_09499,2024-02-25,KYC,Digital,3,3
CMP_0002855,CUST_02792,2023-07-16,Fees,Digital,8,2
CMP_0002856,CUST_09937,2024-09-28,KYC,Branch,6,4
CMP_0002857,CUST_02323,2026-06-03,Fees,Digital,6,4
CMP_0002858,CUST_00244,2022-10-08,Fees,Phone,2,2
CMP_0002859,CUST_08443,2026-01-30,Fees,Branch,8,4
CMP_0002860,CUST_05812,2025-07-04,Fees,Digital,4,2
CMP_0002861,CUST_00239,2024-09-15,Fees,Branch,8,3
CMP_0002862,CUST_03092,2025-04-09,Fees,Branch,8,3
CMP_0002863,CUST_03472,2022-10-05,Fees,Digital,6,3
CMP_0002864,CUST_02256,2025-06-24,Service,Phone,9,4
CMP_0002865,CUST_08093,2026-07-16,Fraud,Branch,1,3
CMP_0002866,CUST_08031,2022-05-05,Service,Branch,4,4
CMP_0002867,CUST_03028,2026-03-01,Service,Digital,2,1
CMP_0002868,CUST_05103,2023-11-27,Service,Branch,12,1
CMP_0002869,CUST_02965,2023-11-27,Service,Branch,5,2
CMP_0002870,CUST_09217,2026-04-29,Service,Branch,2,4
CMP_0002871,CUST_03947,2022-05-24,Fees,Phone,2,4
CMP_0002872,CUST_00695,2024-06-14,Service,Phone,5,4
CMP_0002873,CUST_09306,2026-08-05,Fees,Digital,4,5
CMP_0002874,CUST_10021,2022-06-14,Fees,Branch,2,4
CMP_0002875,CUST_06065,2022-07-01,Fees,Phone,5,4
CMP_0002876,CUST_07211,2025-03-23,Service,Branch,4,5
CMP_0002877,CUST_06016,2022-08-14,Service,Branch,13,3
CMP_0002878,CUST_04191,2022-11-28,Fees,Phone,5,5
CMP_0002879,CUST_06497,2025-09-07,KYC,Digital,1,4
CMP_0002880,CUST_04824,2023-11-22,KYC,Phone,3,4
CMP_0002881,CUST_06352,2026-03-01,Service,Phone,4,4
CMP_0002882,CUST_05455,2023-06-03,Fees,Branch,5,5
CMP_0002883,CUST_04130,2023-04-27,Fees,Digital,8,3
CMP_0002884,CUST_10020,2025-01-02,Service,Digital,5,4
CMP_0002885,CUST_03291,2026-05-05,Service,Phone,3,2
CMP_0002886,CUST_06821,2025-03-10,Fraud,Branch,4,4
CMP_0002887,CUST_04743,2022-01-31,Service,Phone,8,1
CMP_0002888,CUST_10000,2025-10-20,Fraud,Digital,1,3
CMP_0002889,CUST_03511,2024-04-20,Fees,Digital,4,5
CMP_0002890,CUST_02191,2022-11-27,Service,Branch,1,5
CMP_0002891,CUST_06318,2023-08-05,Service,Branch,4,3
CMP_0002892,CUST_09031,2025-09-27,KYC,Phone,4,4
CMP_0002893,CUST_08927,2025-12-08,KYC,Branch,3,3
CMP_0002894,CUST_04296,2022-12-10,KYC,Digital,14,4
CMP_0002895,CUST_04210,2026-06-11,Fees,Phone,8,1
CMP_0002896,CUST_01723,2022-01-12,Fees,Phone,9,1
CMP_0002897,CUST_01396,2022-02-10,Fraud,Branch,2,4
CMP_0002898,CUST_06057,2022-05-15,Service,Phone,1,5
CMP_0002899,CUST_04023,2024-09-30,Service,Phone,3,3
CMP_0002900,CUST_07489,2025-04-27,Service,Branch,3,5
CMP_0002901,CUST_00510,2025-05-13,Service,Digital,17,3
CMP_0002902,CUST_04408,2025-09-14,Fraud,Phone,15,3
CMP_0002903,CUST_02542,2022-03-09,KYC,Digital,4,4
CMP_0002904,CUST_04246,2026-07-27,Fraud,Branch,4,4
CMP_0002905,CUST_06098,2026-07-24,Service,Phone,50,4
CMP_0002906,CUST_06805,2022-03-14,KYC,Digital,16,4
CMP_0002907,CUST_03218,2024-04-01,Service,Phone,1,4
CMP_0002908,CUST_09032,2025-11-11,KYC,Digital,17,4
CMP_0002909,CUST_07115,2025-01-16,Fees,Branch,1,5
CMP_0002910,CUST_02267,2024-08-11,KYC,Digital,4,4
CMP_0002911,CUST_02712,2024-10-27,Service,Digital,5,3
CMP_0002912,CUST_08437,2025-02-23,Fees,Digital,6,5
CMP_0002913,CUST_04458,2022-12-25,Fees,Phone,10,4
CMP_0002914,CUST_04171,2025-06-02,Fees,Digital,7,5
CMP_0002915,CUST_07274,2024-08-29,Service,Branch,1,5
CMP_0002916,CUST_02731,2026-04-26,Fees,Phone,6,2
CMP_0002917,CUST_09879,2023-01-21,Service,Digital,7,2
CMP_0002918,CUST_08198,2026-06-20,Fees,Branch,57,5
CMP_0002919,CUST_04992,2025-09-18,KYC,Phone,1,4
CMP_0002920,CUST_04185,2022-12-24,Fees,Digital,8,4
CMP_0002921,CUST_08127,2024-05-13,Fees,Branch,5,5
CMP_0002922,CUST_07505,2025-09-21,Fees,Branch,5,1
CMP_0002923,CUST_00520,2024-12-15,Service,Phone,9,4
CMP_0002924,CUST_01223,2025-07-04,Service,Digital,1,2
CMP_0002925,CUST_09327,2024-05-01,Fees,Digital,6,4
CMP_0002926,CUST_01505,2023-07-10,Service,Digital,5,1
CMP_0002927,CUST_02228,2026-04-11,Fees,Branch,3,4
CMP_0002928,CUST_02758,2023-02-27,Fraud,Phone,10,3
CMP_0002929,CUST_09757,2026-05-27,KYC,Branch,8,2
CMP_0002930,CUST_01526,2025-03-30,Service,Phone,1,1
CMP_0002931,CUST_09321,2025-05-24,Service,Branch,4,3
CMP_0002932,CUST_01773,2022-09-17,Fees,Phone,4,3
CMP_0002933,CUST_02896,2024-04-27,Fees,Branch,22,5
CMP_0002934,CUST_06663,2023-12-29,Fees,Phone,10,5
CMP_0002935,CUST_07872,2022-01-05,Fraud,Phone,3,5
CMP_0002936,CUST_07259,2026-02-02,Service,Digital,3,4
CMP_0002937,CUST_05949,2022-04-03,Fees,Phone,1,4
CMP_0002938,CUST_09201,2024-05-22,Service,Phone,12,4
CMP_0002939,CUST_05025,2023-02-23,Fees,Branch,3,3
CMP_0002940,CUST_09192,2024-08-28,Fees,Digital,12,2
CMP_0002941,CUST_00736,2024-11-19,Service,Branch,41,3
CMP_0002942,CUST_05765,2025-02-17,Service,Digital,16,5
CMP_0002943,CUST_01828,2023-11-29,Service,Digital,5,3
CMP_0002944,CUST_06637,2026-02-27,Service,Digital,1,4
CMP_0002945,CUST_09006,2025-11-06,Service,Branch,4,4
CMP_0002946,CUST_04079,2022-04-30,Service,Phone,19,5
CMP_0002947,CUST_09022,2024-03-27,Service,Branch,4,4
CMP_0002948,CUST_01222,2023-02-25,KYC,Phone,15,3
CMP_0002949,CUST_03188,2024-08-25,Fees,Digital,5,3
CMP_0002950,CUST_05365,2023-11-14,Fees,Digital,4,4
CMP_0002951,CUST_05259,2024-11-12,Service,Digital,4,3
CMP_0002952,CUST_02913,2025-10-20,Fees,Branch,3,1
CMP_0002953,CUST_00497,2025-08-28,Fees,Branch,9,4
CMP_0002954,CUST_07598,2023-04-22,Fees,Branch,31,3
CMP_0002955,CUST_07817,2025-01-22,KYC,Phone,7,4
CMP_0002956,CUST_03145,2023-12-04,Fraud,Branch,7,4
CMP_0002957,CUST_08627,2022-04-21,Fees,Branch,1,5
CMP_0002958,CUST_01643,2023-11-08,Fees,Branch,6,4
CMP_0002959,CUST_02503,2022-05-21,Service,Phone,2,2
CMP_0002960,CUST_02908,2024-04-09,Service,Branch,4,4
CMP_0002961,CUST_08962,2024-06-03,Fees,Digital,3,4
CMP_0002962,CUST_04100,2026-05-30,KYC,Phone,5,5
CMP_0002963,CUST_02003,2022-03-02,Service,Branch,10,1
CMP_0002964,CUST_04722,2023-07-14,Service,Digital,7,3
CMP_0002965,CUST_07745,2023-06-24,Fees,Branch,19,5
CMP_0002966,CUST_00749,2022-09-07,Service,Branch,6,4
CMP_0002967,CUST_08380,2026-03-12,Fees,Digital,8,2
CMP_0002968,CUST_06316,2025-11-30,KYC,Branch,4,3
CMP_0002969,CUST_00829,2024-07-10,KYC,Phone,4,4
CMP_0002970,CUST_03034,2025-07-29,Fees,Phone,2,5
CMP_0002971,CUST_02848,2026-04-11,KYC,Digital,4,3
CMP_0002972,CUST_00665,2022-02-18,Service,Digital,10,5
CMP_0002973,CUST_07098,2026-08-01,KYC,Branch,12,5
CMP_0002974,CUST_02924,2024-07-29,Fees,Phone,1,5
CMP_0002975,CUST_03503,2025-12-16,KYC,Branch,2,5
CMP_0002976,CUST_03550,2022-07-07,KYC,Digital,1,3
CMP_0002977,CUST_00841,2026-06-06,Fraud,Branch,8,4
CMP_0002978,CUST_03718,2024-04-10,Service,Phone,7,4
CMP_0002979,CUST_02015,2022-12-26,Fees,Digital,7,3
CMP_0002980,CUST_02393,2025-08-26,KYC,Phone,5,5
CMP_0002981,CUST_00689,2025-08-27,KYC,Branch,7,5
CMP_0002982,CUST_09950,2023-06-07,Fraud,Digital,3,5
CMP_0002983,CUST_08666,2025-04-06,Service,Phone,1,4
CMP_0002984,CUST_03051,2023-01-27,Fees,Branch,59,3
CMP_0002985,CUST_06042,2023-09-15,Service,Digital,2,5
CMP_0002986,CUST_07658,2022-11-18,Fees,Phone,7,5
CMP_0002987,CUST_05343,2026-01-23,Fees,Digital,12,4
CMP_0002988,CUST_04656,2024-11-18,Service,Digital,8,5
CMP_0002989,CUST_07131,2025-10-17,Fees,Phone,2,4
CMP_0002990,CUST_04851,2025-05-28,Service,Digital,2,4
CMP_0002991,CUST_07870,2026-07-10,KYC,Branch,11,3
CMP_0002992,CUST_03300,2025-01-07,Fees,Branch,60,4
CMP_0002993,CUST_08246,2024-07-22,KYC,Digital,9,4
CMP_0002994,CUST_07784,2024-12-22,Service,Phone,7,3
CMP_0002995,CUST_09359,2025-01-08,Service,Branch,2,5
CMP_0002996,CUST_00082,2026-03-24,Service,Branch,10,4
CMP_0002997,CUST_01666,2024-07-10,Service,Branch,6,5
CMP_0002998,CUST_03206,2026-02-16,Service,Digital,9,1
CMP_0002999,CUST_10026,2026-07-08,KYC,Phone,9,5
CMP_0003000,CUST_04219,2025-08-07,KYC,Phone,2,5
CMP_0003001,CUST_04116,2022-09-26,KYC,Phone,2,5
CMP_0003002,CUST_02504,2022-03-02,Fees,Branch,9,3
CMP_0003003,CUST_02698,2022-10-23,Service,Digital,10,4
CMP_0003004,CUST_09863,2024-04-19,Service,Digital,4,4
CMP_0003005,CUST_03995,2023-09-10,KYC,Digital,8,3
CMP_0003006,CUST_06345,2022-03-24,KYC,Branch,3,4
CMP_0003007,CUST_08791,2025-04-17,Fees,Phone,1,2
CMP_0003008,CUST_07052,2025-09-14,Service,Digital,7,1
CMP_0003009,CUST_00880,2022-03-01,Fees,Branch,6,4
CMP_0003010,CUST_01332,2025-02-08,KYC,Phone,10,5
CMP_0003011,CUST_02062,2025-01-16,Fees,Phone,1,4
CMP_0003012,CUST_09441,2022-11-22,Fees,Branch,6,4
CMP_0003013,CUST_03436,2025-08-09,Service,Branch,3,5
CMP_0003014,CUST_02422,2022-07-08,Fees,Digital,5,4
CMP_0003015,CUST_01135,2024-05-31,Fraud,Digital,10,2
CMP_0003016,CUST_04086,2024-01-08,Fraud,Branch,12,4
CMP_0003017,CUST_00236,2025-01-06,Fees,Branch,2,5
CMP_0003018,CUST_05489,2024-03-22,Service,Branch,2,5
CMP_0003019,CUST_04303,2024-10-06,Fees,Digital,47,2
CMP_0003020,CUST_06249,2024-07-30,Service,Digital,10,2
CMP_0003021,CUST_04172,2025-03-10,Fees,Digital,73,5
CMP_0003022,CUST_07698,2023-04-13,KYC,Phone,5,3
CMP_0003023,CUST_04893,2024-05-13,Service,Digital,4,3
CMP_0003024,CUST_09540,2026-06-13,Service,Branch,4,3
CMP_0003025,CUST_01585,2023-02-12,Service,Branch,5,4
CMP_0003026,CUST_08624,2024-02-08,Service,Phone,2,1
CMP_0003027,CUST_08834,2025-11-05,KYC,Phone,3,5
CMP_0003028,CUST_00981,2023-08-03,Service,Digital,11,5
CMP_0003029,CUST_07993,2022-11-16,Service,Phone,6,3
CMP_0003030,CUST_04002,2024-08-10,Fees,Phone,5,4
CMP_0003031,CUST_09501,2022-01-31,Fees,Branch,6,4
CMP_0003032,CUST_03629,2024-10-06,Service,Digital,2,4
CMP_0003033,CUST_04981,2023-02-10,Service,Phone,4,5
CMP_0003034,CUST_08169,2023-11-28,Fees,Phone,5,3
CMP_0003035,CUST_07438,2026-05-04,Fees,Phone,10,5
CMP_0003036,CUST_00456,2023-10-19,Fees,Digital,18,3
CMP_0003037,CUST_04195,2024-06-25,Service,Branch,25,3
CMP_0003038,CUST_02861,2023-04-28,Fees,Phone,3,5
CMP_0003039,CUST_09414,2022-02-03,Service,Digital,4,4
CMP_0003040,CUST_10059,2025-02-20,Service,Digital,5,4
CMP_0003041,CUST_00808,2023-06-26,Fees,Phone,20,5
CMP_0003042,CUST_09150,2024-10-11,Service,Branch,1,5
CMP_0003043,CUST_00231,2026-01-09,Service,Branch,4,4
CMP_0003044,CUST_06786,2023-03-30,KYC,Branch,5,4
CMP_0003045,CUST_07529,2022-06-29,Service,Digital,7,4
CMP_0003046,CUST_09670,2024-04-04,Service,Phone,7,5
CMP_0003047,CUST_02186,2024-04-28,Fees,Phone,2,4
CMP_0003048,CUST_01410,2024-08-27,Service,Branch,8,2
CMP_0003049,CUST_02634,2024-05-12,Fees,Digital,5,4
CMP_0003050,CUST_07221,2023-03-28,Fraud,Branch,6,3
CMP_0003051,CUST_02576,2025-03-04,Fees,Branch,10,3
CMP_0003052,CUST_07861,2023-05-19,Fees,Branch,4,3
CMP_0003053,CUST_00483,2023-04-07,Fees,Digital,1,5
CMP_0003054,CUST_04595,2024-06-24,Service,Digital,16,3
CMP_0003055,CUST_08079,2023-05-08,Fees,Branch,9,4
CMP_0003056,CUST_05758,2026-01-27,KYC,Digital,7,5
CMP_0003057,CUST_06874,2024-11-29,Service,Phone,15,5
CMP_0003058,CUST_09216,2023-11-24,KYC,Phone,11,4
CMP_0003059,CUST_02575,2023-04-11,Fraud,Branch,8,5
CMP_0003060,CUST_03526,2023-07-11,Fees,Branch,5,5
CMP_0003061,CUST_05835,2024-02-18,Fees,Branch,10,2
CMP_0003062,CUST_02198,2024-02-19,Fees,Digital,11,2
CMP_0003063,CUST_10080,2025-02-25,Fees,Digital,3,5
CMP_0003064,CUST_05545,2024-08-11,Fraud,Phone,7,4
CMP_0003065,CUST_08372,2023-10-15,Service,Phone,9,1
CMP_0003066,CUST_06848,2026-05-07,Service,Phone,4,2
CMP_0003067,CUST_08396,2022-05-06,Fees,Branch,5,3
CMP_0003068,CUST_04108,2025-04-09,Service,Digital,12,4
CMP_0003069,CUST_02695,2024-09-23,KYC,Branch,8,5
CMP_0003070,CUST_02279,2024-11-04,Service,Digital,1,3
CMP_0003071,CUST_00778,2022-01-30,Service,Phone,16,5
CMP_0003072,CUST_03581,2022-11-25,Service,Digital,5,2
CMP_0003073,CUST_08757,2024-04-06,Fraud,Branch,4,5
CMP_0003074,CUST_06113,2024-06-19,Fees,Branch,3,5
CMP_0003075,CUST_10175,2026-04-27,Fees,Phone,4,4
CMP_0003076,CUST_07121,2025-06-01,Service,Digital,3,3
CMP_0003077,CUST_04823,2022-08-21,Fees,Digital,39,2
CMP_0003078,CUST_02810,2022-03-12,Service,Digital,2,5
CMP_0003079,CUST_04989,2024-01-18,Service,Phone,2,4
CMP_0003080,CUST_09264,2022-10-31,Fees,Phone,1,4
CMP_0003081,CUST_00443,2023-09-11,Service,Digital,10,3
CMP_0003082,CUST_06686,2022-06-18,Fees,Branch,6,4
CMP_0003083,CUST_09661,2023-02-15,KYC,Phone,4,4
CMP_0003084,CUST_02073,2022-06-25,KYC,Phone,4,3
CMP_0003085,CUST_08583,2022-07-30,Fees,Phone,10,5
CMP_0003086,CUST_01053,2026-01-19,Fees,Digital,4,4
CMP_0003087,CUST_03478,2024-04-02,KYC,Branch,10,5
CMP_0003088,CUST_04778,2026-08-02,Fraud,Phone,5,3
CMP_0003089,CUST_05217,2025-02-07,Service,Phone,7,3
CMP_0003090,CUST_02250,2024-04-11,Fees,Phone,1,5
CMP_0003091,CUST_06499,2024-06-20,KYC,Digital,9,4
CMP_0003092,CUST_00431,2026-03-17,Service,Digital,6,1
CMP_0003093,CUST_06720,2023-01-21,Fees,Digital,15,3
CMP_0003094,CUST_07725,2023-05-24,Fees,Phone,11,5
CMP_0003095,CUST_03049,2023-07-13,Fees,Digital,5,4
CMP_0003096,CUST_04395,2024-09-21,Fees,Digital,9,3
CMP_0003097,CUST_09519,2023-12-26,KYC,Phone,6,4
CMP_0003098,CUST_10194,2023-10-13,Service,Phone,11,5
CMP_0003099,CUST_01358,2025-10-19,Service,Phone,6,4
CMP_0003100,CUST_03245,2025-05-13,Service,Phone,5,4
CMP_0003101,CUST_05005,2025-12-15,Service,Branch,11,4
CMP_0003102,CUST_09488,2024-03-03,Service,Branch,7,3
CMP_0003103,CUST_07177,2022-06-27,KYC,Digital,5,4
CMP_0003104,CUST_08476,2022-01-26,Fees,Digital,8,1
CMP_0003105,CUST_01453,2023-11-05,Fees,Phone,9,5
CMP_0003106,CUST_08369,2026-02-21,Service,Digital,1,3
CMP_0003107,CUST_06357,2025-08-22,Fraud,Phone,7,3
CMP_0003108,CUST_08305,2023-10-29,Fees,Digital,15,4
CMP_0003109,CUST_09494,2025-08-25,KYC,Phone,10,4
CMP_0003110,CUST_09877,2024-08-07,Service,Digital,11,4
CMP_0003111,CUST_02044,2026-06-27,Service,Digital,7,5
CMP_0003112,CUST_01485,2023-07-31,Service,Digital,8,4
CMP_0003113,CUST_07708,2023-01-14,Fraud,Digital,1,5
CMP_0003114,CUST_08279,2024-01-26,KYC,Branch,7,4
CMP_0003115,CUST_09454,2025-09-20,Service,Phone,15,1
CMP_0003116,CUST_03821,2023-07-07,KYC,Phone,20,3
CMP_0003117,CUST_10152,2025-09-28,Service,Branch,8,5
CMP_0003118,CUST_04273,2022-03-22,Fees,Branch,8,5
CMP_0003119,CUST_09634,2022-12-21,Service,Phone,8,3
CMP_0003120,CUST_02565,2024-12-04,Fees,Digital,3,5
CMP_0003121,CUST_06103,2026-05-13,Fees,Branch,6,4
CMP_0003122,CUST_01269,2023-12-21,Fees,Phone,5,4
CMP_0003123,CUST_08984,2026-01-07,Fees,Branch,9,5
CMP_0003124,CUST_05974,2023-04-30,KYC,Phone,8,2
CMP_0003125,CUST_00519,2022-09-19,KYC,Phone,6,4
CMP_0003126,CUST_01954,2025-08-04,Service,Phone,7,5
CMP_0003127,CUST_08917,2022-01-17,Fraud,Digital,10,4
CMP_0003128,CUST_00009,2024-10-03,Service,Phone,9,5
CMP_0003129,CUST_09373,2022-07-11,Service,Phone,2,5
CMP_0003130,CUST_00264,2024-10-10,Service,Branch,20,5
CMP_0003131,CUST_05657,2026-05-14,Service,Phone,6,5
CMP_0003132,CUST_08767,2026-06-15,Fees,Digital,8,4
CMP_0003133,CUST_08237,2022-07-05,Fees,Branch,4,2
CMP_0003134,CUST_05216,2023-05-28,Service,Phone,3,5
CMP_0003135,CUST_07522,2025-02-19,Fees,Digital,1,4
CMP_0003136,CUST_06777,2023-02-08,Fees,Phone,2,4
CMP_0003137,CUST_06491,2023-05-28,Service,Phone,1,4
CMP_0003138,CUST_07596,2022-06-12,Service,Digital,7,2
CMP_0003139,CUST_06510,2025-04-25,Service,Branch,3,3
CMP_0003140,CUST_08311,2023-06-24,Service,Branch,1,5
CMP_0003141,CUST_09379,2026-03-19,Service,Branch,3,4
CMP_0003142,CUST_08661,2022-04-30,Service,Digital,9,5
CMP_0003143,CUST_08205,2024-04-21,Service,Digital,4,1
CMP_0003144,CUST_03267,2025-03-29,Fraud,Digital,2,4
CMP_0003145,CUST_08365,2024-06-16,Fees,Digital,4,3
CMP_0003146,CUST_00273,2022-11-04,Fraud,Phone,5,4
CMP_0003147,CUST_08555,2022-12-15,Fees,Digital,4,5
CMP_0003148,CUST_06815,2022-05-12,Service,Digital,2,3
CMP_0003149,CUST_00049,2025-12-28,Service,Branch,3,3
CMP_0003150,CUST_05823,2024-04-18,Fees,Digital,10,4
CMP_0003151,CUST_04589,2025-07-04,Service,Branch,4,5
CMP_0003152,CUST_09422,2025-02-16,Fraud,Phone,6,5
CMP_0003153,CUST_06467,2026-05-23,Fees,Digital,5,4
CMP_0003154,CUST_05857,2023-10-26,Service,Branch,1,5
CMP_0003155,CUST_01671,2024-07-04,Fees,Branch,6,3
CMP_0003156,CUST_07667,2025-07-23,Fees,Phone,4,3
CMP_0003157,CUST_06519,2024-03-22,Service,Digital,4,3
CMP_0003158,CUST_01295,2025-06-07,Service,Phone,2,5
CMP_0003159,CUST_06584,2023-12-18,Service,Branch,10,4
CMP_0003160,CUST_07537,2023-05-21,Fraud,Branch,2,3
CMP_0003161,CUST_09266,2023-06-10,Fees,Branch,33,1
CMP_0003162,CUST_00916,2026-05-17,Service,Digital,1,4
CMP_0003163,CUST_04598,2022-12-16,Fraud,Phone,3,5
CMP_0003164,CUST_01056,2025-08-12,Fees,Branch,1,2
CMP_0003165,CUST_09819,2022-12-16,Fees,Branch,3,4
CMP_0003166,CUST_09745,2022-03-07,KYC,Phone,1,5
CMP_0003167,CUST_05684,2024-05-28,Service,Digital,7,3
CMP_0003168,CUST_05189,2025-11-10,KYC,Branch,14,2
CMP_0003169,CUST_00748,2026-02-15,Fees,Phone,2,5
CMP_0003170,CUST_02210,2023-08-08,Service,Branch,4,4
CMP_0003171,CUST_03037,2023-01-16,KYC,Digital,8,4
CMP_0003172,CUST_08753,2025-02-19,Service,Branch,5,3
CMP_0003173,CUST_01439,2025-11-05,Service,Phone,3,4
CMP_0003174,CUST_04711,2022-10-17,Fees,Phone,1,4
CMP_0003175,CUST_08194,2022-12-01,Service,Digital,3,4
CMP_0003176,CUST_06844,2022-10-05,Fraud,Phone,3,3
CMP_0003177,CUST_03336,2023-07-01,Service,Branch,7,3
CMP_0003178,CUST_03507,2024-06-27,Fees,Digital,5,3
CMP_0003179,CUST_02058,2025-07-30,Fees,Phone,3,4
CMP_0003180,CUST_04944,2022-05-30,KYC,Digital,3,4
CMP_0003181,CUST_10074,2022-04-11,Service,Phone,3,5
CMP_0003182,CUST_01071,2026-01-29,Fees,Digital,5,4
CMP_0003183,CUST_07643,2023-09-20,Service,Phone,1,2
CMP_0003184,CUST_00788,2026-06-21,KYC,Phone,11,2
CMP_0003185,CUST_01275,2024-05-08,Service,Phone,6,5
CMP_0003186,CUST_02638,2025-06-12,Fees,Phone,22,5
CMP_0003187,CUST_07553,2025-06-21,Service,Branch,3,1
CMP_0003188,CUST_02263,2025-08-18,KYC,Branch,2,4
CMP_0003189,CUST_02095,2026-06-17,Service,Branch,58,4
CMP_0003190,CUST_06286,2026-07-14,Fees,Digital,2,1
CMP_0003191,CUST_09585,2024-05-08,Service,Branch,7,3
CMP_0003192,CUST_00590,2022-03-13,Fees,Phone,5,5
CMP_0003193,CUST_10013,2025-03-28,Fees,Digital,10,4
CMP_0003194,CUST_01481,2025-09-01,Fees,Phone,22,2
CMP_0003195,CUST_05543,2022-08-30,Service,Digital,1,5
CMP_0003196,CUST_06015,2023-08-29,Fees,Branch,7,4
CMP_0003197,CUST_01256,2022-09-07,Service,Phone,10,3
CMP_0003198,CUST_00989,2026-04-02,Service,Branch,23,5
CMP_0003199,CUST_04348,2025-07-02,Fees,Branch,10,2
CMP_0003200,CUST_09159,2024-07-29,Fees,Phone,3,5
CMP_0003201,CUST_06900,2022-12-29,Fees,Branch,4,4
CMP_0003202,CUST_07579,2022-01-03,KYC,Digital,3,4
CMP_0003203,CUST_00115,2024-11-14,Fees,Digital,5,5
CMP_0003204,CUST_07110,2024-09-24,Service,Digital,3,4
CMP_0003205,CUST_02802,2025-10-03,Service,Digital,7,5
CMP_0003206,CUST_07193,2026-01-30,Fees,Branch,6,4
CMP_0003207,CUST_00058,2022-01-28,Service,Branch,10,4
CMP_0003208,CUST_03129,2024-07-05,Service,Branch,7,1
CMP_0003209,CUST_03430,2023-08-24,Fraud,Digital,6,4
CMP_0003210,CUST_09345,2025-05-14,KYC,Digital,17,4
CMP_0003211,CUST_05311,2024-10-19,Service,Phone,9,5
CMP_0003212,CUST_05202,2024-12-10,KYC,Phone,18,5
CMP_0003213,CUST_01067,2026-06-15,Fees,Digital,2,4
CMP_0003214,CUST_07998,2024-08-27,Fees,Branch,4,2
CMP_0003215,CUST_07083,2023-09-06,Service,Phone,9,5
CMP_0003216,CUST_06619,2024-04-14,Service,Phone,6,3
CMP_0003217,CUST_08568,2024-06-11,Fees,Branch,7,4
CMP_0003218,CUST_09000,2022-05-08,Fraud,Branch,8,5
CMP_0003219,CUST_02864,2022-03-29,Service,Phone,8,3
CMP_0003220,CUST_01823,2024-09-04,Fees,Branch,3,2
CMP_0003221,CUST_05244,2023-10-14,Fees,Digital,4,3
CMP_0003222,CUST_05683,2023-01-03,Fees,Phone,26,2
CMP_0003223,CUST_04933,2024-08-01,Service,Phone,11,4
CMP_0003224,CUST_07629,2025-09-19,Fees,Branch,12,5
CMP_0003225,CUST_01603,2022-04-05,Fees,Phone,3,5
CMP_0003226,CUST_03232,2023-04-27,Service,Digital,1,5
CMP_0003227,CUST_05150,2025-06-10,Fees,Digital,8,1
CMP_0003228,CUST_02041,2023-10-28,KYC,Digital,7,5
CMP_0003229,CUST_06483,2026-07-16,Service,Branch,2,1
CMP_0003230,CUST_00472,2022-10-12,Service,Phone,2,3
CMP_0003231,CUST_09488,2024-07-06,Fees,Phone,5,4
CMP_0003232,CUST_06953,2024-01-08,Fees,Phone,4,3
CMP_0003233,CUST_10194,2023-06-18,Service,Phone,8,3
CMP_0003234,CUST_04349,2022-09-19,Fees,Branch,5,4
CMP_0003235,CUST_01389,2023-02-19,Fraud,Digital,32,2
CMP_0003236,CUST_03789,2023-06-28,Service,Branch,17,2
CMP_0003237,CUST_00071,2022-10-12,Fees,Branch,1,5
CMP_0003238,CUST_00974,2022-03-01,Fees,Phone,4,5
CMP_0003239,CUST_05232,2024-05-15,KYC,Phone,7,5
CMP_0003240,CUST_02059,2026-05-01,KYC,Branch,7,3
CMP_0003241,CUST_02547,2025-09-09,Fees,Phone,8,4
CMP_0003242,CUST_00964,2024-09-02,KYC,Phone,2,5
CMP_0003243,CUST_03107,2023-12-19,Fees,Phone,14,5
CMP_0003244,CUST_07837,2023-10-03,Fees,Branch,2,4
CMP_0003245,CUST_07827,2026-06-21,Service,Branch,5,5
CMP_0003246,CUST_08062,2023-03-17,KYC,Digital,1,4
CMP_0003247,CUST_01048,2025-01-02,Fees,Phone,1,4
CMP_0003248,CUST_03357,2025-05-26,Service,Digital,4,3
CMP_0003249,CUST_10074,2025-05-18,Service,Phone,7,2
CMP_0003250,CUST_03663,2025-04-24,Service,Digital,13,4
CMP_0003251,CUST_07371,2024-12-23,KYC,Phone,6,5
CMP_0003252,CUST_04213,2026-03-21,KYC,Digital,5,5
CMP_0003253,CUST_00829,2024-06-01,Fees,Digital,7,1
CMP_0003254,CUST_02594,2024-10-06,Fees,Digital,4,4
CMP_0003255,CUST_03867,2023-08-01,Service,Branch,3,4
CMP_0003256,CUST_04578,2023-05-02,Service,Phone,3,2
CMP_0003257,CUST_04451,2025-10-28,KYC,Digital,2,4
CMP_0003258,CUST_09462,2026-02-14,Service,Digital,5,4
CMP_0003259,CUST_07518,2026-04-12,Fees,Branch,12,4
CMP_0003260,CUST_01982,2022-07-16,Service,Branch,4,4
CMP_0003261,CUST_00415,2023-08-01,Service,Digital,8,3
CMP_0003262,CUST_05348,2022-06-01,Service,Digital,2,4
CMP_0003263,CUST_09362,2023-11-08,Fees,Digital,8,5
CMP_0003264,CUST_04237,2024-11-30,Service,Phone,29,3
CMP_0003265,CUST_07268,2022-01-02,Service,Digital,6,3
CMP_0003266,CUST_08875,2026-05-12,Service,Digital,12,5
CMP_0003267,CUST_01167,2022-08-23,KYC,Digital,19,5
CMP_0003268,CUST_03142,2022-08-03,Fees,Digital,15,4
CMP_0003269,CUST_02488,2025-09-21,Service,Phone,4,4
CMP_0003270,CUST_00955,2024-06-18,Service,Branch,3,2
CMP_0003271,CUST_05066,2026-02-27,Service,Branch,1,4
CMP_0003272,CUST_01262,2026-06-19,Service,Branch,10,4
CMP_0003273,CUST_06221,2026-07-01,Fees,Digital,3,4
CMP_0003274,CUST_06051,2022-06-06,KYC,Phone,9,3
CMP_0003275,CUST_10085,2025-08-13,Fraud,Phone,10,5
CMP_0003276,CUST_01985,2023-05-25,Fees,Phone,2,5
CMP_0003277,CUST_01616,2024-07-11,KYC,Branch,5,4
CMP_0003278,CUST_01129,2023-11-15,Service,Digital,1,5
CMP_0003279,CUST_00387,2026-08-03,Service,Phone,6,5
CMP_0003280,CUST_03734,2024-03-01,Service,Digital,6,5
CMP_0003281,CUST_02685,2022-07-23,Fees,Digital,16,4
CMP_0003282,CUST_05190,2024-10-04,Fraud,Digital,15,5
CMP_0003283,CUST_08288,2026-06-13,Service,Phone,10,4
CMP_0003284,CUST_08918,2025-05-07,Service,Phone,7,4
CMP_0003285,CUST_07336,2022-10-29,KYC,Digital,6,3
CMP_0003286,CUST_03551,2024-11-15,Fees,Digital,8,4
CMP_0003287,CUST_07249,2023-05-21,Fees,Phone,9,3
CMP_0003288,CUST_07286,2023-09-05,Fees,Branch,2,5
CMP_0003289,CUST_00259,2024-05-23,Service,Branch,16,5
CMP_0003290,CUST_06199,2025-01-17,KYC,Branch,14,2
CMP_0003291,CUST_04681,2024-10-04,Fees,Branch,9,4
CMP_0003292,CUST_04120,2022-11-13,Fees,Branch,8,3
CMP_0003293,CUST_07113,2025-05-17,KYC,Digital,8,5
CMP_0003294,CUST_09646,2022-02-16,Fees,Branch,5,5
CMP_0003295,CUST_00429,2024-10-30,KYC,Branch,4,4
CMP_0003296,CUST_04098,2023-10-07,KYC,Branch,69,5
CMP_0003297,CUST_00799,2026-04-01,Fraud,Digital,7,2
CMP_0003298,CUST_03835,2022-05-20,Fees,Branch,1,4
CMP_0003299,CUST_08711,2024-02-11,Fees,Phone,4,4
CMP_0003300,CUST_07579,2025-09-25,Fees,Digital,9,3
CMP_0003301,CUST_04673,2025-12-15,KYC,Digital,2,3
CMP_0003302,CUST_00471,2026-04-22,Fees,Phone,4,5
CMP_0003303,CUST_02679,2025-09-06,KYC,Digital,1,4
CMP_0003304,CUST_00259,2022-12-23,Service,Digital,2,4
CMP_0003305,CUST_04264,2023-12-04,Fees,Branch,5,3
CMP_0003306,CUST_04197,2026-05-05,Service,Phone,3,1
CMP_0003307,CUST_02518,2024-04-28,Fees,Branch,7,4
CMP_0003308,CUST_08245,2026-08-07,Service,Phone,4,4
CMP_0003309,CUST_07079,2025-07-11,Fraud,Phone,4,5
CMP_0003310,CUST_01724,2022-02-19,KYC,Digital,4,5
CMP_0003311,CUST_00077,2024-08-07,Service,Branch,4,3
CMP_0003312,CUST_05791,2025-08-25,Service,Digital,5,5
CMP_0003313,CUST_08705,2022-02-20,Service,Phone,9,5
CMP_0003314,CUST_01609,2022-09-23,Service,Digital,8,3
CMP_0003315,CUST_06426,2025-08-04,Service,Digital,4,4
CMP_0003316,CUST_04784,2022-10-30,KYC,Phone,5,5
CMP_0003317,CUST_04366,2023-02-09,KYC,Branch,10,4
CMP_0003318,CUST_02480,2026-07-04,Service,Digital,5,3
CMP_0003319,CUST_07778,2022-02-27,Fees,Phone,14,5
CMP_0003320,CUST_07036,2023-02-01,Service,Branch,4,5
CMP_0003321,CUST_05135,2025-02-13,Service,Phone,6,3
CMP_0003322,CUST_06341,2023-10-02,Service,Phone,5,3
CMP_0003323,CUST_05542,2023-11-18,Fees,Branch,8,5
CMP_0003324,CUST_09365,2023-07-08,KYC,Phone,11,5
CMP_0003325,CUST_00629,2022-05-20,Service,Phone,7,4
CMP_0003326,CUST_05734,2025-11-09,Fees,Branch,42,4
CMP_0003327,CUST_09111,2023-06-11,Service,Digital,5,5
CMP_0003328,CUST_07027,2025-01-07,Fees,Phone,6,4
CMP_0003329,CUST_08850,2022-04-29,Service,Digital,3,4
CMP_0003330,CUST_02225,2023-11-09,Fees,Phone,14,4
CMP_0003331,CUST_05047,2022-03-10,Service,Phone,9,3
CMP_0003332,CUST_01920,2026-01-31,Fraud,Digital,6,3
CMP_0003333,CUST_06662,2022-05-15,Fraud,Digital,7,3
CMP_0003334,CUST_10031,2025-07-08,Service,Branch,7,4
CMP_0003335,CUST_05155,2025-01-12,Service,Phone,10,4
CMP_0003336,CUST_03490,2025-06-13,Fees,Digital,4,4
CMP_0003337,CUST_02099,2022-09-26,KYC,Branch,5,5
CMP_0003338,CUST_03605,2024-02-16,Service,Digital,3,4
CMP_0003339,CUST_01711,2026-02-10,Service,Branch,3,3
CMP_0003340,CUST_09897,2024-01-29,Fees,Branch,2,4
CMP_0003341,CUST_03120,2024-02-06,KYC,Digital,1,4
CMP_0003342,CUST_09562,2023-03-07,Fees,Digital,7,2
CMP_0003343,CUST_10040,2025-12-14,Service,Phone,1,5
CMP_0003344,CUST_06728,2025-07-10,Service,Branch,1,4
CMP_0003345,CUST_01541,2026-03-08,Fees,Phone,4,5
CMP_0003346,CUST_06565,2022-12-06,Service,Phone,5,3
CMP_0003347,CUST_02799,2022-03-10,KYC,Branch,7,4
CMP_0003348,CUST_01644,2023-02-22,Service,Phone,12,4
CMP_0003349,CUST_00994,2025-03-02,Service,Phone,1,4
CMP_0003350,CUST_07808,2022-12-19,KYC,Branch,4,5
CMP_0003351,CUST_03929,2023-01-31,Fees,Phone,14,2
CMP_0003352,CUST_07807,2024-04-30,KYC,Digital,9,2
CMP_0003353,CUST_04036,2024-10-01,Service,Phone,4,3
CMP_0003354,CUST_00377,2024-11-09,Service,Phone,4,4
CMP_0003355,CUST_04301,2025-08-18,Service,Branch,9,3
CMP_0003356,CUST_08931,2023-08-30,Service,Digital,8,4
CMP_0003357,CUST_02251,2025-03-14,Fees,Digital,3,5
CMP_0003358,CUST_03492,2023-05-15,Service,Digital,3,5
CMP_0003359,CUST_03954,2025-04-05,Service,Phone,7,4
CMP_0003360,CUST_08919,2022-10-30,Service,Branch,9,5
CMP_0003361,CUST_00596,2024-01-22,Fees,Phone,3,2
CMP_0003362,CUST_03772,2025-01-24,Service,Branch,4,3
CMP_0003363,CUST_08365,2023-08-09,KYC,Branch,7,4
CMP_0003364,CUST_04035,2026-04-13,Service,Branch,3,4
CMP_0003365,CUST_08629,2023-02-01,Service,Phone,1,2
CMP_0003366,CUST_08374,2025-11-12,KYC,Branch,7,1
CMP_0003367,CUST_06459,2022-05-16,Fraud,Phone,12,3
CMP_0003368,CUST_02295,2022-02-19,Service,Digital,9,4
CMP_0003369,CUST_09051,2022-07-23,KYC,Phone,4,4
CMP_0003370,CUST_03535,2024-05-28,Service,Digital,3,2
CMP_0003371,CUST_01464,2025-03-20,KYC,Phone,3,4
CMP_0003372,CUST_04103,2024-06-22,Service,Branch,2,4
CMP_0003373,CUST_05662,2022-08-08,Fees,Branch,7,3
CMP_0003374,CUST_08250,2022-07-13,Fees,Digital,9,4
CMP_0003375,CUST_01002,2023-07-07,Service,Phone,13,3
CMP_0003376,CUST_00431,2022-09-26,KYC,Phone,8,3
CMP_0003377,CUST_02576,2026-04-25,Service,Digital,4,4
CMP_0003378,CUST_06321,2023-07-10,Service,Phone,4,3
CMP_0003379,CUST_03811,2025-02-24,Fees,Phone,6,1
CMP_0003380,CUST_04164,2026-03-10,Service,Digital,7,3
CMP_0003381,CUST_06062,2024-02-20,Service,Digital,4,2
CMP_0003382,CUST_02409,2026-05-30,Service,Branch,1,5
CMP_0003383,CUST_03498,2026-05-08,Fraud,Phone,1,4
CMP_0003384,CUST_05231,2022-05-12,Service,Digital,1,5
CMP_0003385,CUST_06221,2024-08-21,KYC,Branch,14,2
CMP_0003386,CUST_08885,2025-08-29,Fraud,Branch,1,3
CMP_0003387,CUST_08443,2024-10-21,Service,Digital,9,3
CMP_0003388,CUST_08476,2024-05-15,Fees,Branch,10,3
CMP_0003389,CUST_00264,2024-01-18,Fees,Digital,23,2
CMP_0003390,CUST_02308,2025-11-01,Service,Digital,5,3
CMP_0003391,CUST_05794,2026-05-17,Service,Digital,6,5
CMP_0003392,CUST_01770,2023-05-05,Fraud,Phone,4,5
CMP_0003393,CUST_01161,2022-02-18,Fees,Phone,4,4
CMP_0003394,CUST_08730,2026-03-20,Service,Branch,3,5
CMP_0003395,CUST_08879,2024-01-27,Fees,Phone,2,5
CMP_0003396,CUST_03403,2025-04-19,Service,Branch,4,4
CMP_0003397,CUST_01166,2022-07-14,Service,Phone,7,5
CMP_0003398,CUST_00403,2023-03-15,Fees,Branch,7,3
CMP_0003399,CUST_02945,2026-01-19,Fraud,Branch,3,4
CMP_0003400,CUST_01086,2024-08-28,KYC,Digital,9,3
CMP_0003401,CUST_00255,2022-03-03,KYC,Phone,9,5
CMP_0003402,CUST_05205,2023-05-27,KYC,Phone,9,5
CMP_0003403,CUST_01830,2024-08-24,Fraud,Phone,7,5
CMP_0003404,CUST_05078,2026-03-10,Service,Digital,2,5
CMP_0003405,CUST_04059,2024-03-12,Service,Digital,3,5
CMP_0003406,CUST_03787,2024-05-10,Service,Digital,55,5
CMP_0003407,CUST_06375,2026-02-23,KYC,Digital,9,2
CMP_0003408,CUST_01232,2023-05-27,KYC,Phone,9,2
CMP_0003409,CUST_09310,2024-11-08,KYC,Branch,6,5
CMP_0003410,CUST_08464,2025-03-18,Fraud,Digital,18,4
CMP_0003411,CUST_05710,2023-02-13,Fees,Digital,6,5
CMP_0003412,CUST_04293,2025-05-08,Service,Branch,9,5
CMP_0003413,CUST_01565,2025-04-08,KYC,Digital,6,5
CMP_0003414,CUST_05059,2022-01-13,Fees,Branch,41,5
CMP_0003415,CUST_05884,2026-01-24,Service,Digital,3,3
CMP_0003416,CUST_01375,2025-09-27,Service,Branch,6,4
CMP_0003417,CUST_05060,2026-03-21,Service,Digital,6,4
CMP_0003418,CUST_02868,2023-12-09,KYC,Branch,4,3
CMP_0003419,CUST_05586,2025-07-05,Fraud,Branch,1,5
CMP_0003420,CUST_01134,2024-02-25,Service,Branch,1,3
CMP_0003421,CUST_06665,2024-05-15,Service,Phone,6,4
CMP_0003422,CUST_08370,2022-10-31,Service,Branch,9,4
CMP_0003423,CUST_09708,2025-06-20,Fees,Phone,4,4
CMP_0003424,CUST_09496,2025-10-11,Service,Phone,5,3
CMP_0003425,CUST_01992,2024-06-26,Service,Phone,1,3
CMP_0003426,CUST_06311,2022-05-02,Fraud,Phone,9,4
CMP_0003427,CUST_03259,2023-08-16,Fraud,Phone,5,5
CMP_0003428,CUST_03348,2025-08-16,Fees,Branch,49,3
CMP_0003429,CUST_09414,2025-01-11,Fees,Phone,4,1
CMP_0003430,CUST_04513,2024-11-14,Service,Digital,4,4
CMP_0003431,CUST_03033,2025-01-07,Fees,Phone,14,3
CMP_0003432,CUST_05241,2026-01-28,Service,Digital,17,5
CMP_0003433,CUST_06432,2022-06-07,Service,Branch,4,4
CMP_0003434,CUST_09419,2022-05-04,Fees,Branch,7,4
CMP_0003435,CUST_06239,2024-05-19,Service,Phone,21,4
CMP_0003436,CUST_09279,2023-04-21,Fees,Digital,10,4
CMP_0003437,CUST_07215,2025-06-14,Fees,Digital,4,3
CMP_0003438,CUST_08399,2024-02-22,KYC,Phone,10,5
CMP_0003439,CUST_00459,2023-12-08,Service,Branch,2,5
CMP_0003440,CUST_05354,2022-08-29,Fees,Phone,10,3
CMP_0003441,CUST_09982,2024-12-24,Fees,Branch,10,1
CMP_0003442,CUST_09444,2022-04-01,Fraud,Branch,5,4
CMP_0003443,CUST_01454,2022-09-12,Fees,Digital,6,4
CMP_0003444,CUST_07438,2025-08-01,Fees,Digital,3,4
CMP_0003445,CUST_05112,2024-01-28,Fees,Phone,12,5
CMP_0003446,CUST_04351,2024-07-14,Service,Branch,1,4
CMP_0003447,CUST_01174,2026-06-08,Fraud,Branch,7,5
CMP_0003448,CUST_06530,2024-09-21,KYC,Phone,4,4
CMP_0003449,CUST_00975,2023-06-20,KYC,Digital,3,4
CMP_0003450,CUST_04412,2026-03-20,Fees,Digital,1,3
CMP_0003451,CUST_06997,2022-05-30,Service,Phone,1,4
CMP_0003452,CUST_09639,2023-11-30,Service,Phone,8,4
CMP_0003453,CUST_02407,2025-07-03,Fees,Branch,6,5
CMP_0003454,CUST_04323,2025-10-07,KYC,Phone,7,5
CMP_0003455,CUST_01987,2022-05-23,KYC,Branch,10,4
CMP_0003456,CUST_09272,2025-02-13,Service,Digital,8,2
CMP_0003457,CUST_01337,2022-04-14,KYC,Digital,2,2
CMP_0003458,CUST_06904,2026-04-15,Service,Branch,4,2
CMP_0003459,CUST_04823,2024-03-21,KYC,Digital,5,4
CMP_0003460,CUST_02134,2022-11-15,Service,Phone,3,5
CMP_0003461,CUST_05856,2025-06-14,Fees,Digital,3,4
CMP_0003462,CUST_07363,2022-06-24,Service,Branch,9,4
CMP_0003463,CUST_04494,2023-03-12,Service,Phone,6,4
CMP_0003464,CUST_01186,2024-02-17,Fees,Digital,14,1
CMP_0003465,CUST_09435,2023-04-15,Fraud,Branch,1,4
CMP_0003466,CUST_04300,2026-06-12,KYC,Digital,5,4
CMP_0003467,CUST_03240,2022-07-10,Fees,Phone,2,5
CMP_0003468,CUST_08865,2022-08-25,Service,Phone,1,5
CMP_0003469,CUST_00776,2023-12-17,KYC,Digital,2,3
CMP_0003470,CUST_07023,2025-07-08,Service,Phone,19,3
CMP_0003471,CUST_10084,2024-04-18,Fees,Branch,1,4
CMP_0003472,CUST_07595,2025-01-10,KYC,Phone,3,5
CMP_0003473,CUST_02669,2022-03-05,Service,Branch,6,4
CMP_0003474,CUST_06573,2024-08-31,Service,Branch,6,4
CMP_0003475,CUST_09121,2023-11-12,Service,Branch,1,2
CMP_0003476,CUST_05616,2024-01-08,Service,Digital,3,1
CMP_0003477,CUST_06044,2025-09-21,Fees,Phone,9,5
CMP_0003478,CUST_08658,2024-03-03,Service,Digital,16,4
CMP_0003479,CUST_07715,2024-05-07,Fees,Phone,4,4
CMP_0003480,CUST_02518,2023-03-06,Service,Phone,14,4
CMP_0003481,CUST_08398,2023-04-24,Service,Digital,3,1
CMP_0003482,CUST_07180,2026-01-01,Fees,Digital,5,4
CMP_0003483,CUST_01562,2023-05-06,KYC,Branch,3,4
CMP_0003484,CUST_03924,2023-07-07,KYC,Branch,8,1
CMP_0003485,CUST_01021,2023-03-25,KYC,Branch,6,3
CMP_0003486,CUST_02331,2023-09-27,Fees,Digital,8,4
CMP_0003487,CUST_01620,2026-07-30,Fees,Digital,1,5
CMP_0003488,CUST_09491,2023-07-31,Fees,Phone,15,4
CMP_0003489,CUST_03199,2024-03-01,Fees,Digital,6,3
CMP_0003490,CUST_10119,2024-12-24,Service,Digital,2,5
CMP_0003491,CUST_04039,2026-01-26,KYC,Digital,4,4
CMP_0003492,CUST_05133,2023-05-13,Fees,Digital,3,3
CMP_0003493,CUST_08909,2026-05-03,Fees,Digital,10,4
CMP_0003494,CUST_00546,2022-02-20,Service,Branch,12,4
CMP_0003495,CUST_08907,2024-05-10,Service,Branch,8,5
CMP_0003496,CUST_09740,2025-02-08,Service,Branch,9,2
CMP_0003497,CUST_07709,2026-02-21,Service,Phone,5,3
CMP_0003498,CUST_09535,2025-06-06,Service,Digital,11,5
CMP_0003499,CUST_03010,2024-05-14,Fees,Phone,14,5
CMP_0003500,CUST_05146,2022-12-12,Fees,Phone,4,5
CMP_0003501,CUST_03956,2025-09-04,Fees,Phone,1,4
CMP_0003502,CUST_03941,2024-01-07,Service,Branch,10,4
CMP_0003503,CUST_01555,2025-01-18,Service,Branch,1,4
CMP_0003504,CUST_08264,2022-09-18,Fees,Branch,6,4
CMP_0003505,CUST_09462,2024-01-15,Service,Phone,18,3
CMP_0003506,CUST_09987,2022-07-14,Service,Digital,3,3
CMP_0003507,CUST_05233,2022-02-05,Service,Branch,5,4
CMP_0003508,CUST_05770,2026-06-20,Fraud,Phone,8,4
CMP_0003509,CUST_08087,2025-06-14,Fraud,Phone,5,4
CMP_0003510,CUST_02284,2024-04-07,Fees,Phone,5,4
CMP_0003511,CUST_08793,2024-01-05,KYC,Digital,9,4
CMP_0003512,CUST_03812,2026-05-21,Service,Branch,6,4
CMP_0003513,CUST_00319,2023-01-03,Service,Phone,5,3
CMP_0003514,CUST_04385,2024-04-11,Fees,Phone,2,4
CMP_0003515,CUST_08501,2022-03-20,Fees,Phone,2,4
CMP_0003516,CUST_08134,2023-06-08,Service,Phone,5,3
CMP_0003517,CUST_03571,2022-08-30,Service,Phone,11,3
CMP_0003518,CUST_00979,2022-01-21,Service,Branch,44,3
CMP_0003519,CUST_08925,2026-03-16,Service,Digital,4,2
CMP_0003520,CUST_05535,2023-06-14,Service,Phone,6,4
CMP_0003521,CUST_05188,2022-02-16,Fees,Phone,2,4
CMP_0003522,CUST_08308,2022-02-19,Service,Phone,2,4
CMP_0003523,CUST_01016,2025-09-15,Service,Digital,9,4
CMP_0003524,CUST_00427,2025-03-30,Fees,Branch,13,5
CMP_0003525,CUST_00106,2024-06-16,Service,Digital,4,4
CMP_0003526,CUST_08257,2022-01-23,Service,Branch,6,5
CMP_0003527,CUST_09925,2023-09-25,Fees,Digital,8,2
CMP_0003528,CUST_07390,2023-04-08,Service,Branch,2,4
CMP_0003529,CUST_00460,2026-02-20,KYC,Branch,2,5
CMP_0003530,CUST_05896,2022-10-21,KYC,Branch,2,4
CMP_0003531,CUST_08401,2026-04-03,Service,Digital,11,4
CMP_0003532,CUST_00369,2025-09-21,KYC,Digital,1,4
CMP_0003533,CUST_06927,2025-09-29,Fraud,Branch,4,4
CMP_0003534,CUST_10092,2025-09-03,Service,Phone,5,5
CMP_0003535,CUST_07688,2026-07-02,Fraud,Phone,10,3
CMP_0003536,CUST_03154,2023-11-24,Fraud,Digital,1,5
CMP_0003537,CUST_06974,2022-10-22,Service,Digital,13,4
CMP_0003538,CUST_02410,2023-07-14,Service,Branch,7,5
CMP_0003539,CUST_02078,2026-04-13,Service,Phone,8,5
CMP_0003540,CUST_10017,2024-03-18,KYC,Branch,13,5
CMP_0003541,CUST_07426,2023-07-19,Fees,Phone,4,3
CMP_0003542,CUST_03711,2022-11-30,Fees,Digital,5,5
CMP_0003543,CUST_06222,2025-05-02,Fraud,Branch,12,4
CMP_0003544,CUST_08153,2025-10-18,Fees,Digital,5,1
CMP_0003545,CUST_06340,2024-11-28,Service,Branch,5,5
CMP_0003546,CUST_08007,2026-01-02,Fees,Phone,32,4
CMP_0003547,CUST_01694,2023-02-13,Service,Digital,2,1
CMP_0003548,CUST_09584,2023-10-13,Fees,Branch,3,1
CMP_0003549,CUST_01612,2024-07-01,Fees,Branch,8,5
CMP_0003550,CUST_08390,2022-04-04,Service,Phone,6,3
CMP_0003551,CUST_00028,2022-10-03,Fees,Branch,3,4
CMP_0003552,CUST_03763,2025-12-17,Fraud,Branch,3,4
CMP_0003553,CUST_04571,2023-11-09,Service,Branch,11,5
CMP_0003554,CUST_04749,2024-04-14,Fees,Digital,7,1
CMP_0003555,CUST_02021,2025-05-07,Service,Phone,16,1
CMP_0003556,CUST_02297,2023-03-03,Service,Branch,4,3
CMP_0003557,CUST_02123,2023-04-18,Fraud,Digital,4,3
CMP_0003558,CUST_02651,2024-11-18,Service,Phone,10,1
CMP_0003559,CUST_07763,2025-12-05,Fraud,Branch,4,5
CMP_0003560,CUST_09611,2025-07-27,Service,Phone,7,1
CMP_0003561,CUST_07662,2024-07-31,Fees,Phone,2,3
CMP_0003562,CUST_03839,2025-05-04,Fees,Phone,2,5
CMP_0003563,CUST_00282,2023-04-07,Service,Phone,6,4
CMP_0003564,CUST_05159,2023-04-26,Fees,Branch,5,4
CMP_0003565,CUST_06626,2022-03-09,Fraud,Digital,4,3
CMP_0003566,CUST_04950,2024-10-21,Fees,Digital,2,4
CMP_0003567,CUST_04909,2023-02-28,Service,Digital,12,5
CMP_0003568,CUST_04179,2025-12-23,Service,Phone,3,5
CMP_0003569,CUST_07174,2024-02-01,Fees,Branch,6,5
CMP_0003570,CUST_09944,2025-06-18,Fraud,Branch,7,3
CMP_0003571,CUST_04863,2022-10-13,Service,Phone,2,4
CMP_0003572,CUST_02205,2022-05-21,Service,Phone,2,5
CMP_0003573,CUST_09340,2022-02-23,Fees,Phone,13,4
CMP_0003574,CUST_03128,2024-05-10,Service,Phone,1,4
CMP_0003575,CUST_07628,2024-04-23,Service,Branch,4,1
CMP_0003576,CUST_04644,2025-08-23,Fees,Phone,15,4
CMP_0003577,CUST_07864,2022-06-29,Service,Digital,4,4
CMP_0003578,CUST_02672,2022-05-03,Service,Branch,4,4
CMP_0003579,CUST_03839,2025-07-30,KYC,Phone,1,5
CMP_0003580,CUST_05758,2023-11-21,Fees,Digital,46,1
CMP_0003581,CUST_03936,2023-09-18,Service,Phone,7,5
CMP_0003582,CUST_05341,2025-03-25,Fraud,Phone,14,5
CMP_0003583,CUST_03932,2024-06-06,Service,Branch,2,5
CMP_0003584,CUST_00249,2025-10-04,Fees,Phone,5,5
CMP_0003585,CUST_09264,2022-03-13,Service,Digital,1,4
CMP_0003586,CUST_05704,2022-10-25,Service,Branch,4,4
CMP_0003587,CUST_08711,2025-10-12,KYC,Phone,7,4
CMP_0003588,CUST_04997,2025-07-21,Service,Branch,6,5
CMP_0003589,CUST_03599,2024-01-25,Service,Branch,8,2
CMP_0003590,CUST_00058,2024-05-09,Service,Branch,1,4
CMP_0003591,CUST_04580,2024-07-01,KYC,Digital,10,5
CMP_0003592,CUST_05617,2022-04-13,Fraud,Digital,11,3
CMP_0003593,CUST_08169,2023-10-15,Service,Branch,5,4
CMP_0003594,CUST_07743,2023-07-27,Service,Digital,5,4
CMP_0003595,CUST_09104,2022-03-05,Service,Branch,5,1
CMP_0003596,CUST_02627,2023-07-15,Fraud,Branch,3,4
CMP_0003597,CUST_02174,2022-11-01,Service,Phone,3,4
CMP_0003598,CUST_02044,2024-09-12,Service,Digital,13,3
CMP_0003599,CUST_08928,2023-02-25,Service,Branch,8,5
CMP_0003600,CUST_09889,2023-07-21,Service,Phone,10,4
CMP_0003601,CUST_05079,2022-11-06,Fees,Branch,11,5
CMP_0003602,CUST_04736,2022-05-30,KYC,Branch,7,5
CMP_0003603,CUST_06888,2022-12-27,Service,Phone,3,4
CMP_0003604,CUST_10126,2025-01-18,Fees,Phone,4,5
CMP_0003605,CUST_00983,2025-08-14,Fraud,Phone,7,5
CMP_0003606,CUST_03101,2025-09-27,Fees,Digital,50,3
CMP_0003607,CUST_03463,2022-12-21,Service,Digital,4,3
CMP_0003608,CUST_06508,2022-03-23,Fees,Branch,7,5
CMP_0003609,CUST_04059,2022-03-31,Fraud,Digital,9,1
CMP_0003610,CUST_04957,2026-01-18,Service,Digital,1,1
CMP_0003611,CUST_07473,2025-12-23,Service,Branch,3,4
CMP_0003612,CUST_09211,2023-06-20,Fees,Phone,4,3
CMP_0003613,CUST_00495,2022-10-24,Fees,Branch,4,3
CMP_0003614,CUST_06686,2022-10-09,Service,Phone,1,4
CMP_0003615,CUST_01261,2023-02-23,Fees,Branch,4,2
CMP_0003616,CUST_06612,2023-01-04,Fraud,Branch,7,5
CMP_0003617,CUST_07288,2024-06-05,Fees,Digital,1,5
CMP_0003618,CUST_03076,2022-05-08,Service,Branch,2,5
CMP_0003619,CUST_09360,2026-01-01,Service,Branch,6,2
CMP_0003620,CUST_00856,2025-06-29,Fees,Digital,3,4
CMP_0003621,CUST_01971,2022-03-18,Fees,Branch,4,5
CMP_0003622,CUST_07548,2022-04-12,Fees,Branch,4,5
CMP_0003623,CUST_03459,2026-04-30,KYC,Branch,7,1
CMP_0003624,CUST_09900,2022-06-11,Service,Phone,1,2
CMP_0003625,CUST_07139,2022-12-10,Service,Phone,3,5
CMP_0003626,CUST_01243,2025-01-14,Service,Phone,4,3
CMP_0003627,CUST_01900,2024-03-25,Service,Digital,2,3
CMP_0003628,CUST_01611,2023-10-09,Service,Branch,2,2
CMP_0003629,CUST_01723,2023-11-14,Fees,Branch,6,3
CMP_0003630,CUST_01350,2022-04-24,Fees,Phone,3,3
CMP_0003631,CUST_00835,2024-10-13,KYC,Phone,6,3
CMP_0003632,CUST_00258,2022-06-16,Service,Phone,4,3
CMP_0003633,CUST_07791,2026-06-16,KYC,Digital,25,4
CMP_0003634,CUST_02723,2024-05-22,Fees,Digital,36,2
CMP_0003635,CUST_01732,2022-05-27,Fees,Phone,37,1
CMP_0003636,CUST_08665,2023-12-11,KYC,Branch,19,5
CMP_0003637,CUST_04176,2026-03-11,Fees,Digital,1,4
CMP_0003638,CUST_03397,2022-01-31,KYC,Branch,1,1
CMP_0003639,CUST_02217,2022-06-26,Fees,Branch,4,5
CMP_0003640,CUST_03915,2024-12-10,Fees,Phone,13,5
CMP_0003641,CUST_09884,2022-05-13,Service,Phone,5,2
CMP_0003642,CUST_08584,2024-12-26,Service,Branch,5,4
CMP_0003643,CUST_01120,2025-02-05,Fees,Phone,9,5
CMP_0003644,CUST_06255,2025-11-23,Service,Digital,8,2
CMP_0003645,CUST_07654,2023-04-13,Fees,Digital,6,5
CMP_0003646,CUST_08415,2023-09-01,Fees,Phone,5,4
CMP_0003647,CUST_07075,2023-02-27,Fees,Branch,1,5
CMP_0003648,CUST_00197,2023-04-28,Fraud,Branch,6,5
CMP_0003649,CUST_06595,2022-08-02,Fraud,Branch,8,5
CMP_0003650,CUST_05563,2024-08-22,KYC,Digital,9,5
CMP_0003651,CUST_00069,2024-09-09,Fees,Branch,3,3
CMP_0003652,CUST_01671,2025-06-21,Service,Digital,9,4
CMP_0003653,CUST_02677,2024-07-05,Service,Phone,1,4
CMP_0003654,CUST_08684,2025-11-03,Fees,Phone,9,1
CMP_0003655,CUST_04769,2026-01-11,Fees,Phone,14,4
CMP_0003656,CUST_03798,2022-12-30,Service,Phone,10,3
CMP_0003657,CUST_01970,2023-10-19,Fees,Branch,7,5
CMP_0003658,CUST_00122,2024-03-30,Service,Branch,11,4
CMP_0003659,CUST_00550,2022-02-27,Fraud,Phone,8,3
CMP_0003660,CUST_08952,2024-10-18,Service,Branch,8,5
CMP_0003661,CUST_01705,2024-08-24,Fees,Digital,1,4
CMP_0003662,CUST_08139,2026-08-07,KYC,Branch,5,5
CMP_0003663,CUST_09874,2024-10-29,Fees,Phone,73,4
CMP_0003664,CUST_01052,2024-11-12,KYC,Digital,8,5
CMP_0003665,CUST_04403,2025-06-09,Service,Phone,3,4
CMP_0003666,CUST_03793,2022-10-10,Service,Phone,10,2
CMP_0003667,CUST_00151,2022-09-28,Service,Digital,4,4
CMP_0003668,CUST_02772,2024-09-24,Fees,Digital,3,5
CMP_0003669,CUST_04818,2025-04-16,KYC,Digital,5,1
CMP_0003670,CUST_09664,2023-08-14,KYC,Digital,13,5
CMP_0003671,CUST_04791,2025-11-03,Service,Branch,9,5
CMP_0003672,CUST_03906,2022-07-11,Fraud,Phone,7,5
CMP_0003673,CUST_01342,2025-12-22,Fees,Digital,8,4
CMP_0003674,CUST_02742,2025-05-08,KYC,Branch,7,1
CMP_0003675,CUST_02155,2024-07-22,Fees,Digital,13,5
CMP_0003676,CUST_01155,2025-05-18,Fees,Phone,6,5
CMP_0003677,CUST_03006,2024-12-11,Service,Branch,9,1
CMP_0003678,CUST_07209,2023-10-30,KYC,Branch,2,1
CMP_0003679,CUST_02839,2023-03-28,Fraud,Branch,12,5
CMP_0003680,CUST_00192,2026-02-17,Fees,Branch,3,2
CMP_0003681,CUST_09967,2022-12-10,Service,Phone,11,2
CMP_0003682,CUST_09429,2024-03-10,Fees,Digital,5,1
CMP_0003683,CUST_02849,2025-01-20,Service,Branch,2,4
CMP_0003684,CUST_05314,2026-07-16,Fees,Branch,1,1
CMP_0003685,CUST_09303,2022-11-20,Service,Digital,14,5
CMP_0003686,CUST_08633,2023-01-31,Fraud,Branch,4,4
CMP_0003687,CUST_07377,2022-01-15,KYC,Branch,6,5
CMP_0003688,CUST_07691,2026-06-05,Service,Branch,3,4
CMP_0003689,CUST_09491,2022-09-01,Service,Digital,3,4
CMP_0003690,CUST_06325,2026-06-23,Fraud,Digital,8,3
CMP_0003691,CUST_06091,2025-12-15,Service,Digital,1,5
CMP_0003692,CUST_10057,2023-05-20,Service,Branch,3,5
CMP_0003693,CUST_05471,2026-01-30,Service,Digital,2,5
CMP_0003694,CUST_01321,2024-07-12,Fees,Branch,12,2
CMP_0003695,CUST_05546,2025-03-06,KYC,Branch,9,2
CMP_0003696,CUST_01528,2025-08-08,Service,Phone,3,4
CMP_0003697,CUST_00560,2023-02-10,Fees,Digital,2,4
CMP_0003698,CUST_07635,2022-11-09,Service,Phone,3,4
CMP_0003699,CUST_00217,2026-05-03,KYC,Phone,4,1
CMP_0003700,CUST_03482,2025-11-03,KYC,Branch,10,5
CMP_0003701,CUST_04359,2024-01-18,Service,Digital,5,2
CMP_0003702,CUST_03097,2022-10-28,KYC,Phone,2,4
CMP_0003703,CUST_09639,2022-10-11,Fees,Phone,4,3
CMP_0003704,CUST_08278,2025-03-15,Service,Digital,3,5
CMP_0003705,CUST_07722,2023-09-26,Service,Digital,10,5
CMP_0003706,CUST_05050,2023-09-06,Service,Digital,8,3
CMP_0003707,CUST_10095,2024-04-28,Fees,Digital,2,3
CMP_0003708,CUST_04136,2024-05-04,Service,Phone,2,5
CMP_0003709,CUST_04456,2022-05-19,Service,Digital,3,5
CMP_0003710,CUST_03752,2026-03-25,Fraud,Phone,21,4
CMP_0003711,CUST_09787,2023-04-16,KYC,Digital,4,5
CMP_0003712,CUST_01652,2023-09-11,Fees,Branch,4,4
CMP_0003713,CUST_03165,2026-04-19,Fraud,Branch,9,1
CMP_0003714,CUST_05658,2024-03-14,Service,Phone,3,2
CMP_0003715,CUST_02186,2022-06-11,Fees,Phone,4,4
CMP_0003716,CUST_04071,2026-06-02,KYC,Digital,6,5
CMP_0003717,CUST_08567,2024-02-02,KYC,Digital,11,4
CMP_0003718,CUST_06447,2024-06-26,Service,Phone,6,5
CMP_0003719,CUST_01176,2026-06-30,Fraud,Branch,3,3
CMP_0003720,CUST_08520,2024-08-08,Service,Branch,4,2
CMP_0003721,CUST_03884,2022-02-03,Fees,Phone,3,4
CMP_0003722,CUST_04632,2022-03-25,Service,Phone,11,5
CMP_0003723,CUST_00258,2024-09-16,Service,Phone,14,3
CMP_0003724,CUST_10125,2026-03-15,Fees,Branch,14,4
CMP_0003725,CUST_01517,2024-02-11,Service,Digital,2,4
CMP_0003726,CUST_02435,2022-07-08,Service,Phone,1,4
CMP_0003727,CUST_08966,2026-07-26,Fees,Phone,8,4
CMP_0003728,CUST_05145,2023-05-09,Service,Digital,1,4
CMP_0003729,CUST_10152,2023-09-26,Fees,Branch,2,5
CMP_0003730,CUST_01450,2023-06-25,KYC,Digital,6,2
CMP_0003731,CUST_08342,2024-01-03,Service,Branch,53,5
CMP_0003732,CUST_09174,2024-05-31,KYC,Phone,6,4
CMP_0003733,CUST_03032,2024-12-14,Service,Phone,5,4
CMP_0003734,CUST_06579,2026-05-29,Fraud,Digital,5,4
CMP_0003735,CUST_04389,2024-07-10,Service,Phone,15,5
CMP_0003736,CUST_01529,2026-03-17,Service,Branch,8,5
CMP_0003737,CUST_03870,2024-03-30,KYC,Branch,8,2
CMP_0003738,CUST_02887,2023-08-13,KYC,Branch,3,5
CMP_0003739,CUST_06006,2023-08-26,KYC,Branch,55,5
CMP_0003740,CUST_00083,2026-03-08,Service,Digital,6,3
CMP_0003741,CUST_03880,2024-04-29,Fees,Digital,3,3
CMP_0003742,CUST_07296,2022-02-12,Fees,Digital,5,4
CMP_0003743,CUST_03189,2025-09-03,Service,Phone,7,5
CMP_0003744,CUST_03814,2025-02-03,Service,Phone,8,4
CMP_0003745,CUST_02666,2022-03-11,Fees,Digital,4,3
CMP_0003746,CUST_04339,2026-03-21,KYC,Phone,11,3
CMP_0003747,CUST_00438,2022-11-04,Service,Phone,4,4
CMP_0003748,CUST_06132,2024-11-15,Fees,Branch,11,2
CMP_0003749,CUST_07505,2023-02-14,Service,Digital,8,3
CMP_0003750,CUST_01818,2026-07-17,Service,Branch,15,4
CMP_0003751,CUST_00071,2024-11-07,Service,Branch,10,1
CMP_0003752,CUST_09373,2022-02-05,Service,Digital,4,4
CMP_0003753,CUST_07403,2022-04-11,KYC,Branch,2,3
CMP_0003754,CUST_06175,2025-03-31,KYC,Digital,6,5
CMP_0003755,CUST_04743,2025-01-19,Fees,Branch,6,1
CMP_0003756,CUST_08696,2025-11-13,Fees,Digital,4,4
CMP_0003757,CUST_09705,2023-04-17,Service,Branch,3,3
CMP_0003758,CUST_01328,2026-04-19,Service,Phone,13,4
CMP_0003759,CUST_02809,2025-11-23,Fees,Phone,4,5
CMP_0003760,CUST_07110,2026-07-20,Fees,Branch,6,5
CMP_0003761,CUST_00680,2023-07-13,Fees,Branch,8,5
CMP_0003762,CUST_01185,2024-07-18,Fees,Branch,69,4
CMP_0003763,CUST_02646,2023-01-26,Service,Branch,4,5
CMP_0003764,CUST_06277,2022-04-26,KYC,Digital,4,2
CMP_0003765,CUST_08428,2026-01-21,Service,Phone,11,3
CMP_0003766,CUST_03829,2022-08-30,Service,Phone,2,3
CMP_0003767,CUST_03536,2025-03-13,Service,Digital,4,4
CMP_0003768,CUST_04882,2023-05-12,Service,Digital,4,4
CMP_0003769,CUST_05179,2022-04-06,Service,Branch,4,2
CMP_0003770,CUST_06099,2022-10-18,Fraud,Branch,5,4
CMP_0003771,CUST_00562,2024-01-28,Fees,Digital,5,4
CMP_0003772,CUST_02060,2025-04-01,Service,Digital,15,5
CMP_0003773,CUST_06589,2025-06-16,Service,Branch,7,5
CMP_0003774,CUST_03653,2025-11-26,KYC,Digital,14,4
CMP_0003775,CUST_08498,2024-11-29,KYC,Digital,1,5
CMP_0003776,CUST_08940,2026-04-25,KYC,Phone,9,4
CMP_0003777,CUST_00757,2022-07-29,Service,Digital,72,2
CMP_0003778,CUST_04286,2023-09-09,Fraud,Digital,16,4
CMP_0003779,CUST_02785,2023-03-27,Fraud,Digital,10,4
CMP_0003780,CUST_09911,2023-08-09,Fraud,Digital,14,3
CMP_0003781,CUST_09269,2025-10-21,KYC,Digital,1,1
CMP_0003782,CUST_01727,2024-07-20,KYC,Phone,4,4
CMP_0003783,CUST_09237,2026-01-27,Service,Branch,5,4
CMP_0003784,CUST_00903,2025-03-30,Service,Phone,5,4
CMP_0003785,CUST_09987,2023-05-24,Fees,Phone,9,5
CMP_0003786,CUST_04163,2023-07-08,KYC,Digital,2,4
CMP_0003787,CUST_04051,2026-06-02,Fees,Phone,1,4
CMP_0003788,CUST_04650,2023-01-31,KYC,Phone,3,3
CMP_0003789,CUST_08661,2026-06-18,Service,Phone,2,1
CMP_0003790,CUST_02470,2022-03-13,Service,Digital,8,4
CMP_0003791,CUST_02405,2023-07-17,Fees,Branch,11,3
CMP_0003792,CUST_09606,2025-08-19,KYC,Digital,13,5
CMP_0003793,CUST_08210,2023-10-28,Service,Branch,5,3
CMP_0003794,CUST_01337,2022-12-18,Fees,Branch,4,4
CMP_0003795,CUST_04434,2023-05-12,Fees,Phone,47,3
CMP_0003796,CUST_06591,2024-02-06,Fees,Branch,13,2
CMP_0003797,CUST_05353,2025-01-31,KYC,Phone,6,5
CMP_0003798,CUST_09221,2023-03-19,KYC,Phone,3,4
CMP_0003799,CUST_06825,2026-04-22,KYC,Branch,12,5
CMP_0003800,CUST_02657,2025-01-02,Service,Branch,11,5
CMP_0003801,CUST_00290,2023-03-21,Fees,Phone,6,1
CMP_0003802,CUST_02919,2022-01-12,Fees,Phone,4,2
CMP_0003803,CUST_03916,2023-02-08,Fees,Phone,2,4
CMP_0003804,CUST_05439,2024-06-26,Fees,Branch,9,3
CMP_0003805,CUST_03603,2024-10-11,Service,Phone,4,1
CMP_0003806,CUST_05940,2025-09-14,Fraud,Phone,7,5
CMP_0003807,CUST_09364,2023-01-12,Service,Digital,7,4
CMP_0003808,CUST_01881,2025-01-06,Fees,Branch,14,4
CMP_0003809,CUST_04343,2022-02-25,Fees,Digital,3,5
CMP_0003810,CUST_09740,2026-03-09,Service,Digital,5,3
CMP_0003811,CUST_08878,2022-10-02,KYC,Branch,5,5
CMP_0003812,CUST_03824,2025-08-02,Service,Digital,24,5
CMP_0003813,CUST_06213,2024-06-26,KYC,Digital,5,5
CMP_0003814,CUST_03020,2023-07-07,Service,Branch,11,3
CMP_0003815,CUST_01551,2022-11-21,Service,Branch,3,5
CMP_0003816,CUST_02218,2026-05-29,Fees,Phone,16,5
CMP_0003817,CUST_06760,2024-07-30,Fees,Branch,8,3
CMP_0003818,CUST_10147,2022-11-05,Fees,Branch,8,5
CMP_0003819,CUST_08075,2024-11-15,KYC,Digital,1,2
CMP_0003820,CUST_05183,2022-01-19,Fees,Phone,5,5
CMP_0003821,CUST_05768,2023-05-09,KYC,Digital,9,4
CMP_0003822,CUST_05610,2022-08-07,Service,Phone,6,5
CMP_0003823,CUST_07414,2024-11-19,KYC,Digital,1,3
CMP_0003824,CUST_01097,2022-10-15,Service,Branch,3,4
CMP_0003825,CUST_10052,2024-11-10,Service,Digital,8,5
CMP_0003826,CUST_01550,2024-02-13,Service,Digital,6,3
CMP_0003827,CUST_03177,2025-03-16,Service,Branch,3,5
CMP_0003828,CUST_02162,2023-03-30,Service,Digital,7,2
CMP_0003829,CUST_00353,2024-01-30,Service,Branch,56,4
CMP_0003830,CUST_06174,2023-04-08,Service,Phone,4,3
CMP_0003831,CUST_08614,2022-07-17,Service,Phone,9,3
CMP_0003832,CUST_04232,2025-01-18,Fees,Phone,4,5
CMP_0003833,CUST_08455,2026-03-01,KYC,Branch,2,1
CMP_0003834,CUST_00513,2025-03-24,Service,Digital,11,5
CMP_0003835,CUST_03524,2026-02-16,KYC,Branch,3,4
CMP_0003836,CUST_09562,2025-09-08,Fraud,Phone,72,4
CMP_0003837,CUST_03155,2025-09-11,Service,Digital,8,3
CMP_0003838,CUST_08325,2023-06-24,Service,Digital,4,5
CMP_0003839,CUST_04690,2025-07-29,Service,Phone,9,4
CMP_0003840,CUST_03961,2024-11-16,Service,Branch,5,4
CMP_0003841,CUST_08424,2022-12-28,Fees,Phone,2,1
CMP_0003842,CUST_05599,2024-03-06,Service,Branch,10,5
CMP_0003843,CUST_00373,2025-04-13,Service,Phone,3,5
CMP_0003844,CUST_08191,2025-03-30,Fees,Branch,12,4
CMP_0003845,CUST_01108,2025-04-05,Fraud,Phone,6,3
CMP_0003846,CUST_01617,2025-08-21,KYC,Phone,9,4
CMP_0003847,CUST_03469,2026-07-07,Fraud,Digital,5,4
CMP_0003848,CUST_02860,2026-08-06,Service,Digital,8,5
CMP_0003849,CUST_06863,2024-12-12,Fraud,Branch,6,4
CMP_0003850,CUST_04839,2023-10-12,Service,Branch,11,5
CMP_0003851,CUST_04040,2022-07-09,Fraud,Branch,9,5
CMP_0003852,CUST_01114,2025-06-23,Fees,Branch,5,3
CMP_0003853,CUST_06086,2023-02-24,Fees,Digital,3,2
CMP_0003854,CUST_06394,2026-04-11,Service,Phone,4,3
CMP_0003855,CUST_04091,2024-10-01,KYC,Digital,4,5
CMP_0003856,CUST_00967,2024-02-26,Service,Digital,1,5
CMP_0003857,CUST_00877,2022-04-27,Service,Digital,7,2
CMP_0003858,CUST_04041,2024-11-04,Service,Phone,4,3
CMP_0003859,CUST_02352,2024-07-25,KYC,Branch,61,5
CMP_0003860,CUST_04604,2026-04-20,KYC,Phone,17,1
CMP_0003861,CUST_06996,2022-03-10,Fees,Phone,9,3
CMP_0003862,CUST_08804,2024-11-12,Service,Phone,4,3
CMP_0003863,CUST_07433,2022-12-12,Service,Branch,6,4
CMP_0003864,CUST_01142,2022-01-30,Fees,Phone,4,3
CMP_0003865,CUST_03307,2025-01-13,Fees,Phone,5,3
CMP_0003866,CUST_09254,2025-03-03,Fees,Branch,1,3
CMP_0003867,CUST_03583,2022-08-05,KYC,Phone,10,5
CMP_0003868,CUST_09117,2023-08-29,Fees,Phone,1,3
CMP_0003869,CUST_00857,2022-03-02,Fees,Phone,11,3
CMP_0003870,CUST_01183,2022-01-17,Service,Digital,11,5
CMP_0003871,CUST_00813,2025-11-28,Fees,Digital,7,5
CMP_0003872,CUST_06774,2023-11-12,Service,Branch,7,5
CMP_0003873,CUST_01803,2024-04-20,Service,Phone,15,4
CMP_0003874,CUST_09545,2025-11-23,Fees,Digital,8,3
CMP_0003875,CUST_08364,2024-01-02,KYC,Digital,1,3
CMP_0003876,CUST_00494,2023-01-07,KYC,Phone,3,3
CMP_0003877,CUST_01996,2024-09-11,Service,Branch,20,4
CMP_0003878,CUST_00820,2023-05-13,Fees,Digital,10,4
CMP_0003879,CUST_07421,2022-12-17,Fees,Digital,11,5
CMP_0003880,CUST_08693,2022-02-01,Fraud,Digital,8,4
CMP_0003881,CUST_06743,2025-05-06,Fees,Branch,1,3
CMP_0003882,CUST_02129,2026-08-04,Fraud,Phone,4,2
CMP_0003883,CUST_02162,2022-10-11,Service,Branch,29,4
CMP_0003884,CUST_07864,2022-11-05,Fees,Phone,4,5
CMP_0003885,CUST_09082,2026-04-02,Fees,Phone,3,1
CMP_0003886,CUST_04250,2022-02-26,Service,Digital,4,5
CMP_0003887,CUST_05135,2025-10-19,Fees,Digital,1,5
CMP_0003888,CUST_06736,2022-11-18,KYC,Branch,11,2
CMP_0003889,CUST_02527,2024-02-28,Service,Branch,3,4
CMP_0003890,CUST_00364,2024-01-13,Fees,Phone,1,4
CMP_0003891,CUST_02101,2026-01-15,Fees,Branch,32,1
CMP_0003892,CUST_04003,2024-04-04,Service,Digital,8,4
CMP_0003893,CUST_07316,2024-10-21,Fees,Branch,7,3
CMP_0003894,CUST_10003,2022-06-09,Fraud,Branch,1,3
CMP_0003895,CUST_04291,2025-09-05,KYC,Branch,5,5
CMP_0003896,CUST_06581,2022-12-05,Fraud,Digital,4,4
CMP_0003897,CUST_08004,2022-03-31,Service,Branch,4,4
CMP_0003898,CUST_09547,2022-02-13,Service,Digital,64,5
CMP_0003899,CUST_08127,2022-12-12,KYC,Digital,4,3
CMP_0003900,CUST_05095,2023-01-12,Service,Phone,3,3
CMP_0003901,CUST_00633,2022-03-10,Service,Phone,12,2
CMP_0003902,CUST_07368,2024-09-25,Fees,Branch,5,5
CMP_0003903,CUST_08770,2026-07-05,Fees,Digital,8,1
CMP_0003904,CUST_00730,2023-09-11,Fees,Digital,3,2
CMP_0003905,CUST_00505,2023-04-17,Fees,Phone,7,2
CMP_0003906,CUST_09764,2022-10-25,KYC,Digital,5,3
CMP_0003907,CUST_02560,2022-04-07,Fraud,Branch,3,4
CMP_0003908,CUST_02733,2023-01-22,Service,Digital,2,1
CMP_0003909,CUST_08300,2023-01-19,Service,Branch,16,4
CMP_0003910,CUST_00685,2024-12-11,Service,Phone,7,5
CMP_0003911,CUST_04683,2023-02-05,Fees,Branch,1,5
CMP_0003912,CUST_02351,2024-05-08,Fees,Phone,2,4
CMP_0003913,CUST_00560,2023-05-12,Fees,Digital,15,4
CMP_0003914,CUST_10089,2022-08-11,Fees,Phone,5,4
CMP_0003915,CUST_06719,2024-02-19,Service,Phone,7,4
CMP_0003916,CUST_07223,2023-10-06,Service,Phone,1,4
CMP_0003917,CUST_07255,2022-10-07,Fees,Phone,12,4
CMP_0003918,CUST_07161,2023-07-07,Service,Digital,4,3
CMP_0003919,CUST_05194,2025-11-29,Fraud,Phone,2,4
CMP_0003920,CUST_05293,2023-12-21,Service,Digital,7,4
CMP_0003921,CUST_07737,2023-12-21,Fees,Digital,1,5
CMP_0003922,CUST_05066,2022-08-19,Fees,Phone,9,5
CMP_0003923,CUST_06056,2024-09-05,KYC,Digital,1,5
CMP_0003924,CUST_00785,2025-03-03,Fraud,Digital,5,2
CMP_0003925,CUST_05807,2024-03-29,Service,Digital,1,5
CMP_0003926,CUST_06166,2025-11-12,Fraud,Branch,9,2
CMP_0003927,CUST_08742,2024-09-08,KYC,Phone,2,4
CMP_0003928,CUST_09545,2023-06-17,Fees,Branch,1,4
CMP_0003929,CUST_03097,2022-07-10,Fees,Phone,2,2
CMP_0003930,CUST_06935,2022-09-10,Service,Branch,3,5
CMP_0003931,CUST_03926,2024-12-08,KYC,Digital,4,4
CMP_0003932,CUST_04640,2026-06-09,Service,Branch,11,3
CMP_0003933,CUST_01899,2024-11-07,KYC,Branch,1,1
CMP_0003934,CUST_08591,2025-12-27,KYC,Digital,7,4
CMP_0003935,CUST_00658,2026-01-20,Fees,Digital,6,1
CMP_0003936,CUST_04824,2022-11-22,Service,Branch,3,5
CMP_0003937,CUST_06612,2025-10-22,Service,Branch,4,2
CMP_0003938,CUST_08703,2025-04-02,Service,Digital,4,2
CMP_0003939,CUST_08577,2023-03-26,Service,Branch,4,4
CMP_0003940,CUST_00750,2026-06-14,Service,Digital,3,4
CMP_0003941,CUST_09250,2025-11-24,Service,Digital,5,4
CMP_0003942,CUST_04153,2022-03-26,Service,Branch,11,5
CMP_0003943,CUST_06035,2026-05-19,Fees,Branch,1,3
CMP_0003944,CUST_03007,2023-02-22,Service,Phone,9,4
CMP_0003945,CUST_07432,2023-07-03,Fees,Phone,1,5
CMP_0003946,CUST_07822,2025-06-14,Service,Digital,14,4
CMP_0003947,CUST_01273,2024-10-23,Fraud,Branch,9,2
CMP_0003948,CUST_05293,2025-09-13,KYC,Branch,1,4
CMP_0003949,CUST_10023,2022-10-10,KYC,Digital,6,5
CMP_0003950,CUST_03297,2025-09-20,Fees,Phone,32,1
CMP_0003951,CUST_06262,2025-04-12,Fees,Branch,2,3
CMP_0003952,CUST_00082,2023-10-12,Fraud,Phone,7,4
CMP_0003953,CUST_05392,2023-07-31,Service,Phone,14,5
CMP_0003954,CUST_08157,2025-09-12,Service,Phone,10,4
CMP_0003955,CUST_05873,2022-12-06,Service,Branch,9,5
CMP_0003956,CUST_07802,2026-02-13,Fraud,Digital,6,4
CMP_0003957,CUST_07143,2026-01-12,Service,Branch,6,4
CMP_0003958,CUST_07731,2026-02-26,Fees,Branch,58,3
CMP_0003959,CUST_09356,2025-03-07,Fees,Branch,6,2
CMP_0003960,CUST_09799,2022-11-03,Service,Digital,7,5
CMP_0003961,CUST_05906,2024-05-20,Fees,Digital,3,5
CMP_0003962,CUST_01502,2025-10-31,KYC,Digital,16,5
CMP_0003963,CUST_10001,2023-07-07,Fees,Digital,1,5
CMP_0003964,CUST_02376,2022-01-15,Fraud,Phone,15,2
CMP_0003965,CUST_05522,2023-01-29,Fraud,Phone,14,2
CMP_0003966,CUST_07761,2025-05-03,Service,Digital,14,4
CMP_0003967,CUST_00400,2024-10-02,Service,Branch,14,2
CMP_0003968,CUST_00794,2022-07-15,Fees,Branch,2,5
CMP_0003969,CUST_06037,2024-06-10,Service,Digital,7,3
CMP_0003970,CUST_03122,2023-03-31,Service,Phone,5,3
CMP_0003971,CUST_07984,2023-01-24,Fees,Phone,33,4
CMP_0003972,CUST_00032,2022-06-07,Service,Phone,8,5
CMP_0003973,CUST_01454,2023-05-07,Service,Digital,7,2
CMP_0003974,CUST_04341,2025-09-17,KYC,Phone,9,4
CMP_0003975,CUST_02142,2026-03-02,Service,Digital,11,3
CMP_0003976,CUST_03459,2024-05-05,Fees,Branch,8,4
CMP_0003977,CUST_02195,2022-05-26,Service,Branch,3,3
CMP_0003978,CUST_01555,2026-02-16,Fees,Phone,5,5
CMP_0003979,CUST_01622,2024-05-18,Service,Phone,5,3
CMP_0003980,CUST_06793,2024-01-07,Fees,Branch,12,3
CMP_0003981,CUST_09089,2023-10-25,Service,Digital,5,4
CMP_0003982,CUST_04566,2022-03-09,Service,Phone,14,4
CMP_0003983,CUST_00089,2025-06-09,Service,Phone,8,3
CMP_0003984,CUST_09307,2025-08-16,Service,Phone,4,4
CMP_0003985,CUST_01107,2022-03-27,Service,Digital,4,4
CMP_0003986,CUST_00626,2022-10-22,Service,Digital,5,5
CMP_0003987,CUST_00064,2025-01-24,Service,Digital,2,3
CMP_0003988,CUST_00574,2024-10-30,KYC,Digital,1,5
CMP_0003989,CUST_10169,2024-12-07,Fees,Digital,8,5
CMP_0003990,CUST_08152,2025-03-15,Service,Branch,16,5
CMP_0003991,CUST_02590,2025-10-22,Fraud,Digital,4,4
CMP_0003992,CUST_05523,2025-04-08,Fees,Phone,2,5
CMP_0003993,CUST_01858,2023-01-07,Service,Phone,3,5
CMP_0003994,CUST_05188,2024-11-09,Fees,Digital,3,5
CMP_0003995,CUST_06435,2025-12-31,Fees,Branch,3,2
CMP_0003996,CUST_09556,2025-12-25,KYC,Branch,8,4
CMP_0003997,CUST_01257,2023-05-22,KYC,Phone,5,4
CMP_0003998,CUST_04644,2025-12-31,Fees,Phone,3,4
CMP_0003999,CUST_07731,2024-12-24,Fraud,Branch,1,4
CMP_0004000,CUST_01892,2026-06-23,Service,Digital,6,4
CMP_0004001,CUST_04566,2024-06-25,Fees,Phone,11,3
CMP_0004002,CUST_09794,2024-06-05,KYC,Digital,4,3
CMP_0004003,CUST_07601,2023-02-01,Service,Branch,4,4
CMP_0004004,CUST_02794,2024-03-16,KYC,Digital,4,3
CMP_0004005,CUST_04804,2022-03-19,Fraud,Branch,3,4
CMP_0004006,CUST_05296,2024-12-06,Fees,Digital,7,3
CMP_0004007,CUST_01631,2026-07-02,Fees,Branch,8,4
CMP_0004008,CUST_04363,2025-04-07,Fees,Digital,9,4
CMP_0004009,CUST_01044,2024-08-19,Service,Phone,1,1
CMP_0004010,CUST_03175,2024-05-26,Fees,Phone,6,1
CMP_0004011,CUST_02930,2025-09-28,Service,Phone,8,2
CMP_0004012,CUST_09069,2025-01-23,KYC,Phone,2,4
CMP_0004013,CUST_04572,2026-01-14,Service,Digital,2,5
CMP_0004014,CUST_05631,2023-11-12,Service,Digital,4,5
CMP_0004015,CUST_08229,2026-07-04,Fees,Branch,2,3
CMP_0004016,CUST_08149,2023-09-28,Fraud,Digital,1,4
CMP_0004017,CUST_01438,2023-06-13,Fees,Phone,4,4
CMP_0004018,CUST_09936,2023-04-05,Service,Digital,6,5
CMP_0004019,CUST_05068,2022-06-21,Fees,Branch,1,5
CMP_0004020,CUST_03400,2025-10-27,Fraud,Phone,4,3
CMP_0004021,CUST_00929,2024-05-28,Service,Digital,8,3
CMP_0004022,CUST_07846,2022-03-12,Service,Branch,7,5
CMP_0004023,CUST_02303,2026-03-12,KYC,Branch,1,4
CMP_0004024,CUST_08240,2023-09-08,Fraud,Digital,5,2
CMP_0004025,CUST_03726,2025-01-14,Fees,Digital,2,4
CMP_0004026,CUST_07329,2025-10-13,Service,Branch,4,5
CMP_0004027,CUST_03659,2022-04-25,Fees,Branch,13,3
CMP_0004028,CUST_07168,2026-05-25,Fees,Phone,5,4
CMP_0004029,CUST_00217,2022-06-05,Fraud,Phone,7,3
CMP_0004030,CUST_03369,2024-04-03,Service,Digital,18,3
CMP_0004031,CUST_08492,2023-12-20,Fraud,Digital,1,2
CMP_0004032,CUST_07430,2023-11-13,Service,Digital,13,3
CMP_0004033,CUST_08984,2023-06-29,Service,Digital,3,5
CMP_0004034,CUST_02933,2022-04-24,Service,Branch,1,5
CMP_0004035,CUST_08604,2023-12-12,Fees,Branch,4,2
CMP_0004036,CUST_05169,2026-06-27,Fees,Phone,10,3
CMP_0004037,CUST_01115,2023-12-25,Service,Digital,5,4
CMP_0004038,CUST_06186,2024-12-06,Service,Branch,4,5
CMP_0004039,CUST_02508,2025-06-27,Service,Phone,38,2
CMP_0004040,CUST_03283,2024-11-29,Service,Branch,3,3
CMP_0004041,CUST_01999,2026-07-14,Service,Digital,5,4
CMP_0004042,CUST_04114,2026-06-24,Fraud,Phone,3,3
CMP_0004043,CUST_05160,2023-09-20,Fraud,Phone,9,3
CMP_0004044,CUST_03309,2024-11-27,KYC,Phone,6,5
CMP_0004045,CUST_09505,2022-11-19,Service,Branch,10,3
CMP_0004046,CUST_04704,2022-11-04,Fees,Branch,15,5
CMP_0004047,CUST_04754,2023-09-12,KYC,Digital,5,4
CMP_0004048,CUST_06766,2026-03-01,Service,Phone,3,2
CMP_0004049,CUST_03474,2022-12-03,Service,Digital,3,5
CMP_0004050,CUST_02847,2025-12-16,Service,Branch,7,3
CMP_0004051,CUST_04514,2023-03-19,Service,Phone,10,1
CMP_0004052,CUST_05100,2025-02-22,Service,Digital,37,4
CMP_0004053,CUST_02460,2024-04-16,Service,Digital,12,5
CMP_0004054,CUST_08760,2023-11-15,KYC,Phone,7,4
CMP_0004055,CUST_05897,2022-08-27,Fees,Digital,3,2
CMP_0004056,CUST_07196,2024-12-05,Service,Branch,9,1
CMP_0004057,CUST_08015,2025-09-30,Service,Branch,10,4
CMP_0004058,CUST_03521,2022-06-20,Fees,Digital,10,4
CMP_0004059,CUST_08361,2022-05-25,Service,Phone,2,2
CMP_0004060,CUST_07498,2023-03-17,Fees,Phone,42,3
CMP_0004061,CUST_02340,2024-10-23,Fees,Branch,5,2
CMP_0004062,CUST_04239,2023-02-26,Service,Digital,6,3
CMP_0004063,CUST_08814,2024-04-14,Fees,Phone,3,5
CMP_0004064,CUST_03929,2025-02-01,Fees,Branch,2,4
CMP_0004065,CUST_04139,2025-08-16,Service,Phone,8,5
CMP_0004066,CUST_08411,2022-07-16,Fees,Branch,7,5
CMP_0004067,CUST_03701,2022-10-03,Service,Branch,3,4
CMP_0004068,CUST_07663,2023-09-12,Fraud,Digital,6,2
CMP_0004069,CUST_07062,2024-01-15,Fraud,Branch,9,4
CMP_0004070,CUST_09486,2022-08-21,Fees,Digital,12,2
CMP_0004071,CUST_04653,2022-09-05,Service,Branch,6,4
CMP_0004072,CUST_04749,2025-01-16,Service,Digital,1,3
CMP_0004073,CUST_02440,2023-07-28,Fraud,Branch,4,1
CMP_0004074,CUST_03700,2023-05-10,Service,Phone,1,5
CMP_0004075,CUST_05949,2024-03-21,Service,Digital,9,3
CMP_0004076,CUST_05387,2022-01-30,Fees,Phone,4,5
CMP_0004077,CUST_04292,2024-08-30,KYC,Branch,9,5
CMP_0004078,CUST_10058,2022-05-29,KYC,Digital,10,2
CMP_0004079,CUST_05442,2025-04-01,Service,Phone,1,3
CMP_0004080,CUST_04804,2024-02-19,Service,Digital,2,5
CMP_0004081,CUST_07387,2025-10-19,KYC,Branch,2,4
CMP_0004082,CUST_03336,2025-10-28,Service,Digital,6,5
CMP_0004083,CUST_04368,2022-12-28,KYC,Branch,3,4
CMP_0004084,CUST_02223,2023-10-04,Service,Branch,3,2
CMP_0004085,CUST_00836,2023-09-04,Fees,Phone,8,4
CMP_0004086,CUST_06246,2025-04-19,Fraud,Branch,1,5
CMP_0004087,CUST_02102,2024-08-30,KYC,Branch,6,4
CMP_0004088,CUST_09979,2025-12-14,Fees,Phone,5,5
CMP_0004089,CUST_04338,2025-09-05,Fraud,Phone,6,4
CMP_0004090,CUST_02308,2024-09-05,Service,Digital,15,2
CMP_0004091,CUST_01661,2024-09-27,Fees,Branch,4,4
CMP_0004092,CUST_01511,2026-08-07,Fees,Branch,5,4
CMP_0004093,CUST_02650,2022-11-28,Service,Phone,8,5
CMP_0004094,CUST_06630,2026-05-19,Service,Digital,1,4
CMP_0004095,CUST_07595,2025-04-04,Fees,Phone,6,4
CMP_0004096,CUST_09705,2026-06-22,KYC,Phone,55,3
CMP_0004097,CUST_01819,2023-04-05,Fees,Phone,29,1
CMP_0004098,CUST_10121,2025-05-04,Fraud,Digital,3,2
CMP_0004099,CUST_04100,2024-10-31,KYC,Phone,5,1
CMP_0004100,CUST_03347,2022-09-03,KYC,Phone,4,5
CMP_0004101,CUST_00370,2023-05-20,KYC,Branch,4,3
CMP_0004102,CUST_04800,2022-10-06,KYC,Phone,5,3
CMP_0004103,CUST_05223,2025-01-03,Service,Phone,5,4
CMP_0004104,CUST_02849,2024-12-04,Service,Branch,2,3
CMP_0004105,CUST_07594,2026-06-22,Fraud,Phone,1,3
CMP_0004106,CUST_02292,2025-09-15,Fees,Digital,5,5
CMP_0004107,CUST_05895,2026-07-08,Service,Digital,3,2
CMP_0004108,CUST_01736,2025-01-29,Service,Branch,4,4
CMP_0004109,CUST_07554,2023-05-14,Fees,Digital,31,3
CMP_0004110,CUST_09651,2026-02-03,Service,Branch,16,4
CMP_0004111,CUST_01344,2025-03-22,Service,Digital,2,4
CMP_0004112,CUST_06269,2025-05-18,Service,Phone,5,4
CMP_0004113,CUST_02333,2023-05-31,KYC,Digital,5,2
CMP_0004114,CUST_08900,2024-10-13,Service,Phone,4,3
CMP_0004115,CUST_00371,2024-04-14,KYC,Digital,13,4
CMP_0004116,CUST_06796,2022-06-18,Fees,Branch,3,3
CMP_0004117,CUST_02068,2026-02-11,Fees,Branch,10,5
CMP_0004118,CUST_01533,2022-03-04,Service,Digital,14,4
CMP_0004119,CUST_06651,2025-08-19,Service,Digital,2,5
CMP_0004120,CUST_02906,2023-08-31,Fees,Branch,5,3
CMP_0004121,CUST_06603,2024-01-05,KYC,Phone,3,5
CMP_0004122,CUST_03803,2022-11-10,Service,Digital,1,5
CMP_0004123,CUST_07649,2025-10-08,Service,Branch,20,5
CMP_0004124,CUST_08633,2024-05-13,Fees,Branch,9,3
CMP_0004125,CUST_00923,2022-01-10,Fees,Branch,1,4
CMP_0004126,CUST_10117,2026-05-23,Service,Branch,5,3
CMP_0004127,CUST_07286,2025-05-27,Service,Digital,2,5
CMP_0004128,CUST_05985,2026-01-11,Service,Digital,5,1
CMP_0004129,CUST_03025,2025-06-10,Fees,Digital,7,4
CMP_0004130,CUST_07141,2025-09-09,Fees,Phone,2,4
CMP_0004131,CUST_06609,2025-10-15,Fees,Digital,7,2
CMP_0004132,CUST_09409,2024-08-26,Service,Branch,4,4
CMP_0004133,CUST_02570,2022-06-12,Service,Phone,16,4
CMP_0004134,CUST_07134,2024-09-05,Fees,Phone,8,5
CMP_0004135,CUST_08284,2025-04-24,Service,Digital,3,3
CMP_0004136,CUST_02753,2022-07-06,Fees,Digital,17,2
CMP_0004137,CUST_00355,2022-02-14,Fees,Branch,2,3
CMP_0004138,CUST_06924,2022-09-20,Fraud,Digital,6,5
CMP_0004139,CUST_01950,2026-05-21,Fraud,Digital,3,3
CMP_0004140,CUST_08318,2025-08-12,Service,Digital,65,3
CMP_0004141,CUST_05594,2023-09-27,Fees,Branch,4,2
CMP_0004142,CUST_05323,2024-06-19,Service,Branch,6,4
CMP_0004143,CUST_07952,2025-03-15,Service,Phone,1,5
CMP_0004144,CUST_00945,2023-11-18,Fees,Phone,12,4
CMP_0004145,CUST_03310,2023-01-15,Fees,Branch,4,5
CMP_0004146,CUST_04144,2022-02-06,Fees,Branch,6,3
CMP_0004147,CUST_06042,2025-02-04,Fees,Branch,53,2
CMP_0004148,CUST_00516,2023-01-25,Fees,Digital,2,2
CMP_0004149,CUST_05718,2022-01-13,Service,Branch,13,5
CMP_0004150,CUST_09240,2026-05-24,Fees,Digital,7,5
CMP_0004151,CUST_05016,2026-08-07,Service,Branch,6,4
CMP_0004152,CUST_00224,2025-08-05,Fees,Digital,5,3
CMP_0004153,CUST_07534,2025-04-27,Service,Branch,1,3
CMP_0004154,CUST_01350,2023-03-23,Fraud,Digital,1,4
CMP_0004155,CUST_05092,2022-05-09,Fraud,Digital,6,5
CMP_0004156,CUST_01314,2024-03-01,Fees,Phone,3,4
CMP_0004157,CUST_08124,2024-02-19,KYC,Digital,7,4
CMP_0004158,CUST_00931,2025-05-08,Service,Phone,1,5
CMP_0004159,CUST_09924,2025-12-31,KYC,Digital,2,3
CMP_0004160,CUST_05938,2026-04-07,KYC,Phone,6,5
CMP_0004161,CUST_04442,2024-09-29,Fraud,Phone,14,5
CMP_0004162,CUST_07728,2023-12-21,KYC,Phone,6,4
CMP_0004163,CUST_05168,2023-07-01,Fraud,Digital,7,3
CMP_0004164,CUST_09316,2022-12-03,Service,Digital,6,2
CMP_0004165,CUST_01778,2025-09-21,KYC,Digital,15,4
CMP_0004166,CUST_00153,2022-02-25,KYC,Phone,5,4
CMP_0004167,CUST_01133,2023-11-23,Service,Branch,7,4
CMP_0004168,CUST_10076,2026-03-27,KYC,Digital,3,4
CMP_0004169,CUST_06413,2026-08-08,Service,Phone,64,2
CMP_0004170,CUST_00738,2025-12-26,Service,Branch,1,5
CMP_0004171,CUST_09120,2025-11-10,Fraud,Phone,2,2
CMP_0004172,CUST_08676,2022-11-19,Fees,Phone,43,4
CMP_0004173,CUST_07235,2023-09-20,KYC,Digital,1,5
CMP_0004174,CUST_01926,2023-06-10,Fees,Digital,12,2
CMP_0004175,CUST_07193,2025-10-29,Fees,Phone,1,5
CMP_0004176,CUST_06509,2025-10-01,Service,Digital,28,5
CMP_0004177,CUST_01629,2024-08-27,Fraud,Branch,1,3
CMP_0004178,CUST_05135,2026-02-01,KYC,Digital,8,4
CMP_0004179,CUST_02793,2022-10-02,Fees,Digital,11,5
CMP_0004180,CUST_04265,2024-12-09,Service,Digital,6,4
CMP_0004181,CUST_02445,2023-01-04,Fees,Phone,5,3
CMP_0004182,CUST_04364,2023-12-06,KYC,Branch,3,4
CMP_0004183,CUST_04542,2025-04-21,Service,Digital,66,5
CMP_0004184,CUST_05118,2026-06-15,Fees,Branch,3,1
CMP_0004185,CUST_09158,2022-06-25,Service,Branch,2,2
CMP_0004186,CUST_05201,2025-03-25,Service,Branch,6,3
CMP_0004187,CUST_00747,2023-10-02,Service,Branch,6,2
CMP_0004188,CUST_09310,2023-07-02,Fees,Phone,19,1
CMP_0004189,CUST_00264,2024-03-01,KYC,Digital,6,2
CMP_0004190,CUST_01340,2024-06-24,Service,Branch,9,5
CMP_0004191,CUST_08914,2023-12-27,Service,Phone,3,3
CMP_0004192,CUST_06329,2024-01-06,KYC,Branch,7,4
CMP_0004193,CUST_00818,2025-07-31,Fees,Digital,1,3
CMP_0004194,CUST_05352,2023-05-30,Service,Phone,7,1
CMP_0004195,CUST_03327,2024-07-24,Fees,Digital,12,4
CMP_0004196,CUST_00569,2024-12-30,Service,Digital,3,2
CMP_0004197,CUST_08518,2022-03-22,KYC,Branch,3,4
CMP_0004198,CUST_09090,2025-08-21,Fees,Digital,7,4
CMP_0004199,CUST_06278,2023-04-10,Service,Digital,4,5
CMP_0004200,CUST_06927,2023-10-19,Fees,Branch,7,3
CMP_0004201,CUST_06395,2026-05-11,Fees,Branch,43,2
CMP_0004202,CUST_02905,2023-02-24,KYC,Phone,5,2
CMP_0004203,CUST_02285,2024-08-11,Fees,Phone,1,4
CMP_0004204,CUST_07896,2024-10-14,KYC,Branch,1,5
CMP_0004205,CUST_04392,2025-02-17,Service,Digital,10,5
CMP_0004206,CUST_09835,2023-05-19,Service,Phone,2,3
CMP_0004207,CUST_00409,2023-08-16,KYC,Phone,58,4
CMP_0004208,CUST_01612,2026-08-07,Fees,Branch,5,5
CMP_0004209,CUST_03150,2025-04-11,Service,Digital,16,2
CMP_0004210,CUST_01721,2022-05-23,KYC,Branch,53,4
CMP_0004211,CUST_03720,2025-12-29,Service,Phone,8,3
CMP_0004212,CUST_04895,2026-01-31,Fees,Branch,12,4
CMP_0004213,CUST_07791,2024-05-28,Service,Digital,7,4
CMP_0004214,CUST_08996,2022-11-24,Fees,Phone,3,3
CMP_0004215,CUST_08979,2022-02-28,Service,Digital,8,5
CMP_0004216,CUST_00042,2024-10-09,Fees,Digital,5,4
CMP_0004217,CUST_03442,2025-09-25,Fees,Digital,2,5
CMP_0004218,CUST_01255,2023-02-14,Service,Phone,6,5
CMP_0004219,CUST_08660,2023-09-09,Service,Digital,10,5
CMP_0004220,CUST_01846,2025-11-01,KYC,Digital,7,4
CMP_0004221,CUST_08766,2026-03-10,Fees,Phone,25,1
CMP_0004222,CUST_09637,2024-11-06,Fraud,Digital,13,4
CMP_0004223,CUST_07034,2026-06-07,Service,Branch,3,4
CMP_0004224,CUST_04975,2025-12-02,Service,Branch,7,5
CMP_0004225,CUST_09487,2023-07-08,KYC,Digital,4,3
CMP_0004226,CUST_04828,2023-09-26,KYC,Digital,1,1
CMP_0004227,CUST_02517,2025-07-17,Service,Branch,6,3
CMP_0004228,CUST_06190,2022-08-09,KYC,Phone,2,5
CMP_0004229,CUST_09985,2024-09-07,KYC,Phone,3,5
CMP_0004230,CUST_08286,2025-02-16,Fees,Branch,9,4
CMP_0004231,CUST_09637,2023-04-11,Fraud,Branch,4,3
CMP_0004232,CUST_00107,2024-08-14,Fraud,Digital,12,2
CMP_0004233,CUST_02786,2026-06-12,Fraud,Branch,4,5
CMP_0004234,CUST_03925,2024-11-06,KYC,Branch,4,4
CMP_0004235,CUST_09377,2025-04-26,KYC,Digital,8,4
CMP_0004236,CUST_02204,2025-05-28,Fees,Phone,6,5
CMP_0004237,CUST_07575,2022-09-24,Service,Phone,6,2
CMP_0004238,CUST_00071,2025-10-21,Fees,Phone,2,5
CMP_0004239,CUST_02226,2023-02-09,Service,Branch,14,3
CMP_0004240,CUST_00052,2022-01-22,KYC,Phone,9,5
CMP_0004241,CUST_03845,2024-05-22,Service,Branch,2,5
CMP_0004242,CUST_01066,2023-12-21,Fees,Phone,4,5
CMP_0004243,CUST_05339,2022-12-29,Fees,Phone,25,3
CMP_0004244,CUST_02875,2026-01-02,Fees,Digital,2,5
CMP_0004245,CUST_04528,2022-05-18,KYC,Branch,3,3
CMP_0004246,CUST_01599,2025-04-19,Fees,Phone,1,3
CMP_0004247,CUST_02973,2023-06-03,KYC,Branch,5,4
CMP_0004248,CUST_05365,2023-10-16,Fees,Phone,5,5
CMP_0004249,CUST_09981,2024-10-08,Fees,Phone,2,4
CMP_0004250,CUST_03559,2026-03-03,Service,Branch,4,3
CMP_0004251,CUST_09729,2022-01-30,Fees,Phone,14,3
CMP_0004252,CUST_03314,2023-02-17,KYC,Phone,8,5
CMP_0004253,CUST_01056,2024-03-18,KYC,Branch,8,4
CMP_0004254,CUST_03606,2022-06-14,Service,Digital,5,3
CMP_0004255,CUST_00951,2023-06-16,KYC,Branch,18,5
CMP_0004256,CUST_04261,2025-05-28,Service,Phone,12,4
CMP_0004257,CUST_02575,2022-06-15,Fees,Digital,4,4
CMP_0004258,CUST_03401,2022-11-24,Service,Digital,5,3
CMP_0004259,CUST_00475,2024-10-11,KYC,Phone,8,2
CMP_0004260,CUST_08212,2024-06-11,Fees,Branch,1,3
CMP_0004261,CUST_06965,2026-03-20,Fees,Digital,27,2
CMP_0004262,CUST_10099,2025-08-01,Service,Branch,7,5
CMP_0004263,CUST_05529,2024-08-21,Fees,Digital,4,4
CMP_0004264,CUST_02216,2023-12-28,Service,Branch,8,1
CMP_0004265,CUST_02266,2023-08-09,Fees,Branch,12,1
CMP_0004266,CUST_00468,2026-05-11,Service,Digital,23,4
CMP_0004267,CUST_06613,2024-05-11,Fraud,Digital,6,4
CMP_0004268,CUST_05654,2023-07-21,Fees,Phone,4,5
CMP_0004269,CUST_00227,2026-05-10,Fees,Branch,9,3
CMP_0004270,CUST_00344,2025-09-20,Fees,Branch,4,4
CMP_0004271,CUST_08383,2024-05-21,Fees,Branch,6,4
CMP_0004272,CUST_01738,2022-02-01,Fees,Branch,14,3
CMP_0004273,CUST_03154,2025-09-08,Fees,Digital,2,4
CMP_0004274,CUST_09371,2025-01-03,Service,Digital,5,2
CMP_0004275,CUST_09446,2024-02-10,Fraud,Branch,15,4
CMP_0004276,CUST_04784,2024-05-25,Fees,Phone,14,4
CMP_0004277,CUST_05260,2024-02-09,Fees,Phone,6,4
CMP_0004278,CUST_05350,2025-12-14,Fees,Phone,7,5
CMP_0004279,CUST_09680,2023-03-05,Fees,Branch,3,1
CMP_0004280,CUST_07195,2026-07-30,Fees,Branch,6,1
CMP_0004281,CUST_03005,2024-09-05,Service,Digital,10,5
CMP_0004282,CUST_03129,2022-06-17,Service,Branch,3,5
CMP_0004283,CUST_03972,2023-11-21,Fees,Digital,4,5
CMP_0004284,CUST_05038,2025-11-30,Fraud,Digital,3,2
CMP_0004285,CUST_06739,2026-01-31,Fees,Branch,7,3
CMP_0004286,CUST_06826,2024-09-19,Fees,Branch,49,3
CMP_0004287,CUST_07894,2023-10-16,KYC,Digital,11,4
CMP_0004288,CUST_05425,2022-11-06,KYC,Phone,1,2
CMP_0004289,CUST_08996,2026-05-31,Service,Branch,9,5
CMP_0004290,CUST_01498,2024-01-12,Fees,Branch,3,2
CMP_0004291,CUST_10102,2026-01-18,Service,Phone,12,5
CMP_0004292,CUST_04692,2025-10-25,Service,Phone,10,3
CMP_0004293,CUST_00020,2023-05-17,Fees,Branch,8,5
CMP_0004294,CUST_09333,2022-04-02,Fees,Digital,3,3
CMP_0004295,CUST_07579,2024-10-02,Fees,Digital,5,4
CMP_0004296,CUST_08584,2026-02-06,Fraud,Phone,5,5
CMP_0004297,CUST_07129,2025-03-14,Service,Digital,6,4
CMP_0004298,CUST_00976,2025-05-09,Fees,Branch,6,2
CMP_0004299,CUST_00577,2025-06-23,Service,Branch,6,3
CMP_0004300,CUST_08685,2022-11-11,Service,Phone,4,1
CMP_0004301,CUST_07890,2026-04-13,Fraud,Phone,9,4
CMP_0004302,CUST_05957,2023-05-09,Service,Digital,57,5
CMP_0004303,CUST_01763,2023-04-20,Fees,Digital,6,4
CMP_0004304,CUST_06813,2023-05-31,Service,Digital,8,4
CMP_0004305,CUST_00368,2022-12-13,KYC,Phone,3,2
CMP_0004306,CUST_00363,2025-12-24,Service,Branch,15,4
CMP_0004307,CUST_00675,2023-01-06,KYC,Digital,5,4
CMP_0004308,CUST_03369,2026-05-16,Service,Phone,8,4
CMP_0004309,CUST_00383,2023-07-29,Fees,Branch,4,2
CMP_0004310,CUST_00714,2023-01-25,Fees,Digital,5,5
CMP_0004311,CUST_03587,2024-01-30,KYC,Digital,7,3
CMP_0004312,CUST_09698,2024-12-26,Service,Branch,20,4
CMP_0004313,CUST_04386,2024-09-26,Service,Phone,49,4
CMP_0004314,CUST_10198,2023-04-05,Service,Digital,4,4
CMP_0004315,CUST_07663,2023-06-12,Fees,Digital,1,4
CMP_0004316,CUST_02106,2022-02-06,Service,Digital,7,4
CMP_0004317,CUST_01077,2022-10-12,Service,Branch,9,5
CMP_0004318,CUST_00716,2023-03-27,KYC,Phone,4,4
CMP_0004319,CUST_09441,2023-04-18,Service,Branch,1,5
CMP_0004320,CUST_03077,2023-01-30,Fraud,Phone,10,4
CMP_0004321,CUST_01053,2023-06-02,KYC,Digital,14,4
CMP_0004322,CUST_06950,2024-03-10,Fees,Branch,7,3
CMP_0004323,CUST_02672,2022-04-16,KYC,Branch,14,4
CMP_0004324,CUST_00652,2025-03-04,Fees,Branch,9,5
CMP_0004325,CUST_03476,2025-02-01,Fraud,Phone,8,3
CMP_0004326,CUST_01092,2025-03-10,Service,Branch,53,5
CMP_0004327,CUST_08859,2026-03-11,Service,Phone,8,5
CMP_0004328,CUST_02677,2025-01-04,Service,Branch,2,5
CMP_0004329,CUST_03378,2025-10-11,KYC,Branch,1,5
CMP_0004330,CUST_01463,2023-01-25,Service,Digital,7,5
CMP_0004331,CUST_09259,2025-04-14,Fees,Digital,1,2
CMP_0004332,CUST_06559,2024-04-08,Service,Phone,14,5
CMP_0004333,CUST_04647,2022-10-24,Fees,Digital,1,5
CMP_0004334,CUST_05782,2023-04-27,Fees,Phone,8,1
CMP_0004335,CUST_01939,2023-02-24,Fees,Phone,10,2
CMP_0004336,CUST_05659,2024-06-02,KYC,Phone,6,3
CMP_0004337,CUST_06246,2022-03-22,Fees,Branch,51,4
CMP_0004338,CUST_04562,2024-03-09,KYC,Phone,2,2
CMP_0004339,CUST_02448,2026-05-30,Service,Phone,3,4
CMP_0004340,CUST_00944,2022-08-25,Fees,Digital,2,5
CMP_0004341,CUST_02072,2023-01-03,Fees,Branch,13,4
CMP_0004342,CUST_01183,2025-09-03,Service,Branch,13,5
CMP_0004343,CUST_06328,2026-07-12,KYC,Phone,3,4
CMP_0004344,CUST_02824,2022-06-30,Service,Branch,4,3
CMP_0004345,CUST_09674,2022-05-28,Fraud,Phone,8,2
CMP_0004346,CUST_04268,2025-05-24,KYC,Branch,8,4
CMP_0004347,CUST_05850,2026-04-12,Service,Digital,54,5
CMP_0004348,CUST_05978,2024-07-18,KYC,Branch,8,2
CMP_0004349,CUST_09404,2024-08-21,KYC,Branch,1,3
CMP_0004350,CUST_10036,2024-09-06,Fees,Phone,2,4
CMP_0004351,CUST_05548,2024-03-14,KYC,Phone,2,4
CMP_0004352,CUST_02477,2023-09-22,Service,Branch,4,5
CMP_0004353,CUST_07525,2024-09-18,Fees,Digital,3,2
CMP_0004354,CUST_07569,2025-10-04,Fees,Digital,2,5
CMP_0004355,CUST_06367,2023-11-03,Service,Digital,3,5
CMP_0004356,CUST_06203,2022-10-21,Fees,Digital,12,5
CMP_0004357,CUST_03271,2022-12-15,Fraud,Phone,2,3
CMP_0004358,CUST_00141,2023-07-04,Fees,Digital,2,4
CMP_0004359,CUST_08376,2022-05-04,KYC,Phone,3,4
CMP_0004360,CUST_04917,2024-06-22,Fees,Phone,4,5
CMP_0004361,CUST_05862,2023-12-07,Service,Digital,4,4
CMP_0004362,CUST_07290,2026-05-31,Fees,Digital,11,4
CMP_0004363,CUST_10006,2024-08-15,Service,Digital,12,4
CMP_0004364,CUST_09282,2023-04-20,Service,Phone,2,5
CMP_0004365,CUST_02257,2022-04-23,Fees,Branch,10,4
CMP_0004366,CUST_05735,2024-12-30,Fraud,Branch,5,3
CMP_0004367,CUST_06325,2026-02-23,Fees,Phone,10,1
CMP_0004368,CUST_00716,2026-08-04,Service,Branch,3,5
CMP_0004369,CUST_03602,2023-01-02,Service,Digital,68,5
CMP_0004370,CUST_06391,2023-06-08,Service,Branch,11,4
CMP_0004371,CUST_01595,2025-08-09,Fees,Digital,5,2
CMP_0004372,CUST_07665,2023-05-27,Fees,Digital,8,3
CMP_0004373,CUST_00434,2025-11-21,Service,Phone,2,2
CMP_0004374,CUST_10157,2026-06-28,KYC,Digital,7,5
CMP_0004375,CUST_10090,2026-05-22,Service,Phone,6,2
CMP_0004376,CUST_01492,2023-11-17,Service,Phone,10,2
CMP_0004377,CUST_10139,2022-08-04,Fees,Phone,3,1
CMP_0004378,CUST_02654,2023-12-24,Service,Phone,1,3
CMP_0004379,CUST_07264,2022-04-03,Service,Branch,8,5
CMP_0004380,CUST_00629,2026-07-17,Fees,Phone,6,1
CMP_0004381,CUST_04521,2023-09-24,KYC,Branch,3,3
CMP_0004382,CUST_03777,2023-01-01,Fraud,Digital,3,4
CMP_0004383,CUST_04056,2024-02-14,Fraud,Digital,8,4
CMP_0004384,CUST_06273,2024-12-04,Fees,Phone,21,5
CMP_0004385,CUST_04903,2024-07-11,Fees,Phone,2,4
CMP_0004386,CUST_01778,2026-03-23,Service,Phone,3,2
CMP_0004387,CUST_03405,2025-12-06,Fraud,Branch,14,4
CMP_0004388,CUST_10008,2022-01-31,Service,Phone,2,2
CMP_0004389,CUST_05882,2024-05-29,Service,Branch,2,3
CMP_0004390,CUST_04260,2025-03-18,Service,Branch,16,3
CMP_0004391,CUST_08883,2025-09-23,Service,Branch,8,5
CMP_0004392,CUST_05144,2023-11-03,Service,Digital,1,2
CMP_0004393,CUST_07994,2022-07-17,KYC,Digital,8,3
CMP_0004394,CUST_03350,2025-05-10,KYC,Phone,8,5
CMP_0004395,CUST_02455,2023-09-21,Fees,Branch,1,5
CMP_0004396,CUST_09935,2023-05-01,Fraud,Digital,1,4
CMP_0004397,CUST_05295,2025-01-06,Fees,Phone,11,3
CMP_0004398,CUST_04128,2025-05-08,Fees,Branch,6,4
CMP_0004399,CUST_05418,2023-07-26,Fees,Phone,5,5
CMP_0004400,CUST_01488,2025-06-04,Service,Digital,4,3
CMP_0004401,CUST_05950,2024-08-14,Fees,Digital,9,4
CMP_0004402,CUST_05013,2025-11-16,Service,Branch,5,4
CMP_0004403,CUST_01240,2024-03-13,Service,Phone,7,4
CMP_0004404,CUST_02935,2024-07-20,KYC,Digital,8,4
CMP_0004405,CUST_07593,2022-05-16,Fees,Branch,12,5
CMP_0004406,CUST_07826,2024-09-17,Service,Branch,10,2
CMP_0004407,CUST_06198,2022-02-16,Fees,Branch,11,2
CMP_0004408,CUST_08745,2023-03-11,KYC,Digital,6,5
CMP_0004409,CUST_05403,2026-05-13,Fraud,Phone,10,4
CMP_0004410,CUST_00343,2025-03-29,Service,Phone,5,2
CMP_0004411,CUST_07299,2022-05-28,Service,Phone,4,5
CMP_0004412,CUST_09271,2026-02-22,KYC,Digital,7,3
CMP_0004413,CUST_09399,2022-03-20,Fees,Phone,12,5
CMP_0004414,CUST_05166,2023-10-25,Service,Phone,9,4
CMP_0004415,CUST_00220,2025-05-20,Service,Phone,11,4
CMP_0004416,CUST_01021,2024-03-08,Fees,Digital,27,4
CMP_0004417,CUST_07788,2023-08-21,KYC,Digital,5,3
CMP_0004418,CUST_03262,2023-09-11,Fees,Branch,4,4
CMP_0004419,CUST_09042,2022-01-11,Fees,Branch,2,1
CMP_0004420,CUST_05520,2025-01-13,Fees,Phone,6,4
CMP_0004421,CUST_04821,2026-07-18,Service,Branch,1,4
CMP_0004422,CUST_00036,2026-04-30,Service,Branch,5,4
CMP_0004423,CUST_02900,2025-01-17,KYC,Branch,1,4
CMP_0004424,CUST_05943,2022-09-14,KYC,Branch,69,1
CMP_0004425,CUST_07069,2025-06-24,Service,Phone,3,4
CMP_0004426,CUST_07236,2025-06-26,Fees,Phone,17,5
CMP_0004427,CUST_03111,2024-10-17,Service,Digital,54,2
CMP_0004428,CUST_07828,2022-02-22,KYC,Digital,10,4
CMP_0004429,CUST_07366,2024-06-24,Service,Digital,3,4
CMP_0004430,CUST_02304,2024-06-09,Service,Phone,9,5
CMP_0004431,CUST_00636,2022-10-28,Fraud,Branch,23,5
CMP_0004432,CUST_07690,2026-08-07,Fees,Branch,2,5
CMP_0004433,CUST_04821,2024-12-19,Service,Digital,17,5
CMP_0004434,CUST_04685,2025-11-20,Service,Digital,6,5
CMP_0004435,CUST_04295,2022-09-04,Service,Digital,12,3
CMP_0004436,CUST_09955,2022-10-14,Fees,Phone,75,3
CMP_0004437,CUST_06963,2022-03-21,Service,Phone,4,1
CMP_0004438,CUST_09377,2022-02-03,Service,Branch,5,3
CMP_0004439,CUST_09112,2026-03-09,Service,Digital,1,4
CMP_0004440,CUST_05217,2023-03-28,KYC,Branch,12,5
CMP_0004441,CUST_07190,2022-12-10,Service,Branch,3,5
CMP_0004442,CUST_02319,2022-01-12,Fees,Phone,8,4
CMP_0004443,CUST_08667,2023-12-10,Fees,Digital,18,2
CMP_0004444,CUST_03361,2023-03-12,Fees,Phone,7,2
CMP_0004445,CUST_00200,2024-02-22,Fraud,Phone,6,4
CMP_0004446,CUST_07170,2023-02-23,Fees,Digital,8,1
CMP_0004447,CUST_08619,2025-11-08,Service,Digital,51,3
CMP_0004448,CUST_03749,2023-07-27,Fees,Phone,8,2
CMP_0004449,CUST_06625,2023-08-06,Service,Digital,13,5
CMP_0004450,CUST_07181,2022-05-05,Fraud,Phone,7,5
CMP_0004451,CUST_01008,2025-03-14,Fees,Digital,4,5
CMP_0004452,CUST_00009,2026-02-06,Service,Phone,1,3
CMP_0004453,CUST_02865,2023-08-11,KYC,Digital,3,5
CMP_0004454,CUST_04598,2026-02-24,Fees,Branch,71,3
CMP_0004455,CUST_04676,2023-12-02,Fees,Branch,1,4
CMP_0004456,CUST_07050,2025-10-15,Fees,Branch,1,2
CMP_0004457,CUST_06642,2024-01-19,Fees,Phone,1,5
CMP_0004458,CUST_01967,2023-09-03,Fees,Phone,5,4
CMP_0004459,CUST_02310,2026-01-16,Service,Branch,9,4
CMP_0004460,CUST_00539,2024-01-07,Service,Branch,1,2
CMP_0004461,CUST_07971,2022-11-09,Service,Digital,11,5
CMP_0004462,CUST_00919,2024-10-04,Fees,Phone,4,4
CMP_0004463,CUST_08740,2025-07-09,Service,Digital,11,3
CMP_0004464,CUST_09860,2025-12-16,Fees,Branch,6,3
CMP_0004465,CUST_07577,2025-05-11,Fees,Digital,8,3
CMP_0004466,CUST_04024,2025-01-23,Service,Digital,2,3
CMP_0004467,CUST_07491,2022-04-04,Fees,Branch,3,5
CMP_0004468,CUST_09530,2023-03-06,Service,Branch,8,4
CMP_0004469,CUST_05874,2022-12-05,Service,Phone,5,4
CMP_0004470,CUST_08098,2025-12-13,Service,Phone,51,4
CMP_0004471,CUST_08484,2023-12-17,Service,Digital,5,1
CMP_0004472,CUST_02772,2025-12-02,Fees,Phone,5,2
CMP_0004473,CUST_05872,2022-08-21,Service,Branch,4,3
CMP_0004474,CUST_03883,2025-07-10,Service,Branch,7,2
CMP_0004475,CUST_07804,2026-03-31,Fees,Digital,4,3
CMP_0004476,CUST_01791,2023-05-28,Fraud,Digital,1,4
CMP_0004477,CUST_05804,2023-03-27,Fraud,Phone,5,5
CMP_0004478,CUST_02949,2023-08-19,Fees,Phone,7,5
CMP_0004479,CUST_10014,2026-01-05,Fees,Phone,1,5
CMP_0004480,CUST_00442,2022-06-17,Fees,Digital,13,4
CMP_0004481,CUST_07649,2026-08-10,Service,Phone,14,4
CMP_0004482,CUST_01002,2023-07-14,Fraud,Phone,3,1
CMP_0004483,CUST_06057,2025-08-24,Service,Phone,5,3
CMP_0004484,CUST_06490,2025-03-16,KYC,Digital,4,4
CMP_0004485,CUST_03103,2022-05-05,Service,Branch,6,5
CMP_0004486,CUST_03872,2026-06-26,Service,Digital,6,4
CMP_0004487,CUST_05675,2026-02-07,Fees,Branch,1,4
CMP_0004488,CUST_08621,2023-05-17,Service,Digital,12,5
CMP_0004489,CUST_04506,2026-07-10,KYC,Phone,3,2
CMP_0004490,CUST_03032,2024-07-25,KYC,Phone,8,3
CMP_0004491,CUST_03714,2025-10-24,KYC,Digital,17,4
CMP_0004492,CUST_03475,2023-03-29,Fees,Branch,12,5
CMP_0004493,CUST_09363,2023-11-26,Service,Branch,10,3
CMP_0004494,CUST_00122,2022-06-23,KYC,Branch,9,4
CMP_0004495,CUST_01058,2025-06-08,Fees,Branch,3,5
CMP_0004496,CUST_07234,2024-10-13,Service,Digital,12,1
CMP_0004497,CUST_04558,2022-11-05,Service,Phone,3,5
CMP_0004498,CUST_09270,2026-05-03,Fees,Branch,1,5
CMP_0004499,CUST_05659,2026-02-13,Fraud,Phone,3,4
CMP_0004500,CUST_04689,2025-01-17,Service,Branch,19,3
CMP_0004501,CUST_04822,2024-10-23,Service,Branch,14,4
CMP_0004502,CUST_06592,2023-04-14,Service,Branch,3,5
CMP_0004503,CUST_03612,2025-01-05,Service,Phone,4,2
CMP_0004504,CUST_05109,2024-04-10,Service,Branch,4,5
CMP_0004505,CUST_02590,2022-12-20,Fees,Phone,13,3
CMP_0004506,CUST_05851,2022-10-21,Fees,Digital,6,5
CMP_0004507,CUST_04849,2026-05-15,Service,Phone,9,4
CMP_0004508,CUST_06885,2026-05-12,KYC,Branch,7,4
CMP_0004509,CUST_08514,2023-02-01,Service,Digital,8,3
CMP_0004510,CUST_04348,2023-04-19,Service,Digital,3,3
CMP_0004511,CUST_05509,2025-04-19,Fees,Digital,4,4
CMP_0004512,CUST_01074,2026-02-15,KYC,Digital,6,3
CMP_0004513,CUST_01911,2022-08-07,Fees,Branch,5,4
CMP_0004514,CUST_09554,2023-12-04,Fraud,Branch,6,5
CMP_0004515,CUST_02082,2023-11-25,KYC,Phone,10,1
CMP_0004516,CUST_02539,2023-09-05,Service,Digital,6,4
CMP_0004517,CUST_03928,2026-07-25,Service,Digital,6,5
CMP_0004518,CUST_06321,2026-03-19,Service,Digital,2,2
CMP_0004519,CUST_05839,2025-05-14,Service,Digital,6,4
CMP_0004520,CUST_04946,2026-02-05,Fees,Digital,1,5
CMP_0004521,CUST_01135,2026-01-03,Fees,Branch,12,5
CMP_0004522,CUST_08579,2026-03-15,Service,Phone,7,4
CMP_0004523,CUST_08488,2022-12-30,KYC,Phone,8,4
CMP_0004524,CUST_04472,2025-06-18,Service,Digital,6,5
CMP_0004525,CUST_02398,2022-02-28,Service,Branch,6,4
CMP_0004526,CUST_01925,2024-03-20,Fraud,Branch,4,5
CMP_0004527,CUST_04342,2024-09-09,Service,Phone,4,4
CMP_0004528,CUST_09442,2022-03-15,KYC,Digital,1,3
CMP_0004529,CUST_04141,2025-08-01,Fees,Phone,12,5
CMP_0004530,CUST_05676,2025-08-03,KYC,Digital,4,4
CMP_0004531,CUST_06469,2025-10-04,Fees,Phone,1,3
CMP_0004532,CUST_02342,2024-07-04,KYC,Digital,2,5
CMP_0004533,CUST_02823,2025-06-15,Service,Phone,3,5
CMP_0004534,CUST_00152,2025-11-09,Fees,Digital,10,5
CMP_0004535,CUST_00481,2023-05-18,Service,Branch,6,3
CMP_0004536,CUST_09258,2026-08-02,Fees,Branch,2,4
CMP_0004537,CUST_02573,2024-10-19,Service,Digital,10,4
CMP_0004538,CUST_01916,2022-02-23,KYC,Digital,8,4
CMP_0004539,CUST_08264,2024-02-10,Service,Digital,5,5
CMP_0004540,CUST_00834,2022-03-01,Service,Digital,15,4
CMP_0004541,CUST_03872,2024-06-03,Fees,Digital,12,3
CMP_0004542,CUST_04501,2026-04-08,Service,Phone,12,1
CMP_0004543,CUST_05889,2024-11-30,Fees,Phone,15,4
CMP_0004544,CUST_00170,2024-04-17,Service,Digital,4,2
CMP_0004545,CUST_05599,2026-07-21,KYC,Digital,5,5
CMP_0004546,CUST_03908,2022-02-26,KYC,Digital,2,5
CMP_0004547,CUST_08103,2026-01-22,Service,Digital,5,5
CMP_0004548,CUST_03699,2025-03-05,Service,Branch,1,4
CMP_0004549,CUST_01807,2022-11-30,Fees,Branch,16,3
CMP_0004550,CUST_08701,2025-03-04,Fees,Branch,12,4
CMP_0004551,CUST_05458,2025-12-16,Service,Phone,4,3
CMP_0004552,CUST_08099,2022-10-19,Fraud,Phone,4,5
CMP_0004553,CUST_09359,2025-02-18,Fees,Digital,6,5
CMP_0004554,CUST_05591,2026-08-04,KYC,Branch,4,5
CMP_0004555,CUST_00504,2023-10-29,KYC,Digital,2,5
CMP_0004556,CUST_05954,2023-12-06,Service,Branch,5,5
CMP_0004557,CUST_07206,2024-07-26,Fraud,Branch,3,1
CMP_0004558,CUST_06124,2023-07-05,Fees,Digital,10,4
CMP_0004559,CUST_01613,2024-05-30,Fraud,Digital,3,5
CMP_0004560,CUST_06225,2022-12-29,Service,Phone,4,4
CMP_0004561,CUST_08851,2025-08-10,Service,Digital,5,5
CMP_0004562,CUST_03974,2026-04-18,Service,Phone,3,3
CMP_0004563,CUST_06926,2022-01-02,Fees,Digital,21,5
CMP_0004564,CUST_07500,2025-09-18,Service,Digital,1,4
CMP_0004565,CUST_08610,2022-02-28,Fees,Branch,5,4
CMP_0004566,CUST_08721,2024-10-14,Service,Digital,7,3
CMP_0004567,CUST_03625,2022-12-04,Service,Phone,7,5
CMP_0004568,CUST_07289,2025-10-13,KYC,Phone,7,4
CMP_0004569,CUST_02417,2024-11-16,KYC,Branch,1,4
CMP_0004570,CUST_05500,2023-01-09,Fraud,Phone,18,5
CMP_0004571,CUST_09655,2026-05-15,Fees,Digital,3,4
CMP_0004572,CUST_08795,2024-07-27,Fees,Branch,15,5
CMP_0004573,CUST_05262,2026-06-05,Service,Branch,2,4
CMP_0004574,CUST_01826,2022-12-01,Service,Phone,6,5
CMP_0004575,CUST_05440,2023-03-13,KYC,Phone,13,5
CMP_0004576,CUST_08955,2024-01-11,Fees,Digital,6,4
CMP_0004577,CUST_01025,2024-09-04,KYC,Branch,5,1
CMP_0004578,CUST_06876,2025-12-26,Fees,Branch,19,4
CMP_0004579,CUST_03894,2022-01-05,Fees,Digital,5,4
CMP_0004580,CUST_00465,2023-07-14,Fees,Branch,8,2
CMP_0004581,CUST_03010,2024-02-03,Fraud,Digital,2,3
CMP_0004582,CUST_07260,2025-11-10,Service,Digital,6,4
CMP_0004583,CUST_00489,2022-07-22,Service,Digital,4,4
CMP_0004584,CUST_00251,2022-12-18,Fees,Phone,54,2
CMP_0004585,CUST_10176,2025-11-21,Service,Branch,2,2
CMP_0004586,CUST_09072,2025-11-25,Fees,Phone,15,5
CMP_0004587,CUST_07704,2022-11-25,Fees,Phone,3,5
CMP_0004588,CUST_07042,2025-09-12,Service,Digital,8,4
CMP_0004589,CUST_05488,2023-08-08,KYC,Phone,5,1
CMP_0004590,CUST_08791,2026-05-26,Fees,Digital,8,5
CMP_0004591,CUST_08256,2023-02-02,Service,Digital,3,1
CMP_0004592,CUST_01312,2024-11-20,Fees,Phone,1,4
CMP_0004593,CUST_03016,2025-07-07,Service,Branch,18,1
CMP_0004594,CUST_01085,2022-09-23,Fees,Digital,1,3
CMP_0004595,CUST_03684,2025-10-06,Fraud,Phone,4,3
CMP_0004596,CUST_08879,2023-05-26,Service,Digital,36,5
CMP_0004597,CUST_02816,2026-03-17,Fees,Branch,50,4
CMP_0004598,CUST_00019,2023-02-10,Fees,Digital,14,4
CMP_0004599,CUST_01328,2026-08-01,Service,Branch,2,5
CMP_0004600,CUST_05328,2025-02-28,Service,Digital,4,5
CMP_0004601,CUST_08697,2022-09-19,KYC,Phone,14,4
CMP_0004602,CUST_09460,2026-04-16,Service,Digital,1,2
CMP_0004603,CUST_03271,2023-10-09,Fees,Phone,6,4
CMP_0004604,CUST_01373,2026-02-27,Fees,Digital,6,4
CMP_0004605,CUST_04263,2022-08-24,KYC,Phone,5,4
CMP_0004606,CUST_04761,2026-05-30,Service,Phone,16,4
CMP_0004607,CUST_06623,2023-10-12,Service,Branch,8,5
CMP_0004608,CUST_01459,2025-10-19,KYC,Phone,6,4
CMP_0004609,CUST_04106,2022-04-22,Service,Phone,2,5
CMP_0004610,CUST_01563,2023-12-13,Fees,Digital,1,4
CMP_0004611,CUST_00958,2024-06-13,Fraud,Digital,3,4
CMP_0004612,CUST_02370,2025-12-23,Service,Phone,3,5
CMP_0004613,CUST_04614,2025-04-30,KYC,Digital,10,3
CMP_0004614,CUST_08692,2023-11-08,Service,Digital,3,2
CMP_0004615,CUST_03634,2024-04-09,Fees,Digital,4,4
CMP_0004616,CUST_07254,2025-10-07,KYC,Digital,7,5
CMP_0004617,CUST_04593,2026-08-03,Service,Branch,2,2
CMP_0004618,CUST_03398,2022-03-20,Service,Phone,11,4
CMP_0004619,CUST_05589,2024-07-07,Fees,Phone,1,2
CMP_0004620,CUST_03901,2026-05-02,Fraud,Digital,6,2
CMP_0004621,CUST_01546,2026-02-12,Fraud,Phone,2,4
CMP_0004622,CUST_05965,2022-02-14,Service,Phone,3,2
CMP_0004623,CUST_10049,2024-01-10,Fees,Digital,11,4
CMP_0004624,CUST_01117,2025-11-08,Fraud,Branch,6,5
CMP_0004625,CUST_00654,2022-05-25,KYC,Branch,6,3
CMP_0004626,CUST_03809,2025-04-19,Fraud,Phone,5,3
CMP_0004627,CUST_06429,2022-05-17,Service,Digital,9,2
CMP_0004628,CUST_02204,2024-10-07,Fees,Branch,2,3
CMP_0004629,CUST_05195,2026-02-02,Service,Digital,2,3
CMP_0004630,CUST_06440,2023-07-02,KYC,Branch,3,2
CMP_0004631,CUST_08211,2023-06-16,Service,Phone,5,3
CMP_0004632,CUST_05076,2025-10-28,Fees,Branch,4,4
CMP_0004633,CUST_07427,2026-07-16,Service,Phone,2,5
CMP_0004634,CUST_06496,2024-12-16,Fees,Phone,6,4
CMP_0004635,CUST_06519,2025-10-05,KYC,Branch,9,4
CMP_0004636,CUST_01516,2022-12-15,Service,Digital,20,5
CMP_0004637,CUST_08784,2024-03-08,Fees,Phone,3,2
CMP_0004638,CUST_03769,2023-04-25,Fees,Branch,1,4
CMP_0004639,CUST_07568,2022-02-28,Fees,Branch,3,4
CMP_0004640,CUST_09576,2025-06-19,Service,Phone,2,5
CMP_0004641,CUST_00229,2023-09-12,Fees,Branch,6,3
CMP_0004642,CUST_04321,2023-02-12,Fraud,Phone,5,4
CMP_0004643,CUST_00004,2023-04-17,Service,Digital,1,5
CMP_0004644,CUST_08674,2022-10-10,Service,Phone,3,4
CMP_0004645,CUST_04312,2022-03-24,KYC,Digital,2,4
CMP_0004646,CUST_03211,2025-04-05,Fees,Digital,14,3
CMP_0004647,CUST_09914,2024-07-12,Fees,Branch,6,5
CMP_0004648,CUST_02895,2022-02-21,Fees,Branch,15,2
CMP_0004649,CUST_00473,2025-10-16,Service,Phone,39,4
CMP_0004650,CUST_06902,2023-07-31,Service,Branch,8,4
CMP_0004651,CUST_00790,2022-11-17,Service,Branch,3,4
CMP_0004652,CUST_04104,2025-01-17,Fraud,Digital,2,3
CMP_0004653,CUST_07840,2024-01-12,Service,Branch,11,2
CMP_0004654,CUST_05094,2025-07-20,Service,Branch,1,5
CMP_0004655,CUST_08199,2024-02-08,Service,Branch,27,5
CMP_0004656,CUST_08225,2024-06-24,Fees,Phone,7,3
CMP_0004657,CUST_06150,2023-01-12,Fees,Digital,12,5
CMP_0004658,CUST_09559,2025-05-16,Fees,Branch,6,5
CMP_0004659,CUST_08761,2022-04-18,Fees,Digital,63,4
CMP_0004660,CUST_02727,2025-03-29,Service,Branch,6,4
CMP_0004661,CUST_00764,2022-08-23,Service,Phone,1,5
CMP_0004662,CUST_09728,2023-03-06,Fees,Branch,1,5
CMP_0004663,CUST_01478,2022-10-30,Fees,Branch,5,4
CMP_0004664,CUST_06171,2022-08-08,Fees,Digital,6,3
CMP_0004665,CUST_05660,2024-03-03,KYC,Digital,44,5
CMP_0004666,CUST_09736,2024-12-29,KYC,Phone,4,2
CMP_0004667,CUST_03670,2025-03-10,Fees,Digital,65,5
CMP_0004668,CUST_05481,2022-08-15,Fees,Phone,9,3
CMP_0004669,CUST_09278,2024-09-07,Service,Phone,1,3
CMP_0004670,CUST_06877,2022-02-17,KYC,Phone,5,4
CMP_0004671,CUST_03129,2022-12-17,Fees,Branch,5,4
CMP_0004672,CUST_04288,2026-07-27,Service,Digital,10,4
CMP_0004673,CUST_05109,2023-02-10,Fees,Phone,14,4
CMP_0004674,CUST_07409,2026-06-12,Fees,Digital,4,4
CMP_0004675,CUST_00251,2024-08-03,KYC,Branch,14,4
CMP_0004676,CUST_06292,2026-04-26,Service,Phone,4,5
CMP_0004677,CUST_03802,2023-07-10,Service,Phone,21,5
CMP_0004678,CUST_09245,2024-05-17,Fees,Branch,17,2
CMP_0004679,CUST_07259,2025-01-30,Service,Branch,18,5
CMP_0004680,CUST_07038,2025-10-26,KYC,Branch,14,5
CMP_0004681,CUST_10061,2026-03-21,KYC,Branch,2,2
CMP_0004682,CUST_07203,2026-02-28,KYC,Phone,15,5
CMP_0004683,CUST_06588,2025-06-14,Service,Phone,9,1
CMP_0004684,CUST_06654,2024-02-19,Service,Phone,10,3
CMP_0004685,CUST_00659,2026-02-01,Fees,Phone,10,5
CMP_0004686,CUST_04902,2025-06-13,Fees,Phone,8,4
CMP_0004687,CUST_04437,2026-08-09,Service,Branch,4,5
CMP_0004688,CUST_08414,2025-08-05,Service,Phone,7,5
CMP_0004689,CUST_05722,2024-09-06,Fees,Digital,7,5
CMP_0004690,CUST_02975,2022-10-24,Service,Digital,9,5
CMP_0004691,CUST_02298,2026-05-19,Fees,Branch,3,5
CMP_0004692,CUST_02340,2024-03-01,Fees,Branch,5,4
CMP_0004693,CUST_02079,2025-03-26,Fraud,Branch,5,4
CMP_0004694,CUST_09023,2022-02-24,Service,Digital,7,3
CMP_0004695,CUST_03194,2022-12-26,Service,Phone,1,5
CMP_0004696,CUST_07399,2022-11-04,Fees,Digital,1,4
CMP_0004697,CUST_09501,2023-11-22,Fees,Branch,2,4
CMP_0004698,CUST_00955,2023-06-06,Fraud,Phone,13,4
CMP_0004699,CUST_05969,2023-12-29,Service,Phone,3,2
CMP_0004700,CUST_08031,2023-12-08,Fees,Phone,5,5
CMP_0004701,CUST_05492,2022-10-02,Fees,Branch,1,4
CMP_0004702,CUST_08515,2025-09-01,Fraud,Phone,8,5
CMP_0004703,CUST_05852,2024-09-26,Service,Phone,6,4
CMP_0004704,CUST_09740,2026-04-02,Service,Digital,6,4
CMP_0004705,CUST_01488,2022-09-03,Fees,Branch,17,5
CMP_0004706,CUST_02122,2022-03-01,KYC,Digital,1,5
CMP_0004707,CUST_04993,2024-01-19,Fees,Branch,10,5
CMP_0004708,CUST_02762,2025-11-12,Fees,Branch,2,5
CMP_0004709,CUST_10005,2025-05-14,Service,Branch,1,4
CMP_0004710,CUST_05702,2022-03-11,Fees,Digital,2,2
CMP_0004711,CUST_04207,2022-10-19,Service,Phone,6,5
CMP_0004712,CUST_09135,2024-11-14,KYC,Phone,2,5
CMP_0004713,CUST_05416,2024-10-21,KYC,Phone,2,5
CMP_0004714,CUST_00822,2022-11-08,Service,Digital,18,2
CMP_0004715,CUST_08179,2025-09-25,Service,Digital,14,3
CMP_0004716,CUST_05504,2024-11-04,Service,Branch,6,4
CMP_0004717,CUST_07672,2024-08-01,Fees,Digital,3,4
CMP_0004718,CUST_07829,2025-02-03,Service,Phone,4,5
CMP_0004719,CUST_09914,2025-10-17,Fees,Digital,10,2
CMP_0004720,CUST_05481,2022-11-29,Service,Branch,6,4
CMP_0004721,CUST_00508,2025-10-31,Service,Branch,3,4
CMP_0004722,CUST_00989,2024-04-12,Fees,Phone,8,4
CMP_0004723,CUST_07193,2026-06-23,Service,Branch,2,5
CMP_0004724,CUST_09822,2023-06-08,Service,Phone,2,3
CMP_0004725,CUST_08016,2026-01-07,Fraud,Branch,5,5
CMP_0004726,CUST_10170,2025-07-21,Service,Digital,19,3
CMP_0004727,CUST_01711,2024-08-24,Service,Phone,4,3
CMP_0004728,CUST_04691,2023-08-30,Fees,Digital,3,2
CMP_0004729,CUST_00114,2022-05-17,KYC,Digital,3,4
CMP_0004730,CUST_05206,2025-01-02,Service,Phone,11,1
CMP_0004731,CUST_03068,2026-01-31,Fees,Digital,7,3
CMP_0004732,CUST_01363,2023-02-04,Fees,Branch,7,3
CMP_0004733,CUST_06586,2022-01-28,Service,Branch,13,3
CMP_0004734,CUST_04644,2023-01-22,Fraud,Phone,9,4
CMP_0004735,CUST_03047,2023-07-30,Fees,Phone,5,3
CMP_0004736,CUST_06319,2025-09-19,Fraud,Phone,7,5
CMP_0004737,CUST_03058,2025-08-26,Service,Phone,4,4
CMP_0004738,CUST_06033,2022-04-10,Fees,Branch,11,4
CMP_0004739,CUST_05317,2023-12-14,Fees,Branch,6,5
CMP_0004740,CUST_01343,2022-05-19,KYC,Phone,8,2
CMP_0004741,CUST_08408,2024-04-12,Service,Branch,9,4
CMP_0004742,CUST_09462,2026-04-26,KYC,Digital,15,3
CMP_0004743,CUST_01311,2022-03-24,Fees,Branch,3,5
CMP_0004744,CUST_05878,2024-09-03,Fees,Branch,60,1
CMP_0004745,CUST_03458,2025-06-08,Fees,Phone,8,5
CMP_0004746,CUST_09616,2022-03-08,KYC,Digital,6,2
CMP_0004747,CUST_04153,2024-05-01,Fees,Phone,12,5
CMP_0004748,CUST_01855,2025-06-21,KYC,Branch,4,3
CMP_0004749,CUST_00556,2025-10-19,Service,Branch,2,5
CMP_0004750,CUST_04030,2022-03-06,KYC,Phone,5,4
CMP_0004751,CUST_09551,2022-01-27,Service,Phone,2,3
CMP_0004752,CUST_07390,2026-03-16,Fees,Digital,1,4
CMP_0004753,CUST_05119,2024-10-28,KYC,Digital,4,3
CMP_0004754,CUST_05723,2024-03-21,Service,Digital,6,4
CMP_0004755,CUST_07611,2023-08-31,Fees,Branch,10,4
CMP_0004756,CUST_05143,2026-07-22,KYC,Phone,9,3
CMP_0004757,CUST_06789,2023-10-15,Fraud,Digital,4,3
CMP_0004758,CUST_06564,2024-08-14,Fees,Digital,11,4
CMP_0004759,CUST_05346,2025-09-02,Service,Digital,6,1
CMP_0004760,CUST_05587,2023-11-29,Service,Branch,2,4
CMP_0004761,CUST_07587,2023-01-16,Fees,Branch,1,5
CMP_0004762,CUST_03039,2026-08-03,Fees,Digital,4,5
CMP_0004763,CUST_01914,2022-02-11,Service,Phone,1,2
CMP_0004764,CUST_02335,2024-04-19,Fees,Digital,3,4
CMP_0004765,CUST_04987,2026-06-07,Fees,Branch,3,4
CMP_0004766,CUST_03678,2023-04-24,Service,Digital,4,4
CMP_0004767,CUST_05984,2026-02-22,Fees,Phone,4,4
CMP_0004768,CUST_07960,2025-10-27,Fees,Phone,9,5
CMP_0004769,CUST_04047,2022-07-14,Fraud,Phone,4,3
CMP_0004770,CUST_04535,2023-11-24,Service,Phone,4,2
CMP_0004771,CUST_04784,2023-12-02,Fees,Digital,6,3
CMP_0004772,CUST_07251,2022-02-01,Service,Phone,6,4
CMP_0004773,CUST_09443,2022-05-22,KYC,Phone,2,5
CMP_0004774,CUST_04289,2023-08-09,Service,Branch,2,5
CMP_0004775,CUST_08490,2026-05-01,KYC,Branch,3,5
CMP_0004776,CUST_06105,2022-09-24,Service,Branch,5,4
CMP_0004777,CUST_09644,2023-03-28,Service,Digital,1,1
CMP_0004778,CUST_03537,2024-05-22,Fees,Phone,26,3
CMP_0004779,CUST_07970,2023-04-06,Fees,Digital,2,4
CMP_0004780,CUST_03659,2026-02-10,Service,Digital,7,4
CMP_0004781,CUST_04867,2022-12-30,Service,Digital,2,2
CMP_0004782,CUST_03922,2025-07-25,Fees,Branch,7,3
CMP_0004783,CUST_01219,2025-03-18,Service,Digital,21,4
CMP_0004784,CUST_06681,2026-05-04,Fraud,Phone,3,4
CMP_0004785,CUST_03950,2025-09-28,Service,Phone,1,4
CMP_0004786,CUST_02190,2025-12-03,Fraud,Phone,10,5
CMP_0004787,CUST_08321,2023-10-03,Service,Phone,3,4
CMP_0004788,CUST_05852,2026-04-07,Service,Branch,12,4
CMP_0004789,CUST_08720,2025-01-17,Service,Digital,21,4
CMP_0004790,CUST_09235,2025-05-27,KYC,Digital,3,4
CMP_0004791,CUST_00825,2022-05-28,KYC,Phone,9,4
CMP_0004792,CUST_06521,2025-08-18,Service,Phone,7,5
CMP_0004793,CUST_00448,2022-03-31,Service,Branch,3,5
CMP_0004794,CUST_01530,2025-01-27,Fees,Digital,40,5
CMP_0004795,CUST_09121,2025-05-23,Service,Phone,8,1
CMP_0004796,CUST_00189,2026-05-31,Service,Phone,12,5
CMP_0004797,CUST_08407,2025-11-16,Service,Branch,16,5
CMP_0004798,CUST_04728,2026-03-22,Fees,Digital,24,5
CMP_0004799,CUST_07725,2024-06-27,Fees,Phone,13,4
CMP_0004800,CUST_09962,2023-01-16,KYC,Phone,3,3
CMP_0004801,CUST_02647,2026-05-26,Fees,Digital,5,5
CMP_0004802,CUST_05670,2023-11-16,Service,Phone,6,4
CMP_0004803,CUST_09028,2024-04-09,Service,Phone,6,5
CMP_0004804,CUST_09854,2024-04-18,Service,Branch,7,5
CMP_0004805,CUST_04258,2025-07-26,Service,Digital,3,2
CMP_0004806,CUST_01081,2023-11-16,Service,Branch,1,3
CMP_0004807,CUST_04111,2024-08-13,Service,Phone,10,5
CMP_0004808,CUST_07808,2024-09-29,KYC,Branch,9,4
CMP_0004809,CUST_04255,2025-11-29,Fees,Digital,18,5
CMP_0004810,CUST_06411,2023-06-06,KYC,Digital,3,5
CMP_0004811,CUST_07507,2023-06-19,Service,Phone,6,4
CMP_0004812,CUST_00037,2025-07-06,Fees,Branch,8,5
CMP_0004813,CUST_03997,2026-04-22,Fees,Phone,4,2
CMP_0004814,CUST_08001,2023-10-01,Fees,Branch,2,3
CMP_0004815,CUST_04237,2023-11-23,KYC,Branch,4,5
CMP_0004816,CUST_04190,2023-01-05,Service,Digital,7,2
CMP_0004817,CUST_08346,2024-08-02,KYC,Digital,14,5
CMP_0004818,CUST_06214,2022-12-21,KYC,Phone,3,4
CMP_0004819,CUST_04013,2023-09-30,Service,Branch,6,3
CMP_0004820,CUST_04717,2022-05-06,Service,Branch,14,4
CMP_0004821,CUST_00845,2024-03-24,Fees,Phone,7,4
CMP_0004822,CUST_03881,2023-03-06,Service,Digital,21,4
CMP_0004823,CUST_03395,2025-03-20,Service,Phone,1,4
CMP_0004824,CUST_03638,2022-01-15,Fees,Digital,3,5
CMP_0004825,CUST_03172,2024-04-10,Service,Phone,1,4
CMP_0004826,CUST_09552,2022-02-12,KYC,Branch,5,5
CMP_0004827,CUST_03980,2025-11-19,Service,Branch,2,2
CMP_0004828,CUST_04145,2023-07-18,KYC,Digital,1,5
CMP_0004829,CUST_07034,2026-03-16,Service,Phone,7,3
CMP_0004830,CUST_05497,2026-06-08,Fees,Branch,4,2
CMP_0004831,CUST_08508,2025-11-16,Service,Branch,4,2
CMP_0004832,CUST_04148,2026-03-12,Service,Phone,5,5
CMP_0004833,CUST_02407,2023-12-21,Fraud,Phone,6,3
CMP_0004834,CUST_08798,2023-10-07,KYC,Branch,61,3
CMP_0004835,CUST_07750,2025-09-28,Service,Branch,7,4
CMP_0004836,CUST_05478,2025-10-27,Service,Phone,9,4
CMP_0004837,CUST_04893,2024-08-17,Fees,Phone,1,5
CMP_0004838,CUST_07044,2022-03-11,Fees,Branch,16,5
CMP_0004839,CUST_02063,2023-02-12,Service,Branch,16,5
CMP_0004840,CUST_02043,2023-03-01,Service,Digital,3,4
CMP_0004841,CUST_02376,2026-06-30,Fees,Digital,6,3
CMP_0004842,CUST_08348,2026-03-07,Service,Digital,5,3
CMP_0004843,CUST_01237,2026-02-18,Fees,Phone,3,5
CMP_0004844,CUST_06140,2026-07-29,KYC,Digital,3,4
CMP_0004845,CUST_03587,2023-08-05,Service,Phone,11,5
CMP_0004846,CUST_06530,2025-07-24,Fees,Branch,11,5
CMP_0004847,CUST_05424,2025-03-17,Fraud,Digital,13,4
CMP_0004848,CUST_05421,2025-12-09,Fraud,Digital,1,5
CMP_0004849,CUST_08387,2025-07-14,Service,Branch,7,4
CMP_0004850,CUST_07567,2026-07-05,Service,Phone,2,3
CMP_0004851,CUST_03424,2022-07-29,Fees,Branch,15,3
CMP_0004852,CUST_03749,2024-02-27,Fees,Phone,2,4
CMP_0004853,CUST_03676,2022-10-30,Fees,Branch,7,5
CMP_0004854,CUST_00976,2023-07-24,Service,Branch,7,3
CMP_0004855,CUST_08853,2022-08-31,Service,Branch,7,2
CMP_0004856,CUST_00430,2022-11-14,Service,Digital,10,5
CMP_0004857,CUST_09397,2025-11-11,Service,Digital,1,3
CMP_0004858,CUST_06206,2026-03-31,Service,Phone,2,4
CMP_0004859,CUST_01807,2025-03-04,Fees,Branch,12,4
CMP_0004860,CUST_02882,2023-03-08,Service,Digital,35,1
CMP_0004861,CUST_00698,2022-07-06,Fees,Branch,3,3
CMP_0004862,CUST_09787,2022-09-08,Fees,Phone,2,4
CMP_0004863,CUST_04389,2024-09-09,KYC,Phone,2,4
CMP_0004864,CUST_01618,2023-05-07,Service,Digital,3,4
CMP_0004865,CUST_05223,2022-03-19,Service,Phone,6,5
CMP_0004866,CUST_06964,2022-05-13,Fees,Phone,3,5
CMP_0004867,CUST_08908,2024-03-16,Service,Phone,8,4
CMP_0004868,CUST_03853,2023-03-29,Fees,Digital,15,4
CMP_0004869,CUST_09956,2024-09-14,Service,Digital,2,5
CMP_0004870,CUST_06302,2022-05-09,Fees,Branch,4,5
CMP_0004871,CUST_00116,2022-10-01,Fees,Phone,5,2
CMP_0004872,CUST_03326,2026-08-01,Service,Phone,3,5
CMP_0004873,CUST_02536,2023-11-02,KYC,Branch,10,5
CMP_0004874,CUST_06605,2025-06-24,KYC,Branch,7,5
CMP_0004875,CUST_06256,2024-12-22,Service,Branch,8,5
CMP_0004876,CUST_08103,2024-07-21,KYC,Digital,65,4
CMP_0004877,CUST_03059,2022-02-26,Fees,Branch,2,4
CMP_0004878,CUST_03047,2023-11-14,Service,Phone,3,3
CMP_0004879,CUST_04166,2023-12-25,Service,Branch,1,3
CMP_0004880,CUST_09960,2023-09-20,Fees,Digital,1,5
CMP_0004881,CUST_04230,2025-07-17,KYC,Branch,12,4
CMP_0004882,CUST_02270,2024-08-24,Fees,Phone,64,2
CMP_0004883,CUST_09143,2025-10-24,Fees,Phone,6,3
CMP_0004884,CUST_02810,2026-03-25,Fees,Phone,7,5
CMP_0004885,CUST_07844,2023-06-29,Service,Digital,6,2
CMP_0004886,CUST_03101,2023-03-27,Fees,Phone,2,4
CMP_0004887,CUST_04681,2022-12-05,Fees,Digital,3,5
CMP_0004888,CUST_01468,2025-08-13,Fees,Digital,5,5
CMP_0004889,CUST_02598,2025-12-16,KYC,Digital,7,5
CMP_0004890,CUST_03273,2024-12-02,Service,Digital,2,2
CMP_0004891,CUST_01411,2022-03-24,KYC,Phone,8,3
CMP_0004892,CUST_05375,2024-06-06,Service,Phone,1,4
CMP_0004893,CUST_07572,2022-10-11,Fees,Phone,7,3
CMP_0004894,CUST_08529,2026-08-08,KYC,Phone,13,5
CMP_0004895,CUST_06276,2023-04-03,Fees,Digital,59,2
CMP_0004896,CUST_00182,2022-02-12,Fees,Branch,3,3
CMP_0004897,CUST_00923,2024-09-14,Service,Digital,3,5
CMP_0004898,CUST_05295,2023-06-07,KYC,Phone,4,4
CMP_0004899,CUST_07357,2023-05-09,Fees,Phone,1,4
CMP_0004900,CUST_04288,2024-12-04,Fees,Digital,3,4
CMP_0004901,CUST_09074,2024-12-16,Service,Digital,15,2
CMP_0004902,CUST_02569,2022-09-15,Fraud,Phone,33,5
CMP_0004903,CUST_09872,2025-09-05,Service,Phone,10,4
CMP_0004904,CUST_00197,2025-05-15,Service,Branch,4,5
CMP_0004905,CUST_00441,2023-09-29,Fees,Phone,1,2
CMP_0004906,CUST_04316,2025-10-01,Service,Digital,4,4
CMP_0004907,CUST_03700,2026-04-20,Service,Digital,1,4
CMP_0004908,CUST_02838,2022-06-28,Service,Phone,2,4
CMP_0004909,CUST_06854,2024-12-04,Service,Digital,5,3
CMP_0004910,CUST_09865,2026-03-26,Service,Phone,7,2
CMP_0004911,CUST_00460,2025-07-24,Fees,Phone,5,2
CMP_0004912,CUST_08579,2023-08-13,KYC,Phone,7,5
CMP_0004913,CUST_08848,2024-08-17,Service,Branch,10,3
CMP_0004914,CUST_05467,2025-09-03,Service,Branch,3,5
CMP_0004915,CUST_01343,2025-09-29,KYC,Digital,9,4
CMP_0004916,CUST_03994,2024-05-31,Service,Branch,1,4
CMP_0004917,CUST_06766,2024-11-14,KYC,Branch,4,4
CMP_0004918,CUST_04027,2022-08-13,Fees,Digital,7,1
CMP_0004919,CUST_01611,2025-07-31,Fraud,Digital,1,4
CMP_0004920,CUST_01143,2022-03-03,Service,Phone,2,1
CMP_0004921,CUST_05538,2025-01-15,Service,Phone,18,3
CMP_0004922,CUST_02001,2026-06-29,Fees,Branch,6,5
CMP_0004923,CUST_09394,2022-06-06,Fees,Digital,11,3
CMP_0004924,CUST_05680,2023-08-31,Fees,Branch,7,4
CMP_0004925,CUST_09334,2026-06-25,Service,Phone,5,4
CMP_0004926,CUST_04119,2023-08-05,Service,Branch,1,4
CMP_0004927,CUST_04336,2026-01-02,KYC,Phone,6,5
CMP_0004928,CUST_04434,2024-05-07,KYC,Branch,6,2
CMP_0004929,CUST_01369,2024-03-05,Service,Digital,13,3
CMP_0004930,CUST_00964,2023-11-13,Fees,Phone,1,5
CMP_0004931,CUST_04723,2026-05-01,KYC,Branch,11,3
CMP_0004932,CUST_01620,2024-02-27,Service,Digital,16,5
CMP_0004933,CUST_08559,2026-04-15,Fees,Digital,1,5
CMP_0004934,CUST_06011,2023-08-13,Service,Digital,2,2
CMP_0004935,CUST_07765,2026-04-21,Fees,Digital,16,5
CMP_0004936,CUST_06104,2023-06-29,Fees,Phone,13,5
CMP_0004937,CUST_03738,2024-05-17,Service,Digital,4,5
CMP_0004938,CUST_08837,2022-07-25,KYC,Digital,3,3
CMP_0004939,CUST_01774,2023-04-15,Fees,Digital,6,5
CMP_0004940,CUST_09274,2023-12-26,Fees,Branch,19,1
CMP_0004941,CUST_03706,2025-07-28,Fees,Branch,18,3
CMP_0004942,CUST_10074,2023-06-23,Service,Phone,9,3
CMP_0004943,CUST_05833,2022-06-09,Service,Phone,2,5
CMP_0004944,CUST_07393,2023-03-22,KYC,Phone,10,4
CMP_0004945,CUST_05832,2023-09-08,Fees,Phone,7,4
CMP_0004946,CUST_07611,2025-07-31,Service,Phone,64,5
CMP_0004947,CUST_08330,2023-10-25,KYC,Digital,4,5
CMP_0004948,CUST_01947,2025-04-15,Service,Phone,17,3
CMP_0004949,CUST_07499,2023-07-26,Service,Phone,3,2
CMP_0004950,CUST_00099,2022-04-25,Fees,Branch,3,5
CMP_0004951,CUST_02358,2025-12-09,Fees,Phone,6,4
CMP_0004952,CUST_01678,2025-12-19,Fees,Branch,6,5
CMP_0004953,CUST_06633,2023-02-18,Fees,Digital,7,3
CMP_0004954,CUST_07301,2026-07-24,KYC,Branch,5,1
CMP_0004955,CUST_00054,2023-01-11,Service,Phone,4,4
CMP_0004956,CUST_07168,2024-09-08,Fraud,Branch,2,2
CMP_0004957,CUST_05491,2025-07-03,Service,Digital,10,4
CMP_0004958,CUST_03760,2023-12-01,Fees,Branch,16,5
CMP_0004959,CUST_07475,2022-08-25,Fees,Branch,8,4
CMP_0004960,CUST_05083,2024-09-10,Service,Phone,8,4
CMP_0004961,CUST_06143,2022-09-30,Fees,Digital,7,3
CMP_0004962,CUST_07488,2024-12-21,Fees,Branch,3,3
CMP_0004963,CUST_00907,2025-10-21,KYC,Phone,6,4
CMP_0004964,CUST_06166,2022-08-29,KYC,Digital,4,4
CMP_0004965,CUST_01271,2025-10-30,KYC,Phone,1,5
CMP_0004966,CUST_08540,2023-01-25,Fees,Branch,8,4
CMP_0004967,CUST_07192,2026-02-15,Service,Phone,7,5
CMP_0004968,CUST_06919,2022-07-18,Service,Phone,2,3
CMP_0004969,CUST_05622,2026-02-23,Service,Phone,2,4
CMP_0004970,CUST_04331,2024-09-02,Service,Digital,12,4
CMP_0004971,CUST_05173,2024-02-27,Service,Phone,11,5
CMP_0004972,CUST_05668,2025-09-03,Service,Phone,2,3
CMP_0004973,CUST_06012,2024-06-12,Service,Digital,4,4
CMP_0004974,CUST_04849,2022-02-22,KYC,Phone,10,4
CMP_0004975,CUST_06323,2024-07-02,Service,Branch,3,5
CMP_0004976,CUST_02338,2023-09-06,Service,Branch,7,1
CMP_0004977,CUST_08511,2022-05-04,Fees,Digital,2,4
CMP_0004978,CUST_06390,2022-11-13,Service,Digital,4,4
CMP_0004979,CUST_04675,2025-01-30,Service,Phone,9,4
CMP_0004980,CUST_08885,2026-08-10,Service,Branch,6,3
CMP_0004981,CUST_00548,2024-07-27,Service,Branch,11,4
CMP_0004982,CUST_00311,2023-06-06,Service,Digital,5,4
CMP_0004983,CUST_06241,2022-02-05,Fraud,Phone,10,4
CMP_0004984,CUST_09284,2026-07-03,Service,Branch,1,4
CMP_0004985,CUST_08962,2026-03-03,Service,Phone,9,5
CMP_0004986,CUST_02086,2025-02-06,Service,Phone,9,4
CMP_0004987,CUST_04697,2022-11-20,Service,Phone,6,4
CMP_0004988,CUST_05236,2026-07-18,Fees,Branch,7,4
CMP_0004989,CUST_08118,2025-11-17,Service,Digital,50,4
CMP_0004990,CUST_04469,2023-07-08,Service,Digital,17,4
CMP_0004991,CUST_07830,2023-05-05,Service,Branch,3,2
CMP_0004992,CUST_08796,2024-08-01,Fees,Branch,14,3
CMP_0004993,CUST_06561,2022-01-07,Service,Branch,13,4
CMP_0004994,CUST_00039,2023-05-17,Service,Digital,38,5
CMP_0004995,CUST_05492,2022-05-15,Service,Digital,12,5
CMP_0004996,CUST_07558,2023-05-28,KYC,Branch,33,4
CMP_0004997,CUST_04489,2023-09-15,Service,Digital,8,5
CMP_0004998,CUST_09975,2025-09-01,Service,Phone,14,3
CMP_0004999,CUST_01779,2023-10-04,Fees,Digital,4,3
CMP_0005000,CUST_04400,2026-05-09,KYC,Branch,9,5
CMP_0005001,CUST_02775,2022-08-05,Fees,Digital,5,3
CMP_0005002,CUST_10018,2026-07-25,Fees,Phone,3,5
CMP_0005003,CUST_05718,2025-11-13,Service,Digital,6,5
CMP_0005004,CUST_03359,2024-02-29,Service,Branch,5,3
CMP_0005005,CUST_02367,2024-12-17,Fees,Digital,6,4
CMP_0005006,CUST_01162,2023-03-11,KYC,Phone,12,3
CMP_0005007,CUST_00366,2022-09-06,Service,Branch,2,4
CMP_0005008,CUST_04986,2023-04-30,Fees,Phone,11,5
CMP_0005009,CUST_06030,2026-06-27,Fees,Phone,29,2
CMP_0005010,CUST_06700,2025-10-09,Fees,Digital,12,5
CMP_0005011,CUST_01856,2022-10-28,KYC,Branch,8,3
CMP_0005012,CUST_00816,2023-11-20,Service,Phone,7,1
CMP_0005013,CUST_08853,2022-03-27,Service,Phone,1,2
CMP_0005014,CUST_07069,2022-08-25,Fees,Branch,6,3
CMP_0005015,CUST_08522,2022-07-27,Service,Phone,3,2
CMP_0005016,CUST_02382,2023-11-14,Service,Digital,5,5
CMP_0005017,CUST_02661,2025-01-25,KYC,Branch,6,4
CMP_0005018,CUST_03686,2022-04-05,Fees,Digital,7,5
CMP_0005019,CUST_01661,2023-08-14,Service,Branch,1,4
CMP_0005020,CUST_07827,2025-05-24,Fraud,Branch,9,5
CMP_0005021,CUST_02932,2024-10-17,Fees,Phone,20,2
CMP_0005022,CUST_00691,2025-08-27,Service,Branch,5,5
CMP_0005023,CUST_09689,2024-12-03,Fees,Digital,6,2
CMP_0005024,CUST_01522,2026-06-25,Service,Branch,2,2
CMP_0005025,CUST_03600,2026-01-28,Fees,Branch,9,2
CMP_0005026,CUST_08962,2024-07-11,Fees,Digital,2,4
CMP_0005027,CUST_01436,2024-03-08,Fees,Branch,39,2
CMP_0005028,CUST_03228,2023-04-04,Fees,Branch,3,5
CMP_0005029,CUST_01722,2024-02-23,Service,Branch,4,4
CMP_0005030,CUST_00196,2024-04-13,Fees,Phone,6,5
CMP_0005031,CUST_02742,2022-06-13,Service,Digital,1,3
CMP_0005032,CUST_08061,2024-07-30,Fraud,Branch,3,3
CMP_0005033,CUST_05764,2023-09-06,Fees,Digital,9,3
CMP_0005034,CUST_04374,2025-05-18,Service,Phone,15,3
CMP_0005035,CUST_06851,2022-08-18,KYC,Branch,1,5
CMP_0005036,CUST_07979,2026-01-31,Fraud,Digital,10,5
CMP_0005037,CUST_05700,2025-01-06,KYC,Digital,1,2
CMP_0005038,CUST_03258,2024-03-12,Service,Branch,9,3
CMP_0005039,CUST_07409,2025-12-23,KYC,Branch,4,4
CMP_0005040,CUST_07416,2024-05-13,KYC,Branch,5,5
CMP_0005041,CUST_09006,2022-07-04,KYC,Digital,2,1
CMP_0005042,CUST_02150,2025-11-20,KYC,Branch,1,4
CMP_0005043,CUST_03272,2023-01-17,Fees,Digital,53,2
CMP_0005044,CUST_00876,2022-01-13,Service,Phone,15,3
CMP_0005045,CUST_04459,2024-12-01,Service,Branch,5,5
CMP_0005046,CUST_02172,2026-07-05,Fees,Digital,1,4
CMP_0005047,CUST_04858,2026-01-20,Fraud,Digital,16,4
CMP_0005048,CUST_01854,2024-12-09,Service,Digital,1,5
CMP_0005049,CUST_00691,2026-03-19,Service,Branch,6,5
CMP_0005050,CUST_04110,2022-09-03,Fees,Phone,5,3
CMP_0005051,CUST_07742,2023-01-02,Fees,Branch,23,1
CMP_0005052,CUST_02499,2025-08-25,Fees,Branch,6,1
CMP_0005053,CUST_03968,2026-02-17,Service,Branch,5,5
CMP_0005054,CUST_04585,2023-03-02,Fees,Digital,2,4
CMP_0005055,CUST_01750,2023-12-18,Fraud,Phone,7,5
CMP_0005056,CUST_09473,2022-04-26,KYC,Branch,1,5
CMP_0005057,CUST_03021,2022-02-25,Service,Phone,5,4
CMP_0005058,CUST_08293,2025-09-22,Fraud,Branch,9,4
CMP_0005059,CUST_09936,2026-03-31,Service,Phone,10,5
CMP_0005060,CUST_08826,2022-06-16,KYC,Phone,4,2
CMP_0005061,CUST_00031,2025-12-19,KYC,Phone,11,3
CMP_0005062,CUST_04834,2024-03-17,KYC,Branch,2,4
CMP_0005063,CUST_07227,2024-04-26,Service,Digital,4,3
CMP_0005064,CUST_00078,2025-12-31,KYC,Phone,2,5
CMP_0005065,CUST_02088,2022-05-15,Service,Phone,5,5
CMP_0005066,CUST_08399,2026-04-20,Service,Branch,10,5
CMP_0005067,CUST_08737,2024-12-01,Fees,Phone,2,4
CMP_0005068,CUST_08131,2026-07-19,Service,Branch,1,1
CMP_0005069,CUST_01765,2024-03-04,Service,Digital,3,4
CMP_0005070,CUST_03905,2023-10-11,Service,Branch,7,5
CMP_0005071,CUST_02925,2024-10-18,KYC,Phone,1,5
CMP_0005072,CUST_00322,2024-07-29,Fees,Phone,2,2
CMP_0005073,CUST_05504,2022-11-04,Fees,Branch,1,5
CMP_0005074,CUST_07063,2022-04-22,Fees,Branch,5,5
CMP_0005075,CUST_00511,2023-09-10,Service,Digital,12,2
CMP_0005076,CUST_05661,2025-02-10,KYC,Phone,10,3
CMP_0005077,CUST_06649,2024-08-08,KYC,Branch,12,4
CMP_0005078,CUST_02190,2026-02-07,Fees,Phone,6,4
CMP_0005079,CUST_01920,2024-05-11,Fees,Branch,12,4
CMP_0005080,CUST_00396,2025-06-06,KYC,Phone,4,5
CMP_0005081,CUST_01603,2024-04-27,Service,Branch,6,2
CMP_0005082,CUST_01014,2024-05-20,Fees,Phone,5,5
CMP_0005083,CUST_03616,2022-10-14,Service,Phone,7,3
CMP_0005084,CUST_05267,2025-09-28,Fees,Branch,6,3
CMP_0005085,CUST_00813,2022-02-27,Service,Phone,4,4
CMP_0005086,CUST_04791,2022-05-06,Fraud,Branch,9,4
CMP_0005087,CUST_04107,2025-08-17,Fees,Branch,52,1
CMP_0005088,CUST_07699,2023-01-07,Service,Branch,2,5
CMP_0005089,CUST_08054,2026-02-01,Fees,Phone,3,4
CMP_0005090,CUST_05846,2023-10-27,Service,Digital,10,3
CMP_0005091,CUST_04317,2022-04-12,Service,Phone,7,2
CMP_0005092,CUST_03123,2023-05-08,Service,Branch,3,5
CMP_0005093,CUST_05731,2022-07-17,Service,Phone,11,5
CMP_0005094,CUST_05377,2022-05-16,Fraud,Branch,10,5
CMP_0005095,CUST_02076,2024-02-11,Fees,Branch,5,4
CMP_0005096,CUST_06010,2025-07-27,Fees,Digital,6,2
CMP_0005097,CUST_03953,2024-07-05,Fraud,Branch,3,5
CMP_0005098,CUST_05059,2024-04-03,Service,Digital,10,3
CMP_0005099,CUST_02681,2025-11-04,Service,Branch,2,1
CMP_0005100,CUST_03320,2025-06-15,Service,Branch,3,5
CMP_0005101,CUST_04436,2023-10-31,Service,Phone,2,3
CMP_0005102,CUST_03269,2023-02-11,KYC,Digital,6,4
CMP_0005103,CUST_06923,2025-01-18,KYC,Digital,4,2
CMP_0005104,CUST_02426,2025-08-17,Fees,Digital,4,4
CMP_0005105,CUST_09388,2023-09-17,Fees,Digital,3,2
CMP_0005106,CUST_03327,2025-10-04,Service,Phone,2,4
CMP_0005107,CUST_08405,2024-02-18,Fees,Branch,4,4
CMP_0005108,CUST_00073,2025-08-18,Fees,Branch,7,5
CMP_0005109,CUST_04863,2024-02-22,Service,Digital,3,2
CMP_0005110,CUST_03797,2026-08-02,Service,Phone,5,5
CMP_0005111,CUST_01158,2024-02-22,Fees,Branch,6,3
CMP_0005112,CUST_07783,2023-09-08,Service,Branch,3,3
CMP_0005113,CUST_06491,2025-05-31,KYC,Digital,1,2
CMP_0005114,CUST_02222,2023-01-20,Service,Digital,6,4
CMP_0005115,CUST_10063,2024-09-08,KYC,Phone,4,3
CMP_0005116,CUST_01057,2022-08-13,Fees,Digital,5,2
CMP_0005117,CUST_08136,2022-07-30,Service,Digital,10,4
CMP_0005118,CUST_07584,2022-06-20,Service,Phone,14,3
CMP_0005119,CUST_02397,2023-09-01,Service,Phone,7,2
CMP_0005120,CUST_06487,2025-06-15,Service,Branch,4,4
CMP_0005121,CUST_04015,2022-01-05,KYC,Digital,2,4
CMP_0005122,CUST_03736,2023-06-30,Fees,Branch,8,5
CMP_0005123,CUST_01817,2022-09-01,Fraud,Phone,4,4
CMP_0005124,CUST_01626,2023-09-19,KYC,Branch,2,4
CMP_0005125,CUST_01664,2026-07-31,Fraud,Digital,12,3
CMP_0005126,CUST_04563,2022-07-13,Fees,Digital,10,5
CMP_0005127,CUST_04377,2024-02-19,KYC,Branch,4,4
CMP_0005128,CUST_03541,2025-10-10,Fees,Phone,7,4
CMP_0005129,CUST_03457,2022-02-04,Service,Branch,2,5
CMP_0005130,CUST_04039,2026-05-17,Service,Digital,17,1
CMP_0005131,CUST_08187,2024-04-06,Service,Phone,6,2
CMP_0005132,CUST_03223,2025-04-06,Fees,Digital,4,2
CMP_0005133,CUST_02105,2023-08-16,Fees,Phone,12,5
CMP_0005134,CUST_07812,2025-05-04,Service,Branch,2,2
CMP_0005135,CUST_03694,2025-08-18,Service,Phone,2,2
CMP_0005136,CUST_09279,2026-01-29,Fees,Branch,5,5
CMP_0005137,CUST_07853,2025-02-23,Fees,Branch,4,4
CMP_0005138,CUST_09157,2023-02-18,Fraud,Phone,7,4
CMP_0005139,CUST_00237,2025-05-03,KYC,Digital,4,5
CMP_0005140,CUST_08675,2023-02-06,Service,Digital,5,3
CMP_0005141,CUST_01067,2026-04-30,Fees,Digital,2,3
CMP_0005142,CUST_05170,2024-06-11,Service,Phone,6,4
CMP_0005143,CUST_07176,2022-10-17,KYC,Branch,3,3
CMP_0005144,CUST_03419,2025-04-30,KYC,Digital,12,3
CMP_0005145,CUST_05695,2026-02-06,Service,Phone,2,3
CMP_0005146,CUST_06030,2023-10-20,Service,Phone,3,5
CMP_0005147,CUST_00309,2023-04-11,Service,Phone,16,4
CMP_0005148,CUST_04867,2022-08-10,Service,Phone,5,4
CMP_0005149,CUST_08517,2026-03-02,KYC,Branch,17,2
CMP_0005150,CUST_04530,2025-04-12,Fees,Branch,9,5
CMP_0005151,CUST_04303,2023-02-09,Fees,Branch,6,4
CMP_0005152,CUST_04555,2024-12-27,Service,Branch,1,4
CMP_0005153,CUST_00932,2025-12-08,Service,Phone,4,5
CMP_0005154,CUST_01594,2023-05-06,Service,Phone,11,5
CMP_0005155,CUST_07778,2022-03-06,KYC,Digital,12,4
CMP_0005156,CUST_02405,2022-12-04,Service,Phone,9,5
CMP_0005157,CUST_02791,2024-01-19,Service,Digital,7,4
CMP_0005158,CUST_01155,2022-06-03,KYC,Branch,17,5
CMP_0005159,CUST_07808,2022-01-22,KYC,Digital,6,3
CMP_0005160,CUST_07110,2024-08-07,Fees,Branch,24,5
CMP_0005161,CUST_00639,2023-03-25,Service,Phone,1,4
CMP_0005162,CUST_00852,2022-03-14,Fees,Phone,7,5
CMP_0005163,CUST_03570,2026-03-08,Service,Phone,3,4
CMP_0005164,CUST_01163,2024-06-24,Service,Phone,3,4
CMP_0005165,CUST_05576,2022-06-14,Service,Phone,7,2
CMP_0005166,CUST_07709,2024-07-23,Service,Branch,8,5
CMP_0005167,CUST_03441,2022-11-12,Service,Branch,57,1
CMP_0005168,CUST_05002,2023-08-07,Fees,Branch,6,5
CMP_0005169,CUST_01268,2026-01-28,Service,Phone,5,5
CMP_0005170,CUST_00022,2023-10-14,Fees,Digital,53,2
CMP_0005171,CUST_06813,2023-06-19,KYC,Phone,2,1
CMP_0005172,CUST_01384,2026-04-27,Service,Digital,2,5
CMP_0005173,CUST_01226,2022-07-21,Service,Branch,8,3
CMP_0005174,CUST_04945,2023-02-16,Fees,Digital,1,3
CMP_0005175,CUST_04179,2025-05-06,Service,Phone,7,5
CMP_0005176,CUST_05168,2024-10-19,Service,Digital,1,3
CMP_0005177,CUST_04606,2025-11-08,Fees,Digital,3,5
CMP_0005178,CUST_08874,2023-10-16,Fees,Phone,6,5
CMP_0005179,CUST_08788,2025-05-31,Service,Branch,5,4
CMP_0005180,CUST_01574,2025-11-15,Service,Phone,8,5
CMP_0005181,CUST_08334,2025-08-18,Fees,Branch,4,5
CMP_0005182,CUST_02651,2023-04-10,Service,Branch,13,4
CMP_0005183,CUST_08247,2022-12-05,Fees,Branch,4,5
CMP_0005184,CUST_01539,2025-09-13,Service,Phone,11,4
CMP_0005185,CUST_04152,2026-01-14,Fraud,Digital,7,4
CMP_0005186,CUST_09201,2022-04-21,Fees,Digital,2,3
CMP_0005187,CUST_00387,2023-07-19,KYC,Digital,4,4
CMP_0005188,CUST_07063,2023-01-09,KYC,Phone,58,5
CMP_0005189,CUST_06503,2024-01-15,Service,Branch,4,4
CMP_0005190,CUST_00132,2025-03-31,Fees,Phone,9,3
CMP_0005191,CUST_03969,2022-01-30,Service,Branch,2,3
CMP_0005192,CUST_01648,2024-06-10,Fees,Digital,3,2
CMP_0005193,CUST_03490,2023-03-09,Fraud,Branch,4,3
CMP_0005194,CUST_01983,2025-03-27,Fees,Branch,7,4
CMP_0005195,CUST_05996,2024-05-19,Fees,Branch,16,4
CMP_0005196,CUST_08087,2022-08-02,Service,Branch,1,1
CMP_0005197,CUST_06103,2023-04-08,Fraud,Branch,2,4
CMP_0005198,CUST_05022,2023-06-19,Service,Phone,5,4
CMP_0005199,CUST_05041,2022-05-25,Fees,Phone,10,4
CMP_0005200,CUST_10129,2026-01-06,KYC,Phone,8,5
CMP_0005201,CUST_00865,2025-10-27,Service,Phone,5,4
CMP_0005202,CUST_04514,2024-08-02,Fees,Phone,3,4
CMP_0005203,CUST_05658,2024-10-26,Fees,Digital,6,5
CMP_0005204,CUST_06129,2026-01-26,KYC,Digital,1,4
CMP_0005205,CUST_05982,2023-01-15,Fraud,Digital,2,4
CMP_0005206,CUST_05160,2024-03-12,Fees,Branch,4,5
CMP_0005207,CUST_03019,2024-11-23,Service,Branch,9,4
CMP_0005208,CUST_08417,2023-09-06,KYC,Digital,9,5
CMP_0005209,CUST_05093,2025-05-07,Fraud,Phone,3,4
CMP_0005210,CUST_07299,2023-12-02,Service,Branch,7,2
CMP_0005211,CUST_06967,2026-03-02,KYC,Phone,2,4
CMP_0005212,CUST_01252,2025-08-31,Service,Digital,12,4
CMP_0005213,CUST_03551,2023-05-24,Fraud,Phone,5,5
CMP_0005214,CUST_08605,2024-12-17,Fees,Digital,13,3
CMP_0005215,CUST_04583,2022-10-02,KYC,Phone,7,5
CMP_0005216,CUST_06804,2022-11-19,Service,Phone,1,4
CMP_0005217,CUST_09467,2022-02-14,Fees,Digital,8,5
CMP_0005218,CUST_04174,2022-08-14,KYC,Phone,6,5
CMP_0005219,CUST_08332,2023-06-14,KYC,Digital,15,3
CMP_0005220,CUST_01951,2024-02-24,KYC,Branch,10,4
CMP_0005221,CUST_07860,2022-01-11,Service,Branch,19,3
CMP_0005222,CUST_02590,2025-03-26,Fraud,Phone,15,5
CMP_0005223,CUST_09352,2022-05-22,Fraud,Branch,4,4
CMP_0005224,CUST_09929,2023-03-09,Service,Phone,10,3
CMP_0005225,CUST_05522,2022-11-06,Fraud,Branch,2,2
CMP_0005226,CUST_05610,2024-02-29,Fraud,Branch,8,4
CMP_0005227,CUST_01255,2022-07-24,KYC,Phone,2,3
CMP_0005228,CUST_00260,2024-03-05,Service,Digital,4,5
CMP_0005229,CUST_09268,2022-02-21,Fees,Phone,2,3
CMP_0005230,CUST_00917,2023-07-20,Service,Branch,9,5
CMP_0005231,CUST_02581,2022-12-26,Fees,Branch,7,3
CMP_0005232,CUST_06880,2025-04-26,Fraud,Digital,8,4
CMP_0005233,CUST_00107,2025-09-01,Service,Digital,5,5
CMP_0005234,CUST_05640,2022-04-01,Fees,Digital,8,4
CMP_0005235,CUST_01013,2022-06-01,Service,Branch,2,4
CMP_0005236,CUST_08304,2026-06-22,Service,Digital,1,5
CMP_0005237,CUST_09961,2023-02-21,Fees,Phone,5,4
CMP_0005238,CUST_02102,2023-09-16,Service,Branch,25,5
CMP_0005239,CUST_00541,2025-09-20,KYC,Branch,2,4
CMP_0005240,CUST_08670,2024-11-13,Fees,Digital,6,4
CMP_0005241,CUST_01292,2024-09-02,Service,Phone,11,4
CMP_0005242,CUST_06117,2025-08-16,KYC,Branch,3,5
CMP_0005243,CUST_04901,2023-09-25,Service,Digital,8,5
CMP_0005244,CUST_04875,2022-10-11,Fees,Branch,4,4
CMP_0005245,CUST_07034,2026-02-27,Service,Digital,9,5
CMP_0005246,CUST_06783,2024-03-30,Fees,Phone,5,3
CMP_0005247,CUST_08705,2022-10-07,Fees,Digital,9,5
CMP_0005248,CUST_04618,2022-11-22,Service,Digital,3,5
CMP_0005249,CUST_09754,2025-11-18,KYC,Branch,7,4
CMP_0005250,CUST_09559,2023-06-22,KYC,Branch,4,4
CMP_0005251,CUST_02335,2022-04-05,Fees,Phone,3,2
CMP_0005252,CUST_07605,2023-10-14,Fees,Branch,16,3
CMP_0005253,CUST_08796,2025-12-15,Service,Phone,7,2
CMP_0005254,CUST_07706,2023-08-15,Service,Branch,1,1
CMP_0005255,CUST_07538,2023-08-21,Service,Branch,3,4
CMP_0005256,CUST_00754,2025-03-06,KYC,Digital,4,5
CMP_0005257,CUST_05803,2025-08-18,Service,Digital,36,4
CMP_0005258,CUST_08782,2024-01-05,Service,Phone,7,4
CMP_0005259,CUST_09972,2024-03-03,Service,Digital,1,5
CMP_0005260,CUST_04862,2022-07-26,Fees,Branch,6,1
CMP_0005261,CUST_09444,2025-03-25,Service,Branch,5,5
CMP_0005262,CUST_07581,2024-06-22,KYC,Phone,13,3
CMP_0005263,CUST_00624,2022-12-02,Service,Digital,2,5
CMP_0005264,CUST_06350,2024-02-04,Fees,Branch,1,4
CMP_0005265,CUST_02533,2023-07-31,KYC,Branch,2,4
CMP_0005266,CUST_05405,2025-08-21,Fees,Branch,5,5
CMP_0005267,CUST_08936,2023-09-26,Service,Phone,3,4
CMP_0005268,CUST_05815,2026-04-02,Service,Phone,3,5
CMP_0005269,CUST_03156,2024-07-26,Fees,Branch,12,4
CMP_0005270,CUST_09183,2024-07-12,Service,Phone,2,5
CMP_0005271,CUST_03654,2026-07-19,Fees,Digital,4,2
CMP_0005272,CUST_07335,2023-12-30,Fraud,Digital,5,5
CMP_0005273,CUST_05185,2024-10-27,Fees,Digital,6,4
CMP_0005274,CUST_04585,2026-04-08,KYC,Digital,15,4
CMP_0005275,CUST_02370,2025-02-21,KYC,Branch,22,5
CMP_0005276,CUST_09285,2026-08-12,KYC,Digital,2,4
CMP_0005277,CUST_07282,2026-01-21,Fraud,Digital,1,5
CMP_0005278,CUST_04762,2026-02-22,KYC,Phone,8,5
CMP_0005279,CUST_03840,2022-04-09,Service,Phone,2,1
CMP_0005280,CUST_06032,2022-05-06,Service,Digital,4,3
CMP_0005281,CUST_06673,2023-02-17,Fees,Branch,7,1
CMP_0005282,CUST_04649,2026-02-14,Service,Phone,3,4
CMP_0005283,CUST_09585,2026-03-02,Service,Digital,2,5
CMP_0005284,CUST_08992,2024-05-26,Fees,Phone,1,2
CMP_0005285,CUST_00820,2022-08-15,Fees,Digital,11,5
CMP_0005286,CUST_03332,2023-12-30,Fees,Digital,5,5
CMP_0005287,CUST_01388,2026-06-18,Service,Branch,7,4
CMP_0005288,CUST_03060,2024-01-30,Service,Branch,7,4
CMP_0005289,CUST_06519,2022-06-23,Service,Branch,16,1
CMP_0005290,CUST_03065,2025-06-07,Fees,Digital,4,3
CMP_0005291,CUST_01132,2023-12-30,KYC,Digital,3,4
CMP_0005292,CUST_02682,2022-11-19,Service,Branch,5,2
CMP_0005293,CUST_09027,2026-04-03,Service,Phone,7,5
CMP_0005294,CUST_04372,2024-06-28,KYC,Phone,5,4
CMP_0005295,CUST_01306,2023-03-29,Service,Digital,1,5
CMP_0005296,CUST_07329,2022-03-20,Service,Digital,35,4
CMP_0005297,CUST_04108,2023-07-17,Fees,Digital,7,3
CMP_0005298,CUST_03821,2022-11-23,KYC,Branch,8,5
CMP_0005299,CUST_09120,2023-09-19,Fees,Phone,10,5
CMP_0005300,CUST_06531,2024-11-18,Service,Digital,8,5
CMP_0005301,CUST_03109,2025-02-22,Service,Phone,7,4
CMP_0005302,CUST_06256,2024-12-08,Fees,Phone,5,5
CMP_0005303,CUST_09305,2026-08-06,Service,Branch,3,2
CMP_0005304,CUST_08611,2025-07-21,KYC,Digital,1,3
CMP_0005305,CUST_03899,2023-05-20,Fees,Digital,1,5
CMP_0005306,CUST_06558,2024-07-27,Fraud,Phone,2,4
CMP_0005307,CUST_06147,2024-09-11,Fees,Branch,7,5
CMP_0005308,CUST_04604,2025-12-07,KYC,Phone,18,3
CMP_0005309,CUST_09208,2026-07-31,Fees,Phone,8,5
CMP_0005310,CUST_09085,2023-09-20,Fraud,Phone,3,5
CMP_0005311,CUST_08426,2025-07-14,Fees,Phone,8,4
CMP_0005312,CUST_06874,2022-05-21,Service,Branch,7,3
CMP_0005313,CUST_02335,2026-07-03,Fees,Digital,11,5
CMP_0005314,CUST_03849,2025-12-31,Fees,Branch,19,2
CMP_0005315,CUST_06829,2023-02-15,KYC,Phone,7,5
CMP_0005316,CUST_06107,2025-07-02,Service,Digital,3,3
CMP_0005317,CUST_00448,2026-07-13,Fees,Branch,11,5
CMP_0005318,CUST_05840,2022-07-26,Fraud,Phone,4,4
CMP_0005319,CUST_06761,2026-01-10,Fees,Phone,4,4
CMP_0005320,CUST_01729,2022-12-13,Fees,Phone,71,3
CMP_0005321,CUST_00021,2022-03-20,Service,Branch,4,4
CMP_0005322,CUST_09647,2023-10-10,Service,Branch,7,5
CMP_0005323,CUST_03763,2023-09-01,KYC,Branch,2,4
CMP_0005324,CUST_05649,2023-09-24,Fees,Phone,3,3
CMP_0005325,CUST_06195,2025-08-19,KYC,Phone,11,4
CMP_0005326,CUST_00324,2023-02-02,Fraud,Phone,9,2
CMP_0005327,CUST_10131,2022-08-11,Service,Branch,5,2
CMP_0005328,CUST_08580,2023-02-01,KYC,Phone,15,2
CMP_0005329,CUST_04226,2023-11-27,Service,Branch,4,2
CMP_0005330,CUST_04270,2022-04-17,Service,Phone,7,4
CMP_0005331,CUST_07157,2024-01-27,Fraud,Branch,4,5
CMP_0005332,CUST_07817,2023-01-20,KYC,Digital,2,5
CMP_0005333,CUST_06704,2025-07-16,Fraud,Phone,8,4
CMP_0005334,CUST_06903,2023-04-03,Service,Digital,4,4
CMP_0005335,CUST_03897,2024-08-09,Service,Digital,7,2
CMP_0005336,CUST_01294,2022-05-29,KYC,Digital,3,1
CMP_0005337,CUST_01618,2022-05-22,Service,Phone,2,3
CMP_0005338,CUST_08853,2023-05-19,Fees,Branch,11,4
CMP_0005339,CUST_01742,2022-02-09,Service,Digital,3,4
CMP_0005340,CUST_00208,2025-05-18,Service,Branch,19,4
CMP_0005341,CUST_06128,2026-02-18,Service,Branch,5,5
CMP_0005342,CUST_08869,2026-02-04,Service,Branch,2,5
CMP_0005343,CUST_02024,2022-02-23,Service,Branch,12,2
CMP_0005344,CUST_06537,2024-08-26,Fraud,Branch,1,4
CMP_0005345,CUST_04693,2025-09-09,Fees,Phone,2,4
CMP_0005346,CUST_02460,2025-02-23,KYC,Digital,4,4
CMP_0005347,CUST_00276,2024-06-21,Fees,Phone,2,5
CMP_0005348,CUST_01819,2023-09-01,Service,Branch,8,5
CMP_0005349,CUST_02277,2024-05-28,Fees,Branch,6,4
CMP_0005350,CUST_07814,2024-02-13,KYC,Phone,3,5
CMP_0005351,CUST_06405,2024-12-27,Service,Phone,5,4
CMP_0005352,CUST_00913,2026-03-12,Service,Branch,4,5
CMP_0005353,CUST_02547,2024-01-02,Fraud,Digital,6,3
CMP_0005354,CUST_06073,2023-05-27,Service,Digital,2,1
CMP_0005355,CUST_09903,2025-03-29,Service,Phone,15,5
CMP_0005356,CUST_07927,2025-02-14,Fees,Phone,5,4
CMP_0005357,CUST_04852,2025-11-04,Fees,Branch,11,4
CMP_0005358,CUST_09740,2022-10-17,KYC,Phone,3,1
CMP_0005359,CUST_01615,2025-02-04,Fees,Phone,1,4
CMP_0005360,CUST_02039,2025-02-22,Service,Phone,11,4
CMP_0005361,CUST_01347,2025-08-24,Fraud,Branch,2,3
CMP_0005362,CUST_07196,2023-11-08,Service,Branch,2,4
CMP_0005363,CUST_10117,2025-01-09,Service,Digital,16,5
CMP_0005364,CUST_05824,2024-04-12,KYC,Branch,2,2
CMP_0005365,CUST_09707,2022-06-17,Service,Branch,4,4
CMP_0005366,CUST_05501,2026-06-28,Service,Phone,49,5
CMP_0005367,CUST_05489,2024-11-21,Service,Phone,2,2
CMP_0005368,CUST_07714,2025-09-27,KYC,Branch,11,5
CMP_0005369,CUST_00031,2025-05-27,Fraud,Digital,1,4
CMP_0005370,CUST_09851,2024-06-02,Fees,Branch,8,1
CMP_0005371,CUST_06822,2025-06-29,Service,Phone,12,2
CMP_0005372,CUST_05233,2025-09-29,Service,Branch,2,4
CMP_0005373,CUST_02990,2024-12-05,Service,Digital,5,5
CMP_0005374,CUST_04834,2025-02-13,KYC,Digital,2,4
CMP_0005375,CUST_02087,2025-10-24,Service,Digital,14,4
CMP_0005376,CUST_10177,2023-05-30,Service,Phone,13,1
CMP_0005377,CUST_03514,2023-10-24,Fees,Branch,5,5
CMP_0005378,CUST_04866,2025-01-20,Service,Phone,9,1
CMP_0005379,CUST_02128,2026-06-04,KYC,Phone,4,1
CMP_0005380,CUST_05394,2024-08-09,KYC,Digital,7,4
CMP_0005381,CUST_07962,2024-06-05,KYC,Phone,51,4
CMP_0005382,CUST_04239,2025-01-25,KYC,Digital,2,3
CMP_0005383,CUST_00293,2025-06-08,Fees,Phone,9,1
CMP_0005384,CUST_02173,2023-05-14,Fees,Branch,11,5
CMP_0005385,CUST_02918,2023-07-10,Service,Phone,16,3
CMP_0005386,CUST_05425,2025-07-26,Fraud,Phone,8,3
CMP_0005387,CUST_02789,2024-03-13,KYC,Digital,9,4
CMP_0005388,CUST_09491,2023-06-28,Fees,Digital,5,4
CMP_0005389,CUST_00766,2023-09-18,Service,Branch,4,5
CMP_0005390,CUST_05824,2022-01-22,Fraud,Phone,6,1
CMP_0005391,CUST_07889,2024-10-30,Service,Phone,1,5
CMP_0005392,CUST_06174,2024-01-26,Fraud,Phone,5,5
CMP_0005393,CUST_07302,2022-03-12,Service,Phone,1,4
CMP_0005394,CUST_09486,2023-12-07,Service,Digital,3,5
CMP_0005395,CUST_02550,2023-02-17,Service,Digital,3,5
CMP_0005396,CUST_03720,2025-11-13,Service,Phone,5,5
CMP_0005397,CUST_03493,2024-06-02,Fees,Phone,49,2
CMP_0005398,CUST_08593,2022-03-30,Service,Phone,6,5
CMP_0005399,CUST_00028,2022-12-23,KYC,Phone,5,4
CMP_0005400,CUST_04912,2026-06-23,Service,Phone,10,3
CMP_0005401,CUST_03008,2024-04-12,Service,Digital,18,2
CMP_0005402,CUST_00067,2022-08-06,Fees,Phone,2,3
CMP_0005403,CUST_00926,2025-02-04,Service,Phone,3,5
CMP_0005404,CUST_08773,2024-05-04,Fraud,Phone,6,3
CMP_0005405,CUST_00517,2025-05-24,Fees,Branch,1,3
CMP_0005406,CUST_06997,2024-03-25,KYC,Phone,3,5
CMP_0005407,CUST_04626,2026-02-07,Service,Branch,4,5
CMP_0005408,CUST_03551,2024-07-08,Service,Phone,3,2
CMP_0005409,CUST_00595,2024-02-15,Service,Phone,19,5
CMP_0005410,CUST_07717,2025-08-29,KYC,Digital,5,5
CMP_0005411,CUST_00438,2022-04-14,Fees,Branch,8,2
CMP_0005412,CUST_01348,2025-10-22,Fees,Phone,1,3
CMP_0005413,CUST_06393,2022-06-08,Service,Phone,2,5
CMP_0005414,CUST_04370,2024-11-29,KYC,Phone,4,5
CMP_0005415,CUST_09257,2024-10-01,Fees,Phone,2,1
CMP_0005416,CUST_07743,2024-06-09,Fees,Digital,2,4
CMP_0005417,CUST_04359,2026-03-21,KYC,Phone,15,1
CMP_0005418,CUST_07962,2025-03-20,KYC,Phone,3,5
CMP_0005419,CUST_07218,2026-02-06,Fees,Branch,5,2
CMP_0005420,CUST_05596,2026-05-25,Service,Phone,6,3
CMP_0005421,CUST_01533,2022-08-31,KYC,Digital,5,4
CMP_0005422,CUST_01859,2024-03-06,Fees,Branch,9,4
CMP_0005423,CUST_05250,2022-09-21,KYC,Branch,2,4
CMP_0005424,CUST_08447,2022-07-12,Service,Phone,7,4
CMP_0005425,CUST_06674,2023-01-17,KYC,Digital,9,3
CMP_0005426,CUST_03481,2023-10-14,Fraud,Branch,15,4
CMP_0005427,CUST_06217,2024-11-17,Service,Branch,1,4
CMP_0005428,CUST_02719,2025-10-02,Fees,Phone,5,2
CMP_0005429,CUST_05716,2022-10-27,Service,Phone,10,4
CMP_0005430,CUST_07227,2022-08-10,KYC,Phone,9,5
CMP_0005431,CUST_03854,2023-08-06,Fees,Digital,5,3
CMP_0005432,CUST_03190,2023-01-25,Fees,Branch,9,4
CMP_0005433,CUST_02547,2022-10-19,Service,Phone,5,5
CMP_0005434,CUST_01806,2022-10-03,KYC,Digital,4,4
CMP_0005435,CUST_00199,2025-08-27,Service,Digital,10,4
CMP_0005436,CUST_09949,2025-05-26,KYC,Digital,7,5
CMP_0005437,CUST_02565,2022-07-31,KYC,Branch,3,5
CMP_0005438,CUST_07741,2025-03-23,Fees,Branch,6,4
CMP_0005439,CUST_03241,2024-04-08,KYC,Phone,17,1
CMP_0005440,CUST_03585,2024-05-29,Fees,Phone,2,5
CMP_0005441,CUST_07392,2022-04-29,Service,Branch,6,2
CMP_0005442,CUST_02350,2023-09-16,Service,Digital,6,5
CMP_0005443,CUST_07814,2024-09-23,Service,Digital,3,5
CMP_0005444,CUST_05897,2026-01-01,Fees,Phone,11,5
CMP_0005445,CUST_08792,2026-01-18,Service,Branch,3,4
CMP_0005446,CUST_08410,2025-05-22,Fees,Branch,15,5
CMP_0005447,CUST_01212,2024-03-23,Fees,Digital,11,5
CMP_0005448,CUST_02995,2025-07-02,Fees,Phone,3,4
CMP_0005449,CUST_00365,2023-10-19,Service,Branch,10,4
CMP_0005450,CUST_00719,2024-12-13,Service,Phone,3,5
CMP_0005451,CUST_00750,2023-10-07,Fees,Phone,8,3
CMP_0005452,CUST_07064,2024-07-29,Service,Digital,4,2
CMP_0005453,CUST_09451,2025-05-17,Service,Phone,6,3
CMP_0005454,CUST_06761,2022-05-20,Service,Branch,11,3
CMP_0005455,CUST_00745,2025-11-07,Fees,Digital,4,5
CMP_0005456,CUST_05718,2025-08-10,Fees,Branch,8,4
CMP_0005457,CUST_03397,2022-03-05,KYC,Branch,3,4
CMP_0005458,CUST_08316,2025-09-18,Service,Branch,7,4
CMP_0005459,CUST_05097,2023-10-06,Service,Digital,4,5
CMP_0005460,CUST_06591,2023-02-24,KYC,Digital,4,4
CMP_0005461,CUST_08240,2026-06-05,Service,Branch,7,5
CMP_0005462,CUST_04074,2026-02-18,Fees,Phone,18,4
CMP_0005463,CUST_03982,2024-01-20,KYC,Branch,9,5
CMP_0005464,CUST_07782,2023-11-27,Service,Phone,9,3
CMP_0005465,CUST_00237,2023-09-22,Fees,Branch,1,2
CMP_0005466,CUST_07294,2026-03-24,Fees,Digital,1,3
CMP_0005467,CUST_05828,2022-09-17,Fees,Phone,8,4
CMP_0005468,CUST_02652,2022-06-01,KYC,Digital,2,3
CMP_0005469,CUST_02882,2024-08-30,Service,Digital,2,4
CMP_0005470,CUST_06317,2023-06-13,KYC,Digital,3,1
CMP_0005471,CUST_01286,2022-05-03,Fraud,Phone,4,3
CMP_0005472,CUST_08244,2022-09-15,KYC,Phone,3,5
CMP_0005473,CUST_01804,2026-08-11,KYC,Phone,11,5
CMP_0005474,CUST_03955,2025-01-04,KYC,Branch,3,1
CMP_0005475,CUST_01206,2022-04-13,Fees,Digital,5,3
CMP_0005476,CUST_02286,2025-04-17,Service,Digital,22,4
CMP_0005477,CUST_05978,2023-05-01,Fees,Digital,10,5
CMP_0005478,CUST_06696,2025-02-10,KYC,Branch,4,4
CMP_0005479,CUST_00693,2025-07-05,Fees,Phone,8,5
CMP_0005480,CUST_07079,2025-07-23,Service,Branch,2,5
CMP_0005481,CUST_06161,2023-05-01,Fees,Branch,2,4
CMP_0005482,CUST_03602,2022-09-03,Service,Phone,6,3
CMP_0005483,CUST_05819,2024-06-10,Fees,Branch,7,3
CMP_0005484,CUST_01866,2025-08-02,Fees,Branch,6,2
CMP_0005485,CUST_06256,2024-04-04,Fraud,Branch,1,2
CMP_0005486,CUST_04946,2023-09-26,Fees,Phone,3,2
CMP_0005487,CUST_04372,2025-07-10,Fees,Phone,3,3
CMP_0005488,CUST_00915,2023-07-22,Service,Branch,2,3
CMP_0005489,CUST_05721,2022-11-17,KYC,Branch,5,3
CMP_0005490,CUST_03846,2025-12-05,KYC,Phone,1,4
CMP_0005491,CUST_09288,2023-03-27,Fees,Digital,3,2
CMP_0005492,CUST_07233,2026-07-07,KYC,Digital,15,5
CMP_0005493,CUST_07434,2023-04-22,Service,Digital,7,4
CMP_0005494,CUST_08519,2023-08-20,Service,Branch,9,4
CMP_0005495,CUST_07565,2026-08-12,Service,Branch,2,2
CMP_0005496,CUST_05414,2024-01-18,KYC,Digital,9,5
CMP_0005497,CUST_06895,2024-02-29,Fees,Phone,5,5
CMP_0005498,CUST_01839,2025-08-31,Fees,Branch,1,1
CMP_0005499,CUST_09015,2024-03-22,Service,Branch,16,1
CMP_0005500,CUST_08424,2023-02-25,Service,Digital,5,3
CMP_0005501,CUST_00677,2025-10-28,Service,Phone,6,5
CMP_0005502,CUST_05472,2025-11-06,Fees,Phone,4,3
CMP_0005503,CUST_06079,2025-08-03,Fees,Digital,12,3
CMP_0005504,CUST_04643,2025-04-02,Service,Branch,12,4
CMP_0005505,CUST_05058,2023-02-15,Fees,Branch,41,2
CMP_0005506,CUST_10147,2023-01-06,Service,Branch,5,5
CMP_0005507,CUST_09357,2026-06-28,Service,Branch,11,4
CMP_0005508,CUST_01225,2022-04-08,KYC,Branch,30,3
CMP_0005509,CUST_07034,2022-02-26,Service,Digital,17,1
CMP_0005510,CUST_03857,2022-08-10,Fees,Phone,5,4
CMP_0005511,CUST_07582,2026-05-12,Fees,Branch,1,4
CMP_0005512,CUST_08814,2023-08-11,Fraud,Digital,7,5
CMP_0005513,CUST_05936,2025-03-31,Fees,Digital,3,3
CMP_0005514,CUST_06673,2023-06-18,Fraud,Phone,6,4
CMP_0005515,CUST_04948,2022-05-16,Fees,Branch,2,2
CMP_0005516,CUST_02035,2022-08-14,Fees,Digital,9,5
CMP_0005517,CUST_08268,2024-08-17,Service,Digital,15,4
CMP_0005518,CUST_09548,2026-02-07,KYC,Digital,9,4
CMP_0005519,CUST_05708,2022-02-09,KYC,Branch,6,5
CMP_0005520,CUST_06899,2024-01-13,Service,Phone,5,4
CMP_0005521,CUST_00920,2025-05-09,Fees,Branch,1,4
CMP_0005522,CUST_00867,2023-10-27,KYC,Phone,5,4
CMP_0005523,CUST_03783,2026-02-22,KYC,Digital,2,4
CMP_0005524,CUST_02278,2024-07-24,Fees,Digital,10,2
CMP_0005525,CUST_01882,2024-01-06,KYC,Phone,8,5
CMP_0005526,CUST_07436,2023-02-21,Fraud,Digital,5,4
CMP_0005527,CUST_07224,2023-10-06,Service,Branch,3,3
CMP_0005528,CUST_00039,2022-09-28,Fees,Phone,3,4
CMP_0005529,CUST_03142,2022-02-19,Fees,Digital,8,5
CMP_0005530,CUST_00554,2022-09-28,Fees,Branch,1,4
CMP_0005531,CUST_06075,2025-11-20,Fees,Digital,8,5
CMP_0005532,CUST_08625,2024-05-03,Fees,Phone,17,5
CMP_0005533,CUST_06574,2022-06-15,Fees,Digital,6,4
CMP_0005534,CUST_01770,2025-03-15,Service,Branch,4,4
CMP_0005535,CUST_05221,2022-12-01,Fees,Phone,6,4
CMP_0005536,CUST_06681,2025-05-17,Fraud,Phone,7,3
CMP_0005537,CUST_07183,2025-06-15,Service,Phone,3,3
CMP_0005538,CUST_04595,2026-06-02,Fraud,Branch,4,5
CMP_0005539,CUST_00047,2024-02-06,Fees,Branch,6,5
CMP_0005540,CUST_04838,2022-11-10,KYC,Phone,1,3
CMP_0005541,CUST_06031,2022-09-23,KYC,Phone,5,4
CMP_0005542,CUST_09973,2024-08-15,Fees,Branch,9,5
CMP_0005543,CUST_04368,2026-02-11,KYC,Phone,30,4
CMP_0005544,CUST_00838,2023-06-01,Fraud,Branch,3,3
CMP_0005545,CUST_05260,2023-07-13,Fees,Digital,45,5
CMP_0005546,CUST_05202,2023-08-28,KYC,Phone,10,5
CMP_0005547,CUST_01759,2022-03-15,KYC,Digital,4,4
CMP_0005548,CUST_03291,2024-11-06,Service,Digital,2,5
CMP_0005549,CUST_01216,2023-02-18,Fees,Digital,6,4
CMP_0005550,CUST_09900,2022-08-13,Fees,Digital,9,3
CMP_0005551,CUST_03350,2025-06-24,Fees,Digital,4,4
CMP_0005552,CUST_08293,2023-09-15,KYC,Phone,5,2
CMP_0005553,CUST_00176,2023-05-01,Fees,Phone,10,4
CMP_0005554,CUST_06116,2025-07-07,Service,Phone,14,1
CMP_0005555,CUST_09908,2024-03-18,Service,Phone,7,3
CMP_0005556,CUST_07245,2024-10-17,Fees,Digital,54,2
CMP_0005557,CUST_08520,2025-06-02,Service,Branch,5,4
CMP_0005558,CUST_09266,2023-12-17,Service,Phone,8,4
CMP_0005559,CUST_09591,2022-03-10,Fees,Branch,8,4
CMP_0005560,CUST_02342,2023-04-06,KYC,Branch,11,5
CMP_0005561,CUST_06156,2024-06-22,Service,Branch,11,5
CMP_0005562,CUST_00633,2026-06-09,Fraud,Digital,7,2
CMP_0005563,CUST_00812,2023-09-17,Service,Branch,5,5
CMP_0005564,CUST_02459,2023-08-06,Service,Phone,3,2
CMP_0005565,CUST_04983,2025-07-31,Fees,Branch,10,3
CMP_0005566,CUST_03967,2025-02-04,Service,Digital,1,3
CMP_0005567,CUST_05525,2025-10-09,Service,Branch,17,5
CMP_0005568,CUST_04642,2025-08-24,Service,Digital,12,4
CMP_0005569,CUST_03298,2023-05-18,Fees,Digital,3,5
CMP_0005570,CUST_02275,2026-04-09,KYC,Phone,5,5
CMP_0005571,CUST_02420,2025-07-11,Fees,Branch,2,4
CMP_0005572,CUST_08016,2026-04-21,Fees,Branch,6,5
CMP_0005573,CUST_04079,2023-05-21,KYC,Phone,5,4
CMP_0005574,CUST_00498,2025-03-16,Service,Digital,9,5
CMP_0005575,CUST_06750,2024-12-13,Service,Digital,5,5
CMP_0005576,CUST_03886,2023-09-01,Fees,Digital,7,4
CMP_0005577,CUST_02546,2026-04-16,Fees,Branch,6,4
CMP_0005578,CUST_05982,2023-10-28,Fees,Digital,5,2
CMP_0005579,CUST_05485,2025-08-24,Fees,Digital,1,4
CMP_0005580,CUST_03253,2024-03-24,Service,Phone,7,4
CMP_0005581,CUST_09836,2024-06-06,Fees,Digital,10,4
CMP_0005582,CUST_08871,2026-06-18,Service,Phone,8,5
CMP_0005583,CUST_06274,2023-03-13,Service,Branch,1,5
CMP_0005584,CUST_00275,2026-06-01,Service,Digital,6,4
CMP_0005585,CUST_10158,2026-03-24,Fees,Branch,15,3
CMP_0005586,CUST_00164,2023-06-28,KYC,Phone,5,3
CMP_0005587,CUST_00275,2024-10-05,KYC,Digital,3,2
CMP_0005588,CUST_03430,2023-08-05,Service,Branch,6,3
CMP_0005589,CUST_08044,2023-11-01,Service,Phone,1,5
CMP_0005590,CUST_09300,2025-01-04,Fees,Branch,9,1
CMP_0005591,CUST_06216,2026-06-05,Fees,Branch,5,1
CMP_0005592,CUST_04809,2025-05-11,Fees,Phone,8,5
CMP_0005593,CUST_04309,2024-04-03,Service,Phone,4,3
CMP_0005594,CUST_08117,2026-05-05,Fees,Digital,6,5
CMP_0005595,CUST_03717,2022-11-28,Fees,Phone,7,2
CMP_0005596,CUST_00801,2023-01-02,Fees,Digital,14,1
CMP_0005597,CUST_01112,2025-07-30,Fees,Digital,8,5
CMP_0005598,CUST_03994,2026-03-28,Service,Phone,31,4
CMP_0005599,CUST_06241,2023-05-05,Service,Digital,19,3
CMP_0005600,CUST_01553,2024-08-27,Fees,Branch,2,4
CMP_0005601,CUST_03288,2026-04-18,Fees,Branch,59,2
CMP_0005602,CUST_08227,2023-12-19,Service,Digital,9,5
CMP_0005603,CUST_06036,2024-09-06,KYC,Phone,11,4
CMP_0005604,CUST_08214,2023-05-20,Service,Digital,3,2
CMP_0005605,CUST_09320,2023-10-16,Fees,Branch,5,5
CMP_0005606,CUST_06170,2023-12-03,Fees,Phone,8,4
CMP_0005607,CUST_09053,2022-03-30,Service,Phone,8,5
CMP_0005608,CUST_01727,2025-04-03,Fees,Branch,6,5
CMP_0005609,CUST_02661,2026-02-08,KYC,Branch,7,5
CMP_0005610,CUST_01828,2023-08-27,Service,Phone,6,4
CMP_0005611,CUST_08500,2026-03-19,Fees,Phone,10,2
CMP_0005612,CUST_07657,2022-10-18,Fees,Digital,3,5
CMP_0005613,CUST_07488,2026-06-15,Service,Branch,1,3
CMP_0005614,CUST_00369,2022-05-15,Service,Phone,4,3
CMP_0005615,CUST_08437,2025-12-28,KYC,Branch,8,2
CMP_0005616,CUST_01001,2024-12-21,Fees,Phone,8,1
CMP_0005617,CUST_02958,2023-06-07,KYC,Digital,11,4
CMP_0005618,CUST_00627,2023-01-19,Fees,Digital,2,1
CMP_0005619,CUST_03396,2024-05-04,Fees,Digital,1,5
CMP_0005620,CUST_07117,2022-07-11,Fees,Branch,3,5
CMP_0005621,CUST_04845,2026-05-21,Service,Digital,1,5
CMP_0005622,CUST_03860,2026-04-22,Fees,Digital,2,4
CMP_0005623,CUST_07061,2025-11-21,KYC,Digital,1,5
CMP_0005624,CUST_07186,2025-01-17,Fees,Branch,2,5
CMP_0005625,CUST_03465,2025-06-09,KYC,Branch,8,5
CMP_0005626,CUST_02483,2022-03-30,Service,Digital,5,5
CMP_0005627,CUST_02483,2026-03-12,KYC,Digital,13,4
CMP_0005628,CUST_02939,2024-03-01,Fraud,Phone,1,4
CMP_0005629,CUST_01079,2022-08-04,Service,Digital,7,4
CMP_0005630,CUST_07871,2023-08-15,Fees,Phone,4,5
CMP_0005631,CUST_00433,2024-09-24,Fraud,Branch,3,4
CMP_0005632,CUST_07027,2025-11-20,Service,Phone,4,4
CMP_0005633,CUST_00893,2024-11-03,Service,Branch,9,4
CMP_0005634,CUST_02327,2022-07-20,KYC,Phone,1,2
CMP_0005635,CUST_01778,2024-04-28,Service,Digital,3,4
CMP_0005636,CUST_05236,2022-02-05,Service,Phone,3,3
CMP_0005637,CUST_01711,2025-03-08,Fees,Phone,6,5
CMP_0005638,CUST_01452,2023-01-31,Fees,Phone,3,5
CMP_0005639,CUST_00748,2024-10-21,Service,Phone,1,2
CMP_0005640,CUST_07173,2025-06-14,Fraud,Digital,11,5
CMP_0005641,CUST_07813,2022-06-25,Service,Digital,3,3
CMP_0005642,CUST_03697,2024-09-30,Fraud,Phone,5,5
CMP_0005643,CUST_08882,2022-09-10,Fees,Digital,4,5
CMP_0005644,CUST_05067,2024-04-20,KYC,Branch,14,5
CMP_0005645,CUST_03680,2023-08-08,Service,Phone,1,5
CMP_0005646,CUST_01507,2023-04-23,Service,Phone,3,4
CMP_0005647,CUST_00942,2022-04-10,Service,Digital,11,4
CMP_0005648,CUST_05175,2025-06-03,Service,Digital,10,1
CMP_0005649,CUST_04936,2023-07-30,KYC,Digital,3,5
CMP_0005650,CUST_04985,2022-07-23,Fees,Branch,14,4
CMP_0005651,CUST_10097,2023-12-07,Fees,Branch,10,5
CMP_0005652,CUST_04319,2023-04-15,Service,Digital,4,4
CMP_0005653,CUST_05044,2025-05-29,Fees,Digital,7,1
CMP_0005654,CUST_06400,2026-02-11,Fraud,Phone,9,4
CMP_0005655,CUST_08844,2023-04-15,KYC,Phone,6,5
CMP_0005656,CUST_03851,2022-03-02,Fees,Branch,4,3
CMP_0005657,CUST_00821,2022-06-10,Fees,Branch,5,3
CMP_0005658,CUST_04047,2023-03-23,Service,Branch,5,5
CMP_0005659,CUST_09356,2024-12-13,KYC,Branch,17,3
CMP_0005660,CUST_00397,2023-05-25,Service,Branch,7,3
CMP_0005661,CUST_05363,2023-09-01,KYC,Branch,6,3
CMP_0005662,CUST_03266,2026-05-28,Fees,Phone,8,4
CMP_0005663,CUST_09286,2023-07-26,Service,Digital,42,5
CMP_0005664,CUST_08208,2025-10-01,Service,Phone,7,5
CMP_0005665,CUST_08173,2022-10-18,Fees,Digital,10,5
CMP_0005666,CUST_05906,2025-07-21,KYC,Branch,7,5
CMP_0005667,CUST_05112,2023-05-26,Service,Digital,3,5
CMP_0005668,CUST_07816,2023-05-07,Service,Phone,4,4
CMP_0005669,CUST_05614,2024-01-15,Fraud,Branch,7,3
CMP_0005670,CUST_05627,2026-01-29,Service,Digital,7,4
CMP_0005671,CUST_02478,2023-05-01,Service,Branch,3,5
CMP_0005672,CUST_06267,2024-01-14,Service,Branch,5,4
CMP_0005673,CUST_08355,2022-08-20,Service,Branch,6,4
CMP_0005674,CUST_08711,2022-09-03,Fees,Phone,9,4
CMP_0005675,CUST_00734,2026-03-20,KYC,Digital,4,5
CMP_0005676,CUST_05804,2022-09-11,Fees,Branch,3,4
CMP_0005677,CUST_06797,2026-03-09,KYC,Branch,1,5
CMP_0005678,CUST_05999,2024-10-31,Fraud,Phone,8,5
CMP_0005679,CUST_02175,2023-02-13,Service,Branch,1,4
CMP_0005680,CUST_08938,2026-07-01,Service,Digital,1,4
CMP_0005681,CUST_01951,2025-12-22,Service,Branch,7,5
CMP_0005682,CUST_02539,2024-07-18,Fees,Phone,12,2
CMP_0005683,CUST_09718,2026-04-05,Service,Digital,6,5
CMP_0005684,CUST_03527,2026-05-10,Fees,Phone,5,5
CMP_0005685,CUST_03603,2022-07-22,KYC,Digital,5,1
CMP_0005686,CUST_08122,2024-05-10,Fees,Digital,15,4
CMP_0005687,CUST_01700,2026-06-04,Fees,Branch,8,2
CMP_0005688,CUST_04856,2025-05-29,Fraud,Digital,12,4
CMP_0005689,CUST_02719,2023-02-16,Fees,Branch,54,2
CMP_0005690,CUST_03847,2023-11-04,Service,Branch,10,3
CMP_0005691,CUST_01136,2023-04-16,Fees,Branch,8,5
CMP_0005692,CUST_09980,2026-07-04,KYC,Phone,8,5
CMP_0005693,CUST_10017,2022-03-28,KYC,Branch,2,4
CMP_0005694,CUST_05134,2023-07-10,Fees,Phone,1,4
CMP_0005695,CUST_01022,2024-11-29,KYC,Branch,47,1
CMP_0005696,CUST_04537,2022-07-03,Service,Digital,41,4
CMP_0005697,CUST_06338,2025-01-30,Fees,Branch,5,4
CMP_0005698,CUST_05543,2025-03-05,Fees,Phone,12,3
CMP_0005699,CUST_07270,2023-12-20,Service,Digital,8,5
CMP_0005700,CUST_06117,2022-06-04,Fees,Digital,3,1
CMP_0005701,CUST_05426,2022-08-25,KYC,Phone,5,2
CMP_0005702,CUST_00463,2022-11-10,KYC,Phone,1,4
CMP_0005703,CUST_06217,2022-02-11,KYC,Phone,13,5
CMP_0005704,CUST_09072,2024-01-28,Fees,Branch,56,1
CMP_0005705,CUST_06845,2022-11-13,Service,Digital,5,2
CMP_0005706,CUST_02779,2026-07-31,Fees,Branch,6,5
CMP_0005707,CUST_07056,2023-09-21,Fees,Digital,61,3
CMP_0005708,CUST_09347,2024-09-02,Service,Branch,12,3
CMP_0005709,CUST_05566,2024-10-20,Service,Branch,5,5
CMP_0005710,CUST_00140,2024-12-15,KYC,Phone,1,5
CMP_0005711,CUST_08791,2025-07-02,Fraud,Digital,1,5
CMP_0005712,CUST_09571,2026-04-05,Service,Digital,2,3
CMP_0005713,CUST_01963,2022-11-08,Fraud,Phone,3,5
CMP_0005714,CUST_06186,2022-10-15,Fees,Branch,1,4
CMP_0005715,CUST_04374,2023-09-07,Service,Branch,5,4
CMP_0005716,CUST_01224,2023-12-16,Service,Digital,9,5
CMP_0005717,CUST_07168,2025-09-12,Fraud,Digital,6,1
CMP_0005718,CUST_07897,2025-07-31,Fees,Phone,12,3
CMP_0005719,CUST_02059,2022-03-23,Service,Digital,12,4
CMP_0005720,CUST_05684,2024-09-22,Service,Branch,1,3
CMP_0005721,CUST_04496,2024-10-04,Fees,Branch,3,2
CMP_0005722,CUST_09804,2025-01-21,Fees,Phone,3,5
CMP_0005723,CUST_10142,2023-01-28,Service,Digital,1,4
CMP_0005724,CUST_07692,2024-09-24,KYC,Branch,3,3
CMP_0005725,CUST_09826,2023-11-28,Service,Branch,11,5
CMP_0005726,CUST_08168,2024-09-05,Fees,Digital,4,1
CMP_0005727,CUST_03272,2025-06-04,Service,Digital,1,3
CMP_0005728,CUST_08907,2026-05-25,Fraud,Phone,5,4
CMP_0005729,CUST_04622,2025-07-22,Service,Digital,17,3
CMP_0005730,CUST_03783,2022-07-28,Service,Digital,2,4
CMP_0005731,CUST_05916,2023-12-12,Service,Branch,17,4
CMP_0005732,CUST_04201,2025-08-27,Service,Branch,11,5
CMP_0005733,CUST_05888,2026-07-03,Fees,Digital,2,3
CMP_0005734,CUST_03507,2023-10-16,Fraud,Phone,3,2
CMP_0005735,CUST_00962,2026-07-30,KYC,Phone,37,4
CMP_0005736,CUST_06933,2024-08-20,Service,Phone,11,3
CMP_0005737,CUST_00687,2026-08-13,Fees,Phone,13,5
CMP_0005738,CUST_07502,2022-02-11,Fees,Digital,8,3
CMP_0005739,CUST_01198,2022-07-25,KYC,Digital,9,1
CMP_0005740,CUST_00470,2025-02-22,Service,Digital,12,4
CMP_0005741,CUST_05620,2023-07-18,KYC,Phone,6,5
CMP_0005742,CUST_00804,2023-04-06,Service,Branch,7,4
CMP_0005743,CUST_02441,2024-11-19,Fees,Branch,7,3
CMP_0005744,CUST_09234,2023-11-02,Fraud,Phone,7,4
CMP_0005745,CUST_01326,2025-11-08,KYC,Phone,11,5
CMP_0005746,CUST_07524,2022-09-13,Fees,Digital,5,5
CMP_0005747,CUST_04273,2025-07-05,Service,Phone,4,5
CMP_0005748,CUST_00480,2024-10-01,Fraud,Digital,4,4
CMP_0005749,CUST_00360,2022-04-22,Fees,Phone,1,2
CMP_0005750,CUST_08223,2025-04-14,Service,Branch,2,3
CMP_0005751,CUST_09418,2023-01-30,KYC,Digital,2,5
CMP_0005752,CUST_08757,2024-04-24,Fees,Branch,4,4
CMP_0005753,CUST_05833,2022-09-30,Service,Branch,10,5
CMP_0005754,CUST_04218,2026-01-27,Fees,Phone,44,2
CMP_0005755,CUST_07763,2022-08-01,KYC,Digital,1,3
CMP_0005756,CUST_00884,2025-03-12,Service,Digital,5,4
CMP_0005757,CUST_04032,2026-06-22,Service,Phone,47,4
CMP_0005758,CUST_06563,2024-12-06,Service,Phone,6,4
CMP_0005759,CUST_02748,2026-02-26,Fees,Digital,5,2
CMP_0005760,CUST_05547,2022-02-26,Service,Branch,6,2
CMP_0005761,CUST_00175,2023-09-13,KYC,Branch,3,5
CMP_0005762,CUST_09108,2023-11-26,Service,Branch,6,2
CMP_0005763,CUST_08616,2023-07-25,Fees,Digital,4,5
CMP_0005764,CUST_09342,2026-03-18,Service,Digital,1,2
CMP_0005765,CUST_07318,2025-01-23,Fees,Phone,1,5
CMP_0005766,CUST_01612,2024-12-09,Fees,Phone,1,4
CMP_0005767,CUST_02731,2022-03-31,Service,Branch,9,5
CMP_0005768,CUST_05333,2024-10-08,Fraud,Branch,7,4
CMP_0005769,CUST_06765,2023-08-22,Fraud,Branch,7,4
CMP_0005770,CUST_02644,2024-11-09,KYC,Phone,8,3
CMP_0005771,CUST_02719,2024-04-07,Service,Digital,3,5
CMP_0005772,CUST_03857,2023-08-23,KYC,Branch,4,5
CMP_0005773,CUST_06346,2025-02-09,Service,Phone,3,5
CMP_0005774,CUST_02587,2022-10-20,Service,Digital,7,3
CMP_0005775,CUST_07226,2024-10-06,Service,Branch,18,4
CMP_0005776,CUST_02332,2024-01-31,Service,Phone,9,4
CMP_0005777,CUST_09158,2026-03-27,KYC,Branch,3,5
CMP_0005778,CUST_05695,2024-01-08,Fees,Phone,1,4
CMP_0005779,CUST_04382,2024-08-12,Service,Phone,10,5
CMP_0005780,CUST_03674,2022-01-29,KYC,Phone,2,5
CMP_0005781,CUST_06860,2026-02-01,Service,Branch,4,1
CMP_0005782,CUST_01743,2025-05-13,Fees,Phone,5,5
CMP_0005783,CUST_01640,2024-01-16,Service,Branch,58,3
CMP_0005784,CUST_02157,2022-09-17,Fees,Digital,19,4
CMP_0005785,CUST_01347,2025-06-09,Service,Digital,13,5
CMP_0005786,CUST_05364,2026-07-05,Service,Phone,4,4
CMP_0005787,CUST_02692,2024-06-12,KYC,Digital,7,5
CMP_0005788,CUST_00491,2025-07-06,Fees,Phone,10,3
CMP_0005789,CUST_08312,2022-08-24,Service,Phone,1,4
CMP_0005790,CUST_00743,2025-07-20,KYC,Branch,2,5
CMP_0005791,CUST_03398,2022-06-09,KYC,Digital,10,4
CMP_0005792,CUST_03491,2026-01-24,Service,Branch,6,5
CMP_0005793,CUST_01674,2022-04-06,Fees,Digital,9,5
CMP_0005794,CUST_02506,2022-07-14,Service,Digital,11,4
CMP_0005795,CUST_02373,2024-01-03,KYC,Branch,3,4
CMP_0005796,CUST_06416,2026-01-26,KYC,Branch,12,5
CMP_0005797,CUST_04178,2026-01-20,Service,Digital,7,5
CMP_0005798,CUST_06174,2024-05-16,Fees,Phone,5,5
CMP_0005799,CUST_09403,2022-10-04,Fees,Phone,3,5
CMP_0005800,CUST_06959,2025-07-26,Service,Branch,2,3
CMP_0005801,CUST_09874,2023-08-31,Service,Digital,8,3
CMP_0005802,CUST_08106,2024-10-21,Fees,Digital,1,4
CMP_0005803,CUST_09852,2026-05-24,Fraud,Digital,4,5
CMP_0005804,CUST_06996,2023-10-11,Fees,Branch,7,5
CMP_0005805,CUST_05972,2023-08-26,KYC,Digital,16,5
CMP_0005806,CUST_05336,2022-10-27,Service,Digital,6,2
CMP_0005807,CUST_01923,2024-03-27,Fraud,Digital,4,4
CMP_0005808,CUST_03756,2024-03-15,Service,Digital,2,5
CMP_0005809,CUST_05916,2023-02-18,Fees,Digital,7,4
CMP_0005810,CUST_04890,2022-12-26,Service,Branch,7,5
CMP_0005811,CUST_08856,2025-01-20,KYC,Branch,4,3
CMP_0005812,CUST_04125,2025-01-05,Fraud,Phone,1,4
CMP_0005813,CUST_02112,2026-03-10,Service,Branch,5,2
CMP_0005814,CUST_03794,2026-03-05,Fees,Phone,2,3
CMP_0005815,CUST_09517,2024-05-06,Service,Branch,1,5
CMP_0005816,CUST_05747,2023-06-20,Fees,Branch,6,1
CMP_0005817,CUST_09900,2024-12-11,Fees,Branch,8,3
CMP_0005818,CUST_09832,2026-06-20,Service,Phone,3,5
CMP_0005819,CUST_05114,2024-09-02,KYC,Digital,1,3
CMP_0005820,CUST_04159,2023-04-21,Service,Digital,6,2
CMP_0005821,CUST_05984,2025-12-04,KYC,Branch,2,3
CMP_0005822,CUST_04735,2022-02-11,Fees,Branch,3,3
CMP_0005823,CUST_04631,2023-10-25,Fees,Branch,7,4
CMP_0005824,CUST_06828,2023-12-28,Service,Digital,9,4
CMP_0005825,CUST_04237,2024-03-13,KYC,Digital,11,4
CMP_0005826,CUST_04571,2022-01-28,Fees,Phone,6,5
CMP_0005827,CUST_06272,2025-02-04,Fees,Phone,3,5
CMP_0005828,CUST_05124,2024-05-14,Fees,Digital,5,4
CMP_0005829,CUST_07926,2026-06-28,Fees,Branch,8,5
CMP_0005830,CUST_07134,2025-02-09,Fraud,Phone,8,3
CMP_0005831,CUST_04425,2023-07-14,KYC,Phone,10,5
CMP_0005832,CUST_00641,2025-09-28,Service,Digital,8,5
CMP_0005833,CUST_10020,2022-04-14,Fees,Digital,1,4
CMP_0005834,CUST_10025,2025-01-08,KYC,Branch,6,5
CMP_0005835,CUST_09788,2023-07-12,Service,Branch,7,3
CMP_0005836,CUST_05012,2023-02-18,Service,Phone,8,3
CMP_0005837,CUST_09848,2022-06-26,KYC,Digital,7,4
CMP_0005838,CUST_07855,2026-05-23,Service,Phone,1,4
CMP_0005839,CUST_06782,2026-06-09,KYC,Phone,5,3
CMP_0005840,CUST_05176,2024-11-16,Fees,Phone,5,5
CMP_0005841,CUST_10094,2026-05-29,Service,Branch,10,5
CMP_0005842,CUST_08114,2022-11-24,Service,Branch,7,1
CMP_0005843,CUST_06016,2025-12-31,Service,Digital,8,4
CMP_0005844,CUST_07827,2025-12-02,KYC,Branch,3,5
CMP_0005845,CUST_05405,2026-01-11,Fees,Digital,30,1
CMP_0005846,CUST_01966,2024-08-09,Service,Branch,5,3
CMP_0005847,CUST_00077,2022-11-11,Fees,Digital,7,5
CMP_0005848,CUST_03154,2022-06-24,Service,Branch,3,5
CMP_0005849,CUST_01303,2023-07-03,Service,Branch,4,4
CMP_0005850,CUST_00421,2023-11-27,Service,Phone,51,5
CMP_0005851,CUST_09969,2025-12-01,Service,Phone,7,4
CMP_0005852,CUST_01775,2023-07-30,Fees,Branch,4,5
CMP_0005853,CUST_07704,2023-12-17,Fees,Branch,14,3
CMP_0005854,CUST_09051,2024-05-25,Service,Digital,7,4
CMP_0005855,CUST_00102,2022-02-02,Fees,Branch,8,1
CMP_0005856,CUST_01090,2022-10-29,Service,Phone,1,3
CMP_0005857,CUST_06966,2026-05-24,KYC,Phone,4,4
CMP_0005858,CUST_06497,2026-07-09,Service,Phone,9,4
CMP_0005859,CUST_07189,2023-04-15,Service,Phone,8,2
CMP_0005860,CUST_08435,2023-08-26,Fees,Digital,3,4
CMP_0005861,CUST_08277,2024-06-30,Service,Phone,7,4
CMP_0005862,CUST_05550,2024-11-03,Fees,Phone,42,3
CMP_0005863,CUST_04821,2026-07-10,Service,Phone,3,5
CMP_0005864,CUST_06615,2024-08-22,Service,Phone,7,4
CMP_0005865,CUST_02102,2024-06-16,Service,Branch,2,4
CMP_0005866,CUST_01338,2026-04-18,Fees,Phone,4,5
CMP_0005867,CUST_05934,2026-03-03,Service,Branch,8,5
CMP_0005868,CUST_00530,2023-07-22,Service,Digital,11,4
CMP_0005869,CUST_06173,2026-07-12,Service,Digital,3,1
CMP_0005870,CUST_09403,2022-01-02,Service,Branch,1,2
CMP_0005871,CUST_02535,2023-08-22,Service,Branch,63,4
CMP_0005872,CUST_05395,2026-01-22,Service,Digital,7,4
CMP_0005873,CUST_05422,2022-05-03,Fees,Phone,17,5
CMP_0005874,CUST_09197,2022-11-09,Fees,Digital,1,4
CMP_0005875,CUST_05688,2026-04-26,KYC,Branch,1,4
CMP_0005876,CUST_04610,2025-09-24,Fraud,Phone,10,4
CMP_0005877,CUST_02460,2023-04-16,Service,Digital,3,5
CMP_0005878,CUST_04610,2026-08-13,Service,Digital,12,5
CMP_0005879,CUST_10181,2024-01-29,Fees,Digital,9,5
CMP_0005880,CUST_00005,2024-12-13,Fees,Phone,1,4
CMP_0005881,CUST_07218,2023-08-22,KYC,Digital,4,5
CMP_0005882,CUST_08193,2025-05-02,KYC,Phone,6,4
CMP_0005883,CUST_06432,2023-01-12,Fees,Digital,2,3
CMP_0005884,CUST_00314,2022-03-30,Service,Branch,2,5
CMP_0005885,CUST_01712,2023-03-08,Service,Phone,9,5
CMP_0005886,CUST_01903,2024-05-07,KYC,Phone,1,5
CMP_0005887,CUST_06871,2025-11-13,Service,Digital,5,1
CMP_0005888,CUST_03036,2024-05-20,KYC,Phone,6,5
CMP_0005889,CUST_05559,2023-12-21,KYC,Digital,5,1
CMP_0005890,CUST_01301,2023-07-02,KYC,Digital,2,4
CMP_0005891,CUST_01169,2022-03-22,Service,Phone,5,2
CMP_0005892,CUST_08456,2025-12-31,Fees,Phone,3,5
CMP_0005893,CUST_09080,2025-07-26,Service,Branch,2,5
CMP_0005894,CUST_08958,2023-08-03,KYC,Digital,33,5
CMP_0005895,CUST_01996,2024-04-04,Fees,Digital,8,4
CMP_0005896,CUST_09294,2026-02-26,Service,Digital,1,5
CMP_0005897,CUST_00699,2025-11-12,Fraud,Phone,1,5
CMP_0005898,CUST_06358,2024-02-03,KYC,Branch,4,3
CMP_0005899,CUST_00688,2026-02-15,KYC,Branch,4,3
CMP_0005900,CUST_09107,2022-09-16,Service,Phone,3,2
CMP_0005901,CUST_03618,2024-05-19,KYC,Branch,20,4
CMP_0005902,CUST_07761,2022-01-28,Fraud,Digital,1,4
CMP_0005903,CUST_04079,2022-01-16,Service,Phone,10,3
CMP_0005904,CUST_03844,2025-11-21,Fees,Phone,4,2
CMP_0005905,CUST_08077,2022-11-12,Fees,Phone,1,3
CMP_0005906,CUST_07179,2025-03-06,KYC,Digital,7,5
CMP_0005907,CUST_08962,2024-09-20,KYC,Digital,5,4
CMP_0005908,CUST_06331,2026-07-03,Fees,Phone,8,4
CMP_0005909,CUST_00869,2023-07-08,Fees,Digital,1,4
CMP_0005910,CUST_00854,2026-07-19,Fraud,Phone,9,5
CMP_0005911,CUST_04370,2024-02-04,KYC,Phone,1,2
CMP_0005912,CUST_00228,2023-03-18,Fees,Phone,2,3
CMP_0005913,CUST_08308,2026-08-01,Service,Digital,53,2
CMP_0005914,CUST_08956,2023-03-07,Service,Digital,4,4
CMP_0005915,CUST_08383,2025-04-12,Service,Digital,3,5
CMP_0005916,CUST_03608,2022-11-09,Fees,Digital,4,5
CMP_0005917,CUST_10116,2026-07-11,KYC,Branch,3,3
CMP_0005918,CUST_05479,2025-09-18,Fees,Digital,4,5
CMP_0005919,CUST_01179,2022-10-30,Fees,Digital,3,3
CMP_0005920,CUST_01828,2024-02-28,Service,Digital,7,1
CMP_0005921,CUST_08845,2026-01-11,Fees,Digital,6,3
CMP_0005922,CUST_03944,2024-09-03,Fees,Branch,5,4
CMP_0005923,CUST_04611,2024-02-19,Fees,Branch,22,4
CMP_0005924,CUST_09064,2023-05-02,Service,Branch,5,4
CMP_0005925,CUST_06574,2024-09-19,KYC,Phone,2,3
CMP_0005926,CUST_01865,2025-03-09,Fees,Branch,16,1
CMP_0005927,CUST_03061,2022-10-19,Service,Digital,11,5
CMP_0005928,CUST_03484,2024-12-20,Service,Phone,4,4
CMP_0005929,CUST_00114,2023-02-08,KYC,Digital,70,1
CMP_0005930,CUST_06028,2025-07-26,Service,Digital,2,3
CMP_0005931,CUST_02061,2025-12-16,Service,Digital,2,5
CMP_0005932,CUST_01732,2025-06-13,Service,Branch,4,3
CMP_0005933,CUST_00586,2026-05-02,Fees,Branch,6,5
CMP_0005934,CUST_04531,2024-06-15,Fees,Phone,14,5
CMP_0005935,CUST_01497,2023-11-06,KYC,Digital,2,2
CMP_0005936,CUST_00482,2024-06-24,Fraud,Branch,8,2
CMP_0005937,CUST_02891,2026-01-28,Fees,Phone,2,2
CMP_0005938,CUST_09946,2024-05-14,Service,Digital,5,4
CMP_0005939,CUST_05489,2024-12-06,Service,Phone,14,3
CMP_0005940,CUST_10173,2023-12-07,Service,Digital,2,3
CMP_0005941,CUST_06787,2025-04-03,Service,Phone,2,2
CMP_0005942,CUST_02534,2024-01-09,Fraud,Phone,3,4
CMP_0005943,CUST_06645,2024-05-14,KYC,Digital,14,4
CMP_0005944,CUST_08099,2022-04-10,Fees,Digital,11,4
CMP_0005945,CUST_07264,2022-11-25,KYC,Digital,11,5
CMP_0005946,CUST_04764,2026-03-24,Fees,Digital,59,3
CMP_0005947,CUST_04689,2023-09-14,Service,Branch,8,5
CMP_0005948,CUST_01873,2022-01-01,Service,Phone,4,2
CMP_0005949,CUST_08246,2022-05-06,KYC,Digital,13,5
CMP_0005950,CUST_02457,2023-09-29,Fees,Phone,6,5
CMP_0005951,CUST_04223,2023-06-01,Service,Digital,5,3
CMP_0005952,CUST_03625,2024-05-19,Service,Digital,8,4
CMP_0005953,CUST_05459,2024-01-07,Fees,Phone,7,4
CMP_0005954,CUST_08293,2025-06-23,Fees,Digital,1,3
CMP_0005955,CUST_03598,2022-12-14,Service,Branch,10,3
CMP_0005956,CUST_08862,2025-12-12,Service,Branch,16,3
CMP_0005957,CUST_01821,2023-04-22,Service,Phone,62,4
CMP_0005958,CUST_09998,2022-10-08,Fraud,Phone,2,3
CMP_0005959,CUST_01580,2023-04-24,KYC,Branch,1,3
CMP_0005960,CUST_05585,2024-04-09,Fees,Digital,5,2
CMP_0005961,CUST_01366,2023-04-02,Service,Branch,3,5
CMP_0005962,CUST_05039,2024-04-27,Service,Phone,4,5
CMP_0005963,CUST_01649,2025-11-13,Service,Digital,6,4
CMP_0005964,CUST_03469,2025-07-02,Service,Digital,2,4
CMP_0005965,CUST_04778,2025-08-01,KYC,Digital,2,5
CMP_0005966,CUST_00617,2024-06-10,Service,Phone,1,3
CMP_0005967,CUST_01893,2023-03-11,Service,Digital,3,4
CMP_0005968,CUST_07860,2023-01-26,Service,Branch,3,2
CMP_0005969,CUST_00603,2024-05-03,Service,Branch,9,3
CMP_0005970,CUST_08150,2024-05-31,Service,Branch,5,5
CMP_0005971,CUST_07316,2025-05-20,Service,Branch,2,3
CMP_0005972,CUST_09866,2024-10-25,KYC,Digital,8,5
CMP_0005973,CUST_03519,2023-01-01,Service,Digital,5,3
CMP_0005974,CUST_05655,2023-04-20,Service,Phone,2,4
CMP_0005975,CUST_05609,2025-11-09,KYC,Branch,9,1
CMP_0005976,CUST_09349,2025-06-04,KYC,Digital,11,2
CMP_0005977,CUST_04828,2023-01-02,Service,Digital,12,3
CMP_0005978,CUST_04284,2024-11-18,Fees,Branch,5,3
CMP_0005979,CUST_05302,2023-07-04,Fraud,Digital,1,1
CMP_0005980,CUST_02549,2023-04-26,Fraud,Digital,52,4
CMP_0005981,CUST_02871,2022-10-02,Fees,Phone,14,3
CMP_0005982,CUST_01467,2024-06-01,Fees,Phone,6,5
CMP_0005983,CUST_04469,2022-11-28,Fees,Phone,1,5
CMP_0005984,CUST_06207,2025-05-03,Service,Digital,3,4
CMP_0005985,CUST_04469,2025-12-11,Service,Branch,5,3
CMP_0005986,CUST_01642,2024-02-29,Fees,Digital,40,2
CMP_0005987,CUST_05735,2023-08-07,Fees,Digital,7,4
CMP_0005988,CUST_01664,2026-03-03,Service,Phone,6,3
CMP_0005989,CUST_08803,2026-01-31,Fees,Branch,9,2
CMP_0005990,CUST_08529,2023-10-07,Fees,Branch,7,4
CMP_0005991,CUST_01060,2022-01-05,Fees,Branch,5,5
CMP_0005992,CUST_10089,2025-09-30,Fees,Branch,1,4
CMP_0005993,CUST_00899,2023-03-28,Fees,Branch,6,3
CMP_0005994,CUST_03113,2024-04-21,KYC,Branch,1,5
CMP_0005995,CUST_02815,2024-09-28,Service,Digital,1,4
CMP_0005996,CUST_03310,2022-09-12,Service,Phone,10,5
CMP_0005997,CUST_07061,2022-05-25,Service,Phone,1,4
CMP_0005998,CUST_08593,2022-01-17,KYC,Phone,1,1
CMP_0005999,CUST_05459,2022-07-06,Fees,Branch,4,4
CMP_0006000,CUST_09193,2025-02-14,Service,Phone,8,5
CMP_0006001,CUST_05668,2022-09-09,KYC,Phone,4,3
CMP_0006002,CUST_01485,2024-12-31,Service,Branch,9,4
CMP_0006003,CUST_07884,2023-04-09,Fees,Branch,1,5
CMP_0006004,CUST_09405,2025-11-21,Service,Phone,4,3
CMP_0006005,CUST_04743,2023-12-26,KYC,Branch,6,1
CMP_0006006,CUST_05554,2026-03-12,Fees,Digital,2,4
CMP_0006007,CUST_03517,2023-03-20,Service,Digital,5,5
CMP_0006008,CUST_06821,2022-07-06,KYC,Digital,19,5
CMP_0006009,CUST_06589,2022-07-18,Fees,Digital,4,5
CMP_0006010,CUST_06050,2022-09-29,Fees,Branch,37,3
CMP_0006011,CUST_02196,2023-07-12,Fraud,Digital,4,5
CMP_0006012,CUST_02803,2025-02-13,Fees,Phone,9,1
CMP_0006013,CUST_04934,2022-03-02,Service,Branch,6,5
CMP_0006014,CUST_06361,2025-12-05,Service,Phone,4,4
CMP_0006015,CUST_02684,2024-05-23,Fees,Branch,4,4
CMP_0006016,CUST_06714,2023-04-01,KYC,Phone,11,4
CMP_0006017,CUST_09151,2022-09-11,Fraud,Branch,13,4
CMP_0006018,CUST_00684,2022-06-21,Service,Branch,7,4
CMP_0006019,CUST_05727,2025-10-23,Fees,Digital,5,4
CMP_0006020,CUST_00898,2023-11-19,Service,Phone,5,5
CMP_0006021,CUST_07749,2023-12-16,Fraud,Digital,1,4
CMP_0006022,CUST_07919,2022-09-08,KYC,Branch,5,1
CMP_0006023,CUST_07917,2023-09-04,Service,Branch,7,4
CMP_0006024,CUST_07266,2024-05-13,Service,Phone,4,5
CMP_0006025,CUST_07116,2024-08-05,KYC,Digital,4,3
CMP_0006026,CUST_02368,2026-07-02,Fees,Branch,8,5
CMP_0006027,CUST_01989,2023-06-02,KYC,Digital,10,5
CMP_0006028,CUST_01243,2026-05-02,Fraud,Phone,7,4
CMP_0006029,CUST_02288,2024-06-25,Service,Branch,15,4
CMP_0006030,CUST_05713,2024-05-11,Service,Branch,3,5
CMP_0006031,CUST_06366,2025-12-13,Fees,Digital,5,4
CMP_0006032,CUST_07752,2023-11-29,Service,Branch,4,5
CMP_0006033,CUST_05133,2026-08-13,Fees,Phone,3,2
CMP_0006034,CUST_05316,2026-06-30,Fees,Branch,2,5
CMP_0006035,CUST_00508,2022-09-20,Service,Phone,2,5
CMP_0006036,CUST_00812,2022-09-29,Service,Phone,3,3
CMP_0006037,CUST_07388,2023-02-26,Service,Branch,1,4
CMP_0006038,CUST_01278,2023-12-24,Fees,Branch,12,5
CMP_0006039,CUST_04591,2025-04-18,Fees,Digital,46,5
CMP_0006040,CUST_05579,2024-11-21,Service,Phone,3,4
CMP_0006041,CUST_05035,2025-09-10,Fees,Branch,6,4
CMP_0006042,CUST_07937,2025-02-04,Service,Branch,6,5
CMP_0006043,CUST_03234,2024-01-24,KYC,Digital,1,2
CMP_0006044,CUST_00933,2025-01-27,Fees,Phone,3,5
CMP_0006045,CUST_03116,2026-06-14,KYC,Branch,4,3
CMP_0006046,CUST_03151,2022-03-26,Fees,Digital,5,3
CMP_0006047,CUST_03389,2024-12-15,Fees,Digital,8,5
CMP_0006048,CUST_02865,2024-03-01,Fraud,Phone,6,2
CMP_0006049,CUST_07600,2022-08-23,Service,Branch,24,4
CMP_0006050,CUST_00740,2023-11-11,Fees,Branch,9,5
CMP_0006051,CUST_03263,2022-08-15,Service,Digital,8,5
CMP_0006052,CUST_06264,2026-07-20,KYC,Phone,1,5
CMP_0006053,CUST_02959,2022-05-01,Fraud,Digital,6,5
CMP_0006054,CUST_09658,2024-04-07,Fees,Digital,7,4
CMP_0006055,CUST_09085,2023-07-22,KYC,Digital,1,4
CMP_0006056,CUST_04201,2025-03-11,Service,Phone,6,5
CMP_0006057,CUST_08512,2026-06-21,KYC,Branch,7,4
CMP_0006058,CUST_08440,2025-03-28,Service,Branch,1,4
CMP_0006059,CUST_08603,2024-11-08,Fees,Digital,4,4
CMP_0006060,CUST_01172,2025-11-24,Fees,Digital,4,4
CMP_0006061,CUST_02969,2025-11-20,Fraud,Phone,4,1
CMP_0006062,CUST_09125,2022-06-21,Service,Digital,2,5
CMP_0006063,CUST_09671,2022-12-29,Fees,Branch,1,4
CMP_0006064,CUST_04126,2026-05-01,Service,Branch,8,4
CMP_0006065,CUST_00789,2022-09-28,Service,Phone,5,2
CMP_0006066,CUST_02769,2024-10-20,Service,Branch,9,5
CMP_0006067,CUST_01363,2024-03-08,Service,Digital,4,5
CMP_0006068,CUST_09778,2025-08-25,Service,Digital,5,4
CMP_0006069,CUST_08357,2026-07-22,Fraud,Phone,23,4
CMP_0006070,CUST_04902,2025-01-05,KYC,Digital,7,4
CMP_0006071,CUST_09917,2025-09-16,KYC,Phone,1,5
CMP_0006072,CUST_07769,2025-02-01,Service,Digital,7,2
CMP_0006073,CUST_00192,2022-08-11,Fees,Branch,30,2
CMP_0006074,CUST_02160,2025-04-01,Fees,Digital,1,5
CMP_0006075,CUST_07328,2023-10-22,Fees,Digital,2,3
CMP_0006076,CUST_05912,2026-03-09,Fees,Digital,1,3
CMP_0006077,CUST_02198,2023-12-07,Service,Branch,4,4
CMP_0006078,CUST_00075,2022-12-27,KYC,Phone,3,1
CMP_0006079,CUST_02981,2024-01-02,Service,Digital,14,4
CMP_0006080,CUST_01454,2024-02-14,Service,Phone,10,4
CMP_0006081,CUST_01689,2023-08-07,Fees,Branch,9,4
CMP_0006082,CUST_01635,2022-08-23,Service,Branch,8,4
CMP_0006083,CUST_08615,2026-01-10,Fees,Digital,7,5
CMP_0006084,CUST_05962,2024-08-20,Service,Phone,9,2
CMP_0006085,CUST_08810,2025-05-03,Service,Phone,57,5
CMP_0006086,CUST_06225,2025-10-09,Service,Branch,9,5
CMP_0006087,CUST_00865,2022-02-28,Fees,Phone,10,3
CMP_0006088,CUST_05118,2023-09-16,Service,Branch,2,5
CMP_0006089,CUST_04156,2023-08-28,Fraud,Digital,3,5
CMP_0006090,CUST_05829,2024-06-01,Service,Branch,16,2
CMP_0006091,CUST_08223,2026-08-06,Service,Branch,9,5
CMP_0006092,CUST_10094,2022-06-15,Service,Digital,17,5
CMP_0006093,CUST_04119,2023-02-25,Service,Digital,5,3
CMP_0006094,CUST_01411,2023-10-31,Service,Branch,3,3
CMP_0006095,CUST_05738,2024-04-29,Fees,Branch,2,1
CMP_0006096,CUST_04266,2022-04-10,Service,Branch,2,3
CMP_0006097,CUST_07154,2025-12-16,Service,Digital,1,3
CMP_0006098,CUST_03994,2023-02-04,Service,Phone,6,4
CMP_0006099,CUST_07004,2026-07-03,Service,Branch,4,3
CMP_0006100,CUST_01322,2024-12-22,Fraud,Phone,3,5
CMP_0006101,CUST_07514,2023-06-07,Service,Branch,4,5
CMP_0006102,CUST_08142,2026-06-24,KYC,Branch,4,5
CMP_0006103,CUST_08943,2022-09-26,Service,Digital,17,5
CMP_0006104,CUST_02225,2025-10-08,Fees,Digital,4,5
CMP_0006105,CUST_05228,2023-01-27,Fees,Phone,47,2
CMP_0006106,CUST_03006,2024-07-14,Service,Branch,2,3
CMP_0006107,CUST_08644,2025-04-14,Fraud,Branch,2,3
CMP_0006108,CUST_07212,2025-04-26,Service,Digital,4,3
CMP_0006109,CUST_05538,2023-01-25,Service,Phone,8,5
CMP_0006110,CUST_00916,2025-08-13,Service,Digital,5,5
CMP_0006111,CUST_04792,2023-08-03,Service,Digital,8,4
CMP_0006112,CUST_09948,2024-02-16,Fees,Phone,3,4
CMP_0006113,CUST_09015,2022-09-07,Fees,Phone,9,3
CMP_0006114,CUST_03847,2026-03-20,Fraud,Branch,2,4
CMP_0006115,CUST_06482,2022-04-26,Fees,Branch,6,4
CMP_0006116,CUST_06870,2022-04-15,Service,Digital,8,4
CMP_0006117,CUST_00205,2024-01-14,Fees,Digital,13,3
CMP_0006118,CUST_06648,2025-10-08,Service,Phone,1,4
CMP_0006119,CUST_07053,2024-02-28,Service,Digital,15,5
CMP_0006120,CUST_00951,2025-04-26,Fees,Phone,4,4
CMP_0006121,CUST_08011,2023-08-17,Fees,Phone,5,4
CMP_0006122,CUST_07710,2022-09-02,Service,Branch,4,5
CMP_0006123,CUST_01610,2022-12-26,KYC,Phone,5,4
CMP_0006124,CUST_00143,2025-10-16,KYC,Branch,3,3
CMP_0006125,CUST_00505,2024-03-09,KYC,Branch,4,5
CMP_0006126,CUST_05189,2023-08-10,Fees,Phone,35,3
CMP_0006127,CUST_05580,2023-03-22,KYC,Phone,3,5
CMP_0006128,CUST_10111,2026-03-05,Fraud,Phone,5,3
CMP_0006129,CUST_02336,2024-10-14,Fees,Phone,7,3
CMP_0006130,CUST_08687,2022-02-07,Service,Digital,1,5
CMP_0006131,CUST_07221,2024-01-20,KYC,Digital,3,5
CMP_0006132,CUST_00350,2025-08-20,Fees,Branch,4,4
CMP_0006133,CUST_02482,2024-09-29,Fees,Branch,8,5
CMP_0006134,CUST_08721,2025-03-31,Fees,Digital,6,4
CMP_0006135,CUST_03093,2022-03-30,Fees,Phone,1,4
CMP_0006136,CUST_01394,2025-03-30,Fraud,Digital,2,1
CMP_0006137,CUST_08360,2022-03-05,Fraud,Branch,3,3
CMP_0006138,CUST_00161,2023-08-11,Service,Branch,3,3
CMP_0006139,CUST_06947,2023-08-11,Service,Branch,9,1
CMP_0006140,CUST_05347,2023-08-08,KYC,Phone,1,4
CMP_0006141,CUST_02586,2024-07-02,KYC,Digital,6,5
CMP_0006142,CUST_04492,2024-05-17,Service,Phone,13,5
CMP_0006143,CUST_04944,2023-11-25,Service,Digital,1,4
CMP_0006144,CUST_10140,2025-08-31,Service,Phone,6,5
CMP_0006145,CUST_08632,2025-06-14,Service,Phone,4,3
CMP_0006146,CUST_05337,2026-05-13,Fees,Digital,19,4
CMP_0006147,CUST_02736,2025-01-02,Fraud,Phone,6,4
CMP_0006148,CUST_03072,2023-12-27,Service,Branch,24,5
CMP_0006149,CUST_07033,2023-01-24,Service,Branch,7,4
CMP_0006150,CUST_06286,2023-12-05,KYC,Phone,3,5
CMP_0006151,CUST_07757,2026-01-06,Service,Branch,14,5
CMP_0006152,CUST_02764,2025-11-27,Fees,Phone,2,4
CMP_0006153,CUST_02477,2026-02-21,Service,Branch,7,5
CMP_0006154,CUST_02310,2022-10-13,KYC,Branch,9,5
CMP_0006155,CUST_02386,2025-09-19,KYC,Branch,4,2
CMP_0006156,CUST_04656,2025-02-06,KYC,Phone,6,1
CMP_0006157,CUST_09570,2025-08-22,Service,Digital,5,4
CMP_0006158,CUST_03761,2023-02-13,Service,Phone,16,4
CMP_0006159,CUST_04202,2023-12-31,Fraud,Phone,13,4
CMP_0006160,CUST_06134,2025-05-05,KYC,Phone,3,4
CMP_0006161,CUST_04318,2023-10-25,KYC,Digital,6,5
CMP_0006162,CUST_07713,2022-12-24,Service,Digital,11,4
CMP_0006163,CUST_03640,2022-08-17,Fees,Branch,3,4
CMP_0006164,CUST_09216,2025-11-23,Fees,Branch,8,4
CMP_0006165,CUST_04545,2023-04-24,KYC,Branch,9,4
CMP_0006166,CUST_04406,2023-02-07,Fees,Phone,53,1
CMP_0006167,CUST_02656,2024-01-22,KYC,Digital,10,5
CMP_0006168,CUST_06862,2025-08-20,Fees,Branch,12,3
CMP_0006169,CUST_02685,2023-07-09,Service,Digital,5,3
CMP_0006170,CUST_04518,2025-03-06,Service,Digital,2,5
CMP_0006171,CUST_07827,2026-06-06,Fees,Phone,54,4
CMP_0006172,CUST_04625,2026-01-24,Service,Branch,6,3
CMP_0006173,CUST_10165,2023-11-16,KYC,Phone,1,5
CMP_0006174,CUST_09794,2023-11-28,Fees,Branch,12,5
CMP_0006175,CUST_04697,2022-10-02,KYC,Phone,5,3
CMP_0006176,CUST_07298,2023-04-06,Fees,Phone,2,2
CMP_0006177,CUST_09857,2023-06-25,Service,Phone,16,5
CMP_0006178,CUST_09823,2025-12-29,Fees,Phone,5,4
CMP_0006179,CUST_03633,2024-10-21,Service,Branch,5,3
CMP_0006180,CUST_02837,2024-04-22,Fraud,Digital,4,3
CMP_0006181,CUST_01029,2023-07-01,Fees,Digital,3,5
CMP_0006182,CUST_07525,2025-08-06,Fees,Digital,3,5
CMP_0006183,CUST_08648,2024-10-03,Service,Branch,4,4
CMP_0006184,CUST_06761,2023-10-18,Fees,Branch,6,3
CMP_0006185,CUST_04118,2025-09-22,Fees,Digital,3,2
CMP_0006186,CUST_06061,2024-02-15,Service,Digital,34,2
CMP_0006187,CUST_02824,2023-12-15,Fees,Branch,21,5
CMP_0006188,CUST_02696,2025-03-22,Service,Digital,1,3
CMP_0006189,CUST_09881,2025-03-23,Fees,Digital,22,3
CMP_0006190,CUST_09114,2026-05-11,KYC,Branch,6,4
CMP_0006191,CUST_09453,2024-04-02,Service,Phone,13,4
CMP_0006192,CUST_06097,2024-10-12,KYC,Phone,8,5
CMP_0006193,CUST_01287,2025-12-17,Fees,Phone,7,4
CMP_0006194,CUST_05983,2022-07-10,KYC,Phone,4,4
CMP_0006195,CUST_09396,2023-07-10,Service,Phone,8,5
CMP_0006196,CUST_00526,2022-04-30,Fees,Branch,4,5
CMP_0006197,CUST_07084,2025-12-20,Service,Phone,6,2
CMP_0006198,CUST_07400,2024-08-17,Fees,Phone,10,3
CMP_0006199,CUST_07473,2024-06-26,Service,Phone,4,2
CMP_0006200,CUST_03080,2024-11-06,Service,Digital,10,2
CMP_0006201,CUST_09909,2024-04-15,Service,Branch,4,5
CMP_0006202,CUST_09598,2024-02-03,Fees,Phone,23,4
CMP_0006203,CUST_02836,2025-05-08,Fees,Digital,1,3
CMP_0006204,CUST_08800,2025-04-08,Fraud,Phone,4,3
CMP_0006205,CUST_01368,2026-06-24,Fees,Digital,4,4
CMP_0006206,CUST_07303,2026-07-29,Fees,Digital,6,2
CMP_0006207,CUST_08657,2023-10-06,Fees,Branch,3,5
CMP_0006208,CUST_03565,2023-02-16,Service,Digital,7,4
CMP_0006209,CUST_10060,2022-01-23,Fees,Phone,15,1
CMP_0006210,CUST_05265,2025-07-01,Fraud,Branch,1,1
CMP_0006211,CUST_03164,2025-12-12,Service,Phone,1,2
CMP_0006212,CUST_04312,2024-04-09,Service,Phone,2,4
CMP_0006213,CUST_02651,2026-01-12,Fees,Branch,5,3
CMP_0006214,CUST_04502,2023-08-11,Service,Digital,6,3
CMP_0006215,CUST_08090,2024-02-07,Service,Branch,62,5
CMP_0006216,CUST_03617,2024-01-20,Service,Branch,7,4
CMP_0006217,CUST_02188,2022-10-26,KYC,Phone,1,2
CMP_0006218,CUST_00953,2023-06-28,Service,Digital,5,3
CMP_0006219,CUST_07901,2022-07-29,Service,Branch,2,5
CMP_0006220,CUST_04378,2023-06-22,KYC,Branch,7,3
CMP_0006221,CUST_03551,2023-11-13,Service,Phone,6,4
CMP_0006222,CUST_03765,2024-02-01,Service,Digital,5,1
CMP_0006223,CUST_02516,2023-10-24,Fees,Branch,5,5
CMP_0006224,CUST_05765,2025-10-23,Service,Digital,4,5
CMP_0006225,CUST_06614,2024-05-16,Fees,Branch,6,5
CMP_0006226,CUST_07215,2023-12-27,Fees,Branch,12,3
CMP_0006227,CUST_04173,2025-10-06,KYC,Phone,1,2
CMP_0006228,CUST_08730,2025-10-31,KYC,Branch,7,3
CMP_0006229,CUST_05595,2022-07-02,KYC,Digital,8,1
CMP_0006230,CUST_02604,2022-09-03,KYC,Digital,3,4
CMP_0006231,CUST_07222,2026-08-03,KYC,Digital,10,5
CMP_0006232,CUST_06892,2024-06-12,Service,Phone,7,4
CMP_0006233,CUST_06616,2023-06-11,KYC,Branch,6,3
CMP_0006234,CUST_06805,2023-05-28,Fees,Branch,2,2
CMP_0006235,CUST_08123,2025-10-14,Service,Phone,13,5
CMP_0006236,CUST_06642,2024-07-16,Service,Phone,59,4
CMP_0006237,CUST_10093,2024-08-09,Service,Branch,5,4
CMP_0006238,CUST_00058,2025-01-21,Service,Branch,6,3
CMP_0006239,CUST_01651,2023-12-03,Fraud,Branch,4,5
CMP_0006240,CUST_08952,2024-12-29,Fraud,Branch,3,1
CMP_0006241,CUST_06202,2024-08-14,Service,Branch,7,5
CMP_0006242,CUST_05276,2023-10-02,Service,Digital,9,4
CMP_0006243,CUST_06172,2023-08-29,Service,Phone,8,4
CMP_0006244,CUST_00054,2026-01-26,Fees,Phone,1,3
CMP_0006245,CUST_05937,2025-08-23,Service,Phone,4,5
CMP_0006246,CUST_01320,2023-04-19,Fees,Branch,12,3
CMP_0006247,CUST_03007,2025-07-01,Service,Phone,2,4
CMP_0006248,CUST_09735,2023-06-25,Fraud,Branch,8,4
CMP_0006249,CUST_02062,2025-01-04,Service,Branch,2,5
CMP_0006250,CUST_01741,2026-04-20,Fees,Phone,11,3
CMP_0006251,CUST_02804,2024-06-12,Service,Digital,3,3
CMP_0006252,CUST_09759,2022-07-03,Service,Branch,1,4
CMP_0006253,CUST_01231,2022-07-07,Service,Branch,5,2
CMP_0006254,CUST_08246,2026-08-07,Service,Digital,14,4
CMP_0006255,CUST_03721,2024-05-12,Fees,Phone,57,1
CMP_0006256,CUST_03765,2026-01-07,Service,Digital,1,5
CMP_0006257,CUST_00351,2022-03-05,KYC,Phone,3,3
CMP_0006258,CUST_04917,2022-11-06,Fees,Digital,4,5
CMP_0006259,CUST_08603,2022-10-12,KYC,Phone,10,2
CMP_0006260,CUST_02535,2025-08-25,Service,Branch,12,5
CMP_0006261,CUST_04416,2023-11-06,Service,Phone,5,5
CMP_0006262,CUST_01527,2022-03-17,Fees,Phone,3,3
CMP_0006263,CUST_01032,2024-01-13,Service,Phone,4,5
CMP_0006264,CUST_06258,2022-12-09,Service,Digital,9,4
CMP_0006265,CUST_06917,2025-10-24,Fees,Branch,35,3
CMP_0006266,CUST_03586,2023-05-16,KYC,Phone,2,5
CMP_0006267,CUST_07442,2022-09-26,Fraud,Phone,5,2
CMP_0006268,CUST_00802,2023-04-01,Fees,Branch,7,4
CMP_0006269,CUST_07716,2024-12-07,Service,Digital,10,1
CMP_0006270,CUST_02276,2025-11-23,Service,Digital,6,4
CMP_0006271,CUST_08980,2022-06-19,Fraud,Phone,1,2
CMP_0006272,CUST_01109,2026-07-09,Fraud,Phone,12,4
CMP_0006273,CUST_02954,2023-11-11,Service,Branch,7,5
CMP_0006274,CUST_02304,2026-05-29,Service,Digital,2,5
CMP_0006275,CUST_06026,2023-07-15,KYC,Branch,21,4
CMP_0006276,CUST_08722,2024-07-12,Service,Branch,20,2
CMP_0006277,CUST_08833,2024-02-02,Fees,Branch,14,2
CMP_0006278,CUST_01998,2025-07-06,Service,Branch,2,4
CMP_0006279,CUST_04543,2026-05-15,Service,Branch,9,4
CMP_0006280,CUST_01812,2024-11-06,Fees,Digital,9,4
CMP_0006281,CUST_02032,2024-08-05,Fraud,Digital,4,4
CMP_0006282,CUST_08592,2025-09-17,Service,Phone,1,3
CMP_0006283,CUST_02789,2022-01-09,KYC,Branch,14,5
CMP_0006284,CUST_04867,2024-12-06,KYC,Branch,5,4
CMP_0006285,CUST_09545,2022-04-10,Fees,Digital,14,4
CMP_0006286,CUST_01669,2025-07-16,Service,Phone,9,4
CMP_0006287,CUST_09212,2023-02-22,KYC,Phone,3,3
CMP_0006288,CUST_03816,2024-10-31,Fees,Phone,8,3
CMP_0006289,CUST_02148,2026-04-15,Service,Phone,3,5
CMP_0006290,CUST_08518,2024-10-12,Service,Digital,33,1
CMP_0006291,CUST_02236,2023-03-23,Fees,Branch,12,5
CMP_0006292,CUST_00464,2024-12-10,KYC,Branch,16,5
CMP_0006293,CUST_02065,2025-10-07,Service,Phone,6,3
CMP_0006294,CUST_03478,2025-06-03,Fees,Phone,11,5
CMP_0006295,CUST_06977,2023-11-22,Service,Phone,3,1
CMP_0006296,CUST_04295,2025-07-19,Service,Branch,8,5
CMP_0006297,CUST_07546,2025-01-29,Fees,Phone,4,2
CMP_0006298,CUST_09363,2022-05-10,Service,Phone,11,4
CMP_0006299,CUST_04229,2025-05-27,KYC,Branch,22,5
CMP_0006300,CUST_09851,2025-08-25,KYC,Branch,9,2
CMP_0006301,CUST_08726,2025-02-09,KYC,Phone,4,5
CMP_0006302,CUST_04345,2024-05-31,Fraud,Branch,19,4
CMP_0006303,CUST_01063,2024-06-27,Fees,Digital,44,3
CMP_0006304,CUST_06345,2025-07-10,Service,Phone,1,5
CMP_0006305,CUST_02997,2023-09-30,Fees,Digital,7,3
CMP_0006306,CUST_08190,2026-06-11,Fees,Digital,22,5
CMP_0006307,CUST_07125,2023-11-20,Service,Digital,8,4
CMP_0006308,CUST_01681,2025-01-19,Fraud,Digital,1,3
CMP_0006309,CUST_03620,2025-07-12,KYC,Branch,4,5
CMP_0006310,CUST_06015,2023-08-06,Fees,Digital,1,4
CMP_0006311,CUST_06771,2024-12-14,Service,Digital,3,3
CMP_0006312,CUST_09743,2023-05-27,Service,Digital,3,4
CMP_0006313,CUST_02002,2022-01-01,Fees,Phone,18,3
CMP_0006314,CUST_00567,2024-11-18,Fees,Phone,7,5
CMP_0006315,CUST_00680,2025-01-30,Fees,Branch,3,4
CMP_0006316,CUST_10075,2022-12-10,Service,Branch,10,5
CMP_0006317,CUST_05124,2025-11-11,Service,Digital,7,1
CMP_0006318,CUST_01780,2023-02-01,Service,Phone,5,5
CMP_0006319,CUST_05602,2026-01-24,Fraud,Phone,10,2
CMP_0006320,CUST_07457,2026-05-06,Fees,Branch,12,4
CMP_0006321,CUST_01515,2022-07-03,KYC,Digital,5,4
CMP_0006322,CUST_05174,2022-05-06,Service,Digital,4,3
CMP_0006323,CUST_08778,2025-12-03,Service,Phone,2,4
CMP_0006324,CUST_01556,2023-04-13,Service,Phone,5,1
CMP_0006325,CUST_09863,2025-09-05,Fees,Phone,3,3
CMP_0006326,CUST_05536,2024-02-04,Fraud,Phone,5,3
CMP_0006327,CUST_01457,2022-06-24,Service,Phone,9,5
CMP_0006328,CUST_08118,2022-07-06,Fraud,Branch,11,5
CMP_0006329,CUST_01941,2024-06-18,KYC,Digital,4,4
CMP_0006330,CUST_00726,2022-06-08,Service,Phone,10,5
CMP_0006331,CUST_02719,2025-06-01,Fees,Digital,36,3
CMP_0006332,CUST_08512,2023-01-05,Service,Branch,12,5
CMP_0006333,CUST_01128,2024-02-10,Service,Branch,12,4
CMP_0006334,CUST_00975,2025-03-26,Fees,Phone,59,3
CMP_0006335,CUST_05542,2025-02-23,Service,Phone,11,2
CMP_0006336,CUST_03321,2023-05-27,Service,Phone,2,1
CMP_0006337,CUST_02430,2022-11-08,Service,Digital,3,4
CMP_0006338,CUST_05956,2024-08-16,Service,Digital,1,4
CMP_0006339,CUST_05379,2024-05-09,Service,Phone,2,4
CMP_0006340,CUST_07860,2024-12-04,Service,Phone,2,5
CMP_0006341,CUST_00807,2022-01-22,Service,Branch,8,4
CMP_0006342,CUST_08071,2023-08-25,Service,Branch,3,5
CMP_0006343,CUST_03341,2026-05-10,Service,Branch,6,3
CMP_0006344,CUST_02258,2022-05-18,Fees,Phone,10,3
CMP_0006345,CUST_03209,2023-09-15,Fees,Branch,3,5
CMP_0006346,CUST_00820,2025-06-07,Fees,Digital,17,5
CMP_0006347,CUST_02927,2026-07-12,Service,Branch,1,3
CMP_0006348,CUST_08106,2022-03-31,Service,Digital,1,3
CMP_0006349,CUST_01041,2022-06-06,Fraud,Phone,12,2
CMP_0006350,CUST_08984,2024-01-13,Service,Branch,7,4
CMP_0006351,CUST_02385,2024-08-23,Service,Phone,3,5
CMP_0006352,CUST_01839,2023-10-17,Service,Branch,3,3
CMP_0006353,CUST_06428,2022-11-27,KYC,Branch,5,4
CMP_0006354,CUST_06655,2024-07-03,Service,Branch,3,4
CMP_0006355,CUST_09173,2026-05-25,Fees,Phone,15,4
CMP_0006356,CUST_06180,2023-07-23,Fees,Phone,2,3
CMP_0006357,CUST_03221,2022-02-18,Service,Branch,10,5
CMP_0006358,CUST_09808,2025-02-12,KYC,Digital,7,3
CMP_0006359,CUST_01662,2022-07-21,Service,Branch,5,2
CMP_0006360,CUST_04357,2024-10-04,Service,Digital,4,5
CMP_0006361,CUST_08824,2023-05-04,Fees,Digital,1,5
CMP_0006362,CUST_05241,2022-01-31,Service,Digital,4,4
CMP_0006363,CUST_08337,2026-05-15,Service,Digital,5,3
CMP_0006364,CUST_06989,2022-05-13,Fees,Phone,9,4
CMP_0006365,CUST_00147,2022-03-08,Service,Digital,5,4
CMP_0006366,CUST_04970,2023-05-25,Fees,Digital,5,4
CMP_0006367,CUST_01525,2025-12-20,Fees,Branch,3,3
CMP_0006368,CUST_06903,2025-04-05,Service,Branch,4,3
CMP_0006369,CUST_09822,2026-01-10,Service,Digital,5,5
CMP_0006370,CUST_02961,2022-07-11,Fees,Phone,2,2
CMP_0006371,CUST_02601,2023-11-05,KYC,Branch,11,2
CMP_0006372,CUST_04783,2022-12-17,Service,Digital,3,4
CMP_0006373,CUST_04861,2023-09-26,Service,Branch,1,4
CMP_0006374,CUST_05683,2026-06-03,Service,Branch,7,4
CMP_0006375,CUST_00535,2024-04-25,Service,Branch,1,5
CMP_0006376,CUST_08817,2025-12-27,Fraud,Digital,7,5
CMP_0006377,CUST_00937,2022-04-24,Service,Digital,8,5
CMP_0006378,CUST_02130,2023-11-07,Fees,Digital,3,3
CMP_0006379,CUST_07026,2025-09-30,Fees,Phone,2,4
CMP_0006380,CUST_03608,2023-05-24,Service,Branch,1,5
CMP_0006381,CUST_00785,2023-05-31,Fees,Digital,27,2
CMP_0006382,CUST_09494,2023-08-21,Fees,Phone,13,4
CMP_0006383,CUST_02076,2022-11-10,Service,Phone,2,4
CMP_0006384,CUST_01355,2025-05-07,Fees,Digital,4,4
CMP_0006385,CUST_09978,2024-09-08,KYC,Branch,16,4
CMP_0006386,CUST_07996,2024-10-14,Fees,Branch,9,5
CMP_0006387,CUST_04846,2023-06-19,Fees,Phone,70,3
CMP_0006388,CUST_06621,2024-06-08,Fees,Branch,7,5
CMP_0006389,CUST_03758,2022-01-28,Service,Phone,1,4
CMP_0006390,CUST_09298,2025-08-12,Fees,Branch,9,5
CMP_0006391,CUST_07133,2024-07-29,KYC,Digital,3,3
CMP_0006392,CUST_03197,2022-05-09,KYC,Branch,4,5
CMP_0006393,CUST_05149,2024-01-12,Fees,Phone,7,5
CMP_0006394,CUST_06662,2023-04-22,Fees,Phone,6,4
CMP_0006395,CUST_05415,2024-05-29,Service,Digital,5,5
CMP_0006396,CUST_04050,2024-06-28,Fraud,Phone,10,2
CMP_0006397,CUST_00505,2022-12-02,Fees,Branch,23,4
CMP_0006398,CUST_04288,2022-03-31,Fees,Phone,6,4
CMP_0006399,CUST_00050,2022-01-08,Fees,Phone,6,4
CMP_0006400,CUST_06284,2022-11-01,Fraud,Digital,3,5
CMP_0006401,CUST_07874,2025-02-06,Fees,Phone,70,4
CMP_0006402,CUST_01379,2022-05-21,Fees,Branch,3,5
CMP_0006403,CUST_08522,2022-07-11,Fees,Digital,33,3
CMP_0006404,CUST_05706,2023-04-19,Service,Phone,18,4
CMP_0006405,CUST_05504,2024-03-19,Fees,Digital,5,2
CMP_0006406,CUST_07271,2022-03-10,Service,Phone,2,5
CMP_0006407,CUST_03471,2024-04-07,Fraud,Branch,10,3
CMP_0006408,CUST_04206,2024-11-14,Fees,Digital,7,5
CMP_0006409,CUST_08948,2022-02-08,Fees,Branch,8,5
CMP_0006410,CUST_03822,2022-02-16,Fraud,Phone,11,3
CMP_0006411,CUST_00483,2025-05-08,Fees,Phone,2,1
CMP_0006412,CUST_03642,2024-09-15,KYC,Phone,4,3
CMP_0006413,CUST_03154,2024-02-01,Service,Digital,2,2
CMP_0006414,CUST_05604,2025-04-11,Service,Branch,3,1
CMP_0006415,CUST_02296,2023-09-24,Fees,Digital,1,2
CMP_0006416,CUST_02941,2023-03-07,Service,Digital,2,4
CMP_0006417,CUST_00632,2024-08-23,Service,Branch,5,4
CMP_0006418,CUST_00112,2024-02-16,Service,Digital,6,4
CMP_0006419,CUST_00996,2025-07-30,Fraud,Digital,30,4
CMP_0006420,CUST_01595,2024-11-27,Fees,Digital,11,4
CMP_0006421,CUST_03274,2026-05-01,Service,Digital,6,3
CMP_0006422,CUST_06051,2023-12-03,Fees,Branch,3,3
CMP_0006423,CUST_05196,2025-06-06,Fees,Branch,6,5
CMP_0006424,CUST_10061,2022-04-28,Service,Phone,5,4
CMP_0006425,CUST_05861,2026-04-05,Service,Phone,16,2
CMP_0006426,CUST_05374,2025-09-06,Service,Phone,5,5
CMP_0006427,CUST_01086,2024-06-12,Fees,Phone,38,2
CMP_0006428,CUST_09409,2023-10-07,KYC,Branch,4,5
CMP_0006429,CUST_08593,2023-02-23,Service,Branch,1,3
CMP_0006430,CUST_00960,2025-04-11,Service,Digital,16,3
CMP_0006431,CUST_02938,2023-04-23,Service,Branch,3,3
CMP_0006432,CUST_05782,2022-09-02,Service,Digital,10,4
CMP_0006433,CUST_02598,2026-07-05,Fraud,Branch,48,5
CMP_0006434,CUST_07835,2026-07-12,Service,Digital,12,2
CMP_0006435,CUST_10166,2025-11-22,Fees,Digital,5,2
CMP_0006436,CUST_08623,2022-12-01,Fees,Digital,4,1
CMP_0006437,CUST_02700,2023-06-30,KYC,Phone,2,3
CMP_0006438,CUST_01210,2023-03-05,KYC,Digital,5,4
CMP_0006439,CUST_01068,2024-08-17,Service,Branch,1,3
CMP_0006440,CUST_07017,2022-11-16,Fraud,Branch,14,2
CMP_0006441,CUST_00713,2023-09-06,Service,Digital,4,5
CMP_0006442,CUST_02828,2025-07-25,Fees,Digital,3,3
CMP_0006443,CUST_07073,2024-05-31,Fees,Branch,2,5
CMP_0006444,CUST_00846,2024-10-23,Service,Phone,2,2
CMP_0006445,CUST_02691,2022-05-12,Service,Branch,69,3
CMP_0006446,CUST_03326,2026-08-03,Fees,Digital,10,5
CMP_0006447,CUST_08217,2024-01-22,Service,Branch,6,5
CMP_0006448,CUST_09860,2024-08-14,Service,Phone,6,1
CMP_0006449,CUST_04256,2023-05-27,Service,Phone,7,3
CMP_0006450,CUST_04883,2023-11-11,Service,Digital,1,5
CMP_0006451,CUST_01966,2022-05-03,Service,Digital,3,2
CMP_0006452,CUST_09118,2022-12-21,Fees,Branch,39,2
CMP_0006453,CUST_10135,2022-05-24,Fees,Digital,71,5
CMP_0006454,CUST_02512,2025-11-21,Fees,Branch,34,2
CMP_0006455,CUST_08852,2023-08-19,KYC,Branch,35,3
CMP_0006456,CUST_00379,2022-10-15,Service,Phone,4,5
CMP_0006457,CUST_05988,2024-09-02,Fees,Branch,17,3
CMP_0006458,CUST_04480,2026-05-22,Service,Phone,5,2
CMP_0006459,CUST_00171,2023-08-20,Service,Branch,2,5
CMP_0006460,CUST_00048,2022-05-30,Service,Phone,6,4
CMP_0006461,CUST_01057,2023-06-13,KYC,Phone,1,2
CMP_0006462,CUST_09509,2023-05-01,Service,Digital,5,4
CMP_0006463,CUST_00707,2024-05-27,Fees,Branch,12,1
CMP_0006464,CUST_09407,2023-06-20,Fees,Branch,50,4
CMP_0006465,CUST_08600,2025-07-17,KYC,Digital,4,5
CMP_0006466,CUST_05854,2023-03-21,Service,Phone,13,2
CMP_0006467,CUST_04538,2023-12-15,Fees,Phone,14,4
CMP_0006468,CUST_01456,2023-09-15,Service,Digital,2,5
CMP_0006469,CUST_09914,2025-10-07,Service,Phone,9,4
CMP_0006470,CUST_09075,2022-01-28,Service,Phone,10,4
CMP_0006471,CUST_07039,2026-05-13,Service,Branch,2,5
CMP_0006472,CUST_05441,2024-04-07,Fees,Digital,3,2
CMP_0006473,CUST_04979,2025-07-03,Fees,Digital,5,4
CMP_0006474,CUST_00400,2024-07-04,Service,Branch,4,4
CMP_0006475,CUST_03589,2023-12-13,KYC,Phone,7,4
CMP_0006476,CUST_09709,2025-01-20,Fees,Digital,41,5
CMP_0006477,CUST_04844,2022-06-24,Fees,Branch,1,2
CMP_0006478,CUST_00616,2025-06-22,KYC,Branch,11,5
CMP_0006479,CUST_03952,2023-01-27,Service,Branch,14,4
CMP_0006480,CUST_09862,2025-10-26,KYC,Branch,1,4
CMP_0006481,CUST_03358,2025-09-04,Service,Phone,8,3
CMP_0006482,CUST_07291,2025-05-27,KYC,Digital,5,4
CMP_0006483,CUST_04375,2023-04-12,Fraud,Branch,3,3
CMP_0006484,CUST_01043,2026-01-18,KYC,Digital,15,5
CMP_0006485,CUST_04520,2022-01-04,Service,Digital,59,4
CMP_0006486,CUST_05697,2025-08-12,Service,Phone,10,2
CMP_0006487,CUST_08274,2024-07-07,Fees,Digital,4,3
CMP_0006488,CUST_06454,2023-03-24,Fees,Branch,9,5
CMP_0006489,CUST_02098,2023-03-31,Service,Phone,5,4
CMP_0006490,CUST_07949,2026-04-25,Service,Branch,10,2
CMP_0006491,CUST_02322,2026-07-24,Service,Branch,10,4
CMP_0006492,CUST_07014,2026-03-30,Service,Digital,2,5
CMP_0006493,CUST_02825,2024-09-29,KYC,Digital,8,3
CMP_0006494,CUST_08440,2023-12-07,Service,Phone,1,2
CMP_0006495,CUST_09525,2026-05-16,KYC,Digital,2,3
CMP_0006496,CUST_01434,2022-02-19,KYC,Phone,11,1
CMP_0006497,CUST_08558,2024-05-25,Service,Digital,56,4
CMP_0006498,CUST_05723,2022-07-19,KYC,Branch,1,5
CMP_0006499,CUST_01881,2024-12-17,Service,Phone,11,4
CMP_0006500,CUST_09984,2025-05-21,Service,Phone,7,1
CMP_0006501,CUST_08255,2022-04-30,Fees,Branch,3,2
CMP_0006502,CUST_04031,2023-12-22,Service,Digital,20,3
CMP_0006503,CUST_03540,2026-07-30,Fees,Digital,71,2
CMP_0006504,CUST_07681,2024-02-17,Service,Phone,15,4
CMP_0006505,CUST_00759,2024-11-23,Fraud,Digital,2,4
CMP_0006506,CUST_02421,2022-01-02,Service,Digital,2,4
CMP_0006507,CUST_01482,2024-11-29,Service,Branch,2,5
CMP_0006508,CUST_06262,2024-12-22,Service,Digital,4,5
CMP_0006509,CUST_04423,2023-06-16,Fees,Phone,7,2
CMP_0006510,CUST_03915,2024-04-01,Fees,Branch,5,1
CMP_0006511,CUST_09235,2023-06-15,Service,Digital,7,5
CMP_0006512,CUST_04413,2022-10-20,Service,Branch,1,5
CMP_0006513,CUST_10000,2025-05-22,Fraud,Phone,3,5
CMP_0006514,CUST_06199,2023-04-23,Fees,Phone,7,3
CMP_0006515,CUST_08128,2024-10-01,Service,Phone,5,2
CMP_0006516,CUST_05312,2024-08-24,Fees,Digital,1,5
CMP_0006517,CUST_07497,2022-10-14,Service,Branch,3,4
CMP_0006518,CUST_06273,2025-08-25,Fees,Phone,29,5
CMP_0006519,CUST_04199,2024-02-26,Service,Phone,6,5
CMP_0006520,CUST_07541,2024-12-05,KYC,Phone,3,4
CMP_0006521,CUST_03455,2022-05-12,Service,Branch,8,3
CMP_0006522,CUST_00163,2023-11-27,KYC,Digital,4,4
CMP_0006523,CUST_10003,2025-08-19,Service,Digital,3,2
CMP_0006524,CUST_02946,2023-01-02,Fees,Digital,3,5
CMP_0006525,CUST_09128,2025-03-27,Service,Branch,2,5
CMP_0006526,CUST_10180,2025-02-26,Fees,Branch,10,5
CMP_0006527,CUST_05981,2026-01-07,Service,Phone,11,3
CMP_0006528,CUST_00115,2023-01-20,Service,Digital,3,5
CMP_0006529,CUST_01600,2025-11-28,Fees,Branch,7,4
CMP_0006530,CUST_10137,2024-02-28,Service,Digital,9,3
CMP_0006531,CUST_04586,2022-01-30,Fees,Branch,1,4
CMP_0006532,CUST_08002,2024-09-19,Service,Digital,10,3
CMP_0006533,CUST_09926,2024-10-29,Service,Phone,1,4
CMP_0006534,CUST_07836,2025-10-30,Fees,Phone,1,3
CMP_0006535,CUST_01575,2025-10-18,Service,Digital,6,3
CMP_0006536,CUST_03757,2023-07-30,Service,Branch,1,4
CMP_0006537,CUST_03440,2022-05-01,Service,Branch,10,1
CMP_0006538,CUST_05615,2023-02-21,Fees,Digital,1,4
CMP_0006539,CUST_09367,2024-12-27,Fees,Digital,7,5
CMP_0006540,CUST_06993,2022-01-18,Fees,Phone,3,2
CMP_0006541,CUST_07398,2022-07-25,KYC,Branch,18,5
CMP_0006542,CUST_00875,2024-08-15,KYC,Branch,4,1
CMP_0006543,CUST_08440,2024-01-18,Fraud,Branch,11,5
CMP_0006544,CUST_08160,2025-10-16,KYC,Digital,6,4
CMP_0006545,CUST_07557,2023-01-08,Service,Phone,2,5
CMP_0006546,CUST_05897,2024-03-07,Fees,Phone,7,4
CMP_0006547,CUST_08609,2023-01-21,Fees,Digital,30,1
CMP_0006548,CUST_04923,2026-01-15,Fees,Digital,4,4
CMP_0006549,CUST_09204,2025-02-03,KYC,Digital,1,4
CMP_0006550,CUST_00884,2022-09-29,Fraud,Phone,21,3
CMP_0006551,CUST_07396,2022-07-08,Fees,Digital,6,4
CMP_0006552,CUST_07125,2026-05-01,Fees,Digital,3,3
CMP_0006553,CUST_09643,2024-12-05,Fees,Phone,4,5
CMP_0006554,CUST_01650,2024-10-17,Fees,Branch,7,3
CMP_0006555,CUST_08450,2022-10-07,Service,Branch,2,4
CMP_0006556,CUST_09632,2022-02-15,Service,Digital,9,5
CMP_0006557,CUST_03457,2026-03-08,Service,Phone,11,3
CMP_0006558,CUST_03971,2025-11-16,Fees,Digital,11,4
CMP_0006559,CUST_09099,2025-04-27,Fees,Phone,33,3
CMP_0006560,CUST_04957,2024-10-29,Fraud,Phone,5,4
CMP_0006561,CUST_00242,2022-03-10,Fees,Branch,8,5
CMP_0006562,CUST_09334,2024-08-29,Fees,Phone,9,3
CMP_0006563,CUST_04607,2022-08-28,Service,Branch,4,3
CMP_0006564,CUST_10087,2024-04-30,Fees,Digital,1,4
CMP_0006565,CUST_03052,2023-08-23,Fees,Phone,39,2
CMP_0006566,CUST_06112,2024-10-31,Service,Phone,3,5
CMP_0006567,CUST_05670,2025-01-04,KYC,Phone,16,5
CMP_0006568,CUST_00259,2022-03-11,Service,Digital,13,4
CMP_0006569,CUST_09348,2026-04-16,Service,Branch,1,3
CMP_0006570,CUST_04917,2025-08-08,Service,Phone,9,5
CMP_0006571,CUST_10027,2025-01-06,Service,Digital,9,5
CMP_0006572,CUST_05984,2026-06-02,Fees,Digital,1,2
CMP_0006573,CUST_01406,2023-02-13,Service,Phone,11,1
CMP_0006574,CUST_05900,2024-04-07,Fraud,Digital,3,3
CMP_0006575,CUST_00563,2023-10-17,Service,Digital,15,2
CMP_0006576,CUST_08222,2025-09-30,Fees,Phone,2,5
CMP_0006577,CUST_04838,2022-04-22,Service,Phone,1,5
CMP_0006578,CUST_07490,2022-04-02,KYC,Phone,5,5
CMP_0006579,CUST_05225,2025-10-20,Service,Phone,1,5
CMP_0006580,CUST_08708,2023-05-26,Fees,Phone,5,5
CMP_0006581,CUST_06177,2022-06-23,KYC,Digital,8,4
CMP_0006582,CUST_01398,2022-11-04,KYC,Branch,8,5
CMP_0006583,CUST_02319,2022-08-25,Fraud,Branch,9,3
CMP_0006584,CUST_03154,2026-02-09,Service,Branch,6,4
CMP_0006585,CUST_03919,2025-05-24,Fees,Digital,4,3
CMP_0006586,CUST_03455,2026-02-20,Service,Digital,11,2
CMP_0006587,CUST_06104,2025-08-26,Fees,Branch,13,5
CMP_0006588,CUST_05794,2023-11-20,Service,Branch,11,5
CMP_0006589,CUST_09207,2026-01-20,Service,Branch,9,5
CMP_0006590,CUST_06795,2026-05-19,Fees,Digital,3,2
CMP_0006591,CUST_08063,2025-09-29,Fees,Branch,3,4
CMP_0006592,CUST_07058,2022-11-20,Service,Branch,8,4
CMP_0006593,CUST_08983,2025-12-02,Fees,Phone,10,5
CMP_0006594,CUST_00952,2024-06-22,Fees,Phone,7,4
CMP_0006595,CUST_09284,2025-05-23,KYC,Digital,11,3
CMP_0006596,CUST_02714,2026-03-17,Fees,Branch,5,5
CMP_0006597,CUST_02805,2024-12-19,Fees,Branch,1,3
CMP_0006598,CUST_04416,2025-07-06,Service,Phone,1,3
CMP_0006599,CUST_05205,2022-06-26,KYC,Branch,6,4
CMP_0006600,CUST_04579,2022-06-29,Service,Branch,13,3
CMP_0006601,CUST_04530,2023-05-07,Service,Phone,2,4
CMP_0006602,CUST_08599,2024-04-17,Fees,Phone,5,4
CMP_0006603,CUST_10174,2024-03-31,Fees,Branch,13,4
CMP_0006604,CUST_03569,2023-08-12,Fees,Phone,2,3
CMP_0006605,CUST_00712,2025-09-19,Fees,Digital,3,2
CMP_0006606,CUST_04167,2023-11-06,Service,Phone,2,4
CMP_0006607,CUST_05151,2024-10-31,Service,Digital,3,4
CMP_0006608,CUST_05810,2022-05-01,Service,Phone,68,3
CMP_0006609,CUST_07071,2022-09-17,Fees,Branch,3,2
CMP_0006610,CUST_05203,2025-04-01,Service,Phone,10,4
CMP_0006611,CUST_00423,2023-01-03,Fees,Digital,1,4
CMP_0006612,CUST_04618,2022-11-08,Fees,Branch,5,4
CMP_0006613,CUST_06438,2023-04-16,Fees,Digital,3,1
CMP_0006614,CUST_08453,2026-05-31,Service,Branch,3,4
CMP_0006615,CUST_03899,2023-05-16,KYC,Phone,10,3
CMP_0006616,CUST_01264,2025-12-06,Service,Phone,8,3
CMP_0006617,CUST_08995,2022-07-09,Fees,Branch,5,4
CMP_0006618,CUST_09932,2023-01-18,Service,Branch,21,2
CMP_0006619,CUST_08427,2024-10-16,KYC,Phone,11,4
CMP_0006620,CUST_07533,2023-03-05,Service,Phone,2,1
CMP_0006621,CUST_04101,2022-04-25,Service,Branch,4,4
CMP_0006622,CUST_08304,2026-08-04,Service,Branch,4,3
CMP_0006623,CUST_07168,2024-07-07,Fees,Digital,7,4
CMP_0006624,CUST_07015,2024-08-01,Fees,Phone,6,5
CMP_0006625,CUST_01330,2023-05-02,Service,Phone,9,3
CMP_0006626,CUST_00172,2022-12-31,Service,Phone,10,4
CMP_0006627,CUST_04817,2025-07-25,Fees,Branch,2,2
CMP_0006628,CUST_07339,2026-03-06,KYC,Phone,1,4
CMP_0006629,CUST_07695,2026-04-22,Service,Phone,7,3
CMP_0006630,CUST_07254,2024-05-23,KYC,Branch,5,5
CMP_0006631,CUST_00238,2023-03-30,Fees,Branch,5,5
CMP_0006632,CUST_02741,2022-04-20,Service,Digital,11,4
CMP_0006633,CUST_04369,2024-08-14,Fees,Phone,1,5
CMP_0006634,CUST_06065,2022-06-17,Service,Branch,3,2
CMP_0006635,CUST_09025,2022-12-18,Fraud,Phone,1,5
CMP_0006636,CUST_02246,2022-07-15,KYC,Phone,1,4
CMP_0006637,CUST_07782,2024-12-23,Fees,Digital,2,4
CMP_0006638,CUST_06167,2025-05-04,Service,Digital,3,3
CMP_0006639,CUST_06302,2025-09-15,Service,Branch,4,3
CMP_0006640,CUST_03058,2025-11-24,Service,Digital,6,2
CMP_0006641,CUST_03313,2025-07-28,Service,Digital,16,5
CMP_0006642,CUST_04747,2022-10-02,Service,Digital,3,2
CMP_0006643,CUST_08533,2025-05-30,Fraud,Branch,6,4
CMP_0006644,CUST_08339,2026-05-03,Service,Digital,1,4
CMP_0006645,CUST_09773,2023-01-03,Fees,Branch,5,4
CMP_0006646,CUST_10181,2026-01-24,Fees,Branch,6,4
CMP_0006647,CUST_03630,2022-11-10,Service,Digital,2,3
CMP_0006648,CUST_05162,2022-03-03,Fees,Branch,9,2
CMP_0006649,CUST_01475,2023-09-08,Service,Phone,6,5
CMP_0006650,CUST_09667,2025-06-16,Fraud,Digital,7,5
CMP_0006651,CUST_07959,2022-11-21,Service,Digital,6,1
CMP_0006652,CUST_02280,2024-03-18,Service,Phone,15,5
CMP_0006653,CUST_07858,2023-03-28,Fraud,Digital,8,3
CMP_0006654,CUST_03876,2024-10-31,Service,Branch,1,4
CMP_0006655,CUST_06258,2024-01-19,Service,Phone,6,5
CMP_0006656,CUST_04835,2025-02-22,Service,Branch,10,3
CMP_0006657,CUST_05349,2026-05-02,Service,Branch,9,5
CMP_0006658,CUST_04303,2023-05-12,Fees,Branch,54,2
CMP_0006659,CUST_09963,2026-03-01,Fees,Digital,23,5
CMP_0006660,CUST_05685,2024-10-10,Service,Phone,4,4
CMP_0006661,CUST_00096,2024-08-14,Service,Branch,4,5
CMP_0006662,CUST_09359,2023-06-12,KYC,Phone,4,4
CMP_0006663,CUST_05741,2026-06-18,Service,Phone,11,4
CMP_0006664,CUST_05611,2022-11-09,Service,Digital,4,4
CMP_0006665,CUST_00017,2024-12-24,Service,Digital,6,4
CMP_0006666,CUST_00768,2025-08-03,Service,Branch,7,2
CMP_0006667,CUST_08254,2023-06-09,Service,Digital,3,2
CMP_0006668,CUST_01938,2023-10-05,Fees,Phone,4,5
CMP_0006669,CUST_05475,2024-02-13,Service,Branch,8,5
CMP_0006670,CUST_06938,2025-05-06,Service,Branch,16,5
CMP_0006671,CUST_09966,2024-07-28,KYC,Phone,1,5
CMP_0006672,CUST_03257,2023-01-20,KYC,Branch,9,5
CMP_0006673,CUST_00650,2025-02-01,Fees,Digital,5,5
CMP_0006674,CUST_05177,2023-08-27,KYC,Branch,7,3
CMP_0006675,CUST_07380,2025-11-07,KYC,Digital,6,3
CMP_0006676,CUST_05565,2023-10-09,Service,Phone,4,2
CMP_0006677,CUST_06158,2024-12-26,Service,Digital,7,2
CMP_0006678,CUST_05527,2022-11-25,KYC,Branch,1,5
CMP_0006679,CUST_03952,2023-02-14,Service,Branch,1,4
CMP_0006680,CUST_08858,2023-07-11,Service,Digital,3,3
CMP_0006681,CUST_08153,2025-05-02,KYC,Phone,2,3
CMP_0006682,CUST_05404,2025-11-09,KYC,Phone,3,4
CMP_0006683,CUST_08129,2024-11-02,Fees,Branch,7,2
CMP_0006684,CUST_03340,2023-04-23,KYC,Branch,1,5
CMP_0006685,CUST_05927,2024-06-27,Fees,Digital,12,3
CMP_0006686,CUST_07680,2022-03-05,Fees,Digital,13,4
CMP_0006687,CUST_03781,2022-10-18,Fees,Branch,5,3
CMP_0006688,CUST_00865,2026-06-24,Fraud,Digital,9,4
CMP_0006689,CUST_01296,2026-04-09,KYC,Branch,5,2
CMP_0006690,CUST_00327,2022-10-07,Service,Digital,3,2
CMP_0006691,CUST_08029,2026-03-27,KYC,Digital,8,5
CMP_0006692,CUST_07555,2026-02-13,Fees,Digital,13,4
CMP_0006693,CUST_07053,2024-09-17,Service,Digital,8,3
CMP_0006694,CUST_01265,2022-07-01,Fees,Phone,4,4
CMP_0006695,CUST_05350,2026-07-16,Service,Branch,1,4
CMP_0006696,CUST_01218,2022-08-15,Fees,Branch,6,5
CMP_0006697,CUST_07955,2024-07-05,Service,Branch,4,2
CMP_0006698,CUST_03512,2022-06-30,Service,Branch,6,5
CMP_0006699,CUST_07282,2022-04-28,Service,Branch,12,5
CMP_0006700,CUST_03146,2025-08-28,Service,Branch,17,2
CMP_0006701,CUST_09979,2022-04-27,Service,Phone,2,4
CMP_0006702,CUST_06800,2022-10-13,Fees,Phone,10,4
CMP_0006703,CUST_07829,2025-04-30,Fraud,Digital,5,3
CMP_0006704,CUST_03092,2025-04-22,Fees,Branch,1,5
CMP_0006705,CUST_00500,2023-04-30,Fees,Digital,45,2
CMP_0006706,CUST_08062,2024-03-14,KYC,Digital,35,5
CMP_0006707,CUST_01817,2024-12-27,Fees,Digital,9,2
CMP_0006708,CUST_00316,2026-04-02,KYC,Branch,2,4
CMP_0006709,CUST_10033,2025-08-26,Service,Phone,7,5
CMP_0006710,CUST_09126,2024-05-17,Fees,Phone,1,3
CMP_0006711,CUST_04094,2026-03-04,Fees,Branch,19,4
CMP_0006712,CUST_05746,2022-12-13,Fraud,Digital,1,4
CMP_0006713,CUST_07187,2024-12-31,Service,Digital,1,3
CMP_0006714,CUST_00589,2023-07-18,Fees,Digital,19,4
CMP_0006715,CUST_03368,2025-01-11,Service,Digital,2,4
CMP_0006716,CUST_09442,2022-06-25,Service,Digital,10,5
CMP_0006717,CUST_09596,2024-06-26,Service,Branch,5,2
CMP_0006718,CUST_04549,2026-08-02,Fraud,Digital,17,4
CMP_0006719,CUST_01369,2025-01-15,Service,Digital,5,3
CMP_0006720,CUST_07745,2024-06-17,KYC,Digital,65,2
CMP_0006721,CUST_08650,2025-01-20,Service,Branch,7,1
CMP_0006722,CUST_04983,2024-01-30,Service,Branch,3,5
CMP_0006723,CUST_01108,2026-02-23,Service,Digital,6,5
CMP_0006724,CUST_09398,2023-04-24,Fees,Digital,3,2
CMP_0006725,CUST_06363,2022-07-30,Service,Digital,2,4
CMP_0006726,CUST_05953,2022-02-24,Service,Digital,2,2
CMP_0006727,CUST_01651,2024-09-28,Service,Branch,6,4
CMP_0006728,CUST_05948,2024-01-18,Service,Digital,7,5
CMP_0006729,CUST_03523,2024-02-23,Fees,Digital,7,3
CMP_0006730,CUST_01764,2025-05-18,Service,Digital,7,2
CMP_0006731,CUST_09924,2022-09-21,Fees,Digital,10,4
CMP_0006732,CUST_09370,2024-03-07,KYC,Phone,11,4
CMP_0006733,CUST_00375,2024-07-17,Service,Phone,10,4
CMP_0006734,CUST_00735,2023-02-21,Service,Phone,1,5
CMP_0006735,CUST_08934,2024-11-05,Fees,Branch,4,5
CMP_0006736,CUST_07550,2025-05-13,Service,Phone,4,4
CMP_0006737,CUST_03805,2024-01-13,Service,Digital,8,1
CMP_0006738,CUST_06727,2024-04-06,Fraud,Digital,7,4
CMP_0006739,CUST_08926,2026-06-18,Service,Digital,4,4
CMP_0006740,CUST_03192,2025-04-30,Fees,Branch,8,5
CMP_0006741,CUST_02646,2026-03-09,KYC,Branch,4,4
CMP_0006742,CUST_05050,2025-02-22,Service,Digital,3,2
CMP_0006743,CUST_00650,2022-04-29,Service,Branch,2,5
CMP_0006744,CUST_06015,2024-04-18,Service,Branch,3,4
CMP_0006745,CUST_02270,2024-04-15,Service,Phone,4,3
CMP_0006746,CUST_01746,2023-08-12,Fraud,Digital,59,5
CMP_0006747,CUST_07944,2024-12-07,Service,Phone,12,4
CMP_0006748,CUST_07872,2024-03-23,Service,Digital,3,2
CMP_0006749,CUST_09404,2024-07-27,Fees,Phone,4,4
CMP_0006750,CUST_02411,2025-10-24,Service,Digital,2,5
CMP_0006751,CUST_07473,2022-10-08,Fraud,Phone,7,4
CMP_0006752,CUST_03068,2025-09-26,Service,Digital,7,2
CMP_0006753,CUST_04320,2022-07-18,Service,Phone,8,5
CMP_0006754,CUST_08305,2024-03-25,Fees,Phone,5,2
CMP_0006755,CUST_07434,2025-12-10,Service,Digital,1,2
CMP_0006756,CUST_07939,2023-09-28,Service,Branch,11,5
CMP_0006757,CUST_01273,2023-07-22,KYC,Phone,6,4
CMP_0006758,CUST_07402,2022-08-08,Fees,Digital,15,2
CMP_0006759,CUST_09123,2026-03-03,Fees,Branch,13,3
CMP_0006760,CUST_09558,2022-07-08,Service,Phone,15,5
CMP_0006761,CUST_05975,2024-07-01,Fraud,Phone,6,4
CMP_0006762,CUST_01346,2026-06-18,KYC,Branch,13,4
CMP_0006763,CUST_08237,2024-05-01,Service,Branch,9,2
CMP_0006764,CUST_08423,2026-04-13,Fees,Branch,1,4
CMP_0006765,CUST_04657,2025-11-11,Service,Branch,5,3
CMP_0006766,CUST_05921,2023-11-22,Fees,Digital,53,4
CMP_0006767,CUST_04493,2025-03-25,Service,Branch,2,5
CMP_0006768,CUST_00965,2023-06-10,Fees,Digital,18,4
CMP_0006769,CUST_02380,2023-08-18,Service,Phone,4,3
CMP_0006770,CUST_06304,2024-01-07,Fees,Digital,3,5
CMP_0006771,CUST_00216,2025-03-12,Fees,Phone,5,3
CMP_0006772,CUST_07776,2026-04-19,Fraud,Digital,5,2
CMP_0006773,CUST_00296,2023-04-12,KYC,Branch,1,4
CMP_0006774,CUST_06414,2024-04-07,KYC,Phone,4,4
CMP_0006775,CUST_07268,2022-11-12,Service,Phone,8,5
CMP_0006776,CUST_03886,2025-02-10,Fraud,Digital,18,1
CMP_0006777,CUST_09033,2025-04-03,Service,Phone,16,3
CMP_0006778,CUST_08497,2023-01-20,Service,Phone,8,5
CMP_0006779,CUST_05629,2026-01-24,KYC,Branch,11,4
CMP_0006780,CUST_02170,2023-10-06,Fraud,Branch,22,5
CMP_0006781,CUST_03715,2025-06-02,Fees,Digital,4,4
CMP_0006782,CUST_08401,2025-09-26,Fees,Phone,4,3
CMP_0006783,CUST_03620,2022-02-04,Service,Digital,11,3
CMP_0006784,CUST_08954,2026-01-17,Fraud,Branch,1,5
CMP_0006785,CUST_10045,2025-08-16,Service,Branch,3,4
CMP_0006786,CUST_06337,2025-08-31,Service,Branch,40,3
CMP_0006787,CUST_07844,2023-08-07,Fraud,Phone,5,5
CMP_0006788,CUST_04482,2025-05-05,KYC,Digital,10,3
CMP_0006789,CUST_03745,2024-08-06,Service,Phone,2,5
CMP_0006790,CUST_08100,2024-05-04,Service,Phone,19,5
CMP_0006791,CUST_08058,2022-09-05,Service,Phone,8,1
CMP_0006792,CUST_08051,2023-07-12,Service,Phone,5,3
CMP_0006793,CUST_09678,2026-08-09,Service,Phone,13,4
CMP_0006794,CUST_05113,2023-06-16,Fees,Phone,5,4
CMP_0006795,CUST_01496,2025-05-08,Fees,Digital,10,5
CMP_0006796,CUST_02101,2023-06-02,Service,Branch,5,5
CMP_0006797,CUST_05934,2026-04-19,Service,Branch,11,5
CMP_0006798,CUST_04568,2025-12-30,Service,Digital,3,5
CMP_0006799,CUST_08524,2023-09-05,KYC,Digital,6,5
CMP_0006800,CUST_03608,2024-06-30,Service,Branch,56,3
CMP_0006801,CUST_09719,2024-09-10,KYC,Phone,5,4
CMP_0006802,CUST_05474,2023-12-16,Fraud,Branch,12,1
CMP_0006803,CUST_06364,2022-05-15,Service,Phone,4,4
CMP_0006804,CUST_10069,2025-08-30,Fees,Digital,11,4
CMP_0006805,CUST_03399,2024-07-22,Fees,Branch,1,3
CMP_0006806,CUST_09314,2023-09-23,Service,Digital,10,5
CMP_0006807,CUST_02418,2022-09-14,KYC,Digital,1,3
CMP_0006808,CUST_07967,2026-01-07,Service,Digital,11,5
CMP_0006809,CUST_01724,2022-02-06,KYC,Phone,8,5
CMP_0006810,CUST_03060,2025-02-26,Fees,Digital,75,4
CMP_0006811,CUST_05029,2026-03-12,KYC,Digital,45,3
CMP_0006812,CUST_01862,2026-02-14,Fees,Phone,15,3
CMP_0006813,CUST_09018,2023-01-07,Service,Phone,5,4
CMP_0006814,CUST_09144,2025-05-12,Fees,Digital,20,4
CMP_0006815,CUST_00422,2023-04-12,Fees,Digital,1,4
CMP_0006816,CUST_06978,2023-06-05,Fees,Phone,2,5
CMP_0006817,CUST_03392,2022-01-31,Fees,Branch,6,4
CMP_0006818,CUST_06760,2022-04-28,Service,Digital,6,5
CMP_0006819,CUST_09209,2026-07-09,Fees,Digital,2,3
CMP_0006820,CUST_06647,2025-01-28,Fraud,Digital,1,5
CMP_0006821,CUST_05080,2026-03-20,Fees,Digital,14,4
CMP_0006822,CUST_06777,2022-02-03,Fees,Phone,2,5
CMP_0006823,CUST_06241,2025-02-25,Service,Branch,4,5
CMP_0006824,CUST_09902,2025-07-27,Service,Digital,11,5
CMP_0006825,CUST_00185,2023-05-30,Fees,Digital,8,2
CMP_0006826,CUST_05126,2022-07-26,KYC,Branch,1,4
CMP_0006827,CUST_07851,2022-10-16,Service,Phone,6,1
CMP_0006828,CUST_07960,2022-03-17,Fees,Digital,9,4
CMP_0006829,CUST_00364,2025-02-08,Service,Branch,3,5
CMP_0006830,CUST_03214,2022-01-01,Service,Phone,6,5
CMP_0006831,CUST_02248,2022-10-01,Service,Digital,4,4
CMP_0006832,CUST_08084,2023-01-04,Fees,Phone,12,3
CMP_0006833,CUST_02546,2026-04-17,Service,Digital,5,4
CMP_0006834,CUST_03939,2023-04-29,Fraud,Digital,12,5
CMP_0006835,CUST_07340,2022-04-22,Service,Digital,6,5
CMP_0006836,CUST_01209,2023-11-28,Service,Branch,15,4
CMP_0006837,CUST_01944,2024-10-13,Fraud,Branch,2,5
CMP_0006838,CUST_02617,2025-09-30,Service,Phone,7,5
CMP_0006839,CUST_04531,2022-07-17,Fees,Digital,10,4
CMP_0006840,CUST_08439,2023-04-22,Fees,Digital,3,4
CMP_0006841,CUST_04349,2026-06-10,KYC,Phone,9,5
CMP_0006842,CUST_05431,2023-01-11,Fees,Branch,6,5
CMP_0006843,CUST_02515,2023-12-24,Service,Digital,1,4
CMP_0006844,CUST_02315,2022-09-08,Fees,Digital,9,1
CMP_0006845,CUST_04560,2023-07-18,KYC,Phone,2,1
CMP_0006846,CUST_04748,2025-07-01,Service,Phone,61,2
CMP_0006847,CUST_07004,2024-01-06,Fees,Digital,4,5
CMP_0006848,CUST_07373,2025-09-05,KYC,Branch,4,4
CMP_0006849,CUST_02403,2023-11-24,Fees,Phone,5,4
CMP_0006850,CUST_00848,2023-07-11,Fees,Digital,5,5
CMP_0006851,CUST_07179,2024-04-08,Fees,Digital,4,4
CMP_0006852,CUST_02737,2024-01-16,Service,Phone,4,5
CMP_0006853,CUST_05533,2022-06-11,Fees,Branch,3,4
CMP_0006854,CUST_05646,2025-02-05,Service,Digital,12,4
CMP_0006855,CUST_06400,2022-10-10,Fees,Branch,14,4
CMP_0006856,CUST_04628,2023-10-31,KYC,Digital,5,5
CMP_0006857,CUST_01129,2024-06-15,Fees,Phone,7,4
CMP_0006858,CUST_09235,2024-03-10,Service,Digital,4,4
CMP_0006859,CUST_07911,2025-11-27,Service,Digital,2,3
CMP_0006860,CUST_04955,2024-10-09,Fees,Phone,3,5
CMP_0006861,CUST_07446,2022-12-01,Service,Phone,14,5
CMP_0006862,CUST_04623,2024-09-05,KYC,Phone,3,3
CMP_0006863,CUST_01889,2023-12-19,Fees,Phone,16,5
CMP_0006864,CUST_09931,2022-08-12,Fees,Phone,7,4
CMP_0006865,CUST_00454,2025-07-06,Service,Branch,6,4
CMP_0006866,CUST_06487,2023-04-26,KYC,Phone,2,5
CMP_0006867,CUST_08271,2026-03-11,Fraud,Branch,5,5
CMP_0006868,CUST_00598,2023-05-23,Fees,Branch,4,5
CMP_0006869,CUST_04140,2023-12-13,Service,Phone,14,3
CMP_0006870,CUST_09193,2025-10-31,Service,Digital,1,4
CMP_0006871,CUST_03433,2026-01-28,KYC,Digital,3,5
CMP_0006872,CUST_04214,2023-05-01,Fees,Phone,5,4
CMP_0006873,CUST_06800,2023-01-03,Service,Branch,9,4
CMP_0006874,CUST_02576,2023-10-28,Fraud,Phone,2,4
CMP_0006875,CUST_06075,2024-11-17,Service,Digital,9,5
CMP_0006876,CUST_05036,2026-04-21,KYC,Digital,14,4
CMP_0006877,CUST_05079,2022-01-09,KYC,Phone,2,5
CMP_0006878,CUST_08375,2025-12-10,Fraud,Phone,7,5
CMP_0006879,CUST_01795,2025-12-04,Service,Phone,2,2
CMP_0006880,CUST_02181,2024-09-24,Service,Branch,1,5
CMP_0006881,CUST_01575,2023-12-02,Fees,Digital,8,3
CMP_0006882,CUST_09223,2023-07-16,Service,Phone,7,4
CMP_0006883,CUST_04127,2026-05-16,Service,Digital,3,3
CMP_0006884,CUST_09883,2026-02-01,Fees,Digital,3,4
CMP_0006885,CUST_06530,2022-03-14,Service,Digital,6,5
CMP_0006886,CUST_02611,2023-09-11,Service,Phone,4,5
CMP_0006887,CUST_04719,2025-04-01,Fraud,Digital,2,2
CMP_0006888,CUST_08591,2022-12-04,Service,Digital,6,4
CMP_0006889,CUST_10011,2026-02-21,Fees,Phone,14,3
CMP_0006890,CUST_01331,2026-05-23,Service,Digital,4,3
CMP_0006891,CUST_08904,2024-01-08,KYC,Phone,6,5
CMP_0006892,CUST_08406,2026-07-21,Service,Branch,2,5
CMP_0006893,CUST_09000,2025-09-20,Service,Digital,2,2
CMP_0006894,CUST_02606,2026-04-09,Service,Branch,7,5
CMP_0006895,CUST_10015,2023-11-18,Service,Digital,8,5
CMP_0006896,CUST_01900,2024-04-15,Fees,Digital,2,4
CMP_0006897,CUST_06775,2026-07-05,Service,Branch,1,3
CMP_0006898,CUST_01172,2022-08-07,Service,Branch,3,3
CMP_0006899,CUST_04540,2022-09-20,Fees,Branch,6,4
CMP_0006900,CUST_07907,2024-11-04,Service,Branch,3,5
CMP_0006901,CUST_09154,2025-07-18,Fees,Phone,35,1
CMP_0006902,CUST_07872,2024-10-31,Service,Phone,4,4
CMP_0006903,CUST_02361,2025-12-27,Fees,Phone,7,5
CMP_0006904,CUST_04720,2026-07-11,Fees,Digital,1,4
CMP_0006905,CUST_04124,2025-05-18,Service,Phone,2,3
CMP_0006906,CUST_02847,2025-12-30,KYC,Branch,1,2
CMP_0006907,CUST_06654,2023-11-30,Service,Phone,3,3
CMP_0006908,CUST_04713,2024-09-13,Service,Phone,4,5
CMP_0006909,CUST_06806,2024-08-24,Service,Digital,3,4
CMP_0006910,CUST_06855,2026-06-03,Service,Digital,1,4
CMP_0006911,CUST_06263,2024-12-05,Service,Phone,2,5
CMP_0006912,CUST_05373,2022-07-01,KYC,Phone,7,3
CMP_0006913,CUST_05069,2026-03-21,Service,Branch,8,3
CMP_0006914,CUST_02066,2023-08-13,KYC,Phone,10,4
CMP_0006915,CUST_09808,2022-10-28,Service,Branch,5,4
CMP_0006916,CUST_03979,2024-07-03,Service,Branch,8,5
CMP_0006917,CUST_06184,2022-09-22,Fees,Branch,2,4
CMP_0006918,CUST_10004,2023-08-08,KYC,Phone,10,3
CMP_0006919,CUST_02728,2023-07-23,KYC,Digital,4,1
CMP_0006920,CUST_06491,2024-12-16,KYC,Phone,11,3
CMP_0006921,CUST_07115,2022-08-09,Fraud,Phone,4,3
CMP_0006922,CUST_08787,2023-04-16,KYC,Phone,3,5
CMP_0006923,CUST_10058,2023-11-09,Fees,Branch,7,4
CMP_0006924,CUST_03821,2023-09-08,KYC,Branch,3,5
CMP_0006925,CUST_08147,2023-11-20,Fraud,Branch,16,5
CMP_0006926,CUST_03528,2022-01-07,KYC,Phone,9,2
CMP_0006927,CUST_09695,2022-10-21,Service,Phone,3,4
CMP_0006928,CUST_01413,2023-04-13,KYC,Digital,6,2
CMP_0006929,CUST_08885,2025-11-18,Service,Branch,1,2
CMP_0006930,CUST_07919,2022-06-07,Fees,Branch,1,3
CMP_0006931,CUST_02367,2024-05-10,KYC,Phone,55,3
CMP_0006932,CUST_04138,2023-03-07,KYC,Digital,7,5
CMP_0006933,CUST_03289,2025-08-19,Service,Digital,8,5
CMP_0006934,CUST_06171,2024-11-07,Service,Phone,7,1
CMP_0006935,CUST_01333,2026-01-29,KYC,Digital,5,4
CMP_0006936,CUST_06670,2023-09-09,KYC,Digital,11,4
CMP_0006937,CUST_05382,2023-01-04,KYC,Branch,2,5
CMP_0006938,CUST_09764,2024-09-13,Fraud,Branch,5,4
CMP_0006939,CUST_06490,2024-04-29,Service,Digital,7,5
CMP_0006940,CUST_04991,2022-02-27,Fraud,Branch,5,5
CMP_0006941,CUST_08862,2024-05-29,KYC,Digital,2,2
CMP_0006942,CUST_02101,2025-01-17,Service,Digital,5,5
CMP_0006943,CUST_02315,2024-07-30,Service,Digital,2,5
CMP_0006944,CUST_04945,2024-12-30,Fees,Phone,6,4
CMP_0006945,CUST_07524,2025-06-25,Service,Phone,3,2
CMP_0006946,CUST_01203,2022-10-20,Fees,Digital,4,2
CMP_0006947,CUST_03140,2026-03-30,Fraud,Phone,6,4
CMP_0006948,CUST_09106,2022-06-15,Service,Branch,16,4
CMP_0006949,CUST_07171,2026-02-01,KYC,Phone,6,3
CMP_0006950,CUST_07061,2022-12-08,Service,Digital,2,3
CMP_0006951,CUST_06931,2024-10-29,Service,Digital,10,3
CMP_0006952,CUST_07318,2024-06-26,Service,Digital,8,4
CMP_0006953,CUST_08503,2023-09-13,Service,Digital,4,3
CMP_0006954,CUST_02186,2024-12-30,KYC,Digital,5,5
CMP_0006955,CUST_09811,2023-10-03,KYC,Digital,25,4
CMP_0006956,CUST_05858,2025-02-22,Fees,Phone,5,4
CMP_0006957,CUST_07414,2023-05-24,Service,Digital,1,4
CMP_0006958,CUST_03974,2022-07-31,Service,Phone,3,4
CMP_0006959,CUST_05345,2024-05-11,Service,Digital,6,5
CMP_0006960,CUST_04233,2026-06-22,Fees,Phone,30,2
CMP_0006961,CUST_08501,2023-03-14,Fees,Phone,7,5
CMP_0006962,CUST_05719,2024-04-04,Service,Digital,9,4
CMP_0006963,CUST_06774,2024-09-14,Service,Phone,1,4
CMP_0006964,CUST_06558,2025-02-19,Fees,Branch,3,5
CMP_0006965,CUST_09171,2026-08-11,KYC,Phone,19,4
CMP_0006966,CUST_10032,2023-03-26,Fees,Digital,1,3
CMP_0006967,CUST_09846,2024-07-26,Fees,Digital,25,3
CMP_0006968,CUST_05017,2022-12-10,Service,Branch,7,5
CMP_0006969,CUST_00800,2022-07-09,Service,Digital,3,5
CMP_0006970,CUST_09490,2024-06-19,Service,Phone,10,5
CMP_0006971,CUST_08810,2022-09-19,Service,Branch,4,2
CMP_0006972,CUST_06101,2024-05-24,Fees,Phone,2,4
CMP_0006973,CUST_04836,2024-06-19,KYC,Branch,10,5
CMP_0006974,CUST_03413,2024-02-13,Service,Phone,7,4
CMP_0006975,CUST_08204,2024-10-26,KYC,Branch,12,4
CMP_0006976,CUST_04468,2023-03-16,Service,Digital,2,5
CMP_0006977,CUST_08705,2022-05-02,Fees,Phone,13,3
CMP_0006978,CUST_03025,2026-08-05,Fees,Branch,2,4
CMP_0006979,CUST_01122,2026-01-08,Fees,Digital,10,4
CMP_0006980,CUST_03102,2024-10-10,Fees,Branch,4,2
CMP_0006981,CUST_08893,2025-04-12,KYC,Phone,15,3
CMP_0006982,CUST_05317,2022-10-06,Fees,Phone,7,3
CMP_0006983,CUST_08384,2023-11-01,Service,Digital,2,4
CMP_0006984,CUST_01295,2022-12-01,Service,Digital,8,5
CMP_0006985,CUST_03167,2023-11-06,Fees,Branch,11,5
CMP_0006986,CUST_08069,2022-08-18,Service,Branch,9,4
CMP_0006987,CUST_05884,2023-05-21,Service,Branch,2,4
CMP_0006988,CUST_00503,2023-04-22,Service,Branch,6,3
CMP_0006989,CUST_10190,2023-06-29,Fraud,Phone,5,4
CMP_0006990,CUST_03872,2022-11-16,Fees,Branch,9,4
CMP_0006991,CUST_07467,2024-09-20,Service,Digital,10,4
CMP_0006992,CUST_09868,2022-10-12,KYC,Digital,5,3
CMP_0006993,CUST_05828,2024-12-10,Fees,Digital,3,3
CMP_0006994,CUST_02972,2023-09-13,Fees,Branch,6,5
CMP_0006995,CUST_06640,2022-05-31,Service,Digital,17,5
CMP_0006996,CUST_06171,2022-08-06,KYC,Phone,2,2
CMP_0006997,CUST_05527,2023-11-30,Fees,Phone,3,3
CMP_0006998,CUST_09738,2024-07-13,Fees,Phone,5,4
CMP_0006999,CUST_09534,2025-04-22,Service,Digital,5,3
CMP_0007000,CUST_03937,2025-09-03,Service,Digital,56,3
CMP_0007001,CUST_09808,2023-09-16,Service,Branch,4,5
CMP_0007002,CUST_05451,2026-02-20,Service,Phone,4,5
CMP_0007003,CUST_09003,2025-05-19,Fees,Phone,4,4
CMP_0007004,CUST_08093,2025-11-28,Fees,Phone,8,3
CMP_0007005,CUST_03439,2022-10-21,Fraud,Phone,12,5
CMP_0007006,CUST_09595,2024-06-08,Fees,Phone,5,3
CMP_0007007,CUST_05385,2023-02-15,Fraud,Branch,5,4
CMP_0007008,CUST_05584,2024-05-27,KYC,Digital,5,5
CMP_0007009,CUST_02246,2025-05-14,KYC,Digital,7,5
CMP_0007010,CUST_01998,2022-03-14,Service,Branch,1,4
CMP_0007011,CUST_06931,2023-03-29,Fees,Digital,6,2
CMP_0007012,CUST_04926,2025-02-23,Service,Digital,3,5
CMP_0007013,CUST_06423,2026-04-16,Service,Branch,9,2
CMP_0007014,CUST_05223,2022-04-23,Fees,Phone,2,1
CMP_0007015,CUST_09884,2023-12-23,Service,Branch,7,5
CMP_0007016,CUST_02633,2025-06-27,Service,Phone,2,5
CMP_0007017,CUST_01479,2024-12-20,Service,Phone,5,4
CMP_0007018,CUST_09710,2025-10-01,Service,Phone,7,4
CMP_0007019,CUST_03259,2024-10-18,Fees,Branch,1,3
CMP_0007020,CUST_00605,2023-09-08,Service,Phone,5,4
CMP_0007021,CUST_00124,2024-05-01,Service,Branch,2,5
CMP_0007022,CUST_03462,2022-06-04,Fees,Digital,8,2
CMP_0007023,CUST_09259,2025-01-09,Service,Digital,74,5
CMP_0007024,CUST_05535,2025-12-10,KYC,Phone,6,4
CMP_0007025,CUST_04097,2022-10-07,Service,Phone,7,5
CMP_0007026,CUST_07768,2025-06-09,Fees,Digital,6,5
CMP_0007027,CUST_05712,2025-01-16,Service,Digital,5,1
CMP_0007028,CUST_04705,2022-10-25,Service,Phone,7,2
CMP_0007029,CUST_09103,2025-04-14,Fees,Digital,10,5
CMP_0007030,CUST_00522,2022-12-09,Service,Digital,3,5
CMP_0007031,CUST_00880,2024-01-07,Fees,Phone,18,5
CMP_0007032,CUST_07330,2025-03-25,KYC,Digital,1,5
CMP_0007033,CUST_03686,2023-03-06,Fraud,Phone,14,4
CMP_0007034,CUST_09481,2022-11-27,Service,Digital,5,4
CMP_0007035,CUST_08003,2022-12-24,Service,Digital,11,5
CMP_0007036,CUST_06754,2022-07-23,Fees,Digital,5,4
CMP_0007037,CUST_05954,2023-09-10,Fees,Phone,16,2
CMP_0007038,CUST_06737,2026-07-21,Fees,Digital,11,4
CMP_0007039,CUST_04970,2024-07-26,Fees,Phone,11,5
CMP_0007040,CUST_00140,2026-06-06,Fees,Phone,10,5
CMP_0007041,CUST_01664,2025-04-29,KYC,Phone,8,4
CMP_0007042,CUST_01826,2022-05-12,Service,Digital,2,5
CMP_0007043,CUST_04009,2024-01-03,Service,Digital,5,3
CMP_0007044,CUST_01415,2025-01-05,Service,Branch,6,3
CMP_0007045,CUST_00048,2024-12-30,KYC,Phone,5,4
CMP_0007046,CUST_03058,2024-08-25,Fees,Phone,49,1
CMP_0007047,CUST_04825,2024-08-14,Fees,Branch,7,5
CMP_0007048,CUST_09927,2026-05-10,KYC,Digital,8,4
CMP_0007049,CUST_03928,2023-11-05,Service,Digital,6,5
CMP_0007050,CUST_00567,2026-02-14,Service,Phone,9,5
CMP_0007051,CUST_01883,2024-04-08,Service,Branch,5,4
CMP_0007052,CUST_08019,2026-04-09,Service,Phone,1,4
CMP_0007053,CUST_09278,2022-11-09,Service,Digital,8,4
CMP_0007054,CUST_01257,2024-07-21,KYC,Phone,2,5
CMP_0007055,CUST_02059,2023-10-12,Service,Digital,4,2
CMP_0007056,CUST_04006,2024-06-09,KYC,Branch,7,2
CMP_0007057,CUST_06392,2023-08-16,Service,Phone,6,1
CMP_0007058,CUST_00517,2025-09-28,Fees,Branch,3,4
CMP_0007059,CUST_01007,2023-06-01,KYC,Digital,6,5
CMP_0007060,CUST_03407,2026-04-07,Service,Phone,1,3
CMP_0007061,CUST_03102,2022-10-11,Fees,Branch,5,5
CMP_0007062,CUST_07576,2023-11-03,Service,Digital,22,1
CMP_0007063,CUST_08701,2023-10-21,Service,Phone,58,4
CMP_0007064,CUST_00348,2022-10-01,Fees,Phone,1,4
CMP_0007065,CUST_06409,2024-01-25,Service,Phone,11,3
CMP_0007066,CUST_01204,2024-12-31,KYC,Digital,12,4
CMP_0007067,CUST_00487,2022-09-28,Fees,Phone,3,4
CMP_0007068,CUST_09741,2024-01-05,Fees,Branch,3,5
CMP_0007069,CUST_02259,2026-02-15,KYC,Phone,2,4
CMP_0007070,CUST_09302,2022-10-02,Service,Phone,1,5
CMP_0007071,CUST_09529,2024-07-31,Service,Phone,9,5
CMP_0007072,CUST_07337,2023-06-01,KYC,Digital,2,3
CMP_0007073,CUST_07727,2023-11-08,Fees,Phone,4,4
CMP_0007074,CUST_04272,2023-10-21,Service,Phone,2,4
CMP_0007075,CUST_00038,2023-08-13,Service,Phone,4,3
CMP_0007076,CUST_06002,2023-02-26,Service,Phone,2,4
CMP_0007077,CUST_04629,2023-12-14,Service,Branch,9,5
CMP_0007078,CUST_09704,2024-03-18,Fees,Digital,3,2
CMP_0007079,CUST_00495,2024-05-06,Fees,Branch,4,3
CMP_0007080,CUST_02520,2026-03-24,Service,Branch,12,3
CMP_0007081,CUST_02406,2023-04-10,Service,Phone,2,4
CMP_0007082,CUST_09439,2022-06-21,KYC,Digital,6,4
CMP_0007083,CUST_07773,2022-07-20,Fees,Phone,57,2
CMP_0007084,CUST_08577,2022-07-07,Service,Digital,8,4
CMP_0007085,CUST_00779,2024-12-07,Service,Branch,3,2
CMP_0007086,CUST_00600,2024-08-19,Service,Digital,5,4
CMP_0007087,CUST_07477,2024-08-28,KYC,Digital,8,1
CMP_0007088,CUST_09117,2026-01-31,Fees,Phone,5,5
CMP_0007089,CUST_07668,2026-07-07,Service,Phone,7,5
CMP_0007090,CUST_07666,2022-10-10,Fees,Branch,3,4
CMP_0007091,CUST_01022,2024-07-06,KYC,Phone,3,5
CMP_0007092,CUST_06567,2024-10-29,KYC,Phone,12,3
CMP_0007093,CUST_00019,2024-04-20,Service,Phone,7,3
CMP_0007094,CUST_09030,2025-10-30,KYC,Digital,12,4
CMP_0007095,CUST_05555,2025-03-17,Service,Branch,6,2
CMP_0007096,CUST_06741,2025-07-25,KYC,Digital,8,5
CMP_0007097,CUST_02261,2026-02-25,Fees,Branch,1,4
CMP_0007098,CUST_08541,2024-08-31,Fees,Digital,4,3
CMP_0007099,CUST_07610,2024-09-29,Fees,Digital,10,2
CMP_0007100,CUST_08724,2022-12-09,Fees,Phone,2,3
CMP_0007101,CUST_07657,2022-11-09,Fees,Phone,2,4
CMP_0007102,CUST_01515,2022-01-25,Fees,Branch,2,2
CMP_0007103,CUST_05161,2024-09-15,KYC,Phone,2,4
CMP_0007104,CUST_06991,2025-01-18,Fees,Branch,4,2
CMP_0007105,CUST_04995,2024-09-05,Service,Branch,9,1
CMP_0007106,CUST_08565,2023-03-31,Fees,Digital,5,4
CMP_0007107,CUST_07233,2023-07-02,Fees,Digital,1,5
CMP_0007108,CUST_04439,2025-03-03,Fees,Digital,5,3
CMP_0007109,CUST_01284,2022-05-18,KYC,Phone,1,4
CMP_0007110,CUST_08637,2022-02-10,Service,Digital,3,4
CMP_0007111,CUST_04755,2024-04-05,KYC,Branch,29,5
CMP_0007112,CUST_09621,2024-08-13,Fees,Phone,7,2
CMP_0007113,CUST_02643,2024-03-07,Fees,Digital,27,1
CMP_0007114,CUST_09624,2026-07-10,Service,Digital,1,1
CMP_0007115,CUST_00712,2022-05-11,KYC,Digital,1,3
CMP_0007116,CUST_06029,2024-02-10,Fees,Phone,3,5
CMP_0007117,CUST_01268,2024-08-15,Service,Phone,3,5
CMP_0007118,CUST_02104,2024-01-09,Fees,Digital,6,3
CMP_0007119,CUST_08003,2022-05-25,KYC,Digital,8,4
CMP_0007120,CUST_03202,2023-06-22,Fees,Digital,17,3
CMP_0007121,CUST_03325,2025-10-03,Fraud,Digital,9,5
CMP_0007122,CUST_00591,2026-01-02,KYC,Digital,5,1
CMP_0007123,CUST_01372,2025-04-16,KYC,Digital,7,2
CMP_0007124,CUST_07895,2023-01-03,Service,Phone,16,4
CMP_0007125,CUST_05171,2023-05-29,Fees,Digital,7,4
CMP_0007126,CUST_06372,2023-03-16,Service,Digital,1,5
CMP_0007127,CUST_05442,2025-04-11,Service,Phone,1,3
CMP_0007128,CUST_09491,2024-06-11,Service,Phone,6,5
CMP_0007129,CUST_00046,2022-02-10,Fees,Digital,4,3
CMP_0007130,CUST_08295,2023-05-07,Service,Phone,7,5
CMP_0007131,CUST_06471,2025-06-29,Fees,Digital,9,4
CMP_0007132,CUST_09381,2024-11-02,Service,Digital,3,1
CMP_0007133,CUST_02003,2024-01-29,Fees,Phone,4,4
CMP_0007134,CUST_03714,2024-07-16,KYC,Branch,8,3
CMP_0007135,CUST_07588,2026-01-26,Service,Digital,2,1
CMP_0007136,CUST_04856,2026-05-28,Service,Digital,5,2
CMP_0007137,CUST_01645,2025-10-26,Fees,Branch,8,5
CMP_0007138,CUST_05464,2023-09-25,Service,Branch,9,4
CMP_0007139,CUST_08638,2025-08-04,Service,Phone,13,5
CMP_0007140,CUST_05312,2023-06-27,Fees,Branch,4,4
CMP_0007141,CUST_03541,2024-07-02,Service,Branch,7,2
CMP_0007142,CUST_01557,2022-07-14,Service,Branch,7,5
CMP_0007143,CUST_01728,2022-12-17,Service,Branch,5,4
CMP_0007144,CUST_00993,2025-11-06,Service,Digital,3,4
CMP_0007145,CUST_02312,2026-03-07,Service,Phone,1,4
CMP_0007146,CUST_08724,2024-12-12,Service,Branch,4,4
CMP_0007147,CUST_02599,2022-05-09,Fees,Branch,35,1
CMP_0007148,CUST_03595,2025-07-28,Service,Phone,4,3
CMP_0007149,CUST_01091,2023-08-20,KYC,Digital,1,4
CMP_0007150,CUST_07902,2023-12-07,Service,Phone,6,2
CMP_0007151,CUST_02566,2023-11-11,Service,Branch,10,5
CMP_0007152,CUST_00035,2023-04-03,KYC,Digital,1,2
CMP_0007153,CUST_04645,2025-12-18,Service,Phone,3,4
CMP_0007154,CUST_03631,2024-01-27,Fees,Phone,1,5
CMP_0007155,CUST_07432,2022-03-08,Service,Phone,6,5
CMP_0007156,CUST_06394,2023-01-02,Fees,Phone,1,5
CMP_0007157,CUST_01178,2024-12-07,Fees,Branch,10,3
CMP_0007158,CUST_07346,2024-06-16,Fees,Branch,4,3
CMP_0007159,CUST_04890,2026-06-08,Fees,Phone,6,3
CMP_0007160,CUST_09066,2025-03-05,Service,Branch,11,5
CMP_0007161,CUST_09831,2022-06-13,Service,Digital,5,5
CMP_0007162,CUST_09307,2025-09-11,Fees,Digital,1,5
CMP_0007163,CUST_05930,2023-08-23,KYC,Branch,6,4
CMP_0007164,CUST_00558,2023-12-05,Service,Digital,8,4
CMP_0007165,CUST_03079,2023-06-17,KYC,Branch,1,4
CMP_0007166,CUST_08429,2023-04-24,Fees,Phone,8,4
CMP_0007167,CUST_06240,2023-11-21,Service,Branch,10,4
CMP_0007168,CUST_06949,2026-08-13,Fees,Branch,14,4
CMP_0007169,CUST_08349,2025-02-09,KYC,Phone,15,4
CMP_0007170,CUST_06922,2023-10-16,Service,Branch,35,4
CMP_0007171,CUST_09955,2025-09-17,Service,Phone,7,3
CMP_0007172,CUST_07735,2022-02-20,Service,Branch,15,5
CMP_0007173,CUST_09793,2025-08-14,Fraud,Digital,6,5
CMP_0007174,CUST_07465,2022-08-23,Service,Digital,3,3
CMP_0007175,CUST_05935,2026-07-25,Service,Digital,7,2
CMP_0007176,CUST_08821,2022-06-13,Fees,Phone,5,3
CMP_0007177,CUST_02314,2023-10-13,Service,Digital,1,3
CMP_0007178,CUST_08429,2024-01-13,KYC,Phone,2,4
CMP_0007179,CUST_08808,2024-10-25,Fees,Phone,7,5
CMP_0007180,CUST_03817,2025-10-23,Fees,Digital,4,5
CMP_0007181,CUST_09126,2024-10-05,KYC,Branch,3,5
CMP_0007182,CUST_08588,2023-04-01,Fees,Digital,3,4
CMP_0007183,CUST_00414,2022-07-26,Fees,Digital,9,3
CMP_0007184,CUST_00110,2024-10-04,Service,Branch,1,2
CMP_0007185,CUST_04979,2022-04-25,KYC,Branch,4,3
CMP_0007186,CUST_05707,2024-03-04,Fraud,Branch,5,5
CMP_0007187,CUST_05311,2022-10-12,Service,Phone,12,3
CMP_0007188,CUST_08094,2024-05-29,Service,Branch,9,5
CMP_0007189,CUST_05027,2023-08-09,Fees,Phone,4,5
CMP_0007190,CUST_06472,2024-01-26,Fees,Digital,10,4
CMP_0007191,CUST_06209,2025-06-19,Service,Digital,2,4
CMP_0007192,CUST_06346,2022-05-04,Service,Branch,11,4
CMP_0007193,CUST_02055,2025-03-16,Service,Phone,7,3
CMP_0007194,CUST_09308,2022-02-27,Fees,Phone,2,2
CMP_0007195,CUST_02564,2026-07-25,KYC,Digital,1,5
CMP_0007196,CUST_00808,2025-05-27,Service,Branch,3,4
CMP_0007197,CUST_09321,2026-06-04,Fees,Phone,5,4
CMP_0007198,CUST_04206,2025-05-20,Fees,Branch,9,3
CMP_0007199,CUST_01021,2023-10-11,Service,Digital,3,5
CMP_0007200,CUST_07043,2022-02-18,Fees,Digital,1,4
CMP_0007201,CUST_08356,2026-07-29,Service,Phone,11,4
CMP_0007202,CUST_06167,2025-10-18,Service,Phone,7,3
CMP_0007203,CUST_07613,2024-12-11,Fees,Branch,10,3
CMP_0007204,CUST_05420,2026-07-16,Fees,Digital,1,4
CMP_0007205,CUST_05395,2026-08-01,Fees,Digital,14,3
CMP_0007206,CUST_05892,2022-10-04,Fees,Digital,2,5
CMP_0007207,CUST_09319,2022-11-25,Fees,Digital,5,4
CMP_0007208,CUST_02742,2026-04-23,Service,Phone,3,4
CMP_0007209,CUST_08387,2022-03-02,Fraud,Phone,6,5
CMP_0007210,CUST_00666,2025-06-13,Service,Branch,4,3
CMP_0007211,CUST_09172,2023-11-08,Service,Digital,3,5
CMP_0007212,CUST_06512,2023-03-20,Fees,Digital,53,2
CMP_0007213,CUST_03012,2024-06-14,Fraud,Phone,3,4
CMP_0007214,CUST_01993,2023-08-10,Fees,Digital,9,5
CMP_0007215,CUST_08970,2024-01-07,Fees,Digital,5,5
CMP_0007216,CUST_00592,2023-08-15,Fees,Branch,19,2
CMP_0007217,CUST_06807,2023-04-23,Fees,Digital,3,5
CMP_0007218,CUST_01230,2024-08-08,Service,Branch,5,2
CMP_0007219,CUST_05537,2023-08-01,Service,Branch,1,4
CMP_0007220,CUST_03401,2026-03-02,KYC,Branch,3,5
CMP_0007221,CUST_02542,2023-02-10,KYC,Branch,8,4
CMP_0007222,CUST_03126,2025-02-07,KYC,Digital,2,4
CMP_0007223,CUST_06085,2024-07-14,Service,Digital,9,5
CMP_0007224,CUST_07477,2022-12-14,Service,Phone,5,4
CMP_0007225,CUST_07082,2024-12-23,Fraud,Phone,7,4
CMP_0007226,CUST_03020,2023-12-09,Fees,Branch,3,2
CMP_0007227,CUST_08603,2025-11-17,Service,Digital,7,5
CMP_0007228,CUST_01666,2024-03-13,KYC,Digital,5,3
CMP_0007229,CUST_07892,2025-04-13,Fees,Branch,28,5
CMP_0007230,CUST_06200,2024-04-10,Fees,Branch,2,2
CMP_0007231,CUST_06833,2022-04-30,Fees,Phone,32,1
CMP_0007232,CUST_01750,2024-02-17,Fees,Phone,6,1
CMP_0007233,CUST_08704,2024-12-27,KYC,Branch,12,4
CMP_0007234,CUST_00732,2023-01-11,Service,Branch,5,5
CMP_0007235,CUST_09243,2022-11-26,Fees,Digital,12,4
CMP_0007236,CUST_07634,2022-07-29,Service,Branch,8,4
CMP_0007237,CUST_05168,2022-04-29,Fees,Phone,13,4
CMP_0007238,CUST_08263,2025-08-19,KYC,Digital,8,5
CMP_0007239,CUST_03650,2022-10-22,Service,Digital,2,4
CMP_0007240,CUST_00495,2026-05-03,Service,Phone,2,3
CMP_0007241,CUST_02617,2025-12-05,Service,Phone,13,5
CMP_0007242,CUST_02675,2022-08-19,Service,Digital,6,4
CMP_0007243,CUST_06166,2024-07-18,Fees,Branch,1,4
CMP_0007244,CUST_01752,2025-10-03,KYC,Phone,15,1
CMP_0007245,CUST_04440,2026-07-15,Fees,Digital,4,4
CMP_0007246,CUST_05885,2024-09-21,Fraud,Branch,2,5
CMP_0007247,CUST_00850,2025-05-03,Service,Branch,12,1
CMP_0007248,CUST_07011,2025-02-27,Service,Phone,3,4
CMP_0007249,CUST_03808,2023-11-19,Fees,Digital,1,3
CMP_0007250,CUST_08304,2023-11-14,Service,Phone,10,2
CMP_0007251,CUST_04701,2023-07-06,Fraud,Branch,4,2
CMP_0007252,CUST_09243,2026-03-22,KYC,Digital,6,4
CMP_0007253,CUST_04119,2022-11-04,KYC,Branch,6,4
CMP_0007254,CUST_01266,2022-11-01,Fees,Branch,59,1
CMP_0007255,CUST_01247,2024-03-02,KYC,Branch,4,5
CMP_0007256,CUST_03834,2026-07-26,KYC,Digital,2,3
CMP_0007257,CUST_05190,2023-10-22,Fees,Digital,3,3
CMP_0007258,CUST_04330,2022-11-06,KYC,Digital,11,4
CMP_0007259,CUST_03717,2022-02-16,Service,Digital,5,5
CMP_0007260,CUST_06918,2026-07-05,Fraud,Branch,6,2
CMP_0007261,CUST_06420,2023-12-12,KYC,Digital,11,5
CMP_0007262,CUST_07121,2024-10-24,Fees,Digital,8,2
CMP_0007263,CUST_09743,2024-04-26,Fees,Phone,4,5
CMP_0007264,CUST_06391,2026-07-18,Service,Branch,22,5
CMP_0007265,CUST_03310,2022-01-10,Service,Digital,4,5
CMP_0007266,CUST_06949,2022-01-19,Service,Digital,5,4
CMP_0007267,CUST_00199,2024-02-21,Service,Phone,3,5
CMP_0007268,CUST_07650,2023-06-22,Fees,Phone,1,5
CMP_0007269,CUST_02128,2022-04-19,Fees,Digital,15,4
CMP_0007270,CUST_02006,2023-07-21,Fees,Branch,3,4
CMP_0007271,CUST_06063,2023-11-16,Fees,Branch,5,5
CMP_0007272,CUST_09145,2023-09-04,Fraud,Phone,7,4
CMP_0007273,CUST_00063,2024-09-27,Fraud,Digital,6,4
CMP_0007274,CUST_06445,2024-11-07,KYC,Phone,3,5
CMP_0007275,CUST_01759,2024-08-01,KYC,Digital,6,4
CMP_0007276,CUST_09152,2023-01-26,KYC,Phone,17,4
CMP_0007277,CUST_08604,2023-09-28,Fees,Digital,1,4
CMP_0007278,CUST_00950,2024-08-13,Fraud,Digital,5,4
CMP_0007279,CUST_01251,2023-08-22,Fees,Phone,3,5
CMP_0007280,CUST_01615,2023-09-12,KYC,Phone,13,4
CMP_0007281,CUST_08408,2025-09-11,Fees,Phone,2,5
CMP_0007282,CUST_03354,2024-10-26,Service,Digital,8,4
CMP_0007283,CUST_00092,2024-10-30,Fees,Branch,6,3
CMP_0007284,CUST_08907,2023-09-03,Service,Phone,13,1
CMP_0007285,CUST_05720,2023-07-11,Fraud,Branch,6,4
CMP_0007286,CUST_07637,2022-03-10,Service,Branch,9,5
CMP_0007287,CUST_09706,2022-10-09,KYC,Phone,15,5
CMP_0007288,CUST_01506,2025-07-27,Fees,Phone,1,4
CMP_0007289,CUST_07127,2022-06-07,Service,Branch,1,5
CMP_0007290,CUST_06378,2023-12-18,Fees,Branch,12,4
CMP_0007291,CUST_02187,2025-10-11,Fees,Phone,4,5
CMP_0007292,CUST_08104,2023-01-04,Service,Phone,9,5
CMP_0007293,CUST_08158,2025-03-10,Service,Phone,13,2
CMP_0007294,CUST_04101,2023-05-23,KYC,Phone,8,5
CMP_0007295,CUST_09622,2022-10-05,Fees,Branch,51,5
CMP_0007296,CUST_10108,2022-06-01,Service,Branch,4,4
CMP_0007297,CUST_07363,2024-08-21,Fees,Phone,6,4
CMP_0007298,CUST_09221,2025-10-22,Service,Phone,2,4
CMP_0007299,CUST_00455,2025-08-28,Fraud,Digital,6,1
CMP_0007300,CUST_08683,2023-02-21,Fees,Digital,1,3
CMP_0007301,CUST_04255,2025-04-02,Fraud,Branch,4,4
CMP_0007302,CUST_03746,2025-09-23,KYC,Branch,11,5
CMP_0007303,CUST_08681,2025-05-04,Fraud,Phone,2,1
CMP_0007304,CUST_02442,2022-12-10,Service,Branch,2,5
CMP_0007305,CUST_08778,2026-05-24,Fees,Branch,4,4
CMP_0007306,CUST_07391,2022-01-15,KYC,Digital,14,5
CMP_0007307,CUST_08571,2022-11-30,KYC,Digital,9,4
CMP_0007308,CUST_04934,2023-07-20,Fees,Branch,9,4
CMP_0007309,CUST_10173,2022-07-14,Service,Branch,10,5
CMP_0007310,CUST_02652,2023-12-01,Service,Branch,1,2
CMP_0007311,CUST_05194,2025-01-03,Fees,Phone,2,5
CMP_0007312,CUST_00904,2023-03-05,Fraud,Phone,6,3
CMP_0007313,CUST_10085,2024-10-27,KYC,Digital,3,4
CMP_0007314,CUST_03396,2025-06-19,Fees,Phone,13,4
CMP_0007315,CUST_07006,2022-09-18,Fees,Branch,51,4
CMP_0007316,CUST_09644,2026-08-04,Fees,Phone,3,1
CMP_0007317,CUST_02408,2024-06-27,Fees,Phone,3,3
CMP_0007318,CUST_00930,2024-03-21,KYC,Phone,9,4
CMP_0007319,CUST_06447,2023-10-16,Service,Phone,7,5
CMP_0007320,CUST_09706,2022-03-30,KYC,Phone,4,3
CMP_0007321,CUST_03419,2022-01-18,Fees,Digital,5,4
CMP_0007322,CUST_05739,2024-05-23,Fees,Phone,4,4
CMP_0007323,CUST_05592,2023-05-25,Fees,Phone,29,3
CMP_0007324,CUST_03406,2024-01-23,Fees,Phone,4,2
CMP_0007325,CUST_08397,2022-08-30,Service,Branch,5,3
CMP_0007326,CUST_04024,2025-01-30,Service,Phone,9,5
CMP_0007327,CUST_05684,2025-12-27,Service,Branch,11,3
CMP_0007328,CUST_04290,2022-08-25,Service,Digital,2,4
CMP_0007329,CUST_02137,2022-08-18,KYC,Phone,4,2
CMP_0007330,CUST_07310,2023-05-11,Service,Digital,3,5
CMP_0007331,CUST_03107,2026-07-10,Fees,Branch,20,3
CMP_0007332,CUST_05688,2024-07-28,Service,Branch,4,2
CMP_0007333,CUST_04787,2022-10-23,Fees,Phone,16,5
CMP_0007334,CUST_07364,2025-05-05,Fees,Digital,16,3
CMP_0007335,CUST_08663,2023-01-22,Fees,Phone,6,4
CMP_0007336,CUST_00167,2025-09-02,Service,Branch,5,5
CMP_0007337,CUST_03802,2025-08-27,Fees,Branch,4,3
CMP_0007338,CUST_00084,2024-06-01,Fees,Digital,13,4
CMP_0007339,CUST_05775,2022-08-03,Service,Digital,3,5
CMP_0007340,CUST_05500,2022-12-05,Service,Branch,2,2
CMP_0007341,CUST_05570,2026-04-28,Service,Digital,5,5
CMP_0007342,CUST_02248,2025-11-21,Fraud,Branch,6,5
CMP_0007343,CUST_04690,2025-01-20,Fees,Digital,7,3
CMP_0007344,CUST_08260,2025-03-05,Fees,Branch,9,5
CMP_0007345,CUST_03932,2022-05-31,Service,Phone,6,5
CMP_0007346,CUST_03123,2023-11-11,Service,Digital,1,4
CMP_0007347,CUST_09854,2022-12-25,Service,Phone,12,3
CMP_0007348,CUST_00290,2026-08-04,Service,Phone,15,4
CMP_0007349,CUST_03958,2022-01-11,Fees,Digital,25,4
CMP_0007350,CUST_07012,2026-03-09,Service,Digital,6,4
CMP_0007351,CUST_06556,2025-09-03,Service,Phone,8,1
CMP_0007352,CUST_05743,2024-08-26,Fees,Digital,3,3
CMP_0007353,CUST_04747,2024-11-26,Fees,Phone,12,4
CMP_0007354,CUST_00019,2025-08-06,Fees,Digital,9,5
CMP_0007355,CUST_03027,2023-09-25,Service,Phone,2,1
CMP_0007356,CUST_05968,2023-07-29,Service,Branch,2,5
CMP_0007357,CUST_06707,2026-05-26,KYC,Phone,16,4
CMP_0007358,CUST_04380,2022-12-26,Fraud,Phone,8,3
CMP_0007359,CUST_09785,2023-03-17,KYC,Phone,4,4
CMP_0007360,CUST_03475,2026-07-19,KYC,Digital,8,5
CMP_0007361,CUST_04665,2024-05-08,Fraud,Digital,1,5
CMP_0007362,CUST_03162,2022-03-18,KYC,Digital,10,4
CMP_0007363,CUST_02145,2025-04-05,KYC,Phone,5,4
CMP_0007364,CUST_07480,2024-07-25,Service,Phone,2,3
CMP_0007365,CUST_06363,2022-03-27,Fees,Digital,2,5
CMP_0007366,CUST_04121,2023-06-23,Fees,Branch,2,2
CMP_0007367,CUST_09220,2024-12-22,Service,Phone,1,5
CMP_0007368,CUST_10098,2023-09-15,Fees,Branch,5,5
CMP_0007369,CUST_00015,2022-11-26,Service,Digital,10,5
CMP_0007370,CUST_04931,2022-10-05,KYC,Branch,2,5
CMP_0007371,CUST_07283,2023-07-19,Fees,Phone,9,2
CMP_0007372,CUST_03145,2023-11-06,Fees,Digital,2,4
CMP_0007373,CUST_04560,2023-03-11,Fraud,Phone,10,3
CMP_0007374,CUST_01589,2025-09-28,KYC,Digital,6,3
CMP_0007375,CUST_03176,2026-04-22,Fees,Branch,1,2
CMP_0007376,CUST_08729,2023-02-20,Fees,Phone,6,5
CMP_0007377,CUST_09589,2024-01-25,Service,Branch,4,1
CMP_0007378,CUST_01630,2025-04-06,Fraud,Digital,2,4
CMP_0007379,CUST_08549,2025-12-14,Fees,Digital,4,5
CMP_0007380,CUST_00063,2022-04-11,KYC,Branch,3,5
CMP_0007381,CUST_06719,2025-06-01,KYC,Phone,6,5
CMP_0007382,CUST_02838,2025-09-06,Service,Digital,9,5
CMP_0007383,CUST_00737,2025-01-19,Service,Branch,5,4
CMP_0007384,CUST_00871,2026-01-21,Service,Phone,6,2
CMP_0007385,CUST_09967,2026-06-25,Service,Branch,7,4
CMP_0007386,CUST_04649,2024-02-17,Fees,Branch,65,4
CMP_0007387,CUST_07717,2025-08-30,KYC,Phone,3,5
CMP_0007388,CUST_00599,2022-10-13,KYC,Phone,3,1
CMP_0007389,CUST_00950,2026-02-16,Service,Phone,1,5
CMP_0007390,CUST_07031,2024-02-02,KYC,Phone,4,3
CMP_0007391,CUST_05167,2025-08-15,Fees,Phone,7,2
CMP_0007392,CUST_00619,2024-01-05,Service,Branch,2,5
CMP_0007393,CUST_08116,2024-05-17,KYC,Digital,5,5
CMP_0007394,CUST_05156,2025-03-18,Fees,Phone,3,5
CMP_0007395,CUST_07447,2023-10-03,Service,Digital,10,3
CMP_0007396,CUST_04958,2025-02-18,Service,Branch,8,3
CMP_0007397,CUST_00740,2025-05-28,KYC,Branch,3,3
CMP_0007398,CUST_04279,2026-01-13,KYC,Digital,6,2
CMP_0007399,CUST_07038,2025-11-07,Fraud,Phone,6,2
CMP_0007400,CUST_07832,2026-03-21,Service,Branch,9,4
CMP_0007401,CUST_00969,2024-02-09,KYC,Digital,9,4
CMP_0007402,CUST_08637,2025-05-25,Service,Branch,19,3
CMP_0007403,CUST_07319,2022-11-13,Service,Branch,10,5
CMP_0007404,CUST_05406,2023-07-22,Fraud,Phone,2,2
CMP_0007405,CUST_03509,2023-08-06,Fees,Branch,5,5
CMP_0007406,CUST_01144,2025-07-10,KYC,Branch,9,5
CMP_0007407,CUST_09599,2025-01-06,Service,Digital,2,4
CMP_0007408,CUST_09742,2026-06-02,Fees,Phone,3,3
CMP_0007409,CUST_09145,2024-10-23,KYC,Phone,1,3
CMP_0007410,CUST_00069,2022-06-26,Fees,Branch,60,5
CMP_0007411,CUST_09296,2025-01-23,Service,Digital,2,5
CMP_0007412,CUST_03938,2026-06-09,Service,Digital,10,1
CMP_0007413,CUST_01510,2022-09-01,Fees,Phone,14,1
CMP_0007414,CUST_06278,2022-06-08,KYC,Phone,1,4
CMP_0007415,CUST_04212,2025-12-13,Fees,Digital,8,3
CMP_0007416,CUST_10163,2024-03-15,Service,Digital,1,3
CMP_0007417,CUST_04985,2022-02-17,Fees,Digital,7,5
CMP_0007418,CUST_06435,2023-08-20,Fees,Phone,5,4
CMP_0007419,CUST_03345,2025-02-23,Service,Digital,34,4
CMP_0007420,CUST_06032,2024-10-02,KYC,Digital,7,2
CMP_0007421,CUST_07819,2026-01-13,Service,Digital,3,4
CMP_0007422,CUST_00395,2025-12-24,Service,Branch,5,3
CMP_0007423,CUST_09574,2025-02-02,KYC,Branch,6,4
CMP_0007424,CUST_02923,2022-02-23,Service,Digital,1,4
CMP_0007425,CUST_06638,2025-08-29,Fees,Phone,4,4
CMP_0007426,CUST_04960,2025-08-29,Service,Branch,5,5
CMP_0007427,CUST_04396,2022-07-11,KYC,Phone,6,4
CMP_0007428,CUST_09476,2025-08-12,Fees,Digital,31,1
CMP_0007429,CUST_00442,2023-02-28,Fees,Branch,4,5
CMP_0007430,CUST_00154,2024-09-28,Service,Digital,7,5
CMP_0007431,CUST_08656,2023-08-23,KYC,Digital,10,4
CMP_0007432,CUST_06034,2024-12-07,Fraud,Phone,10,4
CMP_0007433,CUST_05530,2025-03-05,Service,Digital,5,3
CMP_0007434,CUST_09715,2022-05-08,Service,Branch,6,4
CMP_0007435,CUST_01079,2025-12-31,Service,Phone,3,2
CMP_0007436,CUST_06378,2025-11-25,Service,Branch,11,3
CMP_0007437,CUST_08893,2023-06-14,Service,Phone,1,4
CMP_0007438,CUST_09434,2025-03-21,Fees,Branch,35,4
CMP_0007439,CUST_07933,2024-03-27,Service,Branch,10,5
CMP_0007440,CUST_09369,2024-09-17,Service,Branch,3,4
CMP_0007441,CUST_02301,2025-10-08,Service,Branch,8,4
CMP_0007442,CUST_00421,2024-02-21,Service,Branch,11,4
CMP_0007443,CUST_08451,2022-05-05,Fees,Phone,2,2
CMP_0007444,CUST_08072,2024-11-27,Service,Digital,5,3
CMP_0007445,CUST_02346,2024-11-18,Fees,Phone,2,5
CMP_0007446,CUST_10119,2025-01-31,KYC,Digital,1,4
CMP_0007447,CUST_08489,2025-11-01,KYC,Branch,8,4
CMP_0007448,CUST_07635,2024-02-20,Fees,Branch,10,4
CMP_0007449,CUST_04057,2022-07-04,Fees,Phone,3,4
CMP_0007450,CUST_04475,2025-06-05,Service,Phone,1,2
CMP_0007451,CUST_08810,2023-06-06,Service,Phone,1,5
CMP_0007452,CUST_00830,2025-11-04,Service,Phone,8,3
CMP_0007453,CUST_00444,2025-05-18,Fees,Branch,1,4
CMP_0007454,CUST_03242,2023-03-29,Fees,Branch,4,2
CMP_0007455,CUST_08520,2023-09-06,Service,Branch,1,1
CMP_0007456,CUST_09562,2022-04-27,Service,Branch,7,5
CMP_0007457,CUST_05306,2023-11-05,Fees,Phone,21,4
CMP_0007458,CUST_00302,2025-07-09,Fees,Branch,15,4
CMP_0007459,CUST_08350,2024-01-12,Service,Branch,13,3
CMP_0007460,CUST_00635,2023-08-26,Service,Phone,12,1
CMP_0007461,CUST_08647,2022-10-07,Fees,Phone,2,4
CMP_0007462,CUST_00945,2024-09-05,Service,Phone,6,2
CMP_0007463,CUST_09448,2023-09-13,KYC,Digital,9,4
CMP_0007464,CUST_05270,2024-03-14,Service,Branch,4,5
CMP_0007465,CUST_05367,2024-05-27,Fees,Phone,9,4
CMP_0007466,CUST_07419,2023-07-14,Service,Phone,9,4
CMP_0007467,CUST_02719,2024-04-11,KYC,Digital,4,4
CMP_0007468,CUST_06666,2026-05-11,Service,Digital,1,5
CMP_0007469,CUST_01658,2025-02-02,Fees,Branch,1,4
CMP_0007470,CUST_10000,2024-04-02,Service,Digital,6,4
CMP_0007471,CUST_04469,2026-08-03,Service,Branch,10,2
CMP_0007472,CUST_03371,2024-09-17,Service,Branch,23,4
CMP_0007473,CUST_01314,2022-06-25,Service,Phone,11,2
CMP_0007474,CUST_04436,2023-04-14,KYC,Digital,3,4
CMP_0007475,CUST_09547,2025-02-01,KYC,Digital,38,5
CMP_0007476,CUST_03321,2024-05-08,Service,Digital,2,5
CMP_0007477,CUST_07562,2022-12-19,Service,Phone,13,4
CMP_0007478,CUST_05860,2024-07-13,Fees,Digital,1,3
CMP_0007479,CUST_09207,2024-08-22,Fees,Branch,6,2
CMP_0007480,CUST_02110,2024-07-28,Service,Phone,8,2
CMP_0007481,CUST_09254,2024-11-17,Fraud,Phone,5,3
CMP_0007482,CUST_08980,2025-05-19,KYC,Phone,4,2
CMP_0007483,CUST_05427,2026-03-14,Fees,Digital,7,2
CMP_0007484,CUST_10128,2024-07-08,Service,Phone,11,3
CMP_0007485,CUST_00442,2022-08-22,KYC,Digital,3,5
CMP_0007486,CUST_06411,2022-04-07,Fees,Digital,3,3
CMP_0007487,CUST_05614,2023-02-19,KYC,Phone,2,4
CMP_0007488,CUST_09672,2026-01-06,Fees,Phone,10,4
CMP_0007489,CUST_04338,2025-12-09,Service,Branch,16,4
CMP_0007490,CUST_02217,2024-09-07,Service,Digital,4,3
CMP_0007491,CUST_03742,2023-10-31,Service,Digital,4,5
CMP_0007492,CUST_09417,2024-07-17,Fraud,Digital,5,2
CMP_0007493,CUST_04513,2023-08-06,Fees,Phone,9,2
CMP_0007494,CUST_03998,2025-05-31,Fees,Digital,9,5
CMP_0007495,CUST_09688,2025-09-30,Service,Phone,5,2
CMP_0007496,CUST_01135,2024-05-19,Fees,Branch,6,5
CMP_0007497,CUST_08657,2022-10-18,Fraud,Phone,1,5
CMP_0007498,CUST_03404,2023-10-20,KYC,Branch,6,5
CMP_0007499,CUST_05783,2023-10-28,Service,Digital,7,5
CMP_0007500,CUST_06861,2025-02-15,Service,Phone,11,4
CMP_0007501,CUST_05476,2025-05-18,KYC,Phone,5,3
CMP_0007502,CUST_04619,2025-02-04,Service,Branch,7,3
CMP_0007503,CUST_02145,2024-01-26,KYC,Digital,13,3
CMP_0007504,CUST_07045,2025-09-29,Service,Digital,11,4
CMP_0007505,CUST_06578,2024-03-06,Fees,Branch,8,4
CMP_0007506,CUST_03961,2022-02-18,Service,Branch,13,5
CMP_0007507,CUST_06593,2026-03-17,Service,Phone,11,5
CMP_0007508,CUST_01516,2026-07-04,Fees,Phone,7,5
CMP_0007509,CUST_06195,2023-12-11,Service,Phone,5,2
CMP_0007510,CUST_01703,2024-03-01,Service,Phone,11,5
CMP_0007511,CUST_03866,2023-12-09,Fees,Branch,4,5
CMP_0007512,CUST_00736,2025-11-14,Service,Digital,11,3
CMP_0007513,CUST_04111,2025-05-06,Service,Digital,14,4
CMP_0007514,CUST_01311,2026-01-28,Fees,Phone,4,4
CMP_0007515,CUST_03601,2022-10-19,KYC,Phone,1,3
CMP_0007516,CUST_04596,2025-02-11,Service,Phone,7,5
CMP_0007517,CUST_05883,2026-05-03,Fees,Phone,7,2
CMP_0007518,CUST_05460,2022-10-19,Service,Branch,7,2
CMP_0007519,CUST_07762,2022-09-12,KYC,Phone,7,3
CMP_0007520,CUST_02463,2024-10-06,Service,Digital,1,1
CMP_0007521,CUST_09111,2023-03-15,Service,Phone,5,4
CMP_0007522,CUST_06162,2022-09-08,Fees,Digital,1,4
CMP_0007523,CUST_00690,2024-07-12,Service,Digital,17,4
CMP_0007524,CUST_04497,2024-07-15,Service,Phone,8,4
CMP_0007525,CUST_02019,2025-10-15,Service,Digital,5,3
CMP_0007526,CUST_06628,2026-05-24,Fees,Phone,4,5
CMP_0007527,CUST_00901,2023-04-03,Service,Branch,3,4
CMP_0007528,CUST_04123,2025-05-29,Fees,Branch,4,5
CMP_0007529,CUST_06792,2022-12-06,Service,Digital,11,3
CMP_0007530,CUST_00727,2025-06-10,Fees,Digital,4,5
CMP_0007531,CUST_07164,2026-02-26,Fees,Phone,2,5
CMP_0007532,CUST_10064,2024-09-04,Fees,Branch,6,5
CMP_0007533,CUST_02317,2023-01-19,KYC,Digital,7,4
CMP_0007534,CUST_09310,2023-05-13,Service,Phone,10,4
CMP_0007535,CUST_05529,2022-08-21,Service,Phone,3,4
CMP_0007536,CUST_02477,2026-07-31,Fees,Phone,3,5
CMP_0007537,CUST_00997,2022-11-29,Service,Digital,3,2
CMP_0007538,CUST_07372,2023-12-27,Fees,Digital,7,3
CMP_0007539,CUST_04967,2024-09-23,KYC,Digital,1,1
CMP_0007540,CUST_01638,2026-07-18,KYC,Branch,3,4
CMP_0007541,CUST_02418,2025-12-22,Fees,Digital,3,5
CMP_0007542,CUST_07333,2025-01-12,KYC,Phone,2,5
CMP_0007543,CUST_04717,2023-03-13,KYC,Branch,6,4
CMP_0007544,CUST_03059,2024-01-18,Service,Digital,14,3
CMP_0007545,CUST_06044,2024-09-02,Fees,Digital,1,5
CMP_0007546,CUST_08564,2023-02-25,Fraud,Branch,6,5
CMP_0007547,CUST_08262,2025-10-11,Fees,Branch,1,4
CMP_0007548,CUST_03048,2024-02-03,Service,Digital,9,5
CMP_0007549,CUST_09643,2023-01-09,Service,Branch,3,4
CMP_0007550,CUST_09807,2025-06-01,Service,Branch,4,4
CMP_0007551,CUST_05741,2024-05-30,Service,Phone,17,4
CMP_0007552,CUST_03342,2023-04-16,Fees,Branch,7,3
CMP_0007553,CUST_00503,2026-05-28,Fraud,Digital,1,5
CMP_0007554,CUST_01339,2024-03-26,Service,Phone,4,4
CMP_0007555,CUST_01283,2022-05-02,KYC,Branch,16,4
CMP_0007556,CUST_06782,2024-02-23,KYC,Digital,6,4
CMP_0007557,CUST_05844,2022-02-04,Fraud,Digital,5,4
CMP_0007558,CUST_03882,2024-07-18,Fees,Digital,3,4
CMP_0007559,CUST_07861,2025-09-24,Fees,Phone,65,4
CMP_0007560,CUST_06958,2023-07-29,Service,Digital,7,3
CMP_0007561,CUST_02852,2024-09-12,Service,Branch,8,5
CMP_0007562,CUST_01025,2022-10-06,Service,Phone,10,2
CMP_0007563,CUST_05887,2026-04-30,Service,Digital,9,3
CMP_0007564,CUST_09109,2023-04-23,KYC,Digital,2,4
CMP_0007565,CUST_04562,2026-02-20,Fees,Digital,3,4
CMP_0007566,CUST_05344,2025-11-06,Service,Digital,1,4
CMP_0007567,CUST_10095,2026-08-12,Fees,Digital,1,5
CMP_0007568,CUST_01563,2024-07-15,Service,Phone,7,5
CMP_0007569,CUST_05426,2022-10-03,KYC,Digital,38,5
CMP_0007570,CUST_00403,2026-03-23,KYC,Phone,1,4
CMP_0007571,CUST_04887,2026-05-15,Service,Phone,4,4
CMP_0007572,CUST_02007,2025-12-07,KYC,Digital,2,5
CMP_0007573,CUST_01934,2025-11-01,Fees,Branch,1,2
CMP_0007574,CUST_06417,2024-07-19,KYC,Digital,5,4
CMP_0007575,CUST_10026,2025-12-11,KYC,Digital,4,5
CMP_0007576,CUST_00767,2022-12-16,Fees,Phone,1,5
CMP_0007577,CUST_06130,2024-04-08,KYC,Digital,3,5
CMP_0007578,CUST_03427,2025-06-10,Service,Phone,2,2
CMP_0007579,CUST_04744,2022-04-06,Service,Phone,1,4
CMP_0007580,CUST_10068,2024-03-28,Fees,Digital,5,5
CMP_0007581,CUST_08437,2025-03-22,Fees,Branch,4,3
CMP_0007582,CUST_01927,2023-06-01,Fees,Phone,7,5
CMP_0007583,CUST_06646,2026-08-06,Service,Digital,2,4
CMP_0007584,CUST_02673,2026-02-11,Service,Digital,28,2
CMP_0007585,CUST_02210,2022-04-11,Fees,Phone,14,2
CMP_0007586,CUST_01021,2023-01-27,Fees,Phone,3,2
CMP_0007587,CUST_04580,2024-04-02,Service,Phone,4,1
CMP_0007588,CUST_04131,2025-10-26,Fraud,Phone,3,4
CMP_0007589,CUST_02673,2025-03-13,Fees,Phone,17,1
CMP_0007590,CUST_02211,2024-04-21,Fees,Phone,8,4
CMP_0007591,CUST_03667,2025-07-01,Fraud,Branch,4,4
CMP_0007592,CUST_03818,2025-10-09,Fees,Phone,10,3
CMP_0007593,CUST_06802,2024-07-01,Service,Branch,4,4
CMP_0007594,CUST_07278,2024-07-01,Service,Branch,5,5
CMP_0007595,CUST_09949,2024-07-23,Service,Branch,16,2
CMP_0007596,CUST_09649,2022-01-09,Fees,Digital,7,3
CMP_0007597,CUST_09406,2024-10-15,Service,Phone,4,2
CMP_0007598,CUST_07411,2022-07-14,Fees,Phone,4,4
CMP_0007599,CUST_07720,2022-03-04,KYC,Digital,5,4
CMP_0007600,CUST_06564,2023-11-06,Fraud,Digital,3,5
CMP_0007601,CUST_01364,2023-11-23,Fees,Phone,2,2
CMP_0007602,CUST_09615,2025-12-31,KYC,Digital,10,2
CMP_0007603,CUST_08549,2024-06-01,Fees,Digital,4,5
CMP_0007604,CUST_09886,2024-01-17,Service,Digital,4,2
CMP_0007605,CUST_06997,2025-07-05,Service,Digital,4,4
CMP_0007606,CUST_09600,2026-06-28,Service,Digital,9,5
CMP_0007607,CUST_07265,2025-06-18,Fees,Branch,8,4
CMP_0007608,CUST_00829,2022-02-27,Service,Branch,1,4
CMP_0007609,CUST_05267,2025-12-04,Fees,Branch,5,5
CMP_0007610,CUST_02694,2023-03-16,Fraud,Phone,1,5
CMP_0007611,CUST_08413,2024-02-25,Service,Digital,2,5
CMP_0007612,CUST_06084,2025-08-15,Fees,Digital,4,4
CMP_0007613,CUST_02558,2024-03-31,Fees,Digital,3,4
CMP_0007614,CUST_03077,2023-06-11,KYC,Digital,7,5
CMP_0007615,CUST_01018,2023-11-07,Fees,Digital,5,5
CMP_0007616,CUST_07039,2024-05-02,KYC,Branch,1,5
CMP_0007617,CUST_09491,2022-08-20,Fees,Digital,2,4
CMP_0007618,CUST_02200,2026-07-23,KYC,Branch,9,5
CMP_0007619,CUST_00818,2023-12-30,Fees,Branch,3,5
CMP_0007620,CUST_03771,2024-10-11,Service,Branch,1,2
CMP_0007621,CUST_01177,2024-02-24,Service,Digital,4,2
CMP_0007622,CUST_02450,2023-10-21,Service,Digital,3,2
CMP_0007623,CUST_07879,2024-02-04,Fraud,Branch,2,3
CMP_0007624,CUST_03988,2023-05-20,Fees,Phone,11,4
CMP_0007625,CUST_09181,2025-05-13,Fraud,Digital,4,2
CMP_0007626,CUST_04292,2022-10-04,Service,Branch,10,2
CMP_0007627,CUST_04071,2026-03-01,Fees,Phone,39,5
CMP_0007628,CUST_02887,2026-08-03,Fees,Digital,3,3
CMP_0007629,CUST_06228,2022-07-11,Service,Branch,7,4
CMP_0007630,CUST_00437,2024-09-05,Fees,Branch,17,4
CMP_0007631,CUST_06472,2022-08-05,KYC,Phone,14,4
CMP_0007632,CUST_02443,2023-01-12,Fraud,Phone,10,5
CMP_0007633,CUST_00809,2025-06-28,Fraud,Phone,3,4
CMP_0007634,CUST_07226,2025-10-11,Service,Branch,4,4
CMP_0007635,CUST_03371,2026-07-30,Service,Digital,4,4
CMP_0007636,CUST_07843,2023-07-12,Fees,Phone,4,4
CMP_0007637,CUST_09760,2024-08-19,KYC,Phone,17,5
CMP_0007638,CUST_08074,2026-03-22,Fraud,Digital,3,2
CMP_0007639,CUST_03047,2023-11-12,Service,Branch,5,5
CMP_0007640,CUST_06124,2025-07-22,Service,Phone,7,4
CMP_0007641,CUST_00164,2023-11-18,KYC,Digital,4,4
CMP_0007642,CUST_06964,2023-06-07,Fraud,Digital,7,4
CMP_0007643,CUST_06684,2025-06-05,Service,Branch,4,4
CMP_0007644,CUST_00691,2025-11-01,Fraud,Branch,4,2
CMP_0007645,CUST_09871,2024-06-23,KYC,Digital,2,4
CMP_0007646,CUST_02152,2024-04-26,Service,Branch,6,5
CMP_0007647,CUST_08893,2022-02-26,Service,Digital,6,1
CMP_0007648,CUST_10189,2026-07-25,Service,Digital,33,4
CMP_0007649,CUST_05318,2023-11-08,KYC,Digital,4,3
CMP_0007650,CUST_02916,2022-08-10,Service,Digital,3,1
CMP_0007651,CUST_05858,2022-02-07,Service,Digital,11,4
CMP_0007652,CUST_06337,2023-01-09,Fees,Phone,11,4
CMP_0007653,CUST_08448,2025-11-05,Service,Digital,8,3
CMP_0007654,CUST_06130,2025-11-26,Fraud,Branch,3,4
CMP_0007655,CUST_06485,2022-04-19,Service,Phone,5,5
CMP_0007656,CUST_03955,2022-10-26,Service,Phone,5,5
CMP_0007657,CUST_03593,2022-06-19,Service,Digital,8,3
CMP_0007658,CUST_06712,2026-01-04,Service,Branch,1,4
CMP_0007659,CUST_03171,2026-08-04,Service,Digital,7,5
CMP_0007660,CUST_09505,2024-12-20,Fees,Phone,11,5
CMP_0007661,CUST_06897,2023-12-16,Service,Branch,6,4
CMP_0007662,CUST_07554,2022-09-29,Service,Phone,8,3
CMP_0007663,CUST_04153,2024-10-01,Service,Digital,3,4
CMP_0007664,CUST_03448,2026-03-17,Fraud,Phone,2,5
CMP_0007665,CUST_06161,2024-10-19,Fees,Branch,5,4
CMP_0007666,CUST_01264,2024-06-06,KYC,Phone,1,4
CMP_0007667,CUST_03864,2026-02-14,Service,Branch,1,4
CMP_0007668,CUST_05781,2022-06-02,Fees,Branch,5,2
CMP_0007669,CUST_02925,2026-03-22,Fees,Digital,12,5
CMP_0007670,CUST_04105,2023-04-13,Service,Branch,5,5
CMP_0007671,CUST_08668,2024-05-13,Fees,Phone,30,2
CMP_0007672,CUST_08299,2025-04-04,Fraud,Phone,2,1
CMP_0007673,CUST_05541,2022-01-01,KYC,Phone,1,3
CMP_0007674,CUST_09118,2023-04-28,Service,Phone,4,4
CMP_0007675,CUST_00808,2023-01-17,Fraud,Digital,3,4
CMP_0007676,CUST_02221,2023-11-03,Fees,Phone,6,5
CMP_0007677,CUST_02298,2022-01-07,Fees,Digital,3,4
CMP_0007678,CUST_02915,2023-05-19,Service,Digital,2,3
CMP_0007679,CUST_00625,2025-07-18,Fraud,Digital,13,3
CMP_0007680,CUST_08017,2023-10-01,KYC,Phone,17,3
CMP_0007681,CUST_01792,2023-09-29,Fees,Phone,22,1
CMP_0007682,CUST_06137,2026-01-26,Fees,Phone,6,4
CMP_0007683,CUST_07877,2025-09-09,Service,Branch,3,3
CMP_0007684,CUST_01274,2025-11-20,Service,Branch,4,4
CMP_0007685,CUST_02665,2024-11-17,Fees,Branch,56,1
CMP_0007686,CUST_00336,2026-01-23,Fraud,Digital,4,5
CMP_0007687,CUST_01856,2025-09-16,Service,Branch,6,5
CMP_0007688,CUST_00917,2025-06-19,Service,Digital,5,3
CMP_0007689,CUST_04851,2026-06-01,Service,Digital,1,2
CMP_0007690,CUST_05213,2023-05-20,Service,Branch,6,4
CMP_0007691,CUST_05224,2025-07-15,KYC,Branch,3,5
CMP_0007692,CUST_04980,2023-04-26,Fees,Phone,12,3
CMP_0007693,CUST_07450,2024-09-13,Fees,Digital,6,3
CMP_0007694,CUST_05118,2023-05-23,Fees,Branch,10,5
CMP_0007695,CUST_00273,2023-09-28,Service,Branch,2,5
CMP_0007696,CUST_00301,2024-05-23,KYC,Phone,2,3
CMP_0007697,CUST_07824,2025-02-15,KYC,Branch,2,5
CMP_0007698,CUST_00155,2024-12-12,Fees,Branch,15,5
CMP_0007699,CUST_03030,2024-06-26,Service,Phone,7,4
CMP_0007700,CUST_03709,2025-11-01,Fraud,Digital,13,1
CMP_0007701,CUST_00586,2026-04-16,Fees,Phone,2,5
CMP_0007702,CUST_06036,2022-07-12,Service,Branch,9,4
CMP_0007703,CUST_05818,2026-02-15,Fees,Digital,12,4
CMP_0007704,CUST_05459,2023-01-14,KYC,Phone,4,2
CMP_0007705,CUST_07561,2022-01-10,KYC,Digital,15,1
CMP_0007706,CUST_05943,2024-02-08,Fees,Digital,8,3
CMP_0007707,CUST_05887,2026-03-24,Service,Digital,1,5
CMP_0007708,CUST_06135,2022-12-24,Service,Phone,2,5
CMP_0007709,CUST_04631,2024-05-31,Fees,Phone,7,4
CMP_0007710,CUST_01384,2025-08-19,Fees,Digital,10,3
CMP_0007711,CUST_03739,2025-10-24,Fees,Digital,6,5
CMP_0007712,CUST_02054,2023-08-15,Fees,Digital,26,3
CMP_0007713,CUST_00658,2026-01-17,Service,Phone,4,4
CMP_0007714,CUST_04382,2023-07-16,Service,Branch,9,4
CMP_0007715,CUST_02468,2024-10-08,Service,Branch,8,4
CMP_0007716,CUST_00483,2023-11-03,KYC,Phone,4,4
CMP_0007717,CUST_00319,2024-11-19,Fees,Branch,67,4
CMP_0007718,CUST_03413,2024-12-23,Service,Phone,3,3
CMP_0007719,CUST_00192,2022-04-05,Fees,Digital,1,4
CMP_0007720,CUST_03103,2026-04-13,Fees,Phone,3,5
CMP_0007721,CUST_05634,2024-10-17,Fees,Phone,54,2
CMP_0007722,CUST_09250,2024-03-12,Service,Phone,2,5
CMP_0007723,CUST_06423,2023-05-12,Fees,Digital,8,4
CMP_0007724,CUST_08672,2022-10-03,Fees,Phone,6,4
CMP_0007725,CUST_07232,2023-08-22,Fees,Digital,7,4
CMP_0007726,CUST_06758,2024-03-05,Service,Phone,8,4
CMP_0007727,CUST_06096,2024-11-02,Fees,Phone,5,3
CMP_0007728,CUST_07863,2022-09-16,KYC,Digital,4,5
CMP_0007729,CUST_07603,2023-10-12,Service,Digital,2,3
CMP_0007730,CUST_04684,2023-11-26,Fees,Phone,3,4
CMP_0007731,CUST_08963,2024-02-03,KYC,Phone,1,4
CMP_0007732,CUST_06014,2022-09-27,Service,Digital,5,1
CMP_0007733,CUST_08249,2023-08-30,Service,Phone,6,2
CMP_0007734,CUST_04235,2022-12-05,Fees,Digital,7,4
CMP_0007735,CUST_00786,2024-07-24,Service,Branch,2,5
CMP_0007736,CUST_07530,2023-05-21,Service,Branch,7,1
CMP_0007737,CUST_08911,2023-01-04,Fees,Phone,5,5
CMP_0007738,CUST_10020,2026-03-11,Service,Phone,12,4
CMP_0007739,CUST_01485,2024-05-16,Service,Phone,7,5
CMP_0007740,CUST_08016,2024-06-24,Service,Branch,10,2
CMP_0007741,CUST_04565,2023-01-27,Service,Branch,1,5
CMP_0007742,CUST_06212,2023-06-30,Service,Digital,2,3
CMP_0007743,CUST_07380,2023-07-04,Fees,Branch,5,4
CMP_0007744,CUST_06244,2026-04-08,Fees,Branch,4,1
CMP_0007745,CUST_06051,2023-10-18,Fraud,Phone,8,5
CMP_0007746,CUST_01723,2023-09-30,Fees,Digital,13,4
CMP_0007747,CUST_04103,2026-03-10,Fees,Digital,3,4
CMP_0007748,CUST_02492,2024-10-19,Service,Phone,7,4
CMP_0007749,CUST_02061,2026-06-30,Service,Phone,6,2
CMP_0007750,CUST_00779,2024-05-22,Service,Digital,1,5
CMP_0007751,CUST_08913,2025-08-03,Service,Digital,8,4
CMP_0007752,CUST_01948,2026-06-25,KYC,Branch,11,4
CMP_0007753,CUST_08735,2025-11-03,Fees,Digital,23,5
CMP_0007754,CUST_08131,2022-09-01,KYC,Phone,3,5
CMP_0007755,CUST_02033,2026-06-11,Fees,Branch,7,1
CMP_0007756,CUST_05181,2022-02-23,Service,Branch,20,3
CMP_0007757,CUST_06708,2022-09-18,Service,Digital,9,5
CMP_0007758,CUST_06172,2025-04-16,Service,Digital,9,3
CMP_0007759,CUST_01896,2024-12-02,Fraud,Branch,5,4
CMP_0007760,CUST_03206,2022-09-12,Fees,Digital,5,4
CMP_0007761,CUST_01655,2024-02-18,KYC,Digital,3,4
CMP_0007762,CUST_01866,2022-01-05,Fees,Phone,2,4
CMP_0007763,CUST_02405,2022-03-28,Service,Phone,5,3
CMP_0007764,CUST_00019,2025-01-27,Service,Branch,8,5
CMP_0007765,CUST_03725,2026-07-20,Service,Branch,1,3
CMP_0007766,CUST_08407,2022-02-01,KYC,Digital,3,4
CMP_0007767,CUST_02837,2025-11-07,Fees,Digital,6,5
CMP_0007768,CUST_07090,2026-02-24,KYC,Phone,8,5
CMP_0007769,CUST_03373,2025-02-03,Service,Digital,1,4
CMP_0007770,CUST_00209,2026-07-27,Fees,Branch,8,5
CMP_0007771,CUST_08095,2022-02-26,Fees,Phone,4,4
CMP_0007772,CUST_07300,2024-12-05,Fees,Branch,22,4
CMP_0007773,CUST_08123,2023-08-12,Fees,Branch,2,3
CMP_0007774,CUST_02788,2022-03-06,Fees,Digital,3,2
CMP_0007775,CUST_08218,2023-01-25,KYC,Digital,6,2
CMP_0007776,CUST_02840,2023-05-11,Fees,Branch,6,4
CMP_0007777,CUST_07943,2025-08-07,KYC,Branch,1,1
CMP_0007778,CUST_08119,2025-05-06,Service,Digital,1,1
CMP_0007779,CUST_01654,2025-11-25,Service,Branch,5,4
CMP_0007780,CUST_06715,2023-06-30,Fees,Digital,6,1
CMP_0007781,CUST_05392,2025-09-23,KYC,Digital,4,4
CMP_0007782,CUST_09505,2023-08-12,Fees,Phone,30,5
CMP_0007783,CUST_08816,2025-10-01,Service,Phone,16,2
CMP_0007784,CUST_03831,2026-03-28,KYC,Digital,2,5
CMP_0007785,CUST_05892,2022-11-30,Fees,Digital,5,4
CMP_0007786,CUST_00055,2022-12-21,Fees,Digital,4,4
CMP_0007787,CUST_10167,2023-05-10,Service,Digital,10,5
CMP_0007788,CUST_03701,2022-03-24,Service,Branch,4,4
CMP_0007789,CUST_06026,2023-03-25,Service,Phone,7,3
CMP_0007790,CUST_07094,2023-02-21,Service,Branch,18,4
CMP_0007791,CUST_08263,2024-01-26,Fees,Phone,8,5
CMP_0007792,CUST_02103,2024-10-08,Fees,Digital,1,5
CMP_0007793,CUST_06615,2022-04-19,Service,Digital,9,3
CMP_0007794,CUST_06742,2023-07-29,Fraud,Phone,6,5
CMP_0007795,CUST_08253,2022-04-20,KYC,Phone,15,5
CMP_0007796,CUST_03553,2025-12-06,Fees,Phone,72,5
CMP_0007797,CUST_07650,2023-12-13,Fees,Digital,6,5
CMP_0007798,CUST_07007,2022-01-23,Fees,Phone,4,4
CMP_0007799,CUST_08508,2025-05-12,KYC,Phone,5,4
CMP_0007800,CUST_06048,2025-08-03,Service,Branch,5,5
CMP_0007801,CUST_04631,2022-03-28,Service,Branch,3,2
CMP_0007802,CUST_07641,2022-09-25,Service,Branch,1,4
CMP_0007803,CUST_09369,2025-10-29,Service,Digital,5,5
CMP_0007804,CUST_07233,2022-06-24,Fees,Digital,16,2
CMP_0007805,CUST_08133,2022-12-30,KYC,Branch,3,5
CMP_0007806,CUST_03060,2024-06-08,Fees,Branch,1,4
CMP_0007807,CUST_03256,2025-10-19,Fraud,Phone,63,5
CMP_0007808,CUST_04051,2022-08-25,Service,Digital,5,1
CMP_0007809,CUST_04830,2025-08-21,Fees,Branch,9,4
CMP_0007810,CUST_01706,2024-10-13,Fraud,Digital,13,4
CMP_0007811,CUST_01893,2025-10-10,Fraud,Phone,2,4
CMP_0007812,CUST_07673,2026-01-02,Service,Phone,4,3
CMP_0007813,CUST_03906,2023-07-27,Service,Digital,15,4
CMP_0007814,CUST_04831,2022-03-31,Fees,Branch,20,4
CMP_0007815,CUST_02165,2023-08-29,Fees,Digital,3,4
CMP_0007816,CUST_05802,2026-03-10,Fees,Digital,4,5
CMP_0007817,CUST_01811,2026-04-14,KYC,Phone,13,4
CMP_0007818,CUST_00822,2022-05-04,Service,Digital,12,5
CMP_0007819,CUST_07932,2026-01-06,Fees,Phone,48,4
CMP_0007820,CUST_03876,2022-07-27,Service,Digital,7,5
CMP_0007821,CUST_00580,2022-03-13,Service,Digital,14,2
CMP_0007822,CUST_04371,2023-09-30,Service,Digital,9,5
CMP_0007823,CUST_06510,2023-09-24,Service,Digital,1,3
CMP_0007824,CUST_00817,2024-06-11,Service,Digital,2,4
CMP_0007825,CUST_01347,2023-12-06,Service,Digital,1,2
CMP_0007826,CUST_05116,2025-10-28,KYC,Phone,1,4
CMP_0007827,CUST_03056,2026-04-18,Service,Phone,1,2
CMP_0007828,CUST_06389,2022-04-22,Fees,Branch,42,3
CMP_0007829,CUST_08549,2025-07-22,Fees,Digital,7,4
CMP_0007830,CUST_07617,2024-10-18,Service,Phone,4,2
CMP_0007831,CUST_03434,2026-03-14,Fees,Digital,6,5
CMP_0007832,CUST_07077,2025-07-08,Fraud,Branch,8,1
CMP_0007833,CUST_01828,2023-10-31,Fees,Phone,12,5
CMP_0007834,CUST_02010,2025-07-21,Service,Digital,10,1
CMP_0007835,CUST_09564,2026-01-03,KYC,Phone,2,5
CMP_0007836,CUST_05667,2023-11-25,Fees,Digital,4,2
CMP_0007837,CUST_01375,2023-12-19,Service,Digital,6,4
CMP_0007838,CUST_02174,2025-04-08,Fees,Digital,3,2
CMP_0007839,CUST_03737,2024-08-23,Service,Phone,3,2
CMP_0007840,CUST_02457,2022-09-18,Service,Branch,9,5
CMP_0007841,CUST_07816,2026-01-08,Service,Branch,4,4
CMP_0007842,CUST_04467,2022-04-29,Fees,Branch,10,5
CMP_0007843,CUST_01397,2025-03-19,Fraud,Branch,4,5
CMP_0007844,CUST_01847,2022-04-01,Fees,Digital,5,2
CMP_0007845,CUST_01691,2026-02-12,KYC,Digital,8,5
CMP_0007846,CUST_05878,2023-03-08,KYC,Phone,6,5
CMP_0007847,CUST_05455,2024-10-30,Service,Branch,4,5
CMP_0007848,CUST_06890,2025-03-03,Service,Branch,3,4
CMP_0007849,CUST_08221,2022-07-12,Service,Digital,3,4
CMP_0007850,CUST_06560,2025-11-27,Fees,Phone,26,1
CMP_0007851,CUST_09784,2022-06-10,Fees,Digital,4,3
CMP_0007852,CUST_05313,2023-09-15,Fees,Phone,9,3
CMP_0007853,CUST_08429,2025-03-31,KYC,Phone,9,5
CMP_0007854,CUST_00716,2026-03-29,KYC,Branch,5,1
CMP_0007855,CUST_03547,2026-01-24,Service,Branch,4,3
CMP_0007856,CUST_03522,2025-05-26,Fees,Phone,5,4
CMP_0007857,CUST_08962,2026-06-19,Service,Branch,5,4
CMP_0007858,CUST_08755,2022-04-22,KYC,Digital,2,5
CMP_0007859,CUST_09393,2022-08-03,Service,Branch,19,5
CMP_0007860,CUST_00524,2023-12-16,Fees,Digital,1,4
CMP_0007861,CUST_07274,2022-11-03,Service,Branch,13,4
CMP_0007862,CUST_08093,2024-09-04,Service,Branch,6,1
CMP_0007863,CUST_00233,2025-08-26,KYC,Digital,10,5
CMP_0007864,CUST_08400,2025-03-15,KYC,Branch,2,4
CMP_0007865,CUST_04674,2025-03-14,Fees,Digital,2,5
CMP_0007866,CUST_09093,2023-12-11,Fees,Phone,12,4
CMP_0007867,CUST_04978,2022-07-31,Fees,Phone,2,2
CMP_0007868,CUST_07490,2025-11-12,Fees,Phone,6,5
CMP_0007869,CUST_00645,2023-03-21,Service,Digital,2,4
CMP_0007870,CUST_03135,2022-03-10,KYC,Branch,10,5
CMP_0007871,CUST_06751,2024-03-03,Fees,Phone,4,5
CMP_0007872,CUST_06578,2026-05-28,Service,Phone,58,4
CMP_0007873,CUST_00665,2024-01-26,KYC,Digital,4,4
CMP_0007874,CUST_00344,2024-09-01,Service,Digital,6,3
CMP_0007875,CUST_07541,2026-01-03,Fraud,Digital,9,2
CMP_0007876,CUST_09115,2025-09-14,Service,Branch,1,2
CMP_0007877,CUST_00626,2025-12-10,KYC,Digital,14,2
CMP_0007878,CUST_09341,2022-08-03,Service,Digital,4,2
CMP_0007879,CUST_08278,2024-03-17,KYC,Phone,6,4
CMP_0007880,CUST_03857,2023-09-30,Fees,Phone,7,3
CMP_0007881,CUST_04333,2023-06-17,Fees,Phone,17,5
CMP_0007882,CUST_08879,2024-01-07,Service,Branch,5,3
CMP_0007883,CUST_07383,2024-07-26,Fees,Branch,7,5
CMP_0007884,CUST_05995,2022-05-06,Service,Digital,5,1
CMP_0007885,CUST_05246,2026-01-25,Fraud,Phone,1,3
CMP_0007886,CUST_00173,2026-05-07,Service,Branch,1,5
CMP_0007887,CUST_07565,2022-07-10,Fraud,Branch,2,3
CMP_0007888,CUST_03980,2024-04-21,Service,Branch,1,4
CMP_0007889,CUST_06276,2026-03-25,Service,Phone,2,3
CMP_0007890,CUST_10111,2026-07-01,Fees,Branch,1,3
CMP_0007891,CUST_03957,2025-08-08,Service,Digital,11,4
CMP_0007892,CUST_06972,2022-08-09,KYC,Branch,6,5
CMP_0007893,CUST_03226,2022-09-18,Fees,Digital,32,5
CMP_0007894,CUST_03224,2024-05-10,Fees,Phone,7,4
CMP_0007895,CUST_09084,2022-06-01,Fees,Phone,9,5
CMP_0007896,CUST_10109,2023-01-17,Service,Phone,73,5
CMP_0007897,CUST_01847,2025-02-18,Service,Branch,5,4
CMP_0007898,CUST_00709,2022-11-22,Fraud,Phone,5,5
CMP_0007899,CUST_04553,2026-05-04,KYC,Phone,5,4
CMP_0007900,CUST_09948,2026-04-28,Fees,Phone,3,5
CMP_0007901,CUST_04157,2024-03-28,Fees,Digital,8,5
CMP_0007902,CUST_04856,2024-03-02,Fees,Branch,10,3
CMP_0007903,CUST_07724,2024-04-19,Fees,Digital,7,5
CMP_0007904,CUST_01354,2024-03-28,Service,Phone,3,5
CMP_0007905,CUST_07411,2025-09-22,Service,Branch,3,3
CMP_0007906,CUST_01405,2022-12-31,Service,Branch,5,5
CMP_0007907,CUST_01449,2026-03-08,Service,Phone,9,4
CMP_0007908,CUST_01872,2024-10-29,KYC,Digital,5,5
CMP_0007909,CUST_01793,2022-10-21,Fees,Branch,6,5
CMP_0007910,CUST_02987,2025-12-20,Fraud,Branch,2,3
CMP_0007911,CUST_06407,2023-10-28,Service,Branch,1,1
CMP_0007912,CUST_08132,2023-11-16,Fees,Branch,8,3
CMP_0007913,CUST_09064,2022-01-27,KYC,Phone,4,3
CMP_0007914,CUST_02163,2022-06-16,KYC,Phone,5,5
CMP_0007915,CUST_00172,2024-12-16,Service,Digital,1,4
CMP_0007916,CUST_10014,2025-01-17,Fraud,Branch,1,4
CMP_0007917,CUST_04275,2024-04-01,KYC,Digital,7,5
CMP_0007918,CUST_08890,2025-02-22,Service,Phone,10,4
CMP_0007919,CUST_04512,2022-07-15,Service,Digital,2,2
CMP_0007920,CUST_01920,2024-09-21,Fees,Digital,4,5
CMP_0007921,CUST_03381,2026-07-18,KYC,Phone,3,4
CMP_0007922,CUST_01927,2022-03-22,Service,Branch,7,5
CMP_0007923,CUST_09909,2025-12-29,KYC,Phone,10,1
CMP_0007924,CUST_03881,2025-07-13,Fees,Digital,75,4
CMP_0007925,CUST_05652,2024-03-16,Fraud,Digital,12,1
CMP_0007926,CUST_08481,2025-06-12,Service,Phone,8,4
CMP_0007927,CUST_04452,2024-07-26,Fees,Branch,12,3
CMP_0007928,CUST_04424,2025-08-06,Fees,Phone,8,5
CMP_0007929,CUST_08051,2024-12-11,KYC,Digital,7,3
CMP_0007930,CUST_03265,2022-11-13,Fees,Digital,6,5
CMP_0007931,CUST_04426,2025-10-29,KYC,Branch,5,4
CMP_0007932,CUST_06807,2022-11-11,KYC,Digital,2,3
CMP_0007933,CUST_06166,2024-04-03,Service,Branch,3,3
CMP_0007934,CUST_00499,2022-06-08,Fraud,Branch,4,3
CMP_0007935,CUST_02200,2022-02-14,Fees,Digital,10,5
CMP_0007936,CUST_00115,2026-01-06,Fees,Digital,4,3
CMP_0007937,CUST_09334,2023-09-03,Service,Branch,2,1
CMP_0007938,CUST_09076,2023-04-03,Fees,Phone,16,3
CMP_0007939,CUST_08432,2024-04-07,Service,Digital,12,5
CMP_0007940,CUST_01021,2025-11-07,Service,Phone,6,4
CMP_0007941,CUST_06147,2023-10-22,KYC,Digital,13,4
CMP_0007942,CUST_06952,2023-03-24,Service,Digital,5,5
CMP_0007943,CUST_08339,2025-11-02,Service,Phone,9,5
CMP_0007944,CUST_09695,2024-02-16,Service,Phone,5,4
CMP_0007945,CUST_04434,2025-05-17,Service,Digital,5,3
CMP_0007946,CUST_05100,2025-04-11,Service,Phone,1,4
CMP_0007947,CUST_08670,2025-09-27,Service,Phone,7,4
CMP_0007948,CUST_06265,2022-07-15,Service,Digital,3,5
CMP_0007949,CUST_06553,2024-10-28,KYC,Digital,3,3
CMP_0007950,CUST_02336,2023-03-12,Fees,Digital,14,2
CMP_0007951,CUST_00918,2025-10-05,Service,Branch,16,3
CMP_0007952,CUST_04353,2022-09-10,Fees,Phone,8,1
CMP_0007953,CUST_06457,2025-12-19,Service,Digital,7,1
CMP_0007954,CUST_03215,2025-11-06,Fees,Phone,2,5
CMP_0007955,CUST_03037,2023-06-19,Service,Phone,6,5
CMP_0007956,CUST_05468,2022-09-22,KYC,Digital,13,4
CMP_0007957,CUST_08237,2022-12-02,Service,Phone,8,5
CMP_0007958,CUST_05594,2023-08-10,KYC,Digital,3,4
CMP_0007959,CUST_02493,2026-07-27,Fees,Phone,24,4
CMP_0007960,CUST_05935,2025-09-09,KYC,Digital,1,4
CMP_0007961,CUST_09768,2022-10-26,KYC,Digital,7,2
CMP_0007962,CUST_00331,2025-12-28,Service,Phone,4,2
CMP_0007963,CUST_09226,2025-05-10,Service,Phone,16,3
CMP_0007964,CUST_07102,2023-05-27,Service,Digital,6,2
CMP_0007965,CUST_01258,2023-03-01,Fees,Phone,18,5
CMP_0007966,CUST_07701,2022-12-17,Fees,Branch,8,5
CMP_0007967,CUST_07267,2026-01-29,Service,Branch,1,4
CMP_0007968,CUST_10167,2023-11-16,Fees,Digital,1,4
CMP_0007969,CUST_03904,2022-08-16,Service,Digital,7,4
CMP_0007970,CUST_00858,2025-03-10,Service,Phone,19,4
CMP_0007971,CUST_07859,2022-06-12,Fees,Phone,9,4
CMP_0007972,CUST_00098,2026-06-16,Fees,Phone,1,3
CMP_0007973,CUST_09271,2025-07-07,Service,Digital,9,1
CMP_0007974,CUST_03963,2025-05-28,KYC,Digital,10,4
CMP_0007975,CUST_06740,2026-07-15,Fraud,Digital,17,5
CMP_0007976,CUST_09294,2022-12-04,KYC,Phone,8,5
CMP_0007977,CUST_02338,2023-06-22,Service,Branch,1,4
CMP_0007978,CUST_07866,2024-12-01,Fraud,Digital,9,4
CMP_0007979,CUST_00474,2023-04-26,Fees,Branch,1,5
CMP_0007980,CUST_08022,2022-06-10,KYC,Digital,9,5
CMP_0007981,CUST_03258,2026-03-26,KYC,Branch,4,4
CMP_0007982,CUST_01448,2022-11-10,Service,Branch,3,5
CMP_0007983,CUST_01942,2022-07-08,Fees,Branch,3,5
CMP_0007984,CUST_06738,2026-06-12,Service,Phone,17,4
CMP_0007985,CUST_04153,2026-04-29,Service,Digital,2,4
CMP_0007986,CUST_05586,2025-10-02,Service,Digital,13,4
CMP_0007987,CUST_03094,2022-04-14,KYC,Phone,12,5
CMP_0007988,CUST_03706,2025-11-14,Service,Digital,12,5
CMP_0007989,CUST_04324,2024-08-20,Fees,Phone,4,2
CMP_0007990,CUST_06961,2025-06-07,Fees,Phone,13,5
CMP_0007991,CUST_02415,2023-10-09,KYC,Digital,3,3
CMP_0007992,CUST_05042,2026-01-25,Fraud,Branch,3,4
CMP_0007993,CUST_02794,2023-03-04,Service,Digital,1,4
CMP_0007994,CUST_06599,2024-08-10,Service,Branch,2,5
CMP_0007995,CUST_00494,2025-08-19,Fraud,Digital,6,1
CMP_0007996,CUST_09255,2022-04-11,Fraud,Phone,2,2
CMP_0007997,CUST_06816,2022-09-09,Fees,Branch,8,5
CMP_0007998,CUST_07095,2022-06-08,Fees,Phone,5,3
CMP_0007999,CUST_08952,2024-05-10,KYC,Phone,3,4
CMP_0008000,CUST_02099,2025-09-20,Service,Branch,7,1
CMP_0008001,CUST_00873,2025-04-06,KYC,Digital,4,4
CMP_0008002,CUST_04337,2026-02-19,Service,Branch,3,1
CMP_0008003,CUST_08383,2024-09-06,KYC,Branch,1,5
CMP_0008004,CUST_04936,2022-02-17,Service,Branch,1,5
CMP_0008005,CUST_09920,2024-08-06,Fees,Digital,5,5
CMP_0008006,CUST_01226,2024-11-17,KYC,Phone,12,3
CMP_0008007,CUST_09095,2024-01-21,Fees,Branch,7,3
CMP_0008008,CUST_05523,2026-03-18,KYC,Branch,11,4
CMP_0008009,CUST_08595,2022-03-13,Fees,Branch,1,4
CMP_0008010,CUST_05843,2023-06-23,KYC,Digital,8,3
CMP_0008011,CUST_05152,2026-02-12,Fees,Branch,10,5
CMP_0008012,CUST_08785,2022-11-15,Service,Branch,4,1
CMP_0008013,CUST_02384,2024-11-13,KYC,Phone,2,4
CMP_0008014,CUST_05020,2025-04-21,Service,Digital,8,2
CMP_0008015,CUST_04132,2024-03-19,Service,Digital,5,4
CMP_0008016,CUST_00056,2022-08-08,Service,Phone,4,1
CMP_0008017,CUST_02929,2024-05-25,KYC,Branch,3,2
CMP_0008018,CUST_01641,2022-01-05,Fees,Phone,8,1
CMP_0008019,CUST_05569,2023-02-09,Fees,Phone,3,3
CMP_0008020,CUST_07258,2025-03-01,Fraud,Phone,2,4
CMP_0008021,CUST_08484,2023-07-16,Service,Branch,1,1
CMP_0008022,CUST_01495,2022-05-16,Service,Branch,14,5
CMP_0008023,CUST_03547,2026-03-06,Fees,Branch,31,4
CMP_0008024,CUST_02479,2024-05-19,KYC,Digital,4,5
CMP_0008025,CUST_02299,2026-08-10,Fees,Branch,3,4
CMP_0008026,CUST_06433,2026-06-27,Fees,Phone,4,4
CMP_0008027,CUST_04346,2023-03-11,Service,Digital,7,4
CMP_0008028,CUST_00098,2022-08-10,KYC,Digital,3,4
CMP_0008029,CUST_06015,2026-03-26,Service,Branch,3,3
CMP_0008030,CUST_02616,2025-07-30,Fraud,Branch,10,3
CMP_0008031,CUST_01455,2023-02-05,Fees,Digital,1,1
CMP_0008032,CUST_06749,2026-04-14,KYC,Digital,5,3
CMP_0008033,CUST_02339,2024-12-16,Fees,Phone,4,5
CMP_0008034,CUST_01665,2024-02-09,Service,Phone,5,5
CMP_0008035,CUST_00540,2026-08-07,KYC,Digital,2,4
CMP_0008036,CUST_07359,2025-07-05,Fees,Phone,5,4
CMP_0008037,CUST_08314,2023-04-01,Service,Branch,4,2
CMP_0008038,CUST_08865,2022-09-11,KYC,Branch,7,5
CMP_0008039,CUST_03778,2026-03-16,Fees,Phone,22,4
CMP_0008040,CUST_06946,2025-10-11,Service,Branch,8,2
CMP_0008041,CUST_04096,2024-09-12,Fraud,Phone,8,5
CMP_0008042,CUST_06601,2023-04-16,Service,Phone,4,5
CMP_0008043,CUST_03660,2022-07-14,KYC,Branch,5,4
CMP_0008044,CUST_07353,2024-01-11,Fees,Phone,54,2
CMP_0008045,CUST_08939,2025-01-24,Fees,Phone,5,5
CMP_0008046,CUST_03612,2024-03-06,Fraud,Branch,7,5
CMP_0008047,CUST_01584,2024-04-30,Fees,Phone,6,4
CMP_0008048,CUST_02763,2022-01-09,Service,Phone,14,2
CMP_0008049,CUST_06092,2025-01-17,Service,Digital,5,4
CMP_0008050,CUST_03162,2024-09-16,Fees,Branch,5,4
CMP_0008051,CUST_06671,2024-06-20,Service,Branch,3,1
CMP_0008052,CUST_01935,2023-02-02,Service,Branch,4,5
CMP_0008053,CUST_05163,2026-06-07,Fees,Branch,10,4
CMP_0008054,CUST_10121,2024-01-12,Fees,Phone,66,4
CMP_0008055,CUST_07422,2024-02-06,Fees,Phone,4,1
CMP_0008056,CUST_01616,2023-08-20,Fees,Branch,5,4
CMP_0008057,CUST_01954,2022-11-27,Service,Branch,12,2
CMP_0008058,CUST_02101,2023-12-05,Service,Digital,16,2
CMP_0008059,CUST_04501,2022-10-29,Service,Phone,4,3
CMP_0008060,CUST_06047,2022-08-17,Fraud,Branch,18,4
CMP_0008061,CUST_04228,2025-01-20,Fees,Digital,10,3
CMP_0008062,CUST_08096,2026-06-23,Fees,Phone,2,1
CMP_0008063,CUST_00386,2022-06-10,Service,Digital,8,4
CMP_0008064,CUST_03220,2022-05-17,Fees,Branch,1,1
CMP_0008065,CUST_00615,2024-07-28,Service,Branch,5,3
CMP_0008066,CUST_01896,2024-06-03,Fees,Phone,5,4
CMP_0008067,CUST_02570,2025-02-10,Fees,Phone,1,4
CMP_0008068,CUST_05200,2025-08-23,Fees,Digital,7,4
CMP_0008069,CUST_06872,2022-01-23,Fees,Digital,19,4
CMP_0008070,CUST_00678,2023-08-12,Service,Phone,3,4
CMP_0008071,CUST_08405,2023-02-19,Fees,Digital,4,4
CMP_0008072,CUST_06155,2024-10-30,Fees,Branch,20,4
CMP_0008073,CUST_06541,2026-03-31,Service,Phone,18,4
CMP_0008074,CUST_09751,2026-04-11,Service,Digital,8,4
CMP_0008075,CUST_07766,2023-07-20,Fees,Phone,7,4
CMP_0008076,CUST_03249,2023-01-16,Service,Branch,5,2
CMP_0008077,CUST_10160,2026-01-13,Fees,Branch,5,2
CMP_0008078,CUST_10050,2023-11-11,Service,Phone,6,5
CMP_0008079,CUST_04017,2026-04-23,Fees,Digital,12,5
CMP_0008080,CUST_05525,2022-01-16,Fees,Branch,12,5
CMP_0008081,CUST_01858,2023-12-15,Service,Phone,2,3
CMP_0008082,CUST_06481,2022-10-25,Service,Digital,10,5
CMP_0008083,CUST_07612,2024-09-22,KYC,Branch,12,4
CMP_0008084,CUST_04709,2025-12-18,Service,Phone,6,1
CMP_0008085,CUST_00966,2022-12-27,Service,Branch,6,5
CMP_0008086,CUST_07442,2023-11-10,Fees,Phone,10,4
CMP_0008087,CUST_06483,2024-09-11,Service,Digital,7,5
CMP_0008088,CUST_07577,2024-03-26,Service,Branch,8,1
CMP_0008089,CUST_00301,2026-01-24,Fees,Branch,38,1
CMP_0008090,CUST_07838,2025-04-15,Fees,Branch,3,5
CMP_0008091,CUST_05776,2026-05-23,Fees,Phone,6,4
CMP_0008092,CUST_04914,2026-08-08,KYC,Branch,5,4
CMP_0008093,CUST_05797,2025-09-15,Fees,Digital,12,5
CMP_0008094,CUST_07704,2022-12-12,Service,Digital,5,3
CMP_0008095,CUST_04387,2023-06-30,Service,Branch,3,5
CMP_0008096,CUST_02774,2026-01-17,KYC,Digital,11,4
CMP_0008097,CUST_02175,2022-06-23,KYC,Phone,4,5
CMP_0008098,CUST_02346,2026-04-15,KYC,Branch,7,5
CMP_0008099,CUST_02762,2023-09-10,Fees,Phone,7,5
CMP_0008100,CUST_04490,2022-12-01,Service,Branch,4,2
CMP_0008101,CUST_06485,2025-07-15,Service,Digital,6,3
CMP_0008102,CUST_00370,2024-01-07,Service,Branch,8,4
CMP_0008103,CUST_08839,2024-10-24,Service,Digital,12,5
CMP_0008104,CUST_03676,2022-11-04,Fees,Branch,1,5
CMP_0008105,CUST_02812,2022-06-28,Service,Branch,14,4
CMP_0008106,CUST_00131,2025-06-24,Service,Phone,6,3
CMP_0008107,CUST_00387,2023-02-23,Service,Phone,8,5
CMP_0008108,CUST_00115,2022-10-21,Fees,Phone,8,4
CMP_0008109,CUST_02349,2023-05-20,Fraud,Branch,8,3
CMP_0008110,CUST_08472,2022-12-21,KYC,Digital,4,2
CMP_0008111,CUST_05156,2024-05-29,Service,Digital,6,5
CMP_0008112,CUST_03072,2022-12-26,Service,Phone,6,5
CMP_0008113,CUST_04200,2023-08-31,Fraud,Digital,14,3
CMP_0008114,CUST_01674,2022-07-08,Service,Phone,34,4
CMP_0008115,CUST_06844,2022-10-29,Service,Phone,9,4
CMP_0008116,CUST_01900,2023-05-10,KYC,Branch,4,4
CMP_0008117,CUST_09641,2024-02-26,Service,Phone,2,4
CMP_0008118,CUST_09253,2024-09-07,Service,Branch,4,2
CMP_0008119,CUST_06158,2025-02-19,Service,Digital,8,2
CMP_0008120,CUST_04181,2024-10-24,KYC,Branch,17,4
CMP_0008121,CUST_06780,2025-11-17,Service,Branch,3,4
CMP_0008122,CUST_08059,2024-09-13,Service,Phone,3,5
CMP_0008123,CUST_08726,2022-07-04,Service,Branch,16,4
CMP_0008124,CUST_03004,2022-11-17,Fees,Branch,1,4
CMP_0008125,CUST_05178,2025-10-01,KYC,Digital,11,2
CMP_0008126,CUST_00487,2023-08-17,KYC,Branch,3,3
CMP_0008127,CUST_08609,2025-10-20,Fees,Phone,7,5
CMP_0008128,CUST_07970,2022-04-29,KYC,Digital,13,3
CMP_0008129,CUST_07261,2024-04-02,Service,Phone,4,5
CMP_0008130,CUST_08072,2025-07-01,Fees,Branch,1,5
CMP_0008131,CUST_04532,2026-03-13,Fees,Branch,4,5
CMP_0008132,CUST_06945,2024-01-09,Fees,Branch,9,4
CMP_0008133,CUST_10167,2022-12-24,Service,Digital,5,3
CMP_0008134,CUST_02373,2025-07-01,Service,Branch,4,4
CMP_0008135,CUST_02777,2025-05-04,Service,Phone,10,4
CMP_0008136,CUST_06386,2024-07-29,Fees,Phone,2,5
CMP_0008137,CUST_03348,2025-02-17,Service,Phone,2,2
CMP_0008138,CUST_03785,2022-01-30,Fees,Phone,7,4
CMP_0008139,CUST_08556,2022-02-14,Service,Digital,2,3
CMP_0008140,CUST_00019,2024-09-06,Service,Branch,69,1
CMP_0008141,CUST_04326,2023-12-14,Service,Branch,3,4
CMP_0008142,CUST_07157,2025-05-21,Service,Digital,9,4
CMP_0008143,CUST_08936,2023-02-06,KYC,Digital,19,2
CMP_0008144,CUST_08019,2024-11-16,Fees,Digital,4,5
CMP_0008145,CUST_06210,2022-12-29,Service,Digital,4,5
CMP_0008146,CUST_01127,2025-05-19,KYC,Digital,1,3
CMP_0008147,CUST_04718,2026-05-28,KYC,Branch,1,3
CMP_0008148,CUST_02986,2023-05-17,Service,Branch,4,5
CMP_0008149,CUST_07787,2025-09-14,Service,Branch,5,4
CMP_0008150,CUST_02359,2024-08-20,Service,Phone,3,2
CMP_0008151,CUST_00129,2024-09-27,Fees,Phone,11,5
CMP_0008152,CUST_03192,2023-12-04,Service,Digital,7,3
CMP_0008153,CUST_04336,2023-10-01,Fees,Digital,12,2
CMP_0008154,CUST_02296,2025-08-11,Service,Digital,2,2
CMP_0008155,CUST_00983,2023-01-04,Fees,Phone,55,5
CMP_0008156,CUST_03916,2025-01-14,Service,Branch,8,2
CMP_0008157,CUST_03645,2025-04-09,KYC,Phone,1,5
CMP_0008158,CUST_05414,2022-12-02,Fees,Phone,6,5
CMP_0008159,CUST_08096,2023-08-16,KYC,Digital,2,4
CMP_0008160,CUST_09588,2023-03-30,Service,Digital,3,4
CMP_0008161,CUST_08532,2024-02-17,Service,Phone,7,3
CMP_0008162,CUST_01685,2025-07-09,Fees,Phone,3,4
CMP_0008163,CUST_06641,2023-07-01,Service,Digital,4,2
CMP_0008164,CUST_04968,2023-10-23,KYC,Branch,1,5
CMP_0008165,CUST_01931,2023-01-22,Service,Digital,5,3
CMP_0008166,CUST_08685,2024-12-19,Fees,Digital,8,3
CMP_0008167,CUST_03117,2024-02-29,Service,Digital,5,5
CMP_0008168,CUST_01916,2023-03-30,KYC,Branch,2,3
CMP_0008169,CUST_03446,2024-10-02,Service,Branch,2,2
CMP_0008170,CUST_09491,2025-07-03,Service,Digital,2,5
CMP_0008171,CUST_05663,2023-03-27,Fees,Branch,4,5
CMP_0008172,CUST_02237,2023-04-20,Fees,Digital,2,4
CMP_0008173,CUST_01746,2025-02-08,KYC,Digital,8,4
CMP_0008174,CUST_02641,2023-10-15,Fees,Digital,1,3
CMP_0008175,CUST_04404,2023-01-05,Service,Phone,1,3
CMP_0008176,CUST_09670,2022-09-12,Fees,Phone,8,5
CMP_0008177,CUST_05265,2025-03-28,Service,Branch,9,5
CMP_0008178,CUST_09503,2026-01-18,Fraud,Phone,8,4
CMP_0008179,CUST_02315,2026-02-26,Fees,Phone,11,5
CMP_0008180,CUST_07346,2022-02-04,Fees,Branch,13,5
CMP_0008181,CUST_08563,2024-11-24,Fraud,Digital,10,4
CMP_0008182,CUST_01041,2025-12-28,Service,Phone,2,4
CMP_0008183,CUST_05635,2024-06-13,Fees,Digital,1,5
CMP_0008184,CUST_03111,2023-01-23,Service,Digital,2,2
CMP_0008185,CUST_07796,2024-10-10,Service,Branch,7,1
CMP_0008186,CUST_06215,2026-07-12,Service,Branch,5,2
CMP_0008187,CUST_00075,2024-12-18,Service,Digital,15,3
CMP_0008188,CUST_00447,2023-07-17,Service,Digital,5,4
CMP_0008189,CUST_08453,2025-09-29,Service,Digital,14,5
CMP_0008190,CUST_02489,2023-08-30,Service,Digital,13,3
CMP_0008191,CUST_07092,2026-05-25,Service,Branch,8,3
CMP_0008192,CUST_01776,2024-02-15,Fees,Phone,6,2
CMP_0008193,CUST_09489,2023-11-04,Service,Phone,15,2
CMP_0008194,CUST_01937,2025-07-23,KYC,Phone,15,1
CMP_0008195,CUST_07757,2025-12-12,Fees,Phone,20,4
CMP_0008196,CUST_04203,2025-11-25,Service,Digital,6,4
CMP_0008197,CUST_04211,2023-06-02,Service,Digital,7,4
CMP_0008198,CUST_08548,2023-09-14,Fees,Phone,4,2
CMP_0008199,CUST_09406,2024-08-07,Service,Branch,3,5
CMP_0008200,CUST_04425,2024-07-05,Fraud,Phone,1,3
CMP_0008201,CUST_00755,2023-11-12,Service,Branch,2,5
CMP_0008202,CUST_05134,2025-02-28,Service,Phone,7,5
CMP_0008203,CUST_09841,2026-04-30,Service,Branch,4,4
CMP_0008204,CUST_03799,2025-03-06,KYC,Branch,6,5
CMP_0008205,CUST_07349,2022-09-22,Fees,Branch,5,5
CMP_0008206,CUST_01237,2023-05-08,Fees,Digital,10,5
CMP_0008207,CUST_05660,2023-09-24,Fees,Digital,12,3
CMP_0008208,CUST_07852,2022-07-10,Fees,Branch,3,3
CMP_0008209,CUST_02601,2025-08-10,Fees,Digital,7,5
CMP_0008210,CUST_04229,2022-06-21,Service,Phone,1,4
CMP_0008211,CUST_05990,2025-07-27,Fees,Phone,1,4
CMP_0008212,CUST_02710,2022-07-08,Fraud,Phone,7,5
CMP_0008213,CUST_02647,2025-12-11,KYC,Digital,3,2
CMP_0008214,CUST_07418,2023-03-13,Service,Branch,2,2
CMP_0008215,CUST_06806,2024-10-25,Fraud,Phone,1,5
CMP_0008216,CUST_07064,2023-04-08,KYC,Phone,12,2
CMP_0008217,CUST_08436,2023-04-05,Fees,Digital,14,3
CMP_0008218,CUST_04388,2024-07-19,Service,Digital,3,4
CMP_0008219,CUST_02164,2024-06-22,Service,Phone,1,5
CMP_0008220,CUST_02276,2023-05-15,KYC,Digital,1,3
CMP_0008221,CUST_06513,2026-01-15,Fees,Branch,15,5
CMP_0008222,CUST_00805,2022-01-28,Service,Phone,4,5
CMP_0008223,CUST_02374,2025-11-13,Fees,Branch,12,5
CMP_0008224,CUST_09573,2022-06-06,Fees,Branch,5,4
CMP_0008225,CUST_06466,2024-04-21,Fees,Digital,22,3
CMP_0008226,CUST_08585,2022-02-14,Service,Branch,4,5
CMP_0008227,CUST_05451,2024-04-28,Service,Digital,5,2
CMP_0008228,CUST_05922,2023-06-23,Service,Branch,6,5
CMP_0008229,CUST_00695,2026-06-13,Fees,Branch,4,4
CMP_0008230,CUST_01791,2023-01-21,Fees,Phone,8,4
CMP_0008231,CUST_07202,2025-12-03,Fees,Phone,7,4
CMP_0008232,CUST_02270,2022-02-08,Service,Phone,5,5
CMP_0008233,CUST_03706,2022-10-16,Fraud,Phone,6,5
CMP_0008234,CUST_03391,2022-06-25,Fees,Digital,11,3
CMP_0008235,CUST_04528,2023-04-24,Service,Branch,3,5
CMP_0008236,CUST_09499,2026-05-25,Service,Branch,4,5
CMP_0008237,CUST_06662,2022-05-13,Service,Digital,3,4
CMP_0008238,CUST_09917,2026-07-18,Service,Phone,3,5
CMP_0008239,CUST_03300,2022-12-08,Service,Digital,6,3
CMP_0008240,CUST_07525,2023-06-28,Fees,Branch,16,4
CMP_0008241,CUST_03367,2024-07-22,Fees,Digital,7,5
CMP_0008242,CUST_05762,2025-07-12,Fees,Digital,5,4
CMP_0008243,CUST_00948,2024-10-18,Fees,Branch,38,3
CMP_0008244,CUST_02419,2024-08-05,Fees,Branch,11,2
CMP_0008245,CUST_09919,2024-01-27,Service,Branch,3,4
CMP_0008246,CUST_05814,2025-01-15,Fees,Digital,23,4
CMP_0008247,CUST_01614,2023-10-30,Fees,Phone,9,5
CMP_0008248,CUST_08825,2025-10-19,Fees,Phone,7,2
CMP_0008249,CUST_08946,2025-05-19,KYC,Branch,1,4
CMP_0008250,CUST_07268,2024-02-15,Fees,Phone,10,5
CMP_0008251,CUST_04058,2025-06-08,Service,Digital,6,4
CMP_0008252,CUST_01509,2024-03-21,Service,Phone,9,5
CMP_0008253,CUST_02974,2025-09-07,Fees,Digital,1,4
CMP_0008254,CUST_00280,2024-12-23,Fees,Branch,2,5
CMP_0008255,CUST_08136,2026-04-24,Fees,Digital,7,5
CMP_0008256,CUST_02368,2025-06-11,Service,Digital,2,2
CMP_0008257,CUST_08248,2023-04-25,Fees,Digital,11,4
CMP_0008258,CUST_02213,2023-12-14,Fees,Digital,3,2
CMP_0008259,CUST_03793,2023-11-23,Service,Branch,5,4
CMP_0008260,CUST_06430,2022-02-06,Service,Digital,5,3
CMP_0008261,CUST_07856,2024-12-14,Service,Digital,13,3
CMP_0008262,CUST_09477,2022-05-24,Fees,Digital,4,5
CMP_0008263,CUST_05531,2026-04-07,Service,Phone,5,4
CMP_0008264,CUST_01219,2026-02-22,KYC,Phone,6,5
CMP_0008265,CUST_10043,2023-12-26,Service,Digital,10,4
CMP_0008266,CUST_04514,2024-02-15,Fraud,Digital,3,3
CMP_0008267,CUST_07942,2023-03-26,KYC,Branch,1,4
CMP_0008268,CUST_06320,2024-04-29,Fees,Phone,4,5
CMP_0008269,CUST_10127,2024-07-06,Service,Branch,63,5
CMP_0008270,CUST_06428,2024-10-09,Fees,Branch,4,5
CMP_0008271,CUST_08486,2025-01-14,Service,Digital,5,4
CMP_0008272,CUST_05543,2023-01-12,Fraud,Digital,10,1
CMP_0008273,CUST_01275,2025-11-26,Fees,Digital,4,4
CMP_0008274,CUST_06617,2025-02-06,Service,Branch,14,5
CMP_0008275,CUST_08753,2024-08-10,Service,Phone,6,5
CMP_0008276,CUST_03669,2026-05-16,Service,Phone,5,5
CMP_0008277,CUST_04579,2025-02-10,Service,Digital,13,4
CMP_0008278,CUST_06966,2022-05-24,Service,Branch,1,3
CMP_0008279,CUST_09996,2026-01-22,Service,Branch,2,4
CMP_0008280,CUST_07145,2022-06-15,Service,Digital,4,3
CMP_0008281,CUST_00418,2026-01-02,KYC,Phone,7,4
CMP_0008282,CUST_01854,2025-08-21,Service,Branch,7,2
CMP_0008283,CUST_08016,2024-03-19,Service,Branch,8,5
CMP_0008284,CUST_08263,2026-03-26,Fees,Branch,2,3
CMP_0008285,CUST_02864,2026-08-03,Fees,Digital,7,5
CMP_0008286,CUST_02631,2022-07-19,Fees,Branch,31,1
CMP_0008287,CUST_07908,2022-08-12,Service,Phone,3,5
CMP_0008288,CUST_09205,2022-10-18,Fees,Digital,29,4
CMP_0008289,CUST_01637,2025-07-07,Fraud,Digital,64,4
CMP_0008290,CUST_02546,2026-05-20,Fees,Phone,3,4
CMP_0008291,CUST_03248,2023-12-29,Fees,Branch,9,4
CMP_0008292,CUST_04190,2023-10-26,Service,Digital,5,5
CMP_0008293,CUST_07857,2026-03-25,KYC,Digital,3,5
CMP_0008294,CUST_06887,2023-02-16,KYC,Digital,47,2
CMP_0008295,CUST_09709,2022-08-07,KYC,Branch,6,2
CMP_0008296,CUST_07059,2022-05-26,Fees,Branch,2,2
CMP_0008297,CUST_07613,2023-11-10,KYC,Branch,38,3
CMP_0008298,CUST_05343,2024-09-26,Service,Digital,4,2
CMP_0008299,CUST_05516,2022-09-06,Fees,Digital,2,4
CMP_0008300,CUST_02245,2023-08-20,Fees,Phone,16,1
CMP_0008301,CUST_06094,2022-05-11,Fees,Branch,10,4
CMP_0008302,CUST_00147,2025-12-18,Fees,Phone,5,5
CMP_0008303,CUST_01745,2023-12-18,Service,Branch,65,5
CMP_0008304,CUST_08419,2023-02-05,Service,Phone,6,5
CMP_0008305,CUST_09958,2025-05-27,Service,Digital,4,5
CMP_0008306,CUST_04718,2022-07-24,Fraud,Digital,4,2
CMP_0008307,CUST_06503,2024-10-16,Fees,Phone,4,4
CMP_0008308,CUST_08711,2025-12-05,Service,Branch,5,2
CMP_0008309,CUST_09838,2023-01-03,Service,Branch,6,1
CMP_0008310,CUST_09703,2022-09-06,Fraud,Branch,6,5
CMP_0008311,CUST_06858,2022-10-07,Service,Digital,2,4
CMP_0008312,CUST_00044,2022-02-22,Fees,Digital,21,5
CMP_0008313,CUST_04915,2022-11-14,Fees,Digital,3,3
CMP_0008314,CUST_05506,2026-08-11,Service,Branch,3,4
CMP_0008315,CUST_00971,2022-09-19,Service,Branch,61,5
CMP_0008316,CUST_08401,2023-05-30,Fees,Digital,2,4
CMP_0008317,CUST_00283,2022-10-16,Fees,Branch,7,4
CMP_0008318,CUST_06550,2025-12-13,Service,Phone,14,4
CMP_0008319,CUST_03798,2026-04-10,Service,Digital,3,1
CMP_0008320,CUST_05051,2022-05-07,Service,Branch,2,5
CMP_0008321,CUST_00172,2025-02-17,Fees,Phone,5,5
CMP_0008322,CUST_08468,2026-03-11,Fees,Phone,11,5
CMP_0008323,CUST_09158,2023-09-24,Fees,Branch,8,2
CMP_0008324,CUST_00690,2025-10-10,Fraud,Branch,11,1
CMP_0008325,CUST_00352,2024-09-23,Fees,Digital,5,2
CMP_0008326,CUST_04513,2025-06-26,Fees,Digital,5,2
CMP_0008327,CUST_04624,2026-06-02,Service,Phone,1,3
CMP_0008328,CUST_08104,2026-06-25,Service,Digital,14,1
CMP_0008329,CUST_02651,2022-02-01,Service,Branch,6,2
CMP_0008330,CUST_01755,2022-05-01,Fees,Digital,16,3
CMP_0008331,CUST_01909,2024-02-21,Fees,Phone,5,2
CMP_0008332,CUST_05302,2026-04-13,Service,Digital,4,4
CMP_0008333,CUST_01316,2022-02-10,KYC,Phone,9,5
CMP_0008334,CUST_04055,2023-05-16,Fees,Phone,6,5
CMP_0008335,CUST_06944,2022-05-31,Fees,Digital,1,5
CMP_0008336,CUST_06484,2025-01-30,Fees,Branch,5,4
CMP_0008337,CUST_08158,2022-03-19,Fees,Phone,1,5
CMP_0008338,CUST_03756,2022-10-27,Fees,Digital,12,5
CMP_0008339,CUST_02579,2025-05-30,Fees,Digital,13,5
CMP_0008340,CUST_01501,2023-11-17,Service,Digital,8,3
CMP_0008341,CUST_05037,2023-05-08,KYC,Digital,5,4
CMP_0008342,CUST_02094,2022-06-22,Service,Branch,9,3
CMP_0008343,CUST_06403,2022-11-18,Service,Branch,9,4
CMP_0008344,CUST_06328,2022-03-31,KYC,Phone,2,3
CMP_0008345,CUST_06924,2024-09-19,KYC,Digital,19,5
CMP_0008346,CUST_06102,2022-11-08,Service,Branch,1,4
CMP_0008347,CUST_03967,2024-09-18,Service,Phone,2,1
CMP_0008348,CUST_05175,2025-06-25,Fees,Phone,1,5
CMP_0008349,CUST_06292,2023-03-13,KYC,Branch,8,5
CMP_0008350,CUST_00338,2024-11-04,Service,Branch,2,4
CMP_0008351,CUST_01341,2023-02-21,Fees,Branch,31,5
CMP_0008352,CUST_03132,2025-01-21,Service,Phone,6,2
CMP_0008353,CUST_02152,2024-03-05,Fraud,Branch,4,5
CMP_0008354,CUST_03743,2023-09-23,Service,Branch,4,3
CMP_0008355,CUST_02229,2022-08-01,KYC,Phone,2,4
CMP_0008356,CUST_06056,2024-10-19,Service,Phone,3,1
CMP_0008357,CUST_09102,2022-02-13,Fees,Phone,1,4
CMP_0008358,CUST_01176,2022-04-23,KYC,Branch,8,4
CMP_0008359,CUST_08544,2024-10-11,KYC,Phone,1,5
CMP_0008360,CUST_04253,2025-01-08,Fees,Phone,1,5
CMP_0008361,CUST_07482,2022-07-19,KYC,Branch,11,5
CMP_0008362,CUST_08483,2024-12-14,Fees,Digital,15,1
CMP_0008363,CUST_04125,2025-02-07,Service,Phone,19,5
CMP_0008364,CUST_02217,2022-07-21,Service,Phone,11,2
CMP_0008365,CUST_06071,2025-01-05,Fees,Branch,32,1
CMP_0008366,CUST_00756,2023-05-12,Fees,Digital,8,2
CMP_0008367,CUST_06793,2025-02-21,Service,Digital,5,5
CMP_0008368,CUST_02093,2022-08-03,Fees,Digital,2,3
CMP_0008369,CUST_09103,2024-06-29,Fees,Phone,45,2
CMP_0008370,CUST_07770,2023-10-29,Service,Digital,3,5
CMP_0008371,CUST_01462,2023-10-10,Service,Digital,3,5
CMP_0008372,CUST_01867,2023-05-23,Fees,Branch,1,5
CMP_0008373,CUST_07699,2024-12-02,Fees,Phone,6,5
CMP_0008374,CUST_03389,2023-03-30,Service,Digital,9,5
CMP_0008375,CUST_04284,2023-08-11,Service,Branch,16,1
CMP_0008376,CUST_08804,2024-12-13,Fees,Branch,2,4
CMP_0008377,CUST_01298,2023-03-18,Fraud,Digital,11,5
CMP_0008378,CUST_07484,2022-03-02,KYC,Phone,12,4
CMP_0008379,CUST_09553,2022-12-07,Fees,Digital,3,3
CMP_0008380,CUST_07476,2024-07-05,KYC,Phone,1,4
CMP_0008381,CUST_08269,2025-04-25,Fees,Branch,3,5
CMP_0008382,CUST_02359,2024-06-24,Fees,Phone,5,5
CMP_0008383,CUST_09717,2023-08-10,Fees,Digital,6,4
CMP_0008384,CUST_09194,2023-12-04,Service,Branch,2,4
CMP_0008385,CUST_04147,2022-09-05,KYC,Branch,3,4
CMP_0008386,CUST_00422,2023-11-29,Fees,Branch,4,1
CMP_0008387,CUST_00938,2022-11-03,Service,Phone,1,3
CMP_0008388,CUST_08594,2026-02-13,Service,Phone,11,2
CMP_0008389,CUST_09313,2023-12-06,Fees,Digital,5,5
CMP_0008390,CUST_05710,2023-05-24,Fees,Branch,48,1
CMP_0008391,CUST_02507,2025-12-24,Service,Phone,2,2
CMP_0008392,CUST_04645,2026-04-07,Service,Phone,11,5
CMP_0008393,CUST_02562,2024-04-10,Service,Branch,6,4
CMP_0008394,CUST_01087,2024-02-22,Service,Branch,4,4
CMP_0008395,CUST_04848,2025-11-08,Service,Phone,11,4
CMP_0008396,CUST_01260,2024-10-30,Service,Phone,5,5
CMP_0008397,CUST_06271,2022-01-17,KYC,Branch,7,3
CMP_0008398,CUST_00408,2025-02-16,Service,Digital,7,4
CMP_0008399,CUST_01262,2026-05-10,KYC,Digital,1,2
CMP_0008400,CUST_05504,2022-10-23,Fees,Phone,5,5
CMP_0008401,CUST_05025,2023-05-18,Service,Phone,8,3
CMP_0008402,CUST_00525,2024-11-04,KYC,Branch,1,4
CMP_0008403,CUST_05977,2026-03-22,Service,Phone,9,3
CMP_0008404,CUST_04097,2023-11-21,KYC,Digital,6,5
CMP_0008405,CUST_07214,2023-12-20,Fees,Digital,4,5
CMP_0008406,CUST_09095,2026-05-16,Fees,Digital,5,1
CMP_0008407,CUST_05771,2024-10-12,Fees,Digital,6,4
CMP_0008408,CUST_10182,2025-08-05,KYC,Phone,13,4
CMP_0008409,CUST_00476,2022-04-26,Service,Branch,4,5
CMP_0008410,CUST_04598,2023-05-21,Fees,Phone,2,2
CMP_0008411,CUST_05689,2024-12-20,Fees,Branch,1,3
CMP_0008412,CUST_06813,2025-06-01,KYC,Digital,4,4
CMP_0008413,CUST_00791,2025-03-20,Fees,Phone,4,4
CMP_0008414,CUST_05293,2022-10-29,Fees,Digital,55,1
CMP_0008415,CUST_02979,2025-11-23,Service,Digital,8,3
CMP_0008416,CUST_07285,2024-04-06,KYC,Phone,13,4
CMP_0008417,CUST_00122,2022-01-31,Service,Phone,5,1
CMP_0008418,CUST_05160,2025-09-25,Service,Phone,11,3
CMP_0008419,CUST_09001,2024-10-18,Service,Branch,1,4
CMP_0008420,CUST_06155,2023-12-11,Fraud,Digital,4,5
CMP_0008421,CUST_06837,2024-06-26,Service,Phone,6,1
CMP_0008422,CUST_04858,2026-05-26,Service,Branch,1,3
CMP_0008423,CUST_03202,2025-06-14,Fees,Phone,11,5
CMP_0008424,CUST_04447,2023-06-23,Service,Phone,4,5
CMP_0008425,CUST_08852,2024-10-08,Service,Phone,5,4
CMP_0008426,CUST_02540,2025-08-12,Fees,Digital,4,3
CMP_0008427,CUST_08782,2025-05-27,Service,Branch,33,4
CMP_0008428,CUST_05937,2022-11-23,Service,Branch,5,2
CMP_0008429,CUST_04166,2023-01-20,KYC,Phone,5,5
CMP_0008430,CUST_06114,2026-06-15,Fees,Digital,10,4
CMP_0008431,CUST_04770,2023-07-26,KYC,Digital,12,4
CMP_0008432,CUST_08447,2025-07-10,Service,Digital,3,3
CMP_0008433,CUST_05520,2024-04-18,Fees,Digital,6,4
CMP_0008434,CUST_02723,2026-01-28,Service,Phone,4,5
CMP_0008435,CUST_09047,2023-11-07,Fees,Phone,7,4
CMP_0008436,CUST_05095,2023-10-30,Fees,Branch,21,1
CMP_0008437,CUST_09106,2024-02-10,Fees,Digital,5,2
CMP_0008438,CUST_00159,2025-02-19,Fees,Digital,2,4
CMP_0008439,CUST_01866,2025-09-16,Service,Branch,2,3
CMP_0008440,CUST_08178,2023-02-21,Service,Digital,1,4
CMP_0008441,CUST_05905,2024-05-14,KYC,Digital,1,1
CMP_0008442,CUST_00351,2023-12-16,Fees,Digital,2,4
CMP_0008443,CUST_01824,2023-11-11,Service,Phone,6,2
CMP_0008444,CUST_07935,2022-12-17,Service,Branch,2,5
CMP_0008445,CUST_08483,2023-05-09,Service,Phone,23,1
CMP_0008446,CUST_10006,2025-03-25,Service,Digital,6,1
CMP_0008447,CUST_03863,2026-04-06,Fees,Phone,4,3
CMP_0008448,CUST_00145,2023-01-08,Service,Phone,1,3
CMP_0008449,CUST_06710,2024-12-16,Service,Phone,9,5
CMP_0008450,CUST_00046,2026-04-14,Fees,Phone,4,4
CMP_0008451,CUST_08047,2024-12-20,Fees,Branch,6,5
CMP_0008452,CUST_07776,2022-06-16,Service,Digital,3,5
CMP_0008453,CUST_02371,2024-10-25,Fees,Digital,4,4
CMP_0008454,CUST_09032,2022-07-20,KYC,Branch,3,4
CMP_0008455,CUST_08251,2025-06-25,Service,Digital,1,3
CMP_0008456,CUST_09632,2023-07-31,Fees,Phone,14,5
CMP_0008457,CUST_05620,2025-03-05,Fees,Phone,10,5
CMP_0008458,CUST_06078,2023-12-29,Fees,Phone,64,3
CMP_0008459,CUST_09733,2026-05-01,Service,Phone,22,4
CMP_0008460,CUST_05357,2024-03-13,KYC,Branch,1,1
CMP_0008461,CUST_02170,2023-02-06,Fees,Phone,5,5
CMP_0008462,CUST_00218,2024-10-11,Fraud,Digital,13,5
CMP_0008463,CUST_04401,2022-10-07,Fees,Phone,13,4
CMP_0008464,CUST_09255,2025-11-20,KYC,Digital,1,4
CMP_0008465,CUST_09719,2025-01-07,Service,Phone,45,4
CMP_0008466,CUST_04350,2026-01-02,Service,Phone,3,4
CMP_0008467,CUST_05811,2024-02-29,Service,Digital,1,4
CMP_0008468,CUST_00778,2024-09-20,Service,Digital,4,4
CMP_0008469,CUST_00269,2025-06-24,Service,Branch,7,4
CMP_0008470,CUST_08172,2022-10-11,Service,Phone,16,4
CMP_0008471,CUST_03367,2023-02-14,KYC,Digital,6,4
CMP_0008472,CUST_04797,2022-03-02,KYC,Phone,5,2
CMP_0008473,CUST_05902,2025-02-18,Service,Branch,2,2
CMP_0008474,CUST_10084,2025-11-27,Fees,Branch,18,4
CMP_0008475,CUST_05227,2025-02-27,Fraud,Digital,13,3
CMP_0008476,CUST_03246,2024-09-12,Fees,Branch,5,1
CMP_0008477,CUST_02280,2024-06-13,KYC,Branch,12,3
CMP_0008478,CUST_07832,2024-03-20,Service,Branch,3,1
CMP_0008479,CUST_03934,2025-08-07,Service,Digital,9,4
CMP_0008480,CUST_04465,2025-08-03,KYC,Digital,1,3
CMP_0008481,CUST_00061,2022-04-24,Service,Branch,9,5
CMP_0008482,CUST_05151,2023-11-22,Fraud,Phone,7,3
CMP_0008483,CUST_02527,2024-06-18,Fees,Branch,3,5
CMP_0008484,CUST_07848,2023-10-10,Service,Branch,11,4
CMP_0008485,CUST_03600,2022-03-04,KYC,Phone,6,4
CMP_0008486,CUST_08426,2026-05-21,Service,Phone,5,4
CMP_0008487,CUST_05152,2022-03-26,Fees,Phone,11,2
CMP_0008488,CUST_00612,2023-10-11,Service,Branch,4,5
CMP_0008489,CUST_10003,2024-01-14,KYC,Branch,4,4
CMP_0008490,CUST_06684,2022-01-25,KYC,Digital,6,3
CMP_0008491,CUST_05727,2023-01-05,Fees,Phone,4,3
CMP_0008492,CUST_04152,2026-05-19,Fees,Branch,6,4
CMP_0008493,CUST_10124,2024-05-14,Fees,Phone,10,3
CMP_0008494,CUST_01435,2023-11-07,Service,Digital,5,2
CMP_0008495,CUST_06441,2022-11-05,Service,Phone,8,3
CMP_0008496,CUST_08641,2025-07-26,Fraud,Phone,9,5
CMP_0008497,CUST_09287,2026-01-16,KYC,Digital,2,3
CMP_0008498,CUST_01905,2025-12-03,Service,Digital,8,4
CMP_0008499,CUST_01908,2025-06-04,Service,Digital,7,4
CMP_0008500,CUST_06330,2024-03-19,KYC,Phone,5,4
CMP_0008501,CUST_04043,2023-05-10,Fees,Digital,6,4
CMP_0008502,CUST_03359,2026-03-03,Fraud,Phone,2,4
CMP_0008503,CUST_02433,2024-01-22,Service,Digital,2,4
CMP_0008504,CUST_06030,2022-09-24,Service,Digital,1,5
CMP_0008505,CUST_00517,2022-07-21,Fees,Digital,1,5
CMP_0008506,CUST_05964,2023-09-23,Service,Phone,3,5
CMP_0008507,CUST_04493,2022-08-15,Service,Phone,8,5
CMP_0008508,CUST_08900,2023-10-04,Fraud,Branch,10,2
CMP_0008509,CUST_08672,2025-02-20,Fraud,Phone,2,5
CMP_0008510,CUST_04232,2023-03-03,Fees,Digital,2,2
CMP_0008511,CUST_06636,2023-01-16,Fraud,Digital,9,4
CMP_0008512,CUST_04038,2025-11-21,Fees,Branch,3,3
CMP_0008513,CUST_00282,2023-12-25,Fraud,Branch,2,4
CMP_0008514,CUST_09541,2022-05-03,Service,Phone,50,1
CMP_0008515,CUST_09601,2025-06-10,Service,Phone,15,4
CMP_0008516,CUST_01799,2026-01-11,Fees,Phone,1,5
CMP_0008517,CUST_03115,2025-02-08,Fees,Phone,3,3
CMP_0008518,CUST_06074,2024-05-20,Fees,Digital,19,4
CMP_0008519,CUST_06456,2024-04-07,KYC,Phone,5,5
CMP_0008520,CUST_08383,2025-05-23,Fees,Branch,3,5
CMP_0008521,CUST_02308,2025-01-04,Service,Phone,10,2
CMP_0008522,CUST_09268,2023-06-15,Fees,Phone,3,4
CMP_0008523,CUST_01030,2024-12-20,Fees,Digital,18,2
CMP_0008524,CUST_09835,2025-07-23,Service,Digital,9,5
CMP_0008525,CUST_05038,2024-06-11,Fees,Branch,17,4
CMP_0008526,CUST_03260,2025-05-24,Fees,Digital,4,5
CMP_0008527,CUST_08403,2026-05-25,Service,Branch,3,2
CMP_0008528,CUST_07436,2025-10-27,Service,Phone,7,4
CMP_0008529,CUST_04817,2024-04-07,KYC,Branch,4,3
CMP_0008530,CUST_05022,2024-11-11,KYC,Phone,3,3
CMP_0008531,CUST_05524,2024-05-16,Service,Phone,5,4
CMP_0008532,CUST_07613,2023-12-02,Fees,Branch,3,4
CMP_0008533,CUST_07119,2026-06-28,Fraud,Phone,5,3
CMP_0008534,CUST_02590,2024-02-13,Fees,Branch,12,3
CMP_0008535,CUST_00747,2024-06-04,Service,Branch,9,4
CMP_0008536,CUST_01140,2025-05-02,Service,Phone,10,5
CMP_0008537,CUST_02313,2024-12-04,Fees,Digital,1,5
CMP_0008538,CUST_02368,2024-05-23,KYC,Branch,7,4
CMP_0008539,CUST_06677,2026-06-05,Fees,Branch,5,2
CMP_0008540,CUST_08126,2026-04-25,KYC,Branch,6,4
CMP_0008541,CUST_02067,2025-08-02,KYC,Digital,2,4
CMP_0008542,CUST_04446,2024-07-09,Service,Branch,5,4
CMP_0008543,CUST_05131,2026-03-24,Service,Branch,3,5
CMP_0008544,CUST_08926,2023-09-09,KYC,Phone,5,5
CMP_0008545,CUST_03559,2025-07-16,Service,Digital,6,3
CMP_0008546,CUST_09441,2023-10-07,KYC,Phone,3,5
CMP_0008547,CUST_08123,2023-09-02,Fees,Phone,2,5
CMP_0008548,CUST_02708,2024-08-19,Service,Branch,3,4
CMP_0008549,CUST_02893,2023-04-13,Service,Phone,7,4
CMP_0008550,CUST_09453,2026-04-01,Service,Phone,9,2
CMP_0008551,CUST_02114,2022-01-06,Fees,Digital,2,3
CMP_0008552,CUST_08052,2026-03-21,Service,Branch,3,2
CMP_0008553,CUST_06033,2024-05-26,Service,Digital,2,2
CMP_0008554,CUST_04597,2025-10-08,Fees,Phone,7,4
CMP_0008555,CUST_09333,2022-05-13,KYC,Branch,5,2
CMP_0008556,CUST_07444,2022-01-22,Fees,Branch,5,2
CMP_0008557,CUST_02939,2025-02-24,Service,Phone,3,4
CMP_0008558,CUST_02276,2025-02-14,Service,Phone,6,4
CMP_0008559,CUST_07566,2024-04-08,Fees,Digital,9,4
CMP_0008560,CUST_04052,2022-05-30,Fraud,Branch,4,5
CMP_0008561,CUST_01358,2026-02-18,Service,Branch,2,3
CMP_0008562,CUST_00342,2025-12-23,Fees,Branch,15,5
CMP_0008563,CUST_09934,2026-05-08,KYC,Phone,8,4
CMP_0008564,CUST_02525,2023-10-02,Fees,Phone,34,4
CMP_0008565,CUST_04414,2023-05-21,Service,Digital,4,4
CMP_0008566,CUST_06859,2023-01-04,Fraud,Branch,7,5
CMP_0008567,CUST_04269,2024-05-10,Service,Branch,1,3
CMP_0008568,CUST_03215,2022-08-19,Fees,Branch,59,2
CMP_0008569,CUST_01184,2025-11-08,Service,Digital,14,5
CMP_0008570,CUST_01105,2024-01-26,Service,Phone,1,3
CMP_0008571,CUST_03124,2023-08-13,KYC,Branch,13,4
CMP_0008572,CUST_07471,2026-04-06,Service,Branch,1,3
CMP_0008573,CUST_04257,2023-06-23,Service,Digital,5,5
CMP_0008574,CUST_03942,2025-06-02,KYC,Branch,35,4
CMP_0008575,CUST_06708,2022-03-27,Service,Branch,11,5
CMP_0008576,CUST_09837,2023-06-07,Service,Digital,3,5
CMP_0008577,CUST_03919,2023-11-23,Fees,Digital,9,4
CMP_0008578,CUST_00271,2023-01-30,KYC,Branch,7,5
CMP_0008579,CUST_07109,2025-09-10,Service,Branch,5,5
CMP_0008580,CUST_01769,2023-05-15,Fees,Digital,14,1
CMP_0008581,CUST_07520,2023-03-01,Fees,Branch,5,4
CMP_0008582,CUST_02252,2025-10-25,Fees,Phone,8,4
CMP_0008583,CUST_04846,2022-04-09,Fees,Digital,1,5
CMP_0008584,CUST_00620,2026-04-02,Service,Digital,6,4
CMP_0008585,CUST_09141,2023-06-29,Fees,Phone,73,5
CMP_0008586,CUST_07008,2022-02-19,Fraud,Digital,2,4
CMP_0008587,CUST_05916,2023-10-15,Fraud,Branch,2,2
CMP_0008588,CUST_08930,2026-06-11,Fees,Branch,10,5
CMP_0008589,CUST_03708,2026-08-02,KYC,Digital,2,3
CMP_0008590,CUST_08162,2022-06-08,Fraud,Branch,4,4
CMP_0008591,CUST_02807,2022-05-26,Service,Branch,3,4
CMP_0008592,CUST_02484,2025-11-05,Service,Phone,6,3
CMP_0008593,CUST_04058,2025-03-28,Service,Branch,7,4
CMP_0008594,CUST_08807,2025-05-17,Service,Digital,7,4
CMP_0008595,CUST_00369,2022-04-18,Fees,Branch,5,2
CMP_0008596,CUST_07617,2025-03-13,KYC,Digital,17,5
CMP_0008597,CUST_07498,2026-06-02,Fees,Branch,26,2
CMP_0008598,CUST_09525,2025-12-11,Fees,Digital,12,2
CMP_0008599,CUST_01787,2022-05-05,Fees,Phone,1,3
CMP_0008600,CUST_10168,2026-05-22,Service,Phone,6,3
CMP_0008601,CUST_09235,2023-01-11,KYC,Phone,8,4
CMP_0008602,CUST_04037,2025-09-18,Service,Phone,1,4
CMP_0008603,CUST_08791,2024-04-25,Service,Phone,14,1
CMP_0008604,CUST_09914,2022-08-28,Service,Digital,4,4
CMP_0008605,CUST_02748,2026-06-04,Fraud,Branch,3,5
CMP_0008606,CUST_06392,2022-10-05,KYC,Phone,65,5
CMP_0008607,CUST_07983,2025-09-13,Fees,Branch,2,3
CMP_0008608,CUST_09392,2025-04-24,Fees,Phone,56,2
CMP_0008609,CUST_03948,2023-07-25,Service,Digital,1,5
CMP_0008610,CUST_06705,2025-04-15,Fraud,Branch,8,4
CMP_0008611,CUST_06827,2024-11-16,Fraud,Digital,6,5
CMP_0008612,CUST_00677,2025-05-07,KYC,Branch,9,4
CMP_0008613,CUST_00698,2026-05-31,Service,Branch,7,4
CMP_0008614,CUST_06591,2026-01-13,Fees,Branch,10,3
CMP_0008615,CUST_01026,2026-06-26,Fees,Phone,5,5
CMP_0008616,CUST_07953,2023-03-14,Fraud,Phone,3,3
CMP_0008617,CUST_08753,2026-01-27,KYC,Branch,7,5
CMP_0008618,CUST_00756,2024-07-22,Service,Branch,7,4
CMP_0008619,CUST_04998,2024-10-14,Fees,Digital,8,4
CMP_0008620,CUST_04782,2024-12-30,Service,Phone,9,3
CMP_0008621,CUST_09397,2023-01-02,KYC,Phone,8,3
CMP_0008622,CUST_10142,2023-03-05,Service,Branch,17,2
CMP_0008623,CUST_04288,2025-02-01,Fraud,Digital,17,5
CMP_0008624,CUST_09237,2024-08-18,Fraud,Phone,14,5
CMP_0008625,CUST_01469,2024-08-05,KYC,Digital,6,2
CMP_0008626,CUST_01206,2025-05-25,Fees,Digital,1,4
CMP_0008627,CUST_08999,2026-04-20,Fees,Branch,6,5
CMP_0008628,CUST_09368,2025-11-22,KYC,Branch,3,3
CMP_0008629,CUST_09209,2024-03-07,Fees,Phone,4,1
CMP_0008630,CUST_05899,2026-05-31,Service,Digital,5,5
CMP_0008631,CUST_05515,2024-06-25,Fees,Branch,1,5
CMP_0008632,CUST_08144,2024-05-01,Fees,Digital,1,4
CMP_0008633,CUST_04827,2022-12-31,KYC,Digital,3,5
CMP_0008634,CUST_07822,2024-06-08,Service,Branch,4,5
CMP_0008635,CUST_00186,2024-05-11,Fees,Phone,3,3
CMP_0008636,CUST_07999,2025-06-25,KYC,Branch,1,3
CMP_0008637,CUST_03513,2024-11-11,KYC,Phone,7,4
CMP_0008638,CUST_02217,2023-03-28,Fraud,Phone,4,3
CMP_0008639,CUST_09980,2024-09-13,Fraud,Phone,12,4
CMP_0008640,CUST_06318,2025-04-07,KYC,Branch,6,2
CMP_0008641,CUST_07435,2022-01-29,KYC,Branch,7,5
CMP_0008642,CUST_03889,2022-08-26,Fees,Phone,5,2
CMP_0008643,CUST_04535,2025-01-04,Fees,Digital,4,5
CMP_0008644,CUST_04534,2023-02-23,Fees,Phone,1,2
CMP_0008645,CUST_08742,2023-07-18,KYC,Phone,18,5
CMP_0008646,CUST_04804,2026-07-20,Service,Branch,3,5
CMP_0008647,CUST_04889,2022-12-14,Service,Digital,5,4
CMP_0008648,CUST_07833,2026-02-17,KYC,Branch,9,4
CMP_0008649,CUST_05976,2023-09-25,Service,Digital,2,2
CMP_0008650,CUST_07511,2025-07-24,Service,Digital,5,5
CMP_0008651,CUST_08036,2022-05-12,Service,Branch,3,5
CMP_0008652,CUST_07386,2025-09-28,Fees,Branch,7,4
CMP_0008653,CUST_08681,2024-07-03,Fees,Phone,14,5
CMP_0008654,CUST_00436,2022-01-15,Service,Digital,11,5
CMP_0008655,CUST_03354,2025-08-11,Fees,Branch,2,4
CMP_0008656,CUST_01417,2025-02-12,Service,Phone,3,3
CMP_0008657,CUST_01598,2026-06-20,Service,Digital,4,4
CMP_0008658,CUST_07325,2023-02-22,Service,Phone,1,5
CMP_0008659,CUST_02174,2025-09-23,KYC,Branch,8,2
CMP_0008660,CUST_00262,2022-03-04,Fees,Digital,4,1
CMP_0008661,CUST_05017,2026-07-16,Service,Phone,3,2
CMP_0008662,CUST_09062,2023-02-25,Service,Branch,6,5
CMP_0008663,CUST_06089,2024-02-09,Service,Digital,4,4
CMP_0008664,CUST_04106,2022-03-25,Fraud,Digital,2,4
CMP_0008665,CUST_03248,2022-10-24,Fraud,Phone,3,4
CMP_0008666,CUST_09016,2022-08-28,KYC,Digital,7,3
CMP_0008667,CUST_08599,2026-04-05,Service,Phone,1,4
CMP_0008668,CUST_05356,2025-09-28,KYC,Phone,3,4
CMP_0008669,CUST_00774,2025-05-13,Service,Branch,9,3
CMP_0008670,CUST_02391,2025-01-09,Service,Digital,5,5
CMP_0008671,CUST_09852,2022-11-22,Service,Branch,48,5
CMP_0008672,CUST_00692,2026-08-07,Fees,Digital,1,5
CMP_0008673,CUST_05482,2022-06-30,Service,Branch,3,5
CMP_0008674,CUST_03774,2024-04-25,Fees,Branch,2,4
CMP_0008675,CUST_05115,2022-01-06,KYC,Digital,2,5
CMP_0008676,CUST_05506,2025-09-23,Service,Phone,10,5
CMP_0008677,CUST_07533,2026-07-09,Fees,Branch,7,4
CMP_0008678,CUST_06893,2026-07-01,KYC,Phone,5,4
CMP_0008679,CUST_05067,2026-07-14,Service,Branch,6,2
CMP_0008680,CUST_07633,2022-02-19,Fees,Phone,3,5
CMP_0008681,CUST_00382,2022-03-22,Service,Branch,15,3
CMP_0008682,CUST_07670,2022-11-12,Service,Branch,1,1
CMP_0008683,CUST_09708,2026-05-26,Service,Phone,6,3
CMP_0008684,CUST_06787,2026-07-30,Service,Phone,4,4
CMP_0008685,CUST_09881,2022-02-23,Fees,Digital,3,4
CMP_0008686,CUST_02025,2026-07-22,KYC,Digital,11,4
CMP_0008687,CUST_03678,2024-02-19,Service,Branch,3,5
CMP_0008688,CUST_07140,2024-07-01,Service,Phone,1,5
CMP_0008689,CUST_02128,2022-04-19,KYC,Phone,5,3
CMP_0008690,CUST_05176,2022-01-19,Service,Phone,7,2
CMP_0008691,CUST_08790,2023-11-18,Service,Branch,8,4
CMP_0008692,CUST_04748,2023-06-08,KYC,Branch,4,3
CMP_0008693,CUST_03629,2023-06-27,Fees,Branch,2,5
CMP_0008694,CUST_04908,2026-06-16,Fees,Digital,70,3
CMP_0008695,CUST_05241,2022-11-09,KYC,Branch,10,4
CMP_0008696,CUST_07660,2023-03-05,Service,Phone,8,4
CMP_0008697,CUST_07530,2024-04-09,Service,Phone,4,4
CMP_0008698,CUST_01491,2025-02-07,Service,Branch,5,3
CMP_0008699,CUST_00826,2024-06-17,Service,Branch,7,2
CMP_0008700,CUST_01059,2026-04-03,KYC,Branch,30,3
CMP_0008701,CUST_07115,2025-07-19,Fees,Branch,3,4
CMP_0008702,CUST_02959,2025-08-01,Fees,Branch,7,5
CMP_0008703,CUST_07965,2023-02-20,KYC,Branch,3,5
CMP_0008704,CUST_06426,2022-01-12,Fees,Digital,10,4
CMP_0008705,CUST_01873,2023-02-27,Fees,Phone,5,3
CMP_0008706,CUST_01419,2024-10-13,Fees,Digital,4,4
CMP_0008707,CUST_05935,2024-11-24,Service,Digital,4,3
CMP_0008708,CUST_03213,2026-01-18,Fees,Phone,13,3
CMP_0008709,CUST_04959,2026-03-14,Service,Branch,4,1
CMP_0008710,CUST_01911,2025-08-13,Fees,Digital,36,4
CMP_0008711,CUST_08660,2025-09-23,Fraud,Branch,1,3
CMP_0008712,CUST_01382,2022-02-12,Fees,Digital,6,4
CMP_0008713,CUST_03560,2023-09-16,Service,Branch,3,4
CMP_0008714,CUST_05688,2026-06-08,Fees,Branch,18,2
CMP_0008715,CUST_00100,2023-03-22,KYC,Digital,11,4
CMP_0008716,CUST_01023,2024-07-29,Fees,Digital,2,4
CMP_0008717,CUST_03934,2026-03-16,Service,Branch,14,3
CMP_0008718,CUST_08266,2024-10-21,Fees,Phone,8,5
CMP_0008719,CUST_03941,2022-05-30,Service,Digital,11,3
CMP_0008720,CUST_01694,2025-09-30,Service,Branch,11,5
CMP_0008721,CUST_05224,2024-02-28,Service,Phone,62,5
CMP_0008722,CUST_05863,2022-06-09,Service,Digital,4,2
CMP_0008723,CUST_00500,2024-12-27,KYC,Branch,1,3
CMP_0008724,CUST_04025,2023-04-11,Fees,Phone,26,1
CMP_0008725,CUST_01399,2022-10-07,Fees,Branch,15,5
CMP_0008726,CUST_09759,2022-02-14,Fees,Phone,3,4
CMP_0008727,CUST_08650,2025-09-03,Service,Phone,11,3
CMP_0008728,CUST_02546,2024-05-02,Service,Digital,1,4
CMP_0008729,CUST_02915,2022-12-21,KYC,Digital,16,4
CMP_0008730,CUST_04387,2025-07-19,Fees,Branch,5,3
CMP_0008731,CUST_09540,2023-11-03,Service,Branch,2,5
CMP_0008732,CUST_03922,2024-01-05,Service,Digital,1,5
CMP_0008733,CUST_01220,2023-10-13,Service,Digital,5,5
CMP_0008734,CUST_08774,2024-11-06,Service,Phone,2,4
CMP_0008735,CUST_04072,2025-02-13,Fees,Branch,6,3
CMP_0008736,CUST_09169,2026-01-11,Fees,Phone,15,4
CMP_0008737,CUST_07319,2022-12-14,Fees,Phone,1,2
CMP_0008738,CUST_00792,2023-06-11,Service,Digital,7,2
CMP_0008739,CUST_03727,2023-04-29,Service,Phone,7,3
CMP_0008740,CUST_00155,2022-08-16,Fees,Digital,2,4
CMP_0008741,CUST_00062,2024-04-11,Fees,Phone,12,5
CMP_0008742,CUST_01937,2025-08-16,Fees,Digital,1,3
CMP_0008743,CUST_05671,2022-10-29,Service,Digital,7,4
CMP_0008744,CUST_10186,2025-04-19,Service,Branch,10,4
CMP_0008745,CUST_03677,2023-06-23,Fraud,Digital,9,4
CMP_0008746,CUST_02882,2022-10-09,Service,Digital,4,4
CMP_0008747,CUST_03266,2024-01-11,Fees,Digital,3,5
CMP_0008748,CUST_05933,2023-09-22,Fees,Branch,8,5
CMP_0008749,CUST_00592,2025-05-22,Service,Phone,2,4
CMP_0008750,CUST_03602,2024-05-05,Service,Digital,3,5
CMP_0008751,CUST_06352,2024-10-22,Fees,Phone,11,4
CMP_0008752,CUST_03527,2022-03-01,Fees,Digital,5,5
CMP_0008753,CUST_10096,2024-06-30,Service,Phone,12,3
CMP_0008754,CUST_00969,2025-11-10,Service,Branch,9,3
CMP_0008755,CUST_03055,2025-05-17,Service,Digital,6,5
CMP_0008756,CUST_08187,2022-11-16,Fees,Digital,6,1
CMP_0008757,CUST_05999,2022-04-14,Fees,Branch,3,4
CMP_0008758,CUST_05229,2022-05-18,KYC,Branch,6,5
CMP_0008759,CUST_09488,2022-02-08,Fraud,Branch,9,5
CMP_0008760,CUST_09872,2025-07-04,Service,Branch,5,2
CMP_0008761,CUST_07620,2022-06-21,KYC,Digital,3,3
CMP_0008762,CUST_10152,2024-11-18,Fees,Branch,11,4
CMP_0008763,CUST_09231,2024-08-23,Fees,Phone,24,5
CMP_0008764,CUST_02025,2022-10-07,Fraud,Digital,12,4
CMP_0008765,CUST_01203,2023-08-12,Fees,Phone,3,5
CMP_0008766,CUST_04669,2025-01-07,Fees,Branch,2,5
CMP_0008767,CUST_03749,2024-07-22,Fees,Branch,9,3
CMP_0008768,CUST_00532,2024-03-03,Service,Digital,1,3
CMP_0008769,CUST_08175,2023-12-31,Service,Phone,4,5
CMP_0008770,CUST_09572,2024-05-03,KYC,Phone,4,4
CMP_0008771,CUST_02752,2024-11-14,Fees,Branch,6,4
CMP_0008772,CUST_02228,2023-10-14,Service,Branch,6,4
CMP_0008773,CUST_05997,2026-02-28,Service,Phone,11,4
CMP_0008774,CUST_02249,2026-04-05,Fees,Digital,17,5
CMP_0008775,CUST_08172,2024-08-02,Fees,Digital,8,5
CMP_0008776,CUST_05902,2023-04-07,Service,Digital,6,4
CMP_0008777,CUST_07918,2024-03-31,KYC,Digital,2,4
CMP_0008778,CUST_03544,2024-06-21,Service,Phone,11,3
CMP_0008779,CUST_01380,2024-11-02,Service,Digital,18,4
CMP_0008780,CUST_05878,2023-01-30,Fees,Branch,4,3
CMP_0008781,CUST_07471,2025-04-21,Service,Branch,2,4
CMP_0008782,CUST_05726,2024-09-30,Service,Digital,1,5
CMP_0008783,CUST_03726,2023-09-05,Service,Phone,2,4
CMP_0008784,CUST_02446,2023-10-12,Fees,Phone,2,5
CMP_0008785,CUST_02799,2026-06-24,Service,Phone,1,2
CMP_0008786,CUST_08144,2023-03-21,KYC,Phone,8,4
CMP_0008787,CUST_01234,2026-05-31,KYC,Branch,1,5
CMP_0008788,CUST_06481,2022-02-20,Service,Phone,14,5
CMP_0008789,CUST_05941,2026-07-09,Service,Phone,3,5
CMP_0008790,CUST_08734,2026-03-09,Service,Digital,9,3
CMP_0008791,CUST_07467,2022-10-20,Fees,Branch,6,3
CMP_0008792,CUST_06502,2023-01-15,Service,Digital,10,4
CMP_0008793,CUST_03422,2025-05-30,Service,Branch,9,5
CMP_0008794,CUST_07480,2022-03-06,Fees,Branch,1,4
CMP_0008795,CUST_01283,2022-10-14,Fees,Phone,3,2
CMP_0008796,CUST_00099,2022-03-22,Fees,Phone,13,5
CMP_0008797,CUST_04241,2024-03-13,Service,Phone,10,3
CMP_0008798,CUST_01304,2025-01-10,KYC,Digital,3,3
CMP_0008799,CUST_08006,2023-11-06,Service,Digital,7,5
CMP_0008800,CUST_04378,2025-11-05,Fraud,Digital,16,3
CMP_0008801,CUST_09513,2024-01-02,Fees,Digital,2,2
CMP_0008802,CUST_03587,2025-06-25,Fees,Branch,40,5
CMP_0008803,CUST_07310,2022-10-12,KYC,Branch,5,3
CMP_0008804,CUST_05369,2023-04-22,Service,Branch,5,1
CMP_0008805,CUST_02760,2025-06-21,Service,Branch,3,2
CMP_0008806,CUST_02925,2025-11-06,KYC,Digital,9,4
CMP_0008807,CUST_09110,2022-11-08,Fees,Phone,71,5
CMP_0008808,CUST_01120,2025-02-08,Fraud,Phone,1,1
CMP_0008809,CUST_00941,2023-03-05,KYC,Branch,4,3
CMP_0008810,CUST_06423,2025-08-01,Service,Digital,3,2
CMP_0008811,CUST_00511,2024-08-11,KYC,Phone,1,5
CMP_0008812,CUST_07464,2023-11-14,Service,Digital,3,3
CMP_0008813,CUST_06149,2024-08-02,Fees,Branch,55,5
CMP_0008814,CUST_07190,2024-06-06,Fees,Digital,1,5
CMP_0008815,CUST_06277,2024-12-07,Service,Phone,10,4
CMP_0008816,CUST_06816,2023-03-20,KYC,Digital,10,4
CMP_0008817,CUST_03193,2024-09-29,Service,Digital,5,5
CMP_0008818,CUST_08376,2024-01-24,Fees,Branch,1,4
CMP_0008819,CUST_02711,2026-01-06,KYC,Digital,3,5
CMP_0008820,CUST_03103,2022-05-18,Service,Phone,2,5
CMP_0008821,CUST_09310,2025-05-14,Fees,Branch,6,5
CMP_0008822,CUST_03872,2022-07-17,Service,Branch,12,4
CMP_0008823,CUST_06524,2025-02-13,Fees,Branch,4,5
CMP_0008824,CUST_07948,2025-08-19,Service,Branch,3,4
CMP_0008825,CUST_06305,2023-09-13,Fees,Phone,38,5
CMP_0008826,CUST_10194,2023-12-26,KYC,Phone,10,5
CMP_0008827,CUST_01012,2023-09-02,Service,Phone,4,5
CMP_0008828,CUST_00176,2024-10-04,Service,Phone,3,3
CMP_0008829,CUST_02965,2022-04-17,KYC,Digital,6,5
CMP_0008830,CUST_01303,2024-08-27,Fees,Digital,11,1
CMP_0008831,CUST_04160,2022-06-05,KYC,Branch,7,5
CMP_0008832,CUST_08242,2024-06-29,Fees,Digital,6,4
CMP_0008833,CUST_00463,2025-07-17,KYC,Phone,6,5
CMP_0008834,CUST_08174,2025-09-24,Fraud,Digital,2,2
CMP_0008835,CUST_06862,2024-11-30,KYC,Phone,7,5
CMP_0008836,CUST_01246,2022-12-11,Fees,Phone,4,2
CMP_0008837,CUST_04195,2023-12-25,Service,Digital,1,4
CMP_0008838,CUST_02832,2023-10-20,Fees,Branch,39,1
CMP_0008839,CUST_04172,2024-10-27,Fees,Branch,37,2
CMP_0008840,CUST_04409,2023-08-16,Service,Digital,8,5
CMP_0008841,CUST_07998,2025-02-07,Service,Digital,7,5
CMP_0008842,CUST_04070,2023-02-19,Service,Phone,8,5
CMP_0008843,CUST_08208,2024-11-18,Fees,Digital,3,5
CMP_0008844,CUST_00070,2023-11-07,KYC,Phone,12,4
CMP_0008845,CUST_08615,2022-04-03,Fees,Digital,5,4
CMP_0008846,CUST_00894,2026-02-17,Service,Branch,11,4
CMP_0008847,CUST_03044,2023-06-18,Fraud,Branch,8,4
CMP_0008848,CUST_07752,2022-01-19,Service,Branch,3,4
CMP_0008849,CUST_08884,2023-06-06,Service,Phone,1,5
CMP_0008850,CUST_08612,2024-02-19,Service,Digital,1,3
CMP_0008851,CUST_00395,2026-01-05,Fees,Phone,2,3
CMP_0008852,CUST_06741,2023-04-17,Fees,Branch,2,4
CMP_0008853,CUST_09334,2024-11-28,KYC,Digital,3,5
CMP_0008854,CUST_06464,2024-12-25,Fees,Phone,5,4
CMP_0008855,CUST_07401,2025-01-28,Fees,Branch,3,5
CMP_0008856,CUST_00843,2024-10-25,Fraud,Branch,6,3
CMP_0008857,CUST_06288,2024-03-15,Fees,Digital,4,5
CMP_0008858,CUST_08201,2022-10-13,KYC,Branch,13,5
CMP_0008859,CUST_00247,2022-01-13,Service,Phone,17,3
CMP_0008860,CUST_06612,2022-07-11,Service,Digital,3,4
CMP_0008861,CUST_07166,2022-08-23,Fraud,Digital,11,4
CMP_0008862,CUST_03525,2022-07-21,Fraud,Phone,7,2
CMP_0008863,CUST_05258,2026-06-28,Fraud,Branch,4,2
CMP_0008864,CUST_01409,2023-11-23,Fees,Digital,2,5
CMP_0008865,CUST_07485,2022-05-16,Service,Phone,4,4
CMP_0008866,CUST_04476,2025-09-28,Service,Digital,10,2
CMP_0008867,CUST_05616,2022-08-16,Service,Branch,1,1
CMP_0008868,CUST_09746,2023-10-05,Fees,Digital,2,4
CMP_0008869,CUST_03187,2024-08-07,Fees,Digital,9,5
CMP_0008870,CUST_07043,2022-10-27,Service,Digital,3,5
CMP_0008871,CUST_00905,2026-03-29,KYC,Phone,3,4
CMP_0008872,CUST_04179,2025-10-11,Fraud,Phone,5,4
CMP_0008873,CUST_08596,2024-11-02,Service,Branch,8,3
CMP_0008874,CUST_03418,2024-04-01,Service,Digital,12,4
CMP_0008875,CUST_00578,2026-04-14,Fees,Branch,4,5
CMP_0008876,CUST_09849,2025-11-30,Fees,Digital,5,3
CMP_0008877,CUST_07541,2023-06-23,KYC,Branch,9,4
CMP_0008878,CUST_06618,2026-02-02,Fees,Branch,42,2
CMP_0008879,CUST_03543,2024-02-22,Fees,Phone,1,4
CMP_0008880,CUST_05106,2023-09-27,Fraud,Phone,43,4
CMP_0008881,CUST_03349,2022-06-29,Fees,Digital,15,4
CMP_0008882,CUST_02457,2024-01-06,Fees,Phone,6,4
CMP_0008883,CUST_00430,2025-02-11,Service,Branch,1,5
CMP_0008884,CUST_06958,2022-08-06,Fees,Phone,28,2
CMP_0008885,CUST_09141,2026-07-05,Fees,Phone,8,2
CMP_0008886,CUST_07111,2024-05-18,Service,Branch,1,1
CMP_0008887,CUST_01208,2022-08-18,Service,Digital,4,4
CMP_0008888,CUST_08192,2025-02-25,Fees,Digital,9,3
CMP_0008889,CUST_10006,2023-07-02,Service,Phone,1,4
CMP_0008890,CUST_04142,2025-04-25,KYC,Digital,12,5
CMP_0008891,CUST_08588,2025-10-05,Fees,Phone,12,3
CMP_0008892,CUST_06690,2025-12-17,Fees,Branch,5,2
CMP_0008893,CUST_09876,2024-02-23,Fees,Branch,11,5
CMP_0008894,CUST_02904,2024-08-18,Service,Branch,2,5
CMP_0008895,CUST_00876,2022-05-19,Fees,Phone,4,3
CMP_0008896,CUST_00756,2025-12-02,Fees,Branch,2,3
CMP_0008897,CUST_02176,2026-07-01,Fees,Phone,71,5
CMP_0008898,CUST_09081,2025-09-29,Service,Branch,1,1
CMP_0008899,CUST_09804,2025-06-05,KYC,Branch,1,3
CMP_0008900,CUST_02994,2026-04-13,Fees,Phone,6,5
CMP_0008901,CUST_04628,2026-02-23,KYC,Digital,3,4
CMP_0008902,CUST_04070,2022-06-15,Fees,Digital,1,4
CMP_0008903,CUST_07200,2025-10-13,Fees,Digital,2,3
CMP_0008904,CUST_04794,2024-09-21,Service,Phone,7,4
CMP_0008905,CUST_05550,2024-12-25,Service,Branch,1,2
CMP_0008906,CUST_02667,2023-05-07,Service,Digital,6,3
CMP_0008907,CUST_07180,2025-09-28,Service,Digital,17,3
CMP_0008908,CUST_07560,2025-05-13,Fees,Branch,4,3
CMP_0008909,CUST_00275,2022-04-25,KYC,Digital,14,4
CMP_0008910,CUST_05364,2022-03-20,Service,Branch,12,4
CMP_0008911,CUST_02017,2024-07-05,Fees,Branch,3,2
CMP_0008912,CUST_06104,2024-11-30,Fees,Phone,5,3
CMP_0008913,CUST_04399,2026-05-04,Fees,Branch,8,5
CMP_0008914,CUST_06012,2023-12-20,Service,Digital,4,5
CMP_0008915,CUST_00264,2022-03-14,Service,Phone,11,2
CMP_0008916,CUST_00285,2022-01-22,Fraud,Branch,6,5
CMP_0008917,CUST_08323,2022-07-29,Fees,Phone,6,3
CMP_0008918,CUST_01374,2023-08-14,Fees,Branch,6,4
CMP_0008919,CUST_01508,2022-02-19,Service,Branch,1,5
CMP_0008920,CUST_01641,2023-11-27,Fraud,Phone,4,2
CMP_0008921,CUST_00231,2023-04-06,Fees,Digital,13,4
CMP_0008922,CUST_04238,2025-02-13,Fees,Digital,10,3
CMP_0008923,CUST_03815,2025-03-05,Service,Branch,3,5
CMP_0008924,CUST_01441,2022-10-31,Fees,Phone,6,4
CMP_0008925,CUST_05787,2023-10-19,KYC,Branch,2,2
CMP_0008926,CUST_04863,2025-11-15,Fees,Digital,5,3
CMP_0008927,CUST_06785,2026-02-17,Service,Branch,5,4
CMP_0008928,CUST_06113,2024-10-30,Fees,Phone,2,1
CMP_0008929,CUST_02390,2025-05-31,Service,Digital,2,4
CMP_0008930,CUST_04627,2026-01-01,Fraud,Phone,14,3
CMP_0008931,CUST_09737,2022-08-01,Service,Phone,7,4
CMP_0008932,CUST_08925,2022-10-23,Service,Branch,2,5
CMP_0008933,CUST_06973,2025-12-02,Service,Phone,6,4
CMP_0008934,CUST_07870,2025-04-30,KYC,Digital,9,3
CMP_0008935,CUST_06416,2023-05-02,Service,Digital,2,5
CMP_0008936,CUST_06352,2023-09-28,KYC,Branch,4,4
CMP_0008937,CUST_03264,2023-04-04,Fees,Branch,4,3
CMP_0008938,CUST_01782,2023-04-08,Service,Branch,7,4
CMP_0008939,CUST_06906,2025-12-20,Fees,Phone,2,5
CMP_0008940,CUST_04626,2022-09-23,KYC,Phone,1,2
CMP_0008941,CUST_07398,2022-01-07,KYC,Phone,44,2
CMP_0008942,CUST_01151,2022-02-14,Fees,Branch,2,4
CMP_0008943,CUST_08650,2024-01-18,Service,Branch,3,4
CMP_0008944,CUST_03535,2026-02-03,Service,Branch,2,3
CMP_0008945,CUST_03114,2025-01-19,Fees,Phone,4,3
CMP_0008946,CUST_02993,2025-10-10,Service,Phone,5,1
CMP_0008947,CUST_01049,2022-12-08,Service,Branch,5,4
CMP_0008948,CUST_03445,2022-12-30,KYC,Branch,11,5
CMP_0008949,CUST_05726,2026-07-16,KYC,Phone,6,5
CMP_0008950,CUST_07457,2024-10-11,Service,Phone,4,4
CMP_0008951,CUST_01043,2022-03-20,KYC,Digital,7,4
CMP_0008952,CUST_02510,2024-12-08,Fees,Digital,10,5
CMP_0008953,CUST_10045,2025-06-05,Service,Phone,12,4
CMP_0008954,CUST_00852,2024-02-20,Fees,Digital,8,5
CMP_0008955,CUST_08466,2023-03-07,Service,Branch,1,5
CMP_0008956,CUST_05947,2025-12-18,Service,Phone,5,2
CMP_0008957,CUST_10188,2025-06-08,KYC,Digital,44,5
CMP_0008958,CUST_06029,2022-12-26,KYC,Branch,1,5
CMP_0008959,CUST_07767,2023-11-14,Service,Digital,1,4
CMP_0008960,CUST_05408,2023-09-10,Service,Digital,19,3
CMP_0008961,CUST_05090,2023-06-03,KYC,Digital,3,4
CMP_0008962,CUST_04768,2026-06-25,Service,Phone,8,1
CMP_0008963,CUST_08618,2022-07-12,Fees,Digital,2,5
CMP_0008964,CUST_00481,2022-08-23,Service,Digital,4,4
CMP_0008965,CUST_05556,2022-12-12,Fees,Branch,5,3
CMP_0008966,CUST_05345,2024-04-19,Fees,Branch,8,5
CMP_0008967,CUST_00513,2026-07-29,Service,Digital,4,4
CMP_0008968,CUST_04490,2022-02-04,Service,Phone,5,5
CMP_0008969,CUST_00356,2022-11-12,Service,Branch,1,5
CMP_0008970,CUST_00967,2025-11-24,Fees,Phone,1,5
CMP_0008971,CUST_09281,2023-09-12,Service,Digital,6,5
CMP_0008972,CUST_01573,2026-04-05,Fees,Phone,18,4
CMP_0008973,CUST_01057,2026-05-31,Service,Digital,9,4
CMP_0008974,CUST_02618,2022-02-03,Fees,Phone,57,1
CMP_0008975,CUST_05283,2026-01-11,Service,Digital,1,4
CMP_0008976,CUST_04650,2023-06-19,Fees,Phone,4,3
CMP_0008977,CUST_03404,2022-05-23,Service,Branch,9,4
CMP_0008978,CUST_01397,2024-01-19,Service,Digital,4,4
CMP_0008979,CUST_03776,2024-10-01,KYC,Digital,3,1
CMP_0008980,CUST_09997,2025-08-09,Service,Branch,3,3
CMP_0008981,CUST_06375,2022-10-19,Fees,Digital,6,3
CMP_0008982,CUST_02834,2025-05-02,Fees,Digital,52,2
CMP_0008983,CUST_09882,2024-12-09,Service,Phone,10,5
CMP_0008984,CUST_00370,2023-10-09,Fraud,Digital,2,4
CMP_0008985,CUST_01178,2023-09-10,Fees,Branch,3,3
CMP_0008986,CUST_07492,2026-07-27,Service,Branch,6,4
CMP_0008987,CUST_07658,2026-06-01,Fees,Digital,8,5
CMP_0008988,CUST_01893,2023-01-04,Fees,Digital,4,3
CMP_0008989,CUST_05212,2025-05-22,Fees,Branch,9,4
CMP_0008990,CUST_03862,2023-05-11,Service,Branch,4,2
CMP_0008991,CUST_03495,2026-01-20,Fees,Phone,6,3
CMP_0008992,CUST_04928,2023-01-30,Fees,Phone,1,5
CMP_0008993,CUST_03342,2022-06-09,Service,Digital,9,4
CMP_0008994,CUST_01587,2023-05-30,Fees,Digital,2,3
CMP_0008995,CUST_04397,2026-01-19,Fees,Branch,6,1
CMP_0008996,CUST_10129,2025-07-09,Service,Branch,5,5
CMP_0008997,CUST_04953,2024-07-18,Service,Digital,5,4
CMP_0008998,CUST_08635,2026-05-26,Service,Digital,12,4
CMP_0008999,CUST_00291,2026-06-10,Service,Branch,6,5
CMP_0009000,CUST_05276,2025-06-24,Service,Branch,5,3
CMP_0009001,CUST_01724,2025-11-22,Fraud,Digital,4,1
CMP_0009002,CUST_07242,2023-03-27,Service,Digital,11,3
CMP_0009003,CUST_09398,2023-06-09,Fees,Branch,9,4
CMP_0009004,CUST_04556,2023-05-04,Fees,Branch,1,3
CMP_0009005,CUST_08579,2022-05-06,Fees,Phone,9,1
CMP_0009006,CUST_05417,2023-06-12,KYC,Branch,11,4
CMP_0009007,CUST_08871,2022-06-23,Fees,Digital,2,5
CMP_0009008,CUST_03497,2026-08-08,Fees,Digital,5,4
CMP_0009009,CUST_00567,2022-02-07,Service,Phone,22,4
CMP_0009010,CUST_04717,2024-08-23,KYC,Digital,6,4
CMP_0009011,CUST_05766,2022-05-22,Service,Branch,12,3
CMP_0009012,CUST_03298,2022-07-13,Service,Digital,2,5
CMP_0009013,CUST_01600,2023-08-20,Fees,Digital,11,5
CMP_0009014,CUST_05971,2023-11-08,Service,Branch,8,3
CMP_0009015,CUST_07874,2026-06-20,Service,Digital,9,4
CMP_0009016,CUST_02511,2024-06-14,Fraud,Branch,2,4
CMP_0009017,CUST_03963,2024-11-21,Service,Phone,1,4
CMP_0009018,CUST_07514,2024-11-12,Fees,Digital,1,5
CMP_0009019,CUST_00308,2025-03-03,Service,Phone,4,2
CMP_0009020,CUST_09230,2025-07-27,Service,Branch,9,4
CMP_0009021,CUST_07257,2024-11-27,Service,Digital,8,3
CMP_0009022,CUST_09965,2026-04-19,Fraud,Digital,1,4
CMP_0009023,CUST_04475,2024-10-26,Fees,Phone,9,3
CMP_0009024,CUST_02371,2022-12-18,KYC,Phone,4,2
CMP_0009025,CUST_02199,2022-08-09,Fees,Digital,10,3
CMP_0009026,CUST_09849,2023-10-01,Fees,Branch,5,4
CMP_0009027,CUST_06868,2024-09-25,Service,Digital,4,2
CMP_0009028,CUST_06264,2022-07-26,KYC,Digital,2,5
CMP_0009029,CUST_02349,2022-05-19,KYC,Digital,7,2
CMP_0009030,CUST_05182,2022-09-06,Fraud,Phone,5,3
CMP_0009031,CUST_01184,2025-03-25,Service,Phone,4,2
CMP_0009032,CUST_01826,2024-06-01,Fees,Digital,1,4
CMP_0009033,CUST_02882,2024-04-10,Fees,Phone,58,1
CMP_0009034,CUST_08924,2023-06-14,Service,Digital,7,5
CMP_0009035,CUST_03763,2024-05-05,Service,Phone,5,4
CMP_0009036,CUST_10070,2024-03-13,Fees,Phone,2,3
CMP_0009037,CUST_00118,2022-08-28,Service,Phone,6,1
CMP_0009038,CUST_04178,2024-05-01,Service,Branch,6,4
CMP_0009039,CUST_06080,2025-08-21,Service,Phone,6,4
CMP_0009040,CUST_07826,2022-05-19,Fees,Phone,6,5
CMP_0009041,CUST_09136,2022-01-20,Service,Phone,10,5
CMP_0009042,CUST_02793,2024-04-04,Service,Branch,4,5
CMP_0009043,CUST_05911,2022-02-02,Service,Phone,4,4
CMP_0009044,CUST_07440,2026-06-01,Service,Digital,7,4
CMP_0009045,CUST_04386,2022-12-01,Fees,Branch,36,3
CMP_0009046,CUST_08077,2024-07-25,Service,Phone,4,1
CMP_0009047,CUST_08070,2025-01-02,KYC,Digital,3,4
CMP_0009048,CUST_04727,2024-03-15,Fees,Digital,5,5
CMP_0009049,CUST_08003,2025-09-15,Service,Phone,2,2
CMP_0009050,CUST_07687,2024-06-21,KYC,Branch,57,4
CMP_0009051,CUST_05261,2026-07-11,Fees,Digital,1,4
CMP_0009052,CUST_08694,2025-12-16,Fees,Branch,2,5
CMP_0009053,CUST_01664,2022-12-19,Fraud,Branch,1,5
CMP_0009054,CUST_03640,2022-01-25,KYC,Digital,12,5
CMP_0009055,CUST_09714,2025-11-30,Fees,Digital,2,1
CMP_0009056,CUST_02153,2025-07-19,Fees,Phone,10,3
CMP_0009057,CUST_03280,2023-07-02,Service,Phone,9,4
CMP_0009058,CUST_07656,2022-05-06,Service,Digital,1,5
CMP_0009059,CUST_04122,2023-01-27,Service,Branch,5,5
CMP_0009060,CUST_04251,2022-12-09,Service,Branch,11,3
CMP_0009061,CUST_02048,2023-02-15,Service,Digital,11,2
CMP_0009062,CUST_08372,2024-12-10,Fees,Digital,5,3
CMP_0009063,CUST_06821,2022-05-29,Fraud,Digital,4,1
CMP_0009064,CUST_05879,2025-09-27,Fees,Digital,10,2
CMP_0009065,CUST_00985,2024-04-29,Fees,Phone,6,2
CMP_0009066,CUST_00605,2024-04-09,KYC,Phone,8,5
CMP_0009067,CUST_02111,2024-12-30,Service,Phone,2,5
CMP_0009068,CUST_04294,2025-09-02,Fees,Phone,6,5
CMP_0009069,CUST_03891,2026-06-08,Service,Branch,7,3
CMP_0009070,CUST_04885,2022-03-06,Service,Branch,12,4
CMP_0009071,CUST_09712,2022-04-26,Service,Branch,4,5
CMP_0009072,CUST_01269,2024-04-20,Fees,Phone,13,4
CMP_0009073,CUST_01231,2025-01-28,Service,Digital,3,5
CMP_0009074,CUST_07449,2026-03-06,KYC,Branch,3,3
CMP_0009075,CUST_01788,2023-08-10,Service,Phone,13,4
CMP_0009076,CUST_05715,2024-10-03,Service,Branch,2,5
CMP_0009077,CUST_05341,2022-01-31,Service,Branch,10,3
CMP_0009078,CUST_04027,2022-02-17,KYC,Phone,21,5
CMP_0009079,CUST_09296,2022-09-22,Service,Phone,1,4
CMP_0009080,CUST_09709,2024-10-13,Service,Phone,5,5
CMP_0009081,CUST_01179,2022-12-30,Fees,Phone,3,5
CMP_0009082,CUST_07713,2026-06-07,Service,Branch,7,4
CMP_0009083,CUST_04745,2025-01-14,Service,Branch,4,4
CMP_0009084,CUST_08067,2025-11-17,Fees,Digital,6,4
CMP_0009085,CUST_03284,2023-09-03,Service,Phone,4,4
CMP_0009086,CUST_08069,2026-01-11,Fees,Branch,4,5
CMP_0009087,CUST_02700,2023-12-12,Fees,Branch,5,5
CMP_0009088,CUST_02135,2023-01-31,KYC,Branch,6,4
CMP_0009089,CUST_05381,2026-01-19,Service,Phone,12,3
CMP_0009090,CUST_03810,2022-07-01,Service,Digital,6,4
CMP_0009091,CUST_05691,2023-02-19,Service,Phone,5,4
CMP_0009092,CUST_07414,2026-06-05,Fees,Branch,10,5
CMP_0009093,CUST_07767,2022-08-11,Fraud,Digital,26,2
CMP_0009094,CUST_05221,2022-10-28,Fees,Branch,2,4
CMP_0009095,CUST_01274,2025-11-06,Fees,Branch,71,1
CMP_0009096,CUST_09295,2023-12-03,Service,Branch,6,5
CMP_0009097,CUST_04990,2022-10-21,Service,Digital,8,3
CMP_0009098,CUST_03512,2024-01-14,Fees,Branch,2,4
CMP_0009099,CUST_06271,2026-06-25,Service,Phone,2,1
CMP_0009100,CUST_04879,2023-09-26,Service,Phone,6,5
CMP_0009101,CUST_09564,2022-05-27,Service,Digital,9,5
CMP_0009102,CUST_00949,2022-10-12,Fees,Digital,9,3
CMP_0009103,CUST_05118,2022-09-05,KYC,Digital,2,4
CMP_0009104,CUST_08103,2023-08-02,Fees,Phone,3,3
CMP_0009105,CUST_07006,2022-05-05,Fees,Branch,1,4
CMP_0009106,CUST_09086,2024-02-02,Service,Branch,6,5
CMP_0009107,CUST_01938,2023-07-19,Service,Digital,12,5
CMP_0009108,CUST_05752,2022-11-21,Service,Branch,9,2
CMP_0009109,CUST_06041,2024-04-25,Fees,Branch,3,5
CMP_0009110,CUST_09606,2022-11-19,Service,Branch,1,4
CMP_0009111,CUST_01203,2023-02-02,Service,Branch,4,5
CMP_0009112,CUST_04013,2022-12-08,Fraud,Phone,13,3
CMP_0009113,CUST_03579,2023-06-22,Service,Digital,6,5
CMP_0009114,CUST_04115,2025-10-26,Service,Branch,8,2
CMP_0009115,CUST_09893,2022-09-27,KYC,Digital,1,2
CMP_0009116,CUST_02393,2023-07-31,KYC,Digital,4,3
CMP_0009117,CUST_08949,2024-05-28,KYC,Phone,12,5
CMP_0009118,CUST_08474,2023-08-01,Service,Digital,7,5
CMP_0009119,CUST_10026,2025-03-03,KYC,Digital,5,4
CMP_0009120,CUST_06354,2026-03-24,Fraud,Digital,17,5
CMP_0009121,CUST_09421,2022-03-10,Service,Branch,4,2
CMP_0009122,CUST_04052,2025-03-18,Fees,Digital,9,4
CMP_0009123,CUST_10070,2022-12-18,Fraud,Digital,3,3
CMP_0009124,CUST_08158,2023-11-19,KYC,Branch,7,5
CMP_0009125,CUST_08782,2022-10-04,Service,Digital,1,4
CMP_0009126,CUST_03348,2023-11-07,Service,Branch,2,5
CMP_0009127,CUST_04549,2024-01-31,Service,Branch,3,5
CMP_0009128,CUST_03112,2025-07-13,KYC,Branch,3,1
CMP_0009129,CUST_04469,2022-07-17,Fees,Branch,70,5
CMP_0009130,CUST_02420,2025-05-04,KYC,Digital,12,3
CMP_0009131,CUST_01912,2025-12-11,KYC,Phone,62,3
CMP_0009132,CUST_06946,2022-08-29,KYC,Phone,50,5
CMP_0009133,CUST_07743,2026-05-07,KYC,Digital,2,2
CMP_0009134,CUST_00298,2025-06-26,Service,Phone,5,4
CMP_0009135,CUST_08823,2024-10-09,Service,Branch,6,5
CMP_0009136,CUST_08363,2024-06-28,Fees,Branch,44,2
CMP_0009137,CUST_00105,2023-02-18,KYC,Branch,1,5
CMP_0009138,CUST_09078,2022-05-15,Fees,Digital,5,4
CMP_0009139,CUST_03027,2022-08-22,Fees,Phone,1,3
CMP_0009140,CUST_03704,2025-03-26,Fees,Branch,1,2
CMP_0009141,CUST_03033,2025-08-01,Service,Phone,8,3
CMP_0009142,CUST_04810,2022-08-10,Fraud,Digital,10,4
CMP_0009143,CUST_00095,2024-02-29,Fees,Phone,9,5
CMP_0009144,CUST_02339,2024-06-20,Service,Branch,11,5
CMP_0009145,CUST_08636,2023-01-14,Service,Phone,10,4
CMP_0009146,CUST_09733,2025-12-04,Fees,Branch,2,4
CMP_0009147,CUST_08879,2024-05-31,Service,Phone,3,4
CMP_0009148,CUST_00892,2026-06-08,Fraud,Phone,4,2
CMP_0009149,CUST_07533,2025-12-10,Service,Branch,8,3
CMP_0009150,CUST_04153,2024-01-24,Service,Digital,4,3
CMP_0009151,CUST_03733,2024-07-16,Fees,Digital,13,4
CMP_0009152,CUST_04003,2025-12-03,Service,Digital,16,3
CMP_0009153,CUST_05867,2024-10-28,Fees,Branch,6,5
CMP_0009154,CUST_02093,2025-11-25,Service,Branch,3,4
CMP_0009155,CUST_04975,2025-09-25,Service,Phone,9,3
CMP_0009156,CUST_00115,2023-02-04,KYC,Phone,21,3
CMP_0009157,CUST_00209,2026-07-12,Service,Phone,6,2
CMP_0009158,CUST_08378,2025-09-14,Service,Digital,6,5
CMP_0009159,CUST_00992,2023-03-18,KYC,Digital,3,5
CMP_0009160,CUST_07837,2024-12-03,KYC,Phone,5,3
CMP_0009161,CUST_03412,2025-08-06,Fees,Digital,8,4
CMP_0009162,CUST_01904,2023-05-02,Service,Phone,13,5
CMP_0009163,CUST_00723,2025-07-13,Service,Branch,4,4
CMP_0009164,CUST_03225,2023-01-02,Fees,Phone,8,5
CMP_0009165,CUST_06750,2025-02-15,Service,Branch,7,3
CMP_0009166,CUST_07097,2022-09-16,Service,Phone,1,3
CMP_0009167,CUST_01477,2026-04-07,Service,Branch,3,5
CMP_0009168,CUST_06125,2024-06-07,Fees,Phone,1,4
CMP_0009169,CUST_06317,2025-07-05,Service,Digital,4,4
CMP_0009170,CUST_02185,2023-08-13,Service,Branch,8,2
CMP_0009171,CUST_01197,2026-07-08,Fees,Phone,2,5
CMP_0009172,CUST_05509,2025-10-09,Fees,Digital,10,5
CMP_0009173,CUST_09728,2025-06-27,KYC,Digital,11,2
CMP_0009174,CUST_03327,2024-12-25,KYC,Digital,1,2
CMP_0009175,CUST_09090,2024-07-20,Service,Branch,5,1
CMP_0009176,CUST_08772,2026-05-04,Fees,Digital,4,4
CMP_0009177,CUST_04451,2024-09-07,Fraud,Digital,4,5
CMP_0009178,CUST_04482,2025-11-06,Fees,Phone,4,2
CMP_0009179,CUST_02721,2024-04-04,Fraud,Branch,3,5
CMP_0009180,CUST_01013,2024-02-23,Service,Branch,11,3
CMP_0009181,CUST_09605,2023-02-05,KYC,Digital,1,5
CMP_0009182,CUST_09001,2022-04-19,Fees,Digital,13,3
CMP_0009183,CUST_09432,2026-01-15,Fees,Digital,51,5
CMP_0009184,CUST_03390,2023-06-14,Fraud,Phone,13,3
CMP_0009185,CUST_04068,2022-03-12,Fees,Branch,10,2
CMP_0009186,CUST_00819,2022-05-25,KYC,Digital,2,4
CMP_0009187,CUST_04575,2024-11-30,KYC,Digital,36,4
CMP_0009188,CUST_01466,2023-08-20,Fees,Branch,5,4
CMP_0009189,CUST_09395,2022-08-01,Fraud,Digital,2,3
CMP_0009190,CUST_02826,2025-01-19,Fraud,Digital,2,4
CMP_0009191,CUST_01091,2023-06-23,Service,Digital,4,1
CMP_0009192,CUST_02479,2023-10-13,Fees,Digital,3,4
CMP_0009193,CUST_07547,2024-09-14,Fraud,Digital,5,5
CMP_0009194,CUST_01251,2024-05-02,Service,Phone,5,2
CMP_0009195,CUST_02885,2022-04-27,Fees,Phone,11,5
CMP_0009196,CUST_02093,2024-10-16,Fees,Branch,10,4
CMP_0009197,CUST_06155,2022-11-20,Service,Digital,5,5
CMP_0009198,CUST_03343,2023-12-23,Service,Digital,8,3
CMP_0009199,CUST_03670,2022-05-02,Service,Digital,2,2
CMP_0009200,CUST_02312,2025-01-22,Fees,Phone,15,4
CMP_0009201,CUST_08033,2023-06-30,Service,Digital,1,4
CMP_0009202,CUST_00427,2024-07-10,Service,Branch,65,3
CMP_0009203,CUST_07421,2026-06-18,Fees,Branch,13,1
CMP_0009204,CUST_01452,2025-05-29,Fees,Branch,40,3
CMP_0009205,CUST_00963,2022-05-03,Service,Branch,2,5
CMP_0009206,CUST_04797,2023-12-09,KYC,Digital,7,2
CMP_0009207,CUST_09277,2026-06-18,Fees,Digital,4,4
CMP_0009208,CUST_01182,2023-09-23,Service,Digital,15,5
CMP_0009209,CUST_04466,2025-06-19,Service,Branch,2,5
CMP_0009210,CUST_06661,2026-01-07,KYC,Phone,2,4
CMP_0009211,CUST_01904,2023-06-07,Fees,Branch,5,3
CMP_0009212,CUST_02686,2022-12-05,Fraud,Digital,4,5
CMP_0009213,CUST_07796,2026-06-11,Service,Phone,4,5
CMP_0009214,CUST_01886,2023-11-12,Fraud,Digital,4,2
CMP_0009215,CUST_08682,2022-11-21,Fees,Digital,5,1
CMP_0009216,CUST_03517,2024-04-09,Service,Digital,66,5
CMP_0009217,CUST_07513,2023-11-16,Service,Phone,3,4
CMP_0009218,CUST_04506,2025-02-01,Fraud,Branch,12,4
CMP_0009219,CUST_03120,2024-05-19,Fees,Branch,3,4
CMP_0009220,CUST_04076,2026-01-06,Fees,Branch,8,4
CMP_0009221,CUST_03818,2024-08-15,Fees,Branch,4,3
CMP_0009222,CUST_00861,2026-01-26,Service,Digital,4,2
CMP_0009223,CUST_07407,2025-08-17,KYC,Phone,4,3
CMP_0009224,CUST_04503,2026-06-13,Fraud,Branch,10,1
CMP_0009225,CUST_05983,2022-07-03,Service,Phone,16,3
CMP_0009226,CUST_01320,2025-02-03,KYC,Phone,6,5
CMP_0009227,CUST_05848,2026-05-24,Fees,Branch,7,2
CMP_0009228,CUST_08095,2025-05-30,Service,Phone,3,4
CMP_0009229,CUST_09775,2023-05-10,Fees,Branch,10,1
CMP_0009230,CUST_01588,2026-06-01,Service,Digital,2,2
CMP_0009231,CUST_06808,2023-12-28,Fees,Branch,4,4
CMP_0009232,CUST_09162,2023-07-28,Service,Phone,4,3
CMP_0009233,CUST_03611,2025-08-17,Service,Phone,14,3
CMP_0009234,CUST_07328,2024-04-13,KYC,Branch,7,3
CMP_0009235,CUST_01787,2022-07-06,Fees,Digital,7,5
CMP_0009236,CUST_05848,2025-04-11,Service,Digital,12,2
CMP_0009237,CUST_03995,2026-04-11,Fees,Phone,3,4
CMP_0009238,CUST_05982,2022-09-03,KYC,Branch,1,4
CMP_0009239,CUST_03004,2024-02-26,Fees,Digital,17,2
CMP_0009240,CUST_03102,2024-04-29,Service,Branch,2,4
CMP_0009241,CUST_09685,2022-05-28,Fees,Branch,6,1
CMP_0009242,CUST_05232,2022-01-11,KYC,Branch,11,2
CMP_0009243,CUST_03789,2023-12-12,Fees,Digital,2,5
CMP_0009244,CUST_01599,2022-06-07,Service,Digital,3,4
CMP_0009245,CUST_03015,2026-04-21,Service,Branch,6,1
CMP_0009246,CUST_05018,2025-05-08,Service,Digital,4,5
CMP_0009247,CUST_00291,2022-06-03,KYC,Phone,7,1
CMP_0009248,CUST_00856,2026-05-05,KYC,Digital,2,1
CMP_0009249,CUST_07785,2023-06-04,Fees,Branch,59,3
CMP_0009250,CUST_03968,2023-01-10,Fees,Digital,2,5
CMP_0009251,CUST_08276,2022-04-27,KYC,Digital,4,4
CMP_0009252,CUST_01623,2022-03-28,KYC,Digital,3,5
CMP_0009253,CUST_02249,2022-01-22,Service,Phone,1,5
CMP_0009254,CUST_01719,2022-11-29,Fraud,Digital,2,5
CMP_0009255,CUST_00005,2023-03-04,Service,Branch,3,3
CMP_0009256,CUST_05453,2026-03-15,Fraud,Branch,2,2
CMP_0009257,CUST_05722,2024-09-04,Fees,Branch,24,2
CMP_0009258,CUST_03666,2025-02-27,Fees,Digital,7,3
CMP_0009259,CUST_05863,2024-05-30,Service,Branch,3,4
CMP_0009260,CUST_02784,2022-12-22,Service,Digital,7,5
CMP_0009261,CUST_03679,2023-06-29,Service,Phone,9,2
CMP_0009262,CUST_05109,2023-12-04,KYC,Branch,1,5
CMP_0009263,CUST_05557,2022-09-10,KYC,Phone,8,4
CMP_0009264,CUST_00598,2023-03-12,Service,Phone,2,3
CMP_0009265,CUST_03473,2026-07-23,Service,Digital,4,3
CMP_0009266,CUST_03422,2026-02-05,Fraud,Digital,13,5
CMP_0009267,CUST_00595,2026-07-15,Fees,Digital,9,4
CMP_0009268,CUST_00990,2025-12-25,Fraud,Digital,1,4
CMP_0009269,CUST_06955,2026-07-18,Fees,Digital,7,3
CMP_0009270,CUST_05231,2025-05-06,Service,Branch,3,3
CMP_0009271,CUST_08472,2024-02-07,KYC,Digital,6,3
CMP_0009272,CUST_03759,2024-06-01,Fees,Phone,13,3
CMP_0009273,CUST_03370,2022-03-31,KYC,Phone,3,4
CMP_0009274,CUST_00523,2025-07-10,Service,Phone,4,3
CMP_0009275,CUST_08191,2024-10-31,Service,Branch,7,3
CMP_0009276,CUST_00802,2024-08-07,Service,Branch,4,5
CMP_0009277,CUST_03097,2025-12-05,Fees,Branch,4,5
CMP_0009278,CUST_02019,2022-01-28,KYC,Phone,3,4
CMP_0009279,CUST_09474,2022-03-18,Fraud,Phone,4,4
CMP_0009280,CUST_08313,2022-05-03,KYC,Digital,8,3
CMP_0009281,CUST_01006,2023-12-28,Service,Phone,2,2
CMP_0009282,CUST_01657,2023-03-05,Service,Phone,3,3
CMP_0009283,CUST_03797,2025-08-21,Fees,Branch,6,1
CMP_0009284,CUST_08704,2022-07-31,KYC,Phone,6,5
CMP_0009285,CUST_01643,2025-11-23,KYC,Digital,4,3
CMP_0009286,CUST_02029,2024-02-03,Service,Digital,3,3
CMP_0009287,CUST_09860,2026-04-03,Fees,Digital,5,2
CMP_0009288,CUST_02133,2023-04-18,Service,Phone,3,4
CMP_0009289,CUST_09842,2023-04-22,Fees,Branch,10,5
CMP_0009290,CUST_08059,2022-01-16,Service,Phone,6,4
CMP_0009291,CUST_00112,2022-06-18,Fees,Branch,8,5
CMP_0009292,CUST_02128,2024-02-27,Service,Branch,5,5
CMP_0009293,CUST_03717,2023-07-13,KYC,Phone,8,5
CMP_0009294,CUST_08713,2025-11-25,Service,Phone,3,3
CMP_0009295,CUST_05341,2024-01-08,Fees,Phone,26,5
CMP_0009296,CUST_04376,2026-05-09,Service,Branch,4,5
CMP_0009297,CUST_06215,2025-05-02,Service,Digital,1,5
CMP_0009298,CUST_07407,2023-12-11,Fees,Phone,5,1
CMP_0009299,CUST_04376,2023-03-12,Fees,Digital,7,1
CMP_0009300,CUST_09502,2026-07-12,Service,Phone,12,1
CMP_0009301,CUST_08092,2025-08-12,Fees,Digital,3,3
CMP_0009302,CUST_05564,2023-08-30,Service,Phone,3,4
CMP_0009303,CUST_09374,2022-02-16,Fees,Branch,11,5
CMP_0009304,CUST_01184,2025-08-27,Fraud,Branch,3,4
CMP_0009305,CUST_01381,2023-05-07,Fees,Digital,13,1
CMP_0009306,CUST_03836,2026-06-28,Service,Phone,1,4
CMP_0009307,CUST_03688,2023-01-06,KYC,Phone,1,5
CMP_0009308,CUST_08028,2022-12-26,Fees,Phone,1,4
CMP_0009309,CUST_06092,2025-11-20,Fees,Branch,4,3
CMP_0009310,CUST_02819,2022-12-17,KYC,Branch,14,3
CMP_0009311,CUST_06488,2025-08-19,Fraud,Digital,5,4
CMP_0009312,CUST_00489,2025-05-02,Service,Phone,4,2
CMP_0009313,CUST_03807,2023-05-03,Service,Branch,10,5
CMP_0009314,CUST_03371,2025-01-22,KYC,Digital,9,4
CMP_0009315,CUST_09237,2023-08-19,Service,Digital,15,3
CMP_0009316,CUST_03281,2025-02-26,Fees,Digital,7,1
CMP_0009317,CUST_05678,2026-04-03,KYC,Phone,9,5
CMP_0009318,CUST_02250,2024-12-05,Fraud,Branch,19,5
CMP_0009319,CUST_05231,2022-10-04,Fees,Digital,7,4
CMP_0009320,CUST_09635,2022-06-20,Service,Branch,5,5
CMP_0009321,CUST_07583,2023-08-19,KYC,Phone,17,4
CMP_0009322,CUST_07194,2022-11-21,KYC,Digital,5,5
CMP_0009323,CUST_03833,2026-03-19,Service,Branch,3,2
CMP_0009324,CUST_05075,2024-06-16,Fees,Phone,7,4
CMP_0009325,CUST_05602,2023-03-14,KYC,Phone,5,5
CMP_0009326,CUST_07855,2025-08-25,Service,Digital,19,2
CMP_0009327,CUST_03117,2026-04-22,Fraud,Branch,8,4
CMP_0009328,CUST_08669,2026-01-19,Service,Phone,8,2
CMP_0009329,CUST_09216,2023-05-12,Fees,Branch,8,5
CMP_0009330,CUST_01838,2022-01-14,Service,Branch,9,1
CMP_0009331,CUST_03331,2022-09-14,Fees,Branch,11,4
CMP_0009332,CUST_00924,2022-02-04,Service,Branch,2,2
CMP_0009333,CUST_03705,2025-03-03,Fees,Phone,11,4
CMP_0009334,CUST_09267,2025-03-20,Fraud,Digital,1,4
CMP_0009335,CUST_07267,2025-07-30,Service,Phone,6,4
CMP_0009336,CUST_00682,2024-05-28,Service,Branch,4,3
CMP_0009337,CUST_10118,2023-10-29,KYC,Branch,21,4
CMP_0009338,CUST_03984,2025-06-23,Fees,Digital,24,2
CMP_0009339,CUST_01413,2025-07-08,KYC,Branch,7,5
CMP_0009340,CUST_09572,2026-05-19,Service,Phone,7,2
CMP_0009341,CUST_04994,2022-04-13,Service,Phone,5,4
CMP_0009342,CUST_09969,2025-10-30,KYC,Phone,6,4
CMP_0009343,CUST_08674,2022-03-22,Service,Digital,10,5
CMP_0009344,CUST_03590,2025-01-27,Service,Branch,8,3
CMP_0009345,CUST_06860,2022-08-06,Fraud,Digital,17,4
CMP_0009346,CUST_02329,2026-01-21,Fees,Digital,2,2
CMP_0009347,CUST_09636,2022-03-13,Fees,Digital,6,4
CMP_0009348,CUST_00440,2022-10-10,Service,Branch,1,5
CMP_0009349,CUST_09673,2024-09-03,Fees,Digital,3,4
CMP_0009350,CUST_09436,2024-03-07,Fees,Digital,8,4
CMP_0009351,CUST_07106,2025-10-27,Fees,Phone,5,4
CMP_0009352,CUST_01119,2024-03-01,Fraud,Phone,16,5
CMP_0009353,CUST_08650,2023-07-12,Service,Branch,2,4
CMP_0009354,CUST_06338,2024-07-03,Service,Phone,7,4
CMP_0009355,CUST_08511,2024-09-06,Service,Digital,5,4
CMP_0009356,CUST_04473,2023-06-24,Fees,Digital,6,3
CMP_0009357,CUST_08224,2026-06-06,Service,Branch,3,5
CMP_0009358,CUST_04100,2026-06-19,Service,Digital,7,2
CMP_0009359,CUST_06973,2022-07-18,Fees,Branch,8,5
CMP_0009360,CUST_04738,2023-05-14,Service,Digital,1,4
CMP_0009361,CUST_04521,2025-07-01,Service,Phone,8,4
CMP_0009362,CUST_05369,2024-08-24,KYC,Digital,11,5
CMP_0009363,CUST_03239,2025-11-18,Fees,Digital,3,3
CMP_0009364,CUST_00100,2024-01-18,Fees,Digital,3,4
CMP_0009365,CUST_00990,2023-10-02,Service,Branch,12,4
CMP_0009366,CUST_09956,2026-03-28,Fees,Digital,18,4
CMP_0009367,CUST_03054,2022-07-18,Service,Digital,7,5
CMP_0009368,CUST_07606,2023-08-12,Fees,Digital,1,5
CMP_0009369,CUST_09183,2022-02-26,Service,Digital,5,2
CMP_0009370,CUST_09922,2024-04-06,Service,Branch,1,5
CMP_0009371,CUST_02739,2023-12-08,Service,Branch,8,5
CMP_0009372,CUST_05894,2022-03-17,Service,Digital,1,1
CMP_0009373,CUST_07066,2025-04-08,Fees,Digital,20,2
CMP_0009374,CUST_00456,2025-01-06,Service,Digital,11,4
CMP_0009375,CUST_03701,2026-03-09,Fees,Branch,8,3
CMP_0009376,CUST_09091,2026-05-10,Fees,Digital,9,5
CMP_0009377,CUST_00520,2023-03-15,Fees,Phone,51,2
CMP_0009378,CUST_02450,2023-11-12,Service,Phone,6,4
CMP_0009379,CUST_00859,2026-05-22,Service,Phone,4,4
CMP_0009380,CUST_00230,2023-12-10,Service,Digital,3,2
CMP_0009381,CUST_04331,2025-01-10,Service,Phone,4,3
CMP_0009382,CUST_09685,2023-05-06,Fraud,Digital,9,3
CMP_0009383,CUST_08429,2024-02-27,KYC,Branch,1,3
CMP_0009384,CUST_09371,2023-10-21,Fees,Phone,16,4
CMP_0009385,CUST_02126,2023-09-26,Service,Phone,1,4
CMP_0009386,CUST_07546,2026-04-10,Service,Digital,10,5
CMP_0009387,CUST_03162,2022-09-17,Fees,Phone,13,3
CMP_0009388,CUST_07342,2024-04-03,Fees,Branch,4,5
CMP_0009389,CUST_05390,2022-05-23,KYC,Branch,14,4
CMP_0009390,CUST_08501,2023-01-16,Service,Phone,3,4
CMP_0009391,CUST_09236,2023-04-24,Service,Branch,2,5
CMP_0009392,CUST_08276,2023-09-20,Service,Phone,4,4
CMP_0009393,CUST_03557,2022-03-07,Service,Phone,4,2
CMP_0009394,CUST_04260,2023-02-01,Service,Digital,4,5
CMP_0009395,CUST_03559,2024-02-01,Service,Branch,3,5
CMP_0009396,CUST_08827,2025-10-03,Service,Branch,4,3
CMP_0009397,CUST_00337,2025-10-27,Service,Digital,8,3
CMP_0009398,CUST_08227,2022-04-07,Service,Phone,5,4
CMP_0009399,CUST_00331,2023-08-27,Fees,Phone,4,3
CMP_0009400,CUST_07817,2023-04-23,Service,Branch,6,3
CMP_0009401,CUST_06355,2023-07-27,KYC,Phone,2,2
CMP_0009402,CUST_07816,2024-06-20,Fraud,Branch,6,4
CMP_0009403,CUST_03593,2025-03-10,Fraud,Branch,4,3
CMP_0009404,CUST_02160,2025-09-28,KYC,Phone,1,5
CMP_0009405,CUST_09455,2022-05-30,KYC,Digital,9,4
CMP_0009406,CUST_09714,2022-11-06,Fees,Digital,8,3
CMP_0009407,CUST_08592,2025-07-07,Service,Phone,1,4
CMP_0009408,CUST_02563,2025-05-27,Service,Digital,2,3
CMP_0009409,CUST_00562,2025-02-21,Fraud,Phone,4,5
CMP_0009410,CUST_03458,2024-07-01,KYC,Digital,3,5
CMP_0009411,CUST_04470,2023-02-26,Fraud,Branch,6,5
CMP_0009412,CUST_06389,2024-09-16,KYC,Branch,12,4
CMP_0009413,CUST_08777,2025-01-24,Service,Phone,2,4
CMP_0009414,CUST_08937,2026-01-31,KYC,Digital,3,5
CMP_0009415,CUST_00723,2026-05-16,Service,Phone,5,2
CMP_0009416,CUST_03873,2024-07-16,Fees,Branch,1,5
CMP_0009417,CUST_10170,2024-04-24,Fees,Branch,4,4
CMP_0009418,CUST_05119,2022-01-30,Service,Branch,9,5
CMP_0009419,CUST_03595,2025-02-19,KYC,Branch,4,3
CMP_0009420,CUST_05995,2025-09-06,Service,Phone,3,5
CMP_0009421,CUST_08041,2025-08-11,Fees,Phone,6,4
CMP_0009422,CUST_09934,2024-03-06,Service,Digital,5,4
CMP_0009423,CUST_01197,2024-03-09,Fees,Digital,16,2
CMP_0009424,CUST_02421,2025-04-07,Service,Phone,3,5
CMP_0009425,CUST_09147,2023-04-14,KYC,Digital,2,4
CMP_0009426,CUST_08563,2024-07-19,KYC,Digital,5,1
CMP_0009427,CUST_04830,2022-09-12,Service,Digital,4,4
CMP_0009428,CUST_06413,2022-05-02,Service,Digital,3,4
CMP_0009429,CUST_00357,2022-10-29,Service,Digital,7,4
CMP_0009430,CUST_03089,2023-11-04,Fees,Branch,7,5
CMP_0009431,CUST_00728,2025-11-22,KYC,Branch,2,5
CMP_0009432,CUST_09541,2024-01-18,KYC,Phone,4,5
CMP_0009433,CUST_00852,2024-03-14,Fees,Phone,3,3
CMP_0009434,CUST_02214,2023-07-19,Fees,Branch,9,4
CMP_0009435,CUST_06201,2022-03-25,Fees,Digital,3,4
CMP_0009436,CUST_05712,2024-04-26,Service,Digital,1,4
CMP_0009437,CUST_03126,2025-11-27,Service,Branch,2,3
CMP_0009438,CUST_09648,2024-12-25,Service,Phone,9,2
CMP_0009439,CUST_00631,2024-09-16,Service,Phone,12,4
CMP_0009440,CUST_04798,2026-06-30,Fees,Branch,3,5
CMP_0009441,CUST_03429,2024-07-08,Fees,Branch,3,5
CMP_0009442,CUST_03627,2022-04-27,Service,Phone,20,5
CMP_0009443,CUST_04691,2023-01-05,KYC,Phone,8,5
CMP_0009444,CUST_01500,2022-03-07,Fees,Digital,3,1
CMP_0009445,CUST_08737,2024-02-06,Fees,Branch,14,2
CMP_0009446,CUST_09126,2023-02-13,Service,Digital,10,4
CMP_0009447,CUST_08101,2025-09-09,KYC,Phone,8,2
CMP_0009448,CUST_01986,2025-08-23,Fees,Phone,4,3
CMP_0009449,CUST_00050,2024-10-04,Service,Phone,3,3
CMP_0009450,CUST_04964,2024-03-01,Fees,Phone,3,5
CMP_0009451,CUST_02178,2023-03-29,Fees,Branch,19,2
CMP_0009452,CUST_01054,2022-03-22,KYC,Phone,17,3
CMP_0009453,CUST_08488,2023-07-09,Fees,Branch,7,5
CMP_0009454,CUST_02246,2025-10-03,KYC,Branch,11,5
CMP_0009455,CUST_06328,2026-04-03,Service,Phone,4,4
CMP_0009456,CUST_06603,2026-04-20,Fraud,Digital,4,4
CMP_0009457,CUST_05390,2025-10-07,Service,Phone,11,2
CMP_0009458,CUST_05055,2022-04-19,Service,Branch,4,3
CMP_0009459,CUST_04285,2022-02-05,Service,Digital,22,4
CMP_0009460,CUST_04446,2022-07-16,Fees,Branch,9,5
CMP_0009461,CUST_02190,2022-10-26,Fees,Branch,15,4
CMP_0009462,CUST_02547,2025-09-06,Service,Digital,2,4
CMP_0009463,CUST_03098,2022-05-14,Service,Branch,24,2
CMP_0009464,CUST_05850,2024-06-24,Service,Digital,6,3
CMP_0009465,CUST_07880,2025-02-03,Fees,Digital,5,5
CMP_0009466,CUST_01577,2023-12-29,Service,Phone,6,3
CMP_0009467,CUST_01883,2023-07-10,Service,Digital,10,5
CMP_0009468,CUST_07744,2025-06-06,Fees,Branch,12,5
CMP_0009469,CUST_00744,2022-12-22,Service,Branch,8,1
CMP_0009470,CUST_06720,2025-08-25,Fees,Branch,2,3
CMP_0009471,CUST_10049,2023-04-14,KYC,Branch,4,4
CMP_0009472,CUST_05295,2026-06-08,Service,Phone,4,3
CMP_0009473,CUST_06013,2022-08-19,Service,Phone,5,1
CMP_0009474,CUST_08212,2022-02-15,Fees,Branch,6,4
CMP_0009475,CUST_08733,2022-08-20,Fees,Phone,3,3
CMP_0009476,CUST_06585,2024-01-15,Service,Digital,5,5
CMP_0009477,CUST_06825,2022-04-09,Service,Digital,6,5
CMP_0009478,CUST_08220,2026-04-05,Fees,Branch,22,1
CMP_0009479,CUST_03656,2024-08-19,Fraud,Digital,6,3
CMP_0009480,CUST_01963,2025-03-15,KYC,Phone,8,3
CMP_0009481,CUST_02991,2023-10-28,Fraud,Branch,2,4
CMP_0009482,CUST_08926,2025-11-03,Fees,Digital,9,4
CMP_0009483,CUST_06275,2026-07-02,KYC,Digital,2,5
CMP_0009484,CUST_00239,2026-01-20,Fees,Branch,1,4
CMP_0009485,CUST_08782,2023-07-05,Fees,Branch,4,5
CMP_0009486,CUST_01448,2024-11-03,Service,Branch,2,5
CMP_0009487,CUST_05287,2024-08-06,Fees,Phone,8,2
CMP_0009488,CUST_06744,2025-10-10,KYC,Branch,3,3
CMP_0009489,CUST_07588,2024-09-22,Service,Digital,66,3
CMP_0009490,CUST_04711,2022-11-19,Fees,Branch,8,4
CMP_0009491,CUST_03571,2024-11-22,Fees,Phone,8,4
CMP_0009492,CUST_01052,2022-03-02,Fees,Branch,3,5
CMP_0009493,CUST_07714,2022-03-09,Fees,Phone,2,4
CMP_0009494,CUST_05477,2022-03-31,Fees,Branch,32,1
CMP_0009495,CUST_00253,2024-11-28,Fees,Branch,8,5
CMP_0009496,CUST_05546,2022-04-26,Fees,Digital,6,2
CMP_0009497,CUST_00018,2023-11-10,Service,Branch,5,3
CMP_0009498,CUST_04466,2022-05-29,Fees,Phone,4,4
CMP_0009499,CUST_01133,2026-02-07,Service,Digital,1,3
CMP_0009500,CUST_07178,2024-06-22,Service,Branch,1,5
CMP_0009501,CUST_09640,2025-02-03,Service,Digital,6,3
CMP_0009502,CUST_07849,2024-03-05,KYC,Phone,9,4
CMP_0009503,CUST_04118,2025-02-06,Fees,Digital,13,1
CMP_0009504,CUST_03212,2026-06-12,Service,Phone,40,2
CMP_0009505,CUST_05069,2024-11-16,Service,Branch,68,5
CMP_0009506,CUST_04549,2026-07-04,KYC,Digital,8,5
CMP_0009507,CUST_00914,2023-07-14,Fees,Digital,2,3
CMP_0009508,CUST_09534,2024-03-05,Fees,Branch,14,5
CMP_0009509,CUST_04111,2022-05-05,Fees,Branch,6,4
CMP_0009510,CUST_03791,2024-08-26,Fees,Branch,29,2
CMP_0009511,CUST_04139,2023-03-05,Service,Digital,6,3
CMP_0009512,CUST_02533,2025-12-15,Fees,Digital,12,4
CMP_0009513,CUST_03248,2025-09-13,Fees,Phone,1,1
CMP_0009514,CUST_02986,2024-05-25,Service,Phone,5,1
CMP_0009515,CUST_09763,2022-08-03,Service,Phone,6,4
CMP_0009516,CUST_09194,2023-01-20,Service,Phone,2,4
CMP_0009517,CUST_05668,2022-01-30,Service,Phone,5,3
CMP_0009518,CUST_04142,2023-08-06,Fraud,Phone,8,3
CMP_0009519,CUST_04040,2024-11-09,Fees,Digital,1,5
CMP_0009520,CUST_05717,2022-10-15,Fees,Phone,4,2
CMP_0009521,CUST_03021,2023-02-05,Service,Digital,4,4
CMP_0009522,CUST_08726,2026-07-13,Fraud,Phone,14,4
CMP_0009523,CUST_02974,2025-05-06,Fees,Branch,62,5
CMP_0009524,CUST_07063,2025-08-29,Fees,Phone,9,5
CMP_0009525,CUST_08056,2022-08-14,Fees,Digital,5,4
CMP_0009526,CUST_06362,2025-07-23,KYC,Branch,4,4
CMP_0009527,CUST_06139,2026-03-08,Service,Branch,1,2
CMP_0009528,CUST_04988,2023-11-06,Fraud,Phone,6,5
CMP_0009529,CUST_00879,2022-05-24,Fees,Branch,33,2
CMP_0009530,CUST_05696,2024-11-20,Service,Branch,5,4
CMP_0009531,CUST_07519,2023-02-20,Fraud,Phone,17,4
CMP_0009532,CUST_06276,2023-09-08,Service,Phone,10,4
CMP_0009533,CUST_08769,2025-10-25,Fees,Phone,12,5
CMP_0009534,CUST_09721,2025-07-13,Service,Branch,11,3
CMP_0009535,CUST_07306,2023-11-05,Service,Branch,1,5
CMP_0009536,CUST_09309,2024-05-08,Service,Phone,9,4
CMP_0009537,CUST_01243,2024-12-25,Service,Branch,4,5
CMP_0009538,CUST_07931,2024-10-15,Service,Phone,5,3
CMP_0009539,CUST_09519,2026-08-12,Service,Branch,4,5
CMP_0009540,CUST_01376,2024-08-10,Fraud,Branch,3,4
CMP_0009541,CUST_08429,2024-05-14,Service,Branch,2,5
CMP_0009542,CUST_04973,2025-01-23,Service,Phone,15,4
CMP_0009543,CUST_04986,2022-06-14,Fees,Branch,3,4
CMP_0009544,CUST_04399,2024-07-26,Fraud,Branch,1,4
CMP_0009545,CUST_00928,2024-06-13,KYC,Phone,1,4
CMP_0009546,CUST_04014,2024-03-31,Fees,Phone,17,3
CMP_0009547,CUST_04016,2025-05-05,Service,Digital,6,3
CMP_0009548,CUST_00790,2022-05-13,KYC,Phone,5,2
CMP_0009549,CUST_05553,2023-03-23,Fees,Branch,1,2
CMP_0009550,CUST_07980,2022-11-24,Fees,Phone,2,2
CMP_0009551,CUST_08371,2024-09-10,Service,Branch,10,5
CMP_0009552,CUST_00245,2022-10-29,Service,Digital,6,2
CMP_0009553,CUST_08626,2026-01-24,Fees,Branch,3,5
CMP_0009554,CUST_06776,2022-06-12,Service,Phone,3,3
CMP_0009555,CUST_08446,2022-03-10,Fees,Digital,8,3
CMP_0009556,CUST_03887,2024-11-13,Service,Phone,1,2
CMP_0009557,CUST_05865,2023-01-27,Fees,Digital,3,3
CMP_0009558,CUST_06943,2023-10-22,KYC,Branch,15,4
CMP_0009559,CUST_08735,2023-11-14,KYC,Digital,5,4
CMP_0009560,CUST_00386,2022-01-22,Service,Branch,5,5
CMP_0009561,CUST_01128,2022-07-25,Service,Branch,4,3
CMP_0009562,CUST_01107,2024-08-07,KYC,Digital,11,4
CMP_0009563,CUST_04214,2025-04-04,Fees,Digital,1,3
CMP_0009564,CUST_02250,2024-04-10,Service,Branch,11,2
CMP_0009565,CUST_05815,2022-08-21,Service,Branch,3,4
CMP_0009566,CUST_00739,2025-08-05,Fees,Digital,4,2
CMP_0009567,CUST_09321,2026-01-27,Fees,Digital,6,4
CMP_0009568,CUST_00938,2024-04-15,KYC,Digital,4,2
CMP_0009569,CUST_09146,2022-07-08,Service,Phone,11,5
CMP_0009570,CUST_01310,2022-06-17,Fraud,Digital,3,4
CMP_0009571,CUST_06882,2022-09-30,Fees,Branch,7,5
CMP_0009572,CUST_06427,2023-12-14,Fees,Branch,6,5
CMP_0009573,CUST_08553,2025-12-19,Service,Branch,7,4
CMP_0009574,CUST_02133,2023-12-13,Fees,Digital,1,5
CMP_0009575,CUST_03556,2022-12-23,Service,Digital,1,2
CMP_0009576,CUST_09870,2022-06-01,KYC,Digital,7,5
CMP_0009577,CUST_09894,2026-03-23,Fees,Branch,3,1
CMP_0009578,CUST_05673,2024-03-19,Fees,Branch,6,5
CMP_0009579,CUST_04191,2026-03-31,Service,Digital,3,5
CMP_0009580,CUST_09143,2024-02-21,Service,Branch,6,2
CMP_0009581,CUST_00981,2023-03-20,Fees,Phone,10,5
CMP_0009582,CUST_09006,2022-04-23,Fees,Phone,38,2
CMP_0009583,CUST_07486,2022-04-16,Service,Digital,1,3
CMP_0009584,CUST_09395,2022-03-11,Service,Branch,6,4
CMP_0009585,CUST_00230,2023-11-18,Service,Phone,10,4
CMP_0009586,CUST_07642,2025-02-24,Fees,Phone,21,1
CMP_0009587,CUST_01762,2026-01-25,Fees,Digital,29,2
CMP_0009588,CUST_01137,2023-09-10,Fees,Branch,6,4
CMP_0009589,CUST_04536,2022-01-22,Fees,Branch,8,4
CMP_0009590,CUST_03812,2025-08-14,KYC,Phone,13,4
CMP_0009591,CUST_07477,2023-03-18,Service,Digital,11,5
CMP_0009592,CUST_09123,2022-11-05,Service,Branch,1,4
CMP_0009593,CUST_00415,2022-07-12,Service,Branch,1,2
CMP_0009594,CUST_07240,2023-09-16,KYC,Branch,10,5
CMP_0009595,CUST_00036,2025-10-13,Service,Phone,3,5
CMP_0009596,CUST_04151,2023-11-14,Service,Phone,9,1
CMP_0009597,CUST_01578,2025-07-26,Fees,Phone,1,4
CMP_0009598,CUST_04143,2024-05-05,Service,Phone,2,3
CMP_0009599,CUST_01574,2023-12-05,Service,Phone,51,1
CMP_0009600,CUST_04572,2023-05-06,Service,Branch,9,1
CMP_0009601,CUST_01775,2026-06-18,Fees,Digital,3,3
CMP_0009602,CUST_06445,2025-05-17,Service,Digital,5,5
CMP_0009603,CUST_04984,2025-12-22,Fees,Phone,19,3
CMP_0009604,CUST_09930,2026-07-24,Fraud,Phone,2,4
CMP_0009605,CUST_05677,2022-12-01,Fees,Phone,2,2
CMP_0009606,CUST_07098,2026-04-14,Service,Digital,3,5
CMP_0009607,CUST_01022,2026-04-21,Service,Phone,4,5
CMP_0009608,CUST_06017,2025-10-30,Fees,Phone,1,5
CMP_0009609,CUST_00084,2022-10-14,Fees,Digital,1,3
CMP_0009610,CUST_03646,2022-07-06,KYC,Branch,12,4
CMP_0009611,CUST_01823,2026-07-16,Fees,Phone,14,5
CMP_0009612,CUST_05004,2023-07-20,KYC,Branch,3,2
CMP_0009613,CUST_09471,2023-07-08,Service,Digital,11,3
CMP_0009614,CUST_09776,2023-10-13,Service,Phone,2,5
CMP_0009615,CUST_05052,2025-11-20,Service,Branch,1,4
CMP_0009616,CUST_07786,2025-03-23,Fees,Branch,11,5
CMP_0009617,CUST_08386,2024-03-01,Fees,Branch,5,5
CMP_0009618,CUST_04840,2022-11-06,Service,Branch,3,5
CMP_0009619,CUST_07122,2023-08-05,Fees,Branch,4,3
CMP_0009620,CUST_00093,2026-06-15,Service,Branch,5,5
CMP_0009621,CUST_09240,2023-11-11,Service,Phone,3,4
CMP_0009622,CUST_02296,2023-06-03,Fraud,Branch,5,1
CMP_0009623,CUST_03022,2024-07-05,KYC,Branch,1,4
CMP_0009624,CUST_04827,2026-03-17,Service,Digital,6,5
CMP_0009625,CUST_04075,2025-06-10,KYC,Branch,3,5
CMP_0009626,CUST_00403,2025-03-20,Fees,Branch,11,5
CMP_0009627,CUST_08230,2024-12-08,Fees,Branch,6,4
CMP_0009628,CUST_07904,2025-11-08,Fees,Digital,13,4
CMP_0009629,CUST_08741,2022-06-20,Service,Branch,11,5
CMP_0009630,CUST_03204,2025-09-16,Service,Phone,2,3
CMP_0009631,CUST_06211,2022-06-17,Fees,Digital,7,5
CMP_0009632,CUST_07401,2026-01-28,Fraud,Phone,3,4
CMP_0009633,CUST_07405,2026-01-27,Service,Digital,6,4
CMP_0009634,CUST_09321,2025-09-04,Service,Branch,7,4
CMP_0009635,CUST_04761,2024-12-14,Fees,Digital,8,3
CMP_0009636,CUST_07522,2023-03-20,Service,Phone,7,5
CMP_0009637,CUST_07732,2023-09-12,KYC,Digital,15,4
CMP_0009638,CUST_08826,2022-10-17,Fees,Digital,8,5
CMP_0009639,CUST_07411,2026-06-17,KYC,Digital,1,3
CMP_0009640,CUST_08431,2025-08-22,Service,Digital,1,5
CMP_0009641,CUST_06602,2022-01-31,KYC,Digital,4,5
CMP_0009642,CUST_03342,2023-02-25,Fraud,Digital,4,5
CMP_0009643,CUST_05520,2022-09-18,Service,Phone,8,4
CMP_0009644,CUST_08990,2025-06-22,Service,Branch,11,4
CMP_0009645,CUST_03746,2025-09-30,Fees,Branch,2,5
CMP_0009646,CUST_07734,2026-04-14,Fees,Phone,4,1
CMP_0009647,CUST_08577,2024-10-20,Service,Phone,5,4
CMP_0009648,CUST_01934,2025-11-19,Fraud,Digital,6,5
CMP_0009649,CUST_09006,2025-07-08,Service,Phone,6,4
CMP_0009650,CUST_08522,2022-08-05,Service,Branch,5,5
CMP_0009651,CUST_08010,2022-08-03,Fees,Digital,1,4
CMP_0009652,CUST_04594,2023-08-08,Service,Branch,1,1
CMP_0009653,CUST_06980,2025-05-15,Service,Phone,6,2
CMP_0009654,CUST_05287,2022-10-16,Service,Branch,3,3
CMP_0009655,CUST_05584,2022-10-16,Fees,Branch,3,5
CMP_0009656,CUST_07479,2022-01-19,Service,Branch,2,2
CMP_0009657,CUST_03034,2024-11-09,Fees,Digital,54,1
CMP_0009658,CUST_09103,2024-01-24,KYC,Branch,12,5
CMP_0009659,CUST_05182,2025-06-03,Fees,Digital,1,4
CMP_0009660,CUST_07043,2025-10-13,Fees,Branch,3,2
CMP_0009661,CUST_07251,2025-03-22,KYC,Phone,3,3
CMP_0009662,CUST_07216,2023-03-27,Fraud,Digital,53,3
CMP_0009663,CUST_04637,2026-01-23,KYC,Branch,6,4
CMP_0009664,CUST_05330,2022-07-28,Service,Branch,1,5
CMP_0009665,CUST_09408,2024-10-23,Fees,Phone,4,5
CMP_0009666,CUST_01473,2025-08-11,Fees,Phone,7,2
CMP_0009667,CUST_00051,2026-03-19,Service,Phone,9,4
CMP_0009668,CUST_07732,2024-06-15,KYC,Branch,6,3
CMP_0009669,CUST_06207,2024-12-13,Service,Digital,4,5
CMP_0009670,CUST_06994,2022-08-05,Service,Phone,1,3
CMP_0009671,CUST_02207,2025-10-02,Fees,Phone,9,5
CMP_0009672,CUST_08018,2026-03-28,Service,Digital,8,2
CMP_0009673,CUST_00295,2022-11-27,KYC,Branch,7,5
CMP_0009674,CUST_03596,2026-03-10,KYC,Phone,4,5
CMP_0009675,CUST_01787,2022-12-09,Service,Digital,8,2
CMP_0009676,CUST_06061,2023-01-22,Service,Phone,5,4
CMP_0009677,CUST_07612,2022-05-01,Fees,Phone,3,2
CMP_0009678,CUST_06835,2024-11-27,Service,Digital,3,5
CMP_0009679,CUST_02965,2022-11-20,Service,Digital,2,3
CMP_0009680,CUST_06340,2025-12-13,Fees,Digital,9,4
CMP_0009681,CUST_05561,2023-05-04,Fees,Branch,7,2
CMP_0009682,CUST_08008,2022-08-14,Service,Branch,12,5
CMP_0009683,CUST_02394,2026-01-05,Fees,Branch,9,4
CMP_0009684,CUST_02056,2025-08-14,Service,Phone,3,4
CMP_0009685,CUST_05517,2025-12-29,Fees,Branch,15,4
CMP_0009686,CUST_01925,2024-03-18,KYC,Digital,1,4
CMP_0009687,CUST_07284,2026-02-28,Fraud,Branch,14,4
CMP_0009688,CUST_02229,2023-02-20,Fees,Phone,26,4
CMP_0009689,CUST_09476,2023-12-12,Fees,Digital,5,5
CMP_0009690,CUST_04052,2025-12-22,Fraud,Digital,1,2
CMP_0009691,CUST_03217,2023-12-09,Service,Digital,11,5
CMP_0009692,CUST_03250,2025-05-19,Service,Branch,10,3
CMP_0009693,CUST_02955,2023-06-08,Fees,Branch,3,4
CMP_0009694,CUST_08659,2024-08-19,KYC,Phone,3,3
CMP_0009695,CUST_03750,2024-01-22,Service,Branch,1,3
CMP_0009696,CUST_09948,2026-03-29,KYC,Digital,4,5
CMP_0009697,CUST_05412,2024-12-03,KYC,Digital,8,5
CMP_0009698,CUST_06308,2025-09-29,Fees,Digital,6,2
CMP_0009699,CUST_02741,2023-12-21,Service,Digital,3,3
CMP_0009700,CUST_08176,2025-11-05,KYC,Digital,1,4
CMP_0009701,CUST_02915,2025-07-16,Fraud,Phone,7,3
CMP_0009702,CUST_01568,2023-08-27,Service,Branch,8,2
CMP_0009703,CUST_00870,2025-01-23,Fees,Phone,1,4
CMP_0009704,CUST_00034,2023-12-27,Fees,Phone,2,5
CMP_0009705,CUST_03820,2023-02-17,Service,Digital,2,4
CMP_0009706,CUST_07039,2024-03-31,Service,Phone,1,4
CMP_0009707,CUST_02873,2024-08-06,KYC,Phone,5,5
CMP_0009708,CUST_03933,2022-02-08,Service,Branch,10,3
CMP_0009709,CUST_02790,2025-05-04,KYC,Phone,1,4
CMP_0009710,CUST_09016,2023-01-17,Service,Digital,3,4
CMP_0009711,CUST_03099,2024-05-15,Fees,Phone,1,4
CMP_0009712,CUST_05867,2022-04-24,Fees,Branch,44,2
CMP_0009713,CUST_03820,2026-05-29,Service,Branch,9,5
CMP_0009714,CUST_05938,2022-10-04,Service,Digital,1,1
CMP_0009715,CUST_02091,2022-01-01,Fees,Phone,2,4
CMP_0009716,CUST_04281,2022-04-10,Fees,Digital,30,5
CMP_0009717,CUST_09459,2022-05-11,Service,Branch,5,4
CMP_0009718,CUST_08797,2025-11-17,Service,Digital,12,4
CMP_0009719,CUST_08656,2024-08-28,Fraud,Digital,8,5
CMP_0009720,CUST_09148,2024-09-11,Service,Branch,4,4
CMP_0009721,CUST_05998,2023-06-07,Fraud,Digital,2,4
CMP_0009722,CUST_04260,2026-02-23,KYC,Branch,2,4
CMP_0009723,CUST_00566,2022-11-14,Service,Phone,11,4
CMP_0009724,CUST_03500,2026-04-22,Service,Digital,2,2
CMP_0009725,CUST_01414,2022-09-02,Fees,Branch,5,3
CMP_0009726,CUST_02586,2023-09-24,Service,Branch,10,4
CMP_0009727,CUST_06432,2026-04-08,Fees,Digital,65,5
CMP_0009728,CUST_06536,2023-05-16,KYC,Branch,4,5
CMP_0009729,CUST_01988,2022-02-03,Service,Digital,2,4
CMP_0009730,CUST_09620,2026-03-04,KYC,Digital,11,1
CMP_0009731,CUST_00318,2025-04-01,Fees,Digital,4,2
CMP_0009732,CUST_01247,2023-09-29,Service,Digital,3,4
CMP_0009733,CUST_09718,2024-05-09,KYC,Branch,3,5
CMP_0009734,CUST_09372,2024-09-01,Service,Phone,4,5
CMP_0009735,CUST_09760,2026-04-08,Fees,Digital,1,4
CMP_0009736,CUST_03844,2024-10-19,Service,Digital,3,5
CMP_0009737,CUST_05805,2024-12-25,Fees,Phone,9,4
CMP_0009738,CUST_02579,2023-06-06,Service,Branch,9,3
CMP_0009739,CUST_06091,2024-04-07,Fees,Digital,1,5
CMP_0009740,CUST_08450,2022-08-20,Fees,Digital,3,5
CMP_0009741,CUST_05774,2024-07-23,Fees,Digital,8,2
CMP_0009742,CUST_08280,2024-06-21,Service,Digital,3,4
CMP_0009743,CUST_02027,2025-10-12,Fees,Branch,6,3
CMP_0009744,CUST_06018,2022-08-18,Fees,Branch,3,4
CMP_0009745,CUST_05221,2022-07-14,KYC,Digital,5,5
CMP_0009746,CUST_00007,2022-05-11,KYC,Branch,14,3
CMP_0009747,CUST_00456,2024-05-13,Fraud,Digital,51,4
CMP_0009748,CUST_04564,2024-01-19,Fees,Phone,23,2
CMP_0009749,CUST_03125,2022-01-19,KYC,Digital,8,2
CMP_0009750,CUST_08509,2025-07-08,Fees,Phone,7,5
CMP_0009751,CUST_01459,2022-04-05,Service,Phone,15,3
CMP_0009752,CUST_00217,2023-11-20,KYC,Phone,11,5
CMP_0009753,CUST_02372,2024-02-17,KYC,Digital,6,3
CMP_0009754,CUST_08553,2023-01-03,Fees,Branch,43,4
CMP_0009755,CUST_00331,2022-07-17,KYC,Branch,12,4
CMP_0009756,CUST_05100,2026-07-31,Service,Branch,3,4
CMP_0009757,CUST_08038,2023-07-23,Fees,Phone,3,4
CMP_0009758,CUST_08876,2022-01-24,Fraud,Branch,8,3
CMP_0009759,CUST_04774,2025-11-20,Fees,Phone,10,3
CMP_0009760,CUST_07436,2024-05-02,Service,Phone,11,5
CMP_0009761,CUST_02589,2024-05-15,Service,Phone,5,4
CMP_0009762,CUST_05372,2025-12-29,Fees,Phone,34,1
CMP_0009763,CUST_10038,2025-08-21,Service,Digital,15,5
CMP_0009764,CUST_06816,2022-08-12,Fees,Digital,3,5
CMP_0009765,CUST_03821,2024-11-30,Service,Branch,4,5
CMP_0009766,CUST_00580,2024-12-20,Service,Phone,7,5
CMP_0009767,CUST_10182,2022-08-25,Fraud,Branch,2,2
CMP_0009768,CUST_04149,2025-04-30,Service,Phone,9,1
CMP_0009769,CUST_09814,2022-11-12,Service,Phone,4,2
CMP_0009770,CUST_07498,2025-04-28,Service,Digital,9,3
CMP_0009771,CUST_05924,2025-06-14,Fees,Phone,5,5
CMP_0009772,CUST_09682,2023-06-26,Fraud,Digital,5,5
CMP_0009773,CUST_00614,2024-12-05,KYC,Digital,6,3
CMP_0009774,CUST_09278,2026-02-12,KYC,Branch,3,3
CMP_0009775,CUST_05782,2025-10-14,Fees,Digital,4,2
CMP_0009776,CUST_01764,2023-08-03,Fees,Phone,9,5
CMP_0009777,CUST_08654,2024-05-31,Service,Phone,16,2
CMP_0009778,CUST_05310,2022-04-19,KYC,Digital,3,4
CMP_0009779,CUST_08179,2023-07-20,Service,Digital,4,4
CMP_0009780,CUST_06820,2025-01-12,Service,Phone,2,5
CMP_0009781,CUST_05906,2025-05-13,Fees,Digital,4,3
CMP_0009782,CUST_08918,2023-02-22,Service,Digital,11,2
CMP_0009783,CUST_00833,2022-12-22,Fraud,Branch,10,4
CMP_0009784,CUST_09528,2024-07-24,Service,Branch,3,5
CMP_0009785,CUST_00923,2024-09-07,Service,Digital,3,1
CMP_0009786,CUST_00196,2024-07-31,Fees,Phone,5,1
CMP_0009787,CUST_05161,2024-09-07,Fees,Branch,3,2
CMP_0009788,CUST_04927,2025-01-18,KYC,Phone,7,2
CMP_0009789,CUST_02819,2025-09-25,Fraud,Phone,3,5
CMP_0009790,CUST_00716,2026-07-23,KYC,Digital,4,5
CMP_0009791,CUST_09743,2024-04-23,Service,Branch,3,3
CMP_0009792,CUST_06024,2022-03-11,Service,Branch,14,4
CMP_0009793,CUST_08153,2025-06-03,Service,Branch,2,4
CMP_0009794,CUST_08857,2022-09-11,Service,Phone,2,3
CMP_0009795,CUST_04568,2022-02-05,Service,Branch,4,3
CMP_0009796,CUST_03598,2023-06-22,Fraud,Digital,4,4
CMP_0009797,CUST_00956,2022-02-07,Fraud,Branch,9,5
CMP_0009798,CUST_02771,2023-08-07,Fees,Phone,3,4
CMP_0009799,CUST_01872,2026-07-26,Service,Digital,11,4
CMP_0009800,CUST_08996,2023-04-10,Service,Branch,4,5
CMP_0009801,CUST_02060,2024-06-07,KYC,Branch,3,5
CMP_0009802,CUST_06415,2022-06-26,Service,Digital,14,1
CMP_0009803,CUST_00993,2023-06-23,Fees,Digital,1,1
CMP_0009804,CUST_07190,2022-09-01,Service,Branch,11,4
CMP_0009805,CUST_09676,2022-05-07,Service,Phone,6,4
CMP_0009806,CUST_01496,2024-07-31,KYC,Phone,6,3
CMP_0009807,CUST_09365,2026-06-16,Fees,Branch,2,2
CMP_0009808,CUST_05858,2023-05-05,Fees,Branch,1,5
CMP_0009809,CUST_04075,2024-09-22,Fees,Digital,9,5
CMP_0009810,CUST_01324,2023-08-04,Fees,Phone,6,4
CMP_0009811,CUST_02415,2026-06-22,Fees,Digital,2,4
CMP_0009812,CUST_07522,2023-12-26,Service,Branch,1,3
CMP_0009813,CUST_04256,2024-06-07,Service,Branch,30,4
CMP_0009814,CUST_04449,2023-04-16,KYC,Phone,9,3
CMP_0009815,CUST_06245,2024-05-17,Fraud,Digital,8,3
CMP_0009816,CUST_04087,2026-03-24,Fees,Digital,6,4
CMP_0009817,CUST_02480,2022-03-01,Fees,Phone,4,4
CMP_0009818,CUST_09618,2026-02-10,Service,Phone,12,5
CMP_0009819,CUST_07282,2024-08-13,Fees,Branch,2,2
CMP_0009820,CUST_09407,2023-03-05,Fees,Digital,17,3
CMP_0009821,CUST_00262,2024-12-07,Service,Branch,3,4
CMP_0009822,CUST_05570,2025-11-19,Fees,Digital,7,2
CMP_0009823,CUST_05937,2023-08-30,KYC,Branch,3,4
CMP_0009824,CUST_09341,2025-08-07,Service,Digital,7,4
CMP_0009825,CUST_04433,2023-09-30,Fraud,Digital,2,4
CMP_0009826,CUST_09314,2022-08-01,Fees,Branch,16,2
CMP_0009827,CUST_02216,2022-03-10,Fees,Phone,30,2
CMP_0009828,CUST_08608,2024-08-04,KYC,Phone,5,3
CMP_0009829,CUST_09077,2022-02-23,KYC,Branch,9,5
CMP_0009830,CUST_10048,2023-12-07,Service,Phone,1,4
CMP_0009831,CUST_04870,2022-12-09,Fees,Phone,43,3
CMP_0009832,CUST_00781,2023-09-12,KYC,Phone,7,4
CMP_0009833,CUST_02692,2022-08-06,Service,Branch,2,5
CMP_0009834,CUST_09400,2023-06-28,Fees,Phone,2,5
CMP_0009835,CUST_03791,2023-06-16,KYC,Phone,6,5
CMP_0009836,CUST_06938,2022-03-30,Service,Branch,7,5
CMP_0009837,CUST_06131,2022-01-29,Service,Phone,8,5
CMP_0009838,CUST_07159,2023-10-27,Service,Phone,3,5
CMP_0009839,CUST_04293,2024-01-30,Service,Phone,4,4
CMP_0009840,CUST_00706,2024-07-18,Fees,Digital,4,3
CMP_0009841,CUST_03729,2023-02-14,Service,Branch,7,3
CMP_0009842,CUST_09807,2026-02-27,Fees,Digital,6,5
CMP_0009843,CUST_03313,2026-01-18,Fees,Digital,4,5
CMP_0009844,CUST_08661,2025-07-21,Fees,Phone,7,4
CMP_0009845,CUST_07530,2026-06-05,Fraud,Branch,5,5
CMP_0009846,CUST_05299,2024-03-01,KYC,Phone,12,2
CMP_0009847,CUST_02331,2024-06-17,Fees,Branch,3,3
CMP_0009848,CUST_08773,2023-09-22,Service,Phone,1,2
CMP_0009849,CUST_09763,2026-02-08,Fees,Phone,12,3
CMP_0009850,CUST_05878,2022-09-16,Fees,Phone,6,1
CMP_0009851,CUST_04576,2025-10-16,Fees,Branch,6,4
CMP_0009852,CUST_04231,2026-05-08,Service,Phone,1,4
CMP_0009853,CUST_00959,2022-08-01,Fees,Phone,7,4
CMP_0009854,CUST_07855,2022-10-01,Service,Phone,6,2
CMP_0009855,CUST_06795,2025-10-27,Fraud,Branch,17,4
CMP_0009856,CUST_04713,2022-12-03,Service,Branch,3,5
CMP_0009857,CUST_02645,2022-03-15,Fees,Phone,7,5
CMP_0009858,CUST_03458,2022-02-19,Fees,Branch,41,2
CMP_0009859,CUST_03167,2025-09-25,Fees,Branch,3,5
CMP_0009860,CUST_02070,2025-01-06,Service,Digital,7,5
CMP_0009861,CUST_04259,2022-06-05,KYC,Digital,31,5
CMP_0009862,CUST_06375,2023-11-15,Service,Branch,1,3
CMP_0009863,CUST_08080,2022-10-08,Service,Phone,2,3
CMP_0009864,CUST_07654,2025-09-19,Fraud,Branch,5,4
CMP_0009865,CUST_05681,2022-12-14,Fees,Branch,4,2
CMP_0009866,CUST_05308,2023-10-30,Service,Branch,6,4
CMP_0009867,CUST_00027,2025-08-30,Fraud,Digital,8,4
CMP_0009868,CUST_09126,2025-04-18,Fees,Branch,14,4
CMP_0009869,CUST_08772,2023-09-10,KYC,Digital,1,4
CMP_0009870,CUST_05264,2023-09-27,Fees,Phone,16,3
CMP_0009871,CUST_05269,2023-05-21,Fees,Phone,12,3
CMP_0009872,CUST_06278,2022-10-06,KYC,Branch,8,5
CMP_0009873,CUST_07203,2024-07-28,Service,Digital,4,4
CMP_0009874,CUST_03694,2022-12-04,Fees,Branch,3,5
CMP_0009875,CUST_08565,2022-04-23,Service,Phone,7,3
CMP_0009876,CUST_04260,2025-11-27,Fees,Branch,8,2
CMP_0009877,CUST_08405,2025-01-28,Service,Branch,7,4
CMP_0009878,CUST_04266,2025-08-25,Service,Digital,1,5
CMP_0009879,CUST_04806,2023-10-24,Service,Branch,1,5
CMP_0009880,CUST_05645,2026-07-20,KYC,Digital,16,5
CMP_0009881,CUST_09892,2023-05-08,KYC,Branch,11,3
CMP_0009882,CUST_03046,2026-01-18,KYC,Phone,1,1
CMP_0009883,CUST_05131,2025-01-24,Fees,Phone,68,4
CMP_0009884,CUST_03373,2022-09-18,Fees,Digital,1,4
CMP_0009885,CUST_01215,2025-03-12,Service,Branch,2,5
CMP_0009886,CUST_10182,2026-08-02,Fees,Branch,12,4
CMP_0009887,CUST_07304,2025-01-12,Fraud,Digital,6,5
CMP_0009888,CUST_04443,2023-07-16,KYC,Digital,6,5
CMP_0009889,CUST_07735,2022-11-09,Fees,Digital,9,1
CMP_0009890,CUST_02285,2022-04-26,Service,Digital,4,3
CMP_0009891,CUST_03461,2026-05-07,KYC,Branch,3,4
CMP_0009892,CUST_05138,2023-12-22,Fees,Branch,6,5
CMP_0009893,CUST_09971,2025-04-29,Service,Branch,21,2
CMP_0009894,CUST_07433,2025-11-29,Fees,Branch,9,4
CMP_0009895,CUST_02532,2022-06-11,Service,Phone,15,5
CMP_0009896,CUST_02413,2023-06-04,Fees,Branch,6,4
CMP_0009897,CUST_09632,2025-10-14,Service,Branch,10,3
CMP_0009898,CUST_07713,2026-06-25,Fees,Digital,37,1
CMP_0009899,CUST_08016,2025-06-25,Service,Branch,5,1
CMP_0009900,CUST_07881,2026-08-07,Service,Phone,3,4
CMP_0009901,CUST_09017,2024-09-23,Service,Digital,7,2
CMP_0009902,CUST_07380,2025-07-02,Service,Branch,7,4
CMP_0009903,CUST_03816,2026-01-28,Fees,Branch,3,4
CMP_0009904,CUST_04670,2022-10-24,Fees,Branch,1,4
CMP_0009905,CUST_09312,2024-06-26,KYC,Phone,8,5
CMP_0009906,CUST_02486,2025-07-09,KYC,Digital,4,1
CMP_0009907,CUST_06662,2024-06-26,Service,Phone,7,3
CMP_0009908,CUST_07924,2024-05-09,KYC,Digital,6,3
CMP_0009909,CUST_04300,2026-01-13,KYC,Phone,4,3
CMP_0009910,CUST_00485,2023-07-21,Service,Phone,11,5
CMP_0009911,CUST_05701,2025-02-23,KYC,Digital,2,2
CMP_0009912,CUST_02129,2026-06-19,Service,Digital,16,5
CMP_0009913,CUST_05969,2025-03-11,Service,Phone,2,1
CMP_0009914,CUST_01991,2022-01-14,Fees,Phone,13,5
CMP_0009915,CUST_05422,2024-10-15,Service,Phone,7,3
CMP_0009916,CUST_09264,2024-09-11,Fees,Digital,25,2
CMP_0009917,CUST_07623,2023-11-30,Service,Phone,7,4
CMP_0009918,CUST_01370,2023-03-04,KYC,Branch,5,5
CMP_0009919,CUST_03187,2025-07-22,Fees,Digital,24,5
CMP_0009920,CUST_04564,2023-05-12,KYC,Digital,9,5
CMP_0009921,CUST_05992,2026-01-21,Service,Branch,4,5
CMP_0009922,CUST_07859,2022-12-02,Service,Digital,13,4
CMP_0009923,CUST_08943,2026-07-01,KYC,Phone,8,1
CMP_0009924,CUST_07579,2023-04-22,Service,Phone,10,4
CMP_0009925,CUST_00684,2025-01-29,Fraud,Phone,4,3
CMP_0009926,CUST_07301,2025-02-01,Service,Branch,7,2
CMP_0009927,CUST_02200,2025-01-22,Fees,Phone,5,5
CMP_0009928,CUST_09800,2024-06-23,Service,Branch,8,1
CMP_0009929,CUST_09908,2024-05-04,Service,Branch,6,2
CMP_0009930,CUST_02634,2022-01-30,Service,Phone,4,1
CMP_0009931,CUST_10106,2024-11-27,Service,Phone,40,4
CMP_0009932,CUST_04861,2023-10-10,KYC,Digital,4,5
CMP_0009933,CUST_01274,2025-12-04,Service,Digital,5,4
CMP_0009934,CUST_00430,2023-08-31,Service,Phone,5,4
CMP_0009935,CUST_04540,2022-06-11,KYC,Digital,3,4
CMP_0009936,CUST_06206,2022-08-02,KYC,Phone,2,4
CMP_0009937,CUST_00333,2025-08-20,Service,Phone,2,2
CMP_0009938,CUST_02771,2022-06-28,Service,Phone,6,5
CMP_0009939,CUST_04833,2022-11-15,Fees,Digital,14,1
CMP_0009940,CUST_03123,2024-05-20,Service,Digital,11,5
CMP_0009941,CUST_09547,2024-07-31,Service,Phone,7,4
CMP_0009942,CUST_09579,2025-12-22,KYC,Phone,15,4
CMP_0009943,CUST_04600,2024-05-27,Fraud,Branch,9,3
CMP_0009944,CUST_01382,2023-02-28,Service,Digital,6,1
CMP_0009945,CUST_08506,2023-01-25,Service,Phone,3,5
CMP_0009946,CUST_01015,2025-10-25,Service,Branch,4,3
CMP_0009947,CUST_01998,2026-02-09,Fees,Phone,1,5
CMP_0009948,CUST_08106,2022-11-17,Service,Digital,7,3
CMP_0009949,CUST_01758,2022-02-19,KYC,Branch,1,4
CMP_0009950,CUST_00073,2025-11-25,Service,Phone,4,3
CMP_0009951,CUST_04396,2024-03-23,KYC,Branch,5,5
CMP_0009952,CUST_09645,2023-10-14,Service,Phone,8,2
CMP_0009953,CUST_07187,2026-07-10,Fees,Phone,1,5
CMP_0009954,CUST_02356,2022-07-24,Fees,Phone,1,4
CMP_0009955,CUST_05783,2023-06-08,Service,Phone,10,2
CMP_0009956,CUST_02524,2022-04-24,KYC,Phone,10,3
CMP_0009957,CUST_06850,2024-12-02,KYC,Phone,1,5
CMP_0009958,CUST_03686,2023-09-28,KYC,Digital,4,3
CMP_0009959,CUST_03936,2022-07-09,Fees,Digital,12,5
CMP_0009960,CUST_08377,2026-02-06,Service,Branch,1,4
CMP_0009961,CUST_05510,2024-02-04,Service,Branch,8,4
CMP_0009962,CUST_05154,2026-01-05,Service,Phone,5,1
CMP_0009963,CUST_08252,2022-09-21,Service,Digital,3,5
CMP_0009964,CUST_01557,2024-08-27,KYC,Branch,2,4
CMP_0009965,CUST_04249,2025-08-25,Service,Branch,9,4
CMP_0009966,CUST_08024,2025-06-18,Fees,Branch,15,4
CMP_0009967,CUST_00945,2022-07-12,Fees,Phone,5,4
CMP_0009968,CUST_01610,2026-04-23,Fees,Digital,9,5
CMP_0009969,CUST_01886,2022-05-04,KYC,Digital,45,1
CMP_0009970,CUST_05572,2022-01-31,Service,Branch,15,4
CMP_0009971,CUST_09606,2025-06-22,Service,Phone,6,5
CMP_0009972,CUST_03368,2026-04-06,Fees,Digital,3,2
CMP_0009973,CUST_00442,2024-06-17,Service,Digital,5,5
CMP_0009974,CUST_07573,2023-02-28,Fees,Digital,2,3
CMP_0009975,CUST_02107,2024-11-23,Service,Digital,11,4
CMP_0009976,CUST_06133,2023-08-31,Service,Branch,8,4
CMP_0009977,CUST_08089,2022-10-16,Fees,Digital,9,1
CMP_0009978,CUST_08252,2022-09-09,Service,Phone,1,4
CMP_0009979,CUST_10150,2025-11-16,Fees,Phone,3,4
CMP_0009980,CUST_07573,2025-09-23,Fraud,Phone,4,1
CMP_0009981,CUST_00477,2026-02-09,Fees,Digital,1,4
CMP_0009982,CUST_07169,2022-08-08,Service,Branch,6,4
CMP_0009983,CUST_00649,2026-04-17,Service,Phone,3,2
CMP_0009984,CUST_09494,2026-04-21,Service,Digital,17,3
CMP_0009985,CUST_01616,2024-11-24,Service,Digital,9,5
CMP_0009986,CUST_09826,2025-02-09,Service,Branch,13,4
CMP_0009987,CUST_05458,2022-04-01,Service,Digital,4,4
CMP_0009988,CUST_02741,2025-01-12,Fees,Branch,5,1
CMP_0009989,CUST_00342,2023-10-23,Service,Digital,1,3
CMP_0009990,CUST_01669,2022-10-05,KYC,Phone,9,5
CMP_0009991,CUST_07856,2026-02-09,Service,Branch,15,5
CMP_0009992,CUST_05323,2025-07-20,Fraud,Branch,5,4
CMP_0009993,CUST_06804,2022-01-19,Service,Branch,4,5
CMP_0009994,CUST_09236,2024-10-23,Fees,Branch,7,5
CMP_0009995,CUST_08701,2025-12-11,Service,Phone,8,2
CMP_0009996,CUST_04232,2024-09-13,Service,Branch,15,5
CMP_0009997,CUST_07948,2024-08-24,Service,Phone,15,5
CMP_0009998,CUST_06258,2022-12-16,Fraud,Branch,14,3
CMP_0009999,CUST_08678,2023-01-02,Service,Digital,1,4
CMP_0010000,CUST_01411,2023-02-28,KYC,Branch,3,5
CMP_0010001,CUST_03038,2025-10-13,Service,Digital,23,1
CMP_0010002,CUST_09818,2026-03-29,KYC,Phone,4,4
CMP_0010003,CUST_08852,2026-06-04,KYC,Digital,2,3
CMP_0010004,CUST_05344,2023-06-12,Fees,Branch,38,1
CMP_0010005,CUST_06585,2025-07-30,Service,Phone,3,5
CMP_0010006,CUST_08239,2025-04-02,KYC,Phone,3,3
CMP_0010007,CUST_06858,2022-07-15,Service,Digital,3,4
CMP_0010008,CUST_05562,2026-04-21,Service,Phone,14,4
CMP_0010009,CUST_10162,2023-04-29,Service,Branch,4,4
CMP_0010010,CUST_07505,2024-03-15,KYC,Phone,3,2
CMP_0010011,CUST_03354,2025-11-09,Fees,Branch,3,4
CMP_0010012,CUST_02965,2023-11-22,Service,Phone,3,2
CMP_0010013,CUST_00286,2023-01-04,Service,Branch,4,5
CMP_0010014,CUST_07939,2023-10-14,Fees,Branch,4,5
CMP_0010015,CUST_04745,2025-08-17,Fraud,Phone,3,3
CMP_0010016,CUST_06500,2025-07-24,Service,Branch,5,5
CMP_0010017,CUST_08803,2025-12-27,Service,Branch,5,4
CMP_0010018,CUST_04120,2024-01-01,Service,Digital,1,2
CMP_0010019,CUST_03816,2023-08-18,Fees,Phone,10,4
CMP_0010020,CUST_09141,2023-01-09,Service,Branch,5,2
CMP_0010021,CUST_04466,2026-04-22,Service,Phone,18,4
CMP_0010022,CUST_09244,2023-07-12,Fraud,Digital,10,5
CMP_0010023,CUST_03940,2026-06-26,Service,Phone,6,5
CMP_0010024,CUST_04051,2022-01-26,Service,Branch,5,4
CMP_0010025,CUST_03680,2025-12-19,Service,Digital,5,5
CMP_0010026,CUST_03368,2024-07-24,Fees,Branch,1,5
CMP_0010027,CUST_09115,2025-03-07,Service,Digital,4,5
CMP_0010028,CUST_08950,2023-02-01,Service,Digital,2,3
CMP_0010029,CUST_01733,2023-02-01,Service,Phone,4,5
CMP_0010030,CUST_04072,2022-09-08,Fraud,Digital,21,4
CMP_0010031,CUST_09382,2024-05-19,Service,Phone,5,3
CMP_0010032,CUST_06794,2022-12-25,Fees,Branch,5,3
CMP_0010033,CUST_07117,2024-01-07,Fees,Digital,7,1
CMP_0010034,CUST_01772,2025-07-16,Fees,Branch,1,4
CMP_0010035,CUST_04287,2024-02-18,KYC,Digital,14,3
CMP_0010036,CUST_00027,2023-03-19,KYC,Branch,16,4
CMP_0010037,CUST_03625,2026-06-26,Fees,Digital,2,5
CMP_0010038,CUST_08605,2023-11-12,Fraud,Digital,7,3
CMP_0010039,CUST_02967,2024-10-03,Service,Phone,75,3
CMP_0010040,CUST_05860,2022-03-06,Service,Branch,8,4
CMP_0010041,CUST_00481,2024-11-14,KYC,Digital,2,4
CMP_0010042,CUST_05682,2023-11-24,KYC,Branch,5,4
CMP_0010043,CUST_09869,2022-09-23,Fraud,Phone,5,3
CMP_0010044,CUST_05023,2023-03-12,KYC,Digital,1,4
CMP_0010045,CUST_00612,2023-07-01,Service,Phone,5,5
CMP_0010046,CUST_01510,2022-11-25,Service,Branch,10,4
CMP_0010047,CUST_04952,2026-01-09,Fees,Branch,8,4
CMP_0010048,CUST_01555,2024-08-29,Fees,Digital,7,4
CMP_0010049,CUST_00293,2024-06-13,KYC,Phone,8,5
CMP_0010050,CUST_04271,2022-10-31,KYC,Digital,4,5
CMP_0010051,CUST_06721,2024-03-23,Service,Digital,71,3
CMP_0010052,CUST_06012,2026-02-03,Service,Branch,30,5
CMP_0010053,CUST_00573,2023-10-18,Service,Digital,3,5
CMP_0010054,CUST_02934,2023-12-18,Fraud,Branch,4,3
CMP_0010055,CUST_06596,2025-12-30,Fees,Branch,28,2
CMP_0010056,CUST_05811,2026-04-19,Service,Digital,5,5
CMP_0010057,CUST_02779,2022-06-25,Fees,Phone,5,5
CMP_0010058,CUST_02582,2025-02-03,KYC,Branch,8,5
CMP_0010059,CUST_09793,2023-06-08,Service,Digital,1,2
CMP_0010060,CUST_07322,2024-01-18,Fraud,Digital,7,4
CMP_0010061,CUST_06303,2025-03-23,KYC,Branch,3,4
CMP_0010062,CUST_07604,2023-02-05,KYC,Phone,3,5
CMP_0010063,CUST_07127,2026-03-15,KYC,Digital,7,4
CMP_0010064,CUST_08204,2024-07-19,Service,Phone,8,4
CMP_0010065,CUST_07901,2025-11-23,Fees,Branch,4,3
CMP_0010066,CUST_07707,2024-09-05,Fees,Branch,4,5
CMP_0010067,CUST_04578,2025-08-13,Fees,Branch,8,3
CMP_0010068,CUST_02981,2024-10-10,Service,Branch,1,4
CMP_0010069,CUST_01587,2025-05-03,Fraud,Phone,4,3
CMP_0010070,CUST_09532,2022-05-12,KYC,Digital,6,1
CMP_0010071,CUST_04348,2022-11-24,Fees,Branch,1,5
CMP_0010072,CUST_07161,2022-01-09,Service,Branch,9,1
CMP_0010073,CUST_03281,2022-09-06,KYC,Digital,2,5
CMP_0010074,CUST_02000,2023-08-11,Service,Digital,4,3
CMP_0010075,CUST_03342,2022-12-20,Service,Phone,6,5
CMP_0010076,CUST_01280,2023-12-25,Service,Phone,5,5
CMP_0010077,CUST_05276,2022-09-24,Fees,Phone,4,1
CMP_0010078,CUST_06610,2023-09-15,Fees,Phone,8,5
CMP_0010079,CUST_05087,2026-06-30,Fees,Branch,7,5
CMP_0010080,CUST_07677,2024-10-29,Service,Branch,2,4
CMP_0010081,CUST_06010,2025-05-31,Service,Phone,4,4
CMP_0010082,CUST_05800,2022-09-21,Fees,Branch,18,4
CMP_0010083,CUST_02352,2022-11-28,Fraud,Digital,11,2
CMP_0010084,CUST_07811,2023-05-07,KYC,Phone,5,3
CMP_0010085,CUST_01014,2025-06-10,KYC,Digital,8,3
CMP_0010086,CUST_08476,2026-05-08,Service,Branch,2,5
CMP_0010087,CUST_03741,2025-11-23,Service,Digital,1,5
CMP_0010088,CUST_03032,2024-10-10,Service,Branch,3,3
CMP_0010089,CUST_01561,2024-05-11,Fees,Digital,6,4
CMP_0010090,CUST_05041,2024-06-26,Service,Digital,1,5
CMP_0010091,CUST_00297,2025-11-15,KYC,Phone,3,3
CMP_0010092,CUST_06298,2022-12-07,Fees,Phone,3,5
CMP_0010093,CUST_02443,2024-06-30,Service,Phone,4,5
CMP_0010094,CUST_09682,2025-01-27,Fees,Phone,13,2
CMP_0010095,CUST_07213,2023-07-22,KYC,Digital,2,2
CMP_0010096,CUST_07058,2022-08-13,Service,Branch,11,4
CMP_0010097,CUST_07146,2024-03-06,Fees,Phone,8,5
CMP_0010098,CUST_09973,2024-08-31,Fees,Digital,1,5
CMP_0010099,CUST_04952,2026-04-06,Service,Phone,9,5
CMP_0010100,CUST_02180,2024-02-20,Service,Phone,19,2
CMP_0010101,CUST_01342,2026-05-27,Service,Phone,9,4
CMP_0010102,CUST_04824,2022-01-03,Service,Digital,6,3
CMP_0010103,CUST_00565,2022-09-03,Service,Digital,6,4
CMP_0010104,CUST_02232,2025-12-30,Service,Branch,1,2
CMP_0010105,CUST_08462,2023-11-27,KYC,Phone,3,4
CMP_0010106,CUST_03809,2025-11-09,KYC,Branch,4,3
CMP_0010107,CUST_01743,2022-02-06,Service,Branch,13,5
CMP_0010108,CUST_03366,2025-10-11,Fees,Digital,11,4
CMP_0010109,CUST_00525,2025-05-10,Service,Phone,11,1
CMP_0010110,CUST_06057,2022-03-16,Service,Branch,1,5
CMP_0010111,CUST_03492,2023-04-24,KYC,Phone,4,5
CMP_0010112,CUST_07163,2022-10-15,Fees,Digital,6,5
CMP_0010113,CUST_02156,2022-02-09,Service,Phone,5,3
CMP_0010114,CUST_07409,2022-01-05,Fees,Phone,10,5
CMP_0010115,CUST_04301,2022-10-09,Fees,Digital,1,5
CMP_0010116,CUST_06057,2023-11-04,Service,Branch,1,4
CMP_0010117,CUST_09060,2024-12-06,Service,Branch,24,5
CMP_0010118,CUST_06152,2024-09-23,Service,Digital,1,4
CMP_0010119,CUST_01670,2024-03-15,Service,Digital,12,1
CMP_0010120,CUST_05349,2025-04-05,Service,Phone,12,1
CMP_0010121,CUST_10198,2022-04-10,Service,Branch,10,4
CMP_0010122,CUST_08813,2023-10-05,Service,Branch,18,5
CMP_0010123,CUST_07720,2025-06-06,Service,Branch,23,5
CMP_0010124,CUST_01473,2025-06-21,KYC,Phone,2,5
CMP_0010125,CUST_08896,2026-05-06,Fees,Branch,1,5
CMP_0010126,CUST_00758,2023-02-21,Fees,Branch,1,4
CMP_0010127,CUST_02207,2024-04-27,KYC,Branch,5,5
CMP_0010128,CUST_02967,2022-03-09,Service,Branch,1,5
CMP_0010129,CUST_01982,2026-08-06,Service,Phone,2,4
CMP_0010130,CUST_04537,2023-06-10,Fees,Branch,3,1
CMP_0010131,CUST_03581,2023-07-23,Service,Phone,4,1
CMP_0010132,CUST_05831,2025-12-07,Service,Phone,18,3
CMP_0010133,CUST_01969,2023-04-27,Service,Branch,11,2
CMP_0010134,CUST_04282,2024-06-19,Service,Phone,16,4
CMP_0010135,CUST_00162,2022-10-13,Fees,Digital,10,5
CMP_0010136,CUST_09771,2022-08-08,Service,Digital,2,1
CMP_0010137,CUST_03710,2026-08-09,Service,Phone,8,5
CMP_0010138,CUST_05943,2022-09-01,Fees,Digital,12,4
CMP_0010139,CUST_07876,2023-03-20,Fraud,Branch,8,4
CMP_0010140,CUST_02031,2026-04-15,Fees,Digital,3,1
CMP_0010141,CUST_00562,2025-06-18,Service,Digital,5,4
CMP_0010142,CUST_06053,2026-08-10,KYC,Phone,15,4
CMP_0010143,CUST_09403,2022-06-30,Service,Phone,1,4
CMP_0010144,CUST_05284,2023-09-22,Fees,Digital,12,5
CMP_0010145,CUST_09527,2024-02-26,Service,Digital,1,5
CMP_0010146,CUST_08022,2023-05-06,Fees,Phone,3,5
CMP_0010147,CUST_07367,2024-08-07,Service,Phone,12,4
CMP_0010148,CUST_01814,2026-03-21,Fees,Phone,44,1
CMP_0010149,CUST_07668,2025-05-11,Fees,Digital,14,3
CMP_0010150,CUST_02873,2022-01-27,Service,Digital,1,3
CMP_0010151,CUST_03700,2025-05-07,Fees,Branch,7,5
CMP_0010152,CUST_00651,2022-07-12,Service,Branch,19,5
CMP_0010153,CUST_01655,2023-11-12,Fees,Digital,4,3
CMP_0010154,CUST_05057,2026-06-27,KYC,Digital,4,4
CMP_0010155,CUST_10175,2026-04-04,Fraud,Branch,4,3
CMP_0010156,CUST_03767,2022-02-15,Service,Digital,4,3
CMP_0010157,CUST_05436,2024-01-01,Service,Phone,4,4
CMP_0010158,CUST_07230,2025-04-27,Fees,Digital,6,5
CMP_0010159,CUST_05796,2025-08-20,KYC,Branch,7,5
CMP_0010160,CUST_01783,2023-08-30,KYC,Branch,10,4
CMP_0010161,CUST_00079,2025-11-24,Fraud,Phone,14,4
CMP_0010162,CUST_05716,2023-09-11,KYC,Digital,4,3
CMP_0010163,CUST_05306,2025-06-28,Fees,Digital,4,5
CMP_0010164,CUST_07751,2026-06-17,Service,Phone,4,4
CMP_0010165,CUST_08565,2026-06-23,Fees,Phone,10,3
CMP_0010166,CUST_07390,2023-04-04,Fraud,Phone,11,4
CMP_0010167,CUST_00970,2025-01-13,Fraud,Phone,12,4
CMP_0010168,CUST_07279,2023-05-11,Service,Branch,2,4
CMP_0010169,CUST_02877,2026-07-09,Service,Branch,2,4
CMP_0010170,CUST_02814,2025-03-22,Service,Phone,4,5
CMP_0010171,CUST_05869,2023-06-07,Service,Branch,8,3
CMP_0010172,CUST_09643,2026-01-19,Service,Branch,12,1
CMP_0010173,CUST_07628,2025-11-13,Service,Branch,3,3
CMP_0010174,CUST_03329,2026-02-06,KYC,Phone,9,5
CMP_0010175,CUST_04487,2025-09-24,Service,Branch,1,3
CMP_0010176,CUST_07672,2022-07-31,Fees,Phone,9,5
CMP_0010177,CUST_02835,2022-08-08,Fees,Digital,5,4
CMP_0010178,CUST_06057,2022-11-26,Fees,Digital,9,4
CMP_0010179,CUST_08795,2026-07-29,Service,Phone,4,5
CMP_0010180,CUST_06509,2022-08-25,Service,Phone,1,5
CMP_0010181,CUST_09177,2024-09-02,Fees,Phone,12,5
CMP_0010182,CUST_02061,2024-03-05,Fees,Branch,6,4
CMP_0010183,CUST_00280,2024-10-15,Service,Digital,10,1
CMP_0010184,CUST_03150,2023-10-16,Service,Branch,8,2
CMP_0010185,CUST_01097,2022-09-10,Service,Phone,6,5
CMP_0010186,CUST_02483,2023-10-07,KYC,Phone,17,5
CMP_0010187,CUST_05030,2022-06-19,Fees,Digital,3,4
CMP_0010188,CUST_04336,2022-05-02,Service,Digital,1,3
CMP_0010189,CUST_09764,2024-10-28,Fees,Phone,33,1
CMP_0010190,CUST_07114,2024-05-10,Fraud,Phone,6,2
CMP_0010191,CUST_04769,2023-12-04,KYC,Phone,13,2
CMP_0010192,CUST_04446,2023-09-16,Service,Digital,4,5
CMP_0010193,CUST_09884,2022-03-16,Fees,Phone,7,3
CMP_0010194,CUST_09317,2022-07-07,Service,Digital,10,4
CMP_0010195,CUST_08215,2026-01-26,Fraud,Phone,36,4
CMP_0010196,CUST_08175,2025-04-15,Fees,Phone,1,4
CMP_0010197,CUST_00299,2022-06-05,Service,Phone,11,1
CMP_0010198,CUST_00583,2022-04-06,KYC,Branch,6,5
CMP_0010199,CUST_09891,2024-10-14,Service,Digital,6,4
CMP_0010200,CUST_00985,2023-08-19,KYC,Branch,6,5
CMP_0010201,CUST_02625,2026-06-25,Fees,Phone,4,2
CMP_0010202,CUST_01172,2025-05-31,Fees,Branch,4,3
CMP_0010203,CUST_07688,2026-08-13,Fees,Branch,5,4
CMP_0010204,CUST_05389,2023-12-15,Service,Digital,70,4
CMP_0010205,CUST_05488,2026-03-14,Fees,Phone,6,5
CMP_0010206,CUST_06450,2026-01-29,KYC,Digital,6,5
CMP_0010207,CUST_08804,2024-11-13,Service,Phone,9,5
CMP_0010208,CUST_03164,2024-07-29,Fraud,Branch,10,4
CMP_0010209,CUST_10049,2025-05-15,Fees,Branch,7,4
CMP_0010210,CUST_08985,2024-09-12,Service,Phone,2,3
CMP_0010211,CUST_02585,2023-05-05,Service,Branch,1,3
CMP_0010212,CUST_01634,2025-06-08,Service,Digital,11,4
CMP_0010213,CUST_08060,2024-11-06,Fees,Digital,17,4
CMP_0010214,CUST_04629,2025-03-19,Fees,Branch,1,4
CMP_0010215,CUST_00490,2026-02-12,KYC,Phone,6,5
CMP_0010216,CUST_08018,2026-04-14,Fees,Branch,3,4
CMP_0010217,CUST_07921,2024-05-28,Fees,Phone,6,4
CMP_0010218,CUST_01341,2025-03-12,KYC,Phone,2,5
CMP_0010219,CUST_07414,2024-11-16,Service,Phone,3,4
CMP_0010220,CUST_08301,2024-09-18,Service,Branch,4,2
CMP_0010221,CUST_09139,2022-01-25,KYC,Digital,8,5
CMP_0010222,CUST_08206,2023-10-27,Service,Phone,5,4
CMP_0010223,CUST_06547,2023-06-09,Service,Phone,15,4
CMP_0010224,CUST_05257,2025-09-04,Service,Phone,8,2
CMP_0010225,CUST_03624,2026-04-26,KYC,Phone,1,5
CMP_0010226,CUST_03601,2025-06-12,Fees,Branch,1,4
CMP_0010227,CUST_00228,2025-12-31,Fraud,Branch,10,5
CMP_0010228,CUST_03921,2024-06-19,Service,Phone,5,4
CMP_0010229,CUST_05169,2025-01-06,Service,Digital,3,4
CMP_0010230,CUST_04673,2022-02-27,Fees,Digital,9,4
CMP_0010231,CUST_00944,2023-04-02,Service,Phone,53,3
CMP_0010232,CUST_08905,2023-04-20,Service,Branch,5,5
CMP_0010233,CUST_00043,2023-04-02,Service,Digital,15,4
CMP_0010234,CUST_04737,2024-08-18,KYC,Digital,6,4
CMP_0010235,CUST_04422,2024-03-15,Fees,Phone,2,5
CMP_0010236,CUST_07132,2024-02-24,Fees,Digital,2,4
CMP_0010237,CUST_04113,2025-11-16,Fees,Digital,4,4
CMP_0010238,CUST_06110,2026-01-03,KYC,Branch,3,3
CMP_0010239,CUST_00438,2024-06-20,Service,Branch,6,5
CMP_0010240,CUST_05672,2024-11-22,Service,Phone,4,3
CMP_0010241,CUST_08259,2022-11-17,KYC,Branch,7,5
CMP_0010242,CUST_01963,2024-02-23,Service,Phone,60,4
CMP_0010243,CUST_05503,2024-02-23,Service,Phone,9,4
CMP_0010244,CUST_05179,2024-12-19,Fees,Phone,10,2
CMP_0010245,CUST_03688,2024-07-12,Fees,Phone,3,4
CMP_0010246,CUST_03373,2024-05-23,Fees,Phone,3,4
CMP_0010247,CUST_07028,2023-03-04,Service,Phone,2,4
CMP_0010248,CUST_08228,2026-02-21,Fees,Digital,33,5
CMP_0010249,CUST_00839,2026-05-01,Fraud,Phone,7,4
CMP_0010250,CUST_08638,2023-05-26,KYC,Branch,7,4
CMP_0010251,CUST_03038,2022-12-03,KYC,Phone,7,3
CMP_0010252,CUST_01839,2023-01-21,Service,Digital,2,3
CMP_0010253,CUST_03039,2023-01-18,Service,Phone,5,4
CMP_0010254,CUST_10169,2026-05-30,Service,Phone,5,5
CMP_0010255,CUST_05608,2023-02-28,KYC,Digital,4,3
CMP_0010256,CUST_08424,2022-05-08,Fraud,Branch,7,5
CMP_0010257,CUST_09540,2022-11-07,Fees,Phone,11,4
CMP_0010258,CUST_03843,2025-01-12,Service,Branch,7,4
CMP_0010259,CUST_10154,2025-09-11,Fees,Digital,11,4
CMP_0010260,CUST_07448,2022-06-01,Fees,Phone,4,1
CMP_0010261,CUST_06609,2024-08-29,Fraud,Branch,9,4
CMP_0010262,CUST_08420,2022-06-28,Fees,Digital,53,1
CMP_0010263,CUST_02178,2023-06-20,Service,Phone,3,2
CMP_0010264,CUST_01708,2023-01-25,Service,Branch,7,2
CMP_0010265,CUST_05361,2026-06-06,Fraud,Digital,5,5
CMP_0010266,CUST_02480,2023-12-23,Fees,Branch,3,5
CMP_0010267,CUST_08029,2026-01-27,Service,Branch,10,3
CMP_0010268,CUST_04974,2025-10-04,Fees,Digital,1,3
CMP_0010269,CUST_01543,2025-04-08,KYC,Digital,65,5
CMP_0010270,CUST_07360,2025-04-11,Service,Branch,8,1
CMP_0010271,CUST_02123,2024-03-13,Fees,Phone,7,5
CMP_0010272,CUST_09847,2022-06-05,Fees,Digital,4,4
CMP_0010273,CUST_09504,2022-01-13,Fees,Phone,1,5
CMP_0010274,CUST_09946,2024-09-19,Service,Digital,9,5
CMP_0010275,CUST_07072,2024-07-16,Fraud,Phone,6,4
CMP_0010276,CUST_05090,2022-07-12,Service,Branch,17,3
CMP_0010277,CUST_05557,2025-08-21,KYC,Branch,7,5
CMP_0010278,CUST_00056,2024-04-01,Service,Digital,1,5
CMP_0010279,CUST_07140,2022-04-26,KYC,Branch,41,3
CMP_0010280,CUST_01615,2024-11-16,Service,Branch,3,5
CMP_0010281,CUST_04541,2024-10-30,Service,Branch,4,5
CMP_0010282,CUST_01475,2022-04-09,Fees,Digital,2,1
CMP_0010283,CUST_02127,2025-04-18,Fees,Phone,17,4
CMP_0010284,CUST_03085,2025-12-09,Fraud,Digital,8,3
CMP_0010285,CUST_00397,2025-10-04,Service,Digital,6,5
CMP_0010286,CUST_00682,2025-05-01,Service,Branch,4,4
CMP_0010287,CUST_05758,2025-06-28,Service,Phone,3,5
CMP_0010288,CUST_08334,2025-05-28,Service,Branch,16,1
CMP_0010289,CUST_08433,2024-09-26,Service,Branch,2,5
CMP_0010290,CUST_03237,2024-02-21,Service,Phone,42,3
CMP_0010291,CUST_01417,2022-08-04,KYC,Branch,4,1
CMP_0010292,CUST_03880,2023-12-29,Service,Branch,5,3
CMP_0010293,CUST_08009,2024-03-10,Fees,Phone,7,4
CMP_0010294,CUST_09070,2022-12-10,Service,Branch,3,3
CMP_0010295,CUST_09378,2022-12-05,Service,Phone,2,5
CMP_0010296,CUST_02868,2024-05-05,Service,Phone,3,5
CMP_0010297,CUST_07160,2023-10-24,Fees,Branch,5,4
CMP_0010298,CUST_09927,2026-03-14,Fees,Phone,10,4
CMP_0010299,CUST_07465,2022-09-09,KYC,Digital,57,5
CMP_0010300,CUST_03555,2026-04-11,Service,Digital,1,3
CMP_0010301,CUST_08011,2022-06-09,Fraud,Phone,4,5
CMP_0010302,CUST_03100,2025-12-24,Fees,Branch,2,5
CMP_0010303,CUST_09433,2025-03-24,Fees,Phone,40,2
CMP_0010304,CUST_08800,2026-04-25,Service,Phone,4,5
CMP_0010305,CUST_07887,2024-07-31,Service,Digital,4,5
CMP_0010306,CUST_05409,2024-09-13,Service,Digital,4,4
CMP_0010307,CUST_06621,2024-06-07,Service,Digital,56,4
CMP_0010308,CUST_07111,2024-05-14,Service,Branch,3,4
CMP_0010309,CUST_08776,2022-11-01,Service,Digital,7,4
CMP_0010310,CUST_04343,2022-11-18,Service,Branch,1,4
CMP_0010311,CUST_03252,2022-11-05,Fees,Branch,1,4
CMP_0010312,CUST_04710,2024-11-01,Service,Phone,4,4
CMP_0010313,CUST_01003,2024-09-27,Fees,Digital,3,4
CMP_0010314,CUST_07667,2024-10-26,Fees,Digital,2,5
CMP_0010315,CUST_03668,2025-06-01,Fees,Digital,5,5
CMP_0010316,CUST_05402,2023-04-11,Service,Branch,5,4
CMP_0010317,CUST_00093,2022-04-07,Fees,Digital,22,2
CMP_0010318,CUST_10033,2022-07-02,Service,Digital,1,5
CMP_0010319,CUST_03276,2024-02-15,Service,Digital,5,5
CMP_0010320,CUST_04471,2023-11-17,Service,Digital,24,5
CMP_0010321,CUST_09820,2023-04-11,Fees,Phone,21,5
CMP_0010322,CUST_09708,2026-03-03,Service,Digital,4,4
CMP_0010323,CUST_02966,2026-06-22,KYC,Phone,3,5
CMP_0010324,CUST_00370,2022-06-24,Fees,Phone,3,2
CMP_0010325,CUST_04298,2025-02-08,KYC,Digital,2,2
CMP_0010326,CUST_05507,2023-03-14,Service,Branch,4,5
CMP_0010327,CUST_06094,2022-10-27,KYC,Phone,3,3
CMP_0010328,CUST_08975,2023-12-11,Fees,Branch,4,3
CMP_0010329,CUST_02518,2024-03-10,KYC,Branch,5,5
CMP_0010330,CUST_09532,2022-03-21,KYC,Digital,10,4
CMP_0010331,CUST_08399,2022-12-26,Fees,Digital,7,5
CMP_0010332,CUST_05732,2023-05-09,Service,Phone,14,4
CMP_0010333,CUST_04470,2023-12-14,Fees,Phone,4,3
CMP_0010334,CUST_02574,2023-05-17,KYC,Branch,71,4
CMP_0010335,CUST_00782,2026-01-31,Service,Digital,11,4
CMP_0010336,CUST_00967,2024-06-29,Service,Digital,6,4
CMP_0010337,CUST_05264,2025-12-08,Fraud,Phone,2,3
CMP_0010338,CUST_06606,2023-05-02,Service,Branch,15,4
CMP_0010339,CUST_07340,2025-10-30,Fees,Phone,16,3
CMP_0010340,CUST_00499,2024-03-30,Fees,Digital,5,4
CMP_0010341,CUST_02853,2024-05-08,Service,Phone,9,5
CMP_0010342,CUST_02343,2024-08-23,Fees,Branch,1,3
CMP_0010343,CUST_01758,2025-06-12,KYC,Branch,8,5
CMP_0010344,CUST_03812,2024-06-05,Fees,Branch,36,2
CMP_0010345,CUST_07451,2022-02-22,Service,Branch,1,4
CMP_0010346,CUST_02094,2025-04-13,Service,Phone,7,4
CMP_0010347,CUST_05876,2025-10-27,Fees,Phone,4,5
CMP_0010348,CUST_06695,2024-06-15,Service,Phone,1,3
CMP_0010349,CUST_04425,2022-08-27,Fees,Branch,6,5
CMP_0010350,CUST_02042,2022-03-19,Service,Digital,5,5
CMP_0010351,CUST_06307,2024-10-24,KYC,Digital,4,2
CMP_0010352,CUST_09066,2026-02-21,Fees,Digital,5,3
CMP_0010353,CUST_04684,2022-09-01,Fees,Digital,1,5
CMP_0010354,CUST_03265,2023-05-05,Fees,Phone,10,5
CMP_0010355,CUST_03864,2025-03-11,Fraud,Phone,8,4
CMP_0010356,CUST_04648,2024-09-01,Service,Phone,7,5
CMP_0010357,CUST_06526,2025-07-27,Fees,Branch,20,4
CMP_0010358,CUST_05131,2026-07-28,Service,Branch,69,3
CMP_0010359,CUST_06104,2022-12-20,Service,Digital,5,2
CMP_0010360,CUST_06419,2024-04-10,Fees,Branch,3,5
CMP_0010361,CUST_07614,2022-10-11,Fees,Phone,14,5
CMP_0010362,CUST_07024,2024-11-07,Fees,Phone,6,3
CMP_0010363,CUST_05697,2023-07-28,KYC,Phone,1,3
CMP_0010364,CUST_02064,2026-08-04,Fees,Branch,3,1
CMP_0010365,CUST_06759,2026-06-19,Fraud,Phone,3,2
CMP_0010366,CUST_00717,2023-02-04,Fraud,Branch,2,4
CMP_0010367,CUST_09717,2026-05-16,Fees,Digital,5,3
CMP_0010368,CUST_01438,2022-05-12,KYC,Phone,12,2
CMP_0010369,CUST_03314,2025-06-26,Service,Branch,3,4
CMP_0010370,CUST_06466,2022-11-04,Fraud,Branch,15,5
CMP_0010371,CUST_03158,2025-06-04,Fees,Digital,2,5
CMP_0010372,CUST_00172,2023-05-23,Fraud,Branch,11,5
CMP_0010373,CUST_06303,2022-03-29,KYC,Branch,2,5
CMP_0010374,CUST_02242,2023-09-06,Fees,Digital,6,4
CMP_0010375,CUST_01085,2022-04-17,Fees,Phone,5,5
CMP_0010376,CUST_00396,2025-09-24,Service,Digital,2,4
CMP_0010377,CUST_06039,2022-02-17,Service,Digital,5,1
CMP_0010378,CUST_08461,2022-11-25,KYC,Branch,6,5
CMP_0010379,CUST_00316,2023-08-08,Service,Phone,16,5
CMP_0010380,CUST_10013,2023-11-22,Fees,Branch,11,4
CMP_0010381,CUST_01686,2025-06-01,Service,Phone,12,3
CMP_0010382,CUST_03276,2025-04-29,Service,Digital,8,5
CMP_0010383,CUST_08252,2022-05-06,Service,Phone,1,5
CMP_0010384,CUST_08315,2024-10-16,Fraud,Phone,6,5
CMP_0010385,CUST_06103,2025-12-04,Fees,Branch,3,2
CMP_0010386,CUST_00227,2022-06-30,Service,Digital,68,4
CMP_0010387,CUST_06007,2026-07-12,Fees,Phone,13,5
CMP_0010388,CUST_01725,2024-03-06,Fraud,Phone,1,4
CMP_0010389,CUST_03922,2022-05-29,Fees,Branch,17,4
CMP_0010390,CUST_03996,2024-05-16,Fees,Branch,1,3
CMP_0010391,CUST_01193,2022-02-27,Service,Branch,13,2
CMP_0010392,CUST_08223,2022-01-10,Service,Phone,8,2
CMP_0010393,CUST_08496,2023-12-28,Service,Branch,2,3
CMP_0010394,CUST_03163,2023-03-06,Service,Phone,7,4
CMP_0010395,CUST_06414,2025-06-28,KYC,Digital,5,2
CMP_0010396,CUST_04775,2023-11-26,Service,Phone,8,4
CMP_0010397,CUST_09029,2024-01-07,KYC,Branch,5,1
CMP_0010398,CUST_10096,2022-03-26,Fees,Branch,8,5
CMP_0010399,CUST_04123,2024-08-22,Service,Branch,7,2
CMP_0010400,CUST_07435,2022-05-27,KYC,Digital,7,2
CMP_0010401,CUST_01952,2025-08-07,Fees,Branch,4,4
CMP_0010402,CUST_06960,2026-05-08,Fees,Digital,4,2
CMP_0010403,CUST_06113,2023-01-24,Service,Branch,18,3
CMP_0010404,CUST_06388,2023-02-10,Fees,Branch,9,5
CMP_0010405,CUST_07993,2024-01-06,Service,Phone,7,1
CMP_0010406,CUST_08541,2026-02-09,KYC,Phone,3,5
CMP_0010407,CUST_02640,2022-05-17,Fraud,Branch,5,4
CMP_0010408,CUST_02543,2024-05-14,Fees,Branch,2,3
CMP_0010409,CUST_06326,2026-03-05,Service,Branch,10,5
CMP_0010410,CUST_00338,2025-08-26,Service,Digital,5,5
CMP_0010411,CUST_09247,2023-01-30,Fees,Phone,5,3
CMP_0010412,CUST_10046,2025-01-26,Service,Branch,25,5
CMP_0010413,CUST_01338,2025-04-23,Service,Digital,17,5
CMP_0010414,CUST_04437,2023-03-25,Fees,Phone,8,4
CMP_0010415,CUST_06102,2023-09-03,Fraud,Phone,11,5
CMP_0010416,CUST_09943,2024-11-03,Service,Branch,4,5
CMP_0010417,CUST_00169,2025-03-11,Service,Branch,5,4
CMP_0010418,CUST_05681,2025-10-05,KYC,Digital,2,5
CMP_0010419,CUST_01661,2024-01-17,Fraud,Phone,6,5
CMP_0010420,CUST_08014,2024-08-18,Service,Phone,14,1
CMP_0010421,CUST_07675,2025-04-05,Fees,Digital,1,1
CMP_0010422,CUST_01062,2022-02-21,Service,Branch,12,4
CMP_0010423,CUST_00519,2024-10-16,Fees,Branch,2,3
CMP_0010424,CUST_07130,2026-01-10,Service,Phone,5,1
CMP_0010425,CUST_00890,2022-02-03,KYC,Digital,9,2
CMP_0010426,CUST_06700,2026-04-14,Fees,Phone,9,5
CMP_0010427,CUST_00177,2022-05-12,Service,Phone,4,3
CMP_0010428,CUST_07251,2022-09-09,Fees,Phone,25,4
CMP_0010429,CUST_05894,2025-11-25,Service,Phone,6,2
CMP_0010430,CUST_07726,2023-11-29,KYC,Phone,13,5
CMP_0010431,CUST_10107,2023-08-02,Fees,Branch,11,4
CMP_0010432,CUST_02108,2024-05-25,Service,Digital,66,1
CMP_0010433,CUST_00082,2023-09-18,Service,Digital,3,3
CMP_0010434,CUST_06101,2025-07-11,Service,Branch,11,4
CMP_0010435,CUST_01432,2024-07-03,Service,Digital,3,4
CMP_0010436,CUST_06461,2023-08-05,Fees,Branch,11,2
CMP_0010437,CUST_06746,2022-11-07,Service,Phone,7,5
CMP_0010438,CUST_03208,2024-01-31,Service,Phone,2,5
CMP_0010439,CUST_03003,2026-03-01,KYC,Phone,18,5
CMP_0010440,CUST_04307,2026-02-24,Fees,Branch,9,3
CMP_0010441,CUST_05943,2023-12-19,KYC,Phone,9,3
CMP_0010442,CUST_04949,2025-04-26,Service,Branch,6,3
CMP_0010443,CUST_03037,2023-08-11,KYC,Digital,5,2
CMP_0010444,CUST_09124,2026-01-25,Fees,Digital,3,4
CMP_0010445,CUST_08318,2022-09-16,Service,Phone,19,1
CMP_0010446,CUST_00875,2024-09-29,KYC,Digital,8,2
CMP_0010447,CUST_03303,2024-12-28,Fees,Digital,11,4
CMP_0010448,CUST_09798,2025-07-14,Fees,Digital,4,4
CMP_0010449,CUST_03283,2026-04-07,Service,Branch,75,4
CMP_0010450,CUST_05494,2022-10-20,Service,Branch,35,5
CMP_0010451,CUST_04604,2025-11-11,Service,Branch,5,3
CMP_0010452,CUST_04476,2023-07-02,KYC,Phone,6,5
CMP_0010453,CUST_05677,2023-05-05,Fees,Phone,5,5
CMP_0010454,CUST_10131,2022-04-04,Service,Phone,3,4
CMP_0010455,CUST_02889,2024-05-22,Service,Digital,55,4
CMP_0010456,CUST_04327,2025-01-21,KYC,Phone,6,5
CMP_0010457,CUST_05111,2022-02-18,Service,Phone,12,2
CMP_0010458,CUST_08577,2022-11-24,KYC,Branch,3,3
CMP_0010459,CUST_01358,2024-05-01,KYC,Branch,21,5
CMP_0010460,CUST_04785,2024-05-21,KYC,Branch,5,3
CMP_0010461,CUST_07359,2022-04-07,Service,Branch,4,5
CMP_0010462,CUST_08179,2023-04-21,Service,Branch,4,4
CMP_0010463,CUST_07201,2025-02-14,Fees,Branch,5,3
CMP_0010464,CUST_07491,2022-01-20,KYC,Digital,12,4
CMP_0010465,CUST_01982,2026-03-18,Service,Digital,11,5
CMP_0010466,CUST_00876,2022-05-29,Service,Branch,7,3
CMP_0010467,CUST_07628,2023-11-04,Service,Branch,3,5
CMP_0010468,CUST_05917,2025-12-23,KYC,Digital,3,5
CMP_0010469,CUST_02287,2024-10-02,Service,Phone,64,4
CMP_0010470,CUST_05314,2024-07-15,Fraud,Branch,5,5
CMP_0010471,CUST_00711,2024-06-19,Fees,Digital,32,1
CMP_0010472,CUST_09469,2025-01-09,Service,Branch,3,5
CMP_0010473,CUST_02159,2025-02-03,Fraud,Branch,8,5
CMP_0010474,CUST_00054,2022-08-11,Fees,Branch,16,3
CMP_0010475,CUST_08660,2023-06-03,KYC,Digital,7,2
CMP_0010476,CUST_01159,2023-10-17,KYC,Branch,5,4
CMP_0010477,CUST_05764,2022-05-10,Service,Branch,3,3
CMP_0010478,CUST_09157,2025-05-09,KYC,Phone,4,5
CMP_0010479,CUST_01264,2023-05-02,Fees,Branch,28,1
CMP_0010480,CUST_03637,2024-01-05,Service,Digital,2,5
CMP_0010481,CUST_01206,2023-09-08,Fees,Phone,52,5
CMP_0010482,CUST_01603,2023-12-17,KYC,Phone,7,4
CMP_0010483,CUST_08760,2025-03-11,Service,Branch,6,4
CMP_0010484,CUST_03963,2023-12-27,Service,Phone,4,4
CMP_0010485,CUST_08931,2025-02-17,Service,Digital,4,5
CMP_0010486,CUST_08434,2025-10-15,Fees,Digital,4,4
CMP_0010487,CUST_01579,2025-05-27,Service,Phone,14,3
CMP_0010488,CUST_01802,2022-10-12,Fees,Branch,46,1
CMP_0010489,CUST_10016,2023-01-11,Service,Digital,5,4
CMP_0010490,CUST_00666,2025-07-31,Fees,Phone,5,5
CMP_0010491,CUST_05149,2025-12-15,Fees,Phone,27,1
CMP_0010492,CUST_08460,2026-05-13,Service,Phone,5,3
CMP_0010493,CUST_10065,2024-07-01,Service,Digital,5,4
CMP_0010494,CUST_06889,2023-05-10,Fees,Branch,6,5
CMP_0010495,CUST_06271,2026-08-11,Service,Digital,1,5
CMP_0010496,CUST_09336,2025-05-04,Service,Phone,10,5
CMP_0010497,CUST_08891,2023-12-13,Service,Digital,10,2
CMP_0010498,CUST_03097,2022-05-13,Service,Digital,3,5
CMP_0010499,CUST_03476,2025-04-02,Fees,Digital,5,5
CMP_0010500,CUST_06826,2022-01-03,KYC,Branch,7,4
CMP_0010501,CUST_00020,2023-01-01,Service,Branch,9,4
CMP_0010502,CUST_06083,2024-01-10,Service,Branch,2,3
CMP_0010503,CUST_03262,2023-03-18,Fees,Digital,1,1
CMP_0010504,CUST_00389,2022-07-26,Fees,Branch,16,5
CMP_0010505,CUST_03328,2023-04-18,Service,Digital,8,4
CMP_0010506,CUST_09798,2022-11-30,Service,Branch,1,1
CMP_0010507,CUST_07177,2025-05-16,Fees,Branch,11,2
CMP_0010508,CUST_05400,2022-06-18,Fees,Branch,2,5
CMP_0010509,CUST_03450,2024-05-10,Service,Phone,13,4
CMP_0010510,CUST_04478,2024-08-25,Service,Branch,13,5
CMP_0010511,CUST_04472,2022-09-15,Fees,Branch,1,4
CMP_0010512,CUST_04296,2025-09-09,Service,Phone,8,2
CMP_0010513,CUST_06792,2024-08-13,KYC,Digital,7,5
CMP_0010514,CUST_00682,2026-02-23,Fees,Digital,6,2
CMP_0010515,CUST_00037,2022-11-02,Service,Branch,8,4
CMP_0010516,CUST_04245,2025-07-02,Service,Branch,6,1
CMP_0010517,CUST_04588,2022-03-28,KYC,Digital,13,4
CMP_0010518,CUST_00941,2025-08-23,Fees,Branch,1,5
CMP_0010519,CUST_08515,2023-08-03,Fraud,Phone,7,5
CMP_0010520,CUST_01919,2025-11-26,Fees,Phone,5,4
CMP_0010521,CUST_07606,2023-12-13,Fees,Digital,34,5
CMP_0010522,CUST_03742,2022-11-28,Service,Phone,21,5
CMP_0010523,CUST_05291,2022-06-02,Fees,Branch,1,4
CMP_0010524,CUST_00200,2025-11-09,KYC,Branch,14,5
CMP_0010525,CUST_06947,2023-08-19,Service,Phone,5,4
CMP_0010526,CUST_10126,2025-12-08,Service,Phone,4,4
CMP_0010527,CUST_09804,2022-06-04,Fees,Digital,2,5
CMP_0010528,CUST_00848,2024-05-16,Service,Phone,9,5
CMP_0010529,CUST_06296,2023-11-03,Fraud,Branch,5,5
CMP_0010530,CUST_07255,2026-03-03,Fees,Phone,9,3
CMP_0010531,CUST_03532,2025-09-28,Fees,Digital,8,4
CMP_0010532,CUST_10072,2023-08-09,KYC,Branch,3,4
CMP_0010533,CUST_05138,2026-06-18,Service,Phone,9,5
CMP_0010534,CUST_07124,2024-02-01,Service,Phone,3,3
CMP_0010535,CUST_09628,2024-07-19,Fraud,Phone,3,1
CMP_0010536,CUST_02369,2023-07-05,Fees,Digital,7,4
CMP_0010537,CUST_00800,2024-04-02,Service,Branch,5,5
CMP_0010538,CUST_03986,2026-02-23,Fees,Digital,12,4
CMP_0010539,CUST_02568,2026-06-18,Fees,Phone,11,2
CMP_0010540,CUST_03770,2025-05-09,Fees,Digital,7,5
CMP_0010541,CUST_07234,2025-04-27,Fees,Phone,2,4
CMP_0010542,CUST_09765,2024-07-15,KYC,Phone,7,3
CMP_0010543,CUST_07374,2024-03-13,Fraud,Digital,4,4
CMP_0010544,CUST_03987,2022-09-18,Service,Phone,6,4
CMP_0010545,CUST_06907,2026-03-23,KYC,Phone,5,3
CMP_0010546,CUST_07130,2022-01-04,Service,Branch,5,4
CMP_0010547,CUST_07606,2025-09-16,Service,Branch,5,5
CMP_0010548,CUST_03474,2022-02-16,Fees,Branch,2,1
CMP_0010549,CUST_07381,2022-02-08,Fees,Branch,6,3
CMP_0010550,CUST_06315,2022-09-29,KYC,Branch,1,3
CMP_0010551,CUST_00139,2026-05-01,Service,Phone,4,5
CMP_0010552,CUST_01975,2023-04-29,Service,Branch,1,4
CMP_0010553,CUST_03755,2022-07-21,Service,Digital,10,3
CMP_0010554,CUST_00698,2024-06-29,Service,Branch,5,5
CMP_0010555,CUST_07913,2024-06-17,KYC,Phone,1,5
CMP_0010556,CUST_08089,2022-09-25,Service,Digital,4,5
CMP_0010557,CUST_07620,2024-11-24,Fees,Digital,2,5
CMP_0010558,CUST_08492,2023-08-20,Fees,Phone,3,4
CMP_0010559,CUST_06186,2023-12-28,Service,Phone,4,5
CMP_0010560,CUST_08825,2022-01-09,Service,Digital,2,2
CMP_0010561,CUST_07249,2023-08-29,Fees,Branch,14,5
CMP_0010562,CUST_04229,2022-12-28,KYC,Branch,5,5
CMP_0010563,CUST_00066,2026-03-08,Service,Digital,14,5
CMP_0010564,CUST_00374,2023-12-25,Service,Branch,4,4
CMP_0010565,CUST_06334,2026-07-25,Service,Digital,59,5
CMP_0010566,CUST_01810,2024-01-11,KYC,Phone,5,4
CMP_0010567,CUST_07203,2026-07-28,Service,Phone,20,5
CMP_0010568,CUST_08665,2024-10-17,Fees,Digital,3,2
CMP_0010569,CUST_05191,2023-07-30,Service,Phone,5,5
CMP_0010570,CUST_06523,2026-05-04,Service,Digital,39,3
CMP_0010571,CUST_05518,2024-07-23,Service,Branch,11,2
CMP_0010572,CUST_05185,2025-05-07,Fees,Digital,9,4
CMP_0010573,CUST_08253,2022-03-22,Service,Branch,2,2
CMP_0010574,CUST_06685,2023-12-12,KYC,Branch,6,3
CMP_0010575,CUST_01446,2022-04-28,Fees,Branch,3,5
CMP_0010576,CUST_05200,2025-10-14,Fees,Branch,13,4
CMP_0010577,CUST_01204,2026-04-04,Service,Phone,5,5
CMP_0010578,CUST_07460,2022-04-25,Service,Digital,19,5
CMP_0010579,CUST_07611,2022-05-25,KYC,Phone,4,4
CMP_0010580,CUST_02220,2025-05-22,KYC,Branch,35,5
CMP_0010581,CUST_01168,2023-10-23,Fees,Phone,5,3
CMP_0010582,CUST_07452,2025-06-28,Fees,Branch,9,3
CMP_0010583,CUST_04912,2024-09-05,Service,Phone,3,5
CMP_0010584,CUST_08587,2022-08-31,Fees,Branch,8,3
CMP_0010585,CUST_03103,2022-08-19,Service,Phone,6,5
CMP_0010586,CUST_03827,2022-05-13,Fees,Branch,39,2
CMP_0010587,CUST_07946,2024-02-02,Service,Digital,9,5
CMP_0010588,CUST_05425,2026-07-05,Service,Branch,26,5
CMP_0010589,CUST_02434,2022-02-08,Fees,Phone,13,1
CMP_0010590,CUST_05223,2023-05-26,Fees,Phone,6,4
CMP_0010591,CUST_01342,2024-03-18,Fees,Branch,3,4
CMP_0010592,CUST_02577,2022-06-22,Fees,Branch,5,5
CMP_0010593,CUST_06985,2022-06-07,Service,Branch,2,4
CMP_0010594,CUST_06454,2022-07-30,Service,Branch,6,3
CMP_0010595,CUST_09674,2023-01-28,Fraud,Branch,7,3
CMP_0010596,CUST_07335,2022-05-19,KYC,Branch,3,5
CMP_0010597,CUST_02628,2025-11-17,Service,Branch,5,4
CMP_0010598,CUST_06153,2024-08-03,Service,Branch,9,4
CMP_0010599,CUST_10003,2023-03-29,Service,Digital,5,4
CMP_0010600,CUST_09358,2022-12-20,Service,Phone,8,1
CMP_0010601,CUST_03135,2022-09-10,Fraud,Branch,8,5
CMP_0010602,CUST_07629,2022-09-27,Service,Digital,3,5
CMP_0010603,CUST_08495,2026-06-22,Fees,Digital,3,4
CMP_0010604,CUST_04171,2024-09-19,Service,Branch,2,1
CMP_0010605,CUST_07261,2022-12-31,Fees,Branch,6,2
CMP_0010606,CUST_04565,2026-06-16,Service,Branch,44,4
CMP_0010607,CUST_06149,2025-04-11,Service,Phone,1,4
CMP_0010608,CUST_01993,2023-04-16,Service,Branch,9,5
CMP_0010609,CUST_02190,2023-06-04,KYC,Phone,6,3
CMP_0010610,CUST_01316,2025-12-17,Fees,Phone,11,5
CMP_0010611,CUST_08341,2023-04-04,Fees,Digital,3,5
CMP_0010612,CUST_08069,2023-09-09,KYC,Phone,4,5
CMP_0010613,CUST_06756,2024-04-07,Fees,Digital,1,5
CMP_0010614,CUST_00926,2024-03-28,Fees,Digital,10,4
CMP_0010615,CUST_07891,2025-10-10,Fees,Digital,9,5
CMP_0010616,CUST_04989,2024-11-15,Fraud,Phone,2,3
CMP_0010617,CUST_05308,2023-07-17,KYC,Branch,58,4
CMP_0010618,CUST_09959,2022-10-20,Service,Branch,16,5
CMP_0010619,CUST_00030,2023-09-24,Fees,Branch,8,4
CMP_0010620,CUST_06167,2026-02-22,Service,Phone,44,2
CMP_0010621,CUST_02458,2023-09-20,KYC,Phone,9,3
CMP_0010622,CUST_00045,2026-04-18,Fraud,Digital,5,4
CMP_0010623,CUST_01419,2022-01-25,Fees,Phone,3,2
CMP_0010624,CUST_03825,2025-02-15,Service,Phone,3,5
CMP_0010625,CUST_03495,2023-09-13,Fraud,Branch,11,3
CMP_0010626,CUST_04974,2023-05-06,Service,Branch,7,5
CMP_0010627,CUST_08743,2025-06-07,Fees,Phone,8,4
CMP_0010628,CUST_09252,2023-01-01,KYC,Phone,3,5
CMP_0010629,CUST_04643,2025-05-19,Service,Phone,18,5
CMP_0010630,CUST_02496,2023-07-17,Service,Branch,6,2
CMP_0010631,CUST_01192,2022-10-26,Fraud,Digital,9,5
CMP_0010632,CUST_06380,2022-09-09,Service,Branch,4,4
CMP_0010633,CUST_06736,2025-07-28,Fees,Branch,2,4
CMP_0010634,CUST_02926,2024-01-24,KYC,Phone,5,3
CMP_0010635,CUST_02298,2023-09-23,KYC,Phone,12,5
CMP_0010636,CUST_09691,2023-04-12,Service,Phone,25,5
CMP_0010637,CUST_09201,2025-06-24,Service,Digital,3,4
CMP_0010638,CUST_04199,2025-12-12,Fees,Digital,13,1
CMP_0010639,CUST_07540,2024-06-16,Fees,Phone,50,2
CMP_0010640,CUST_00748,2023-01-21,KYC,Phone,8,5
CMP_0010641,CUST_06465,2026-05-15,KYC,Branch,4,2
CMP_0010642,CUST_02211,2023-08-15,Service,Phone,3,3
CMP_0010643,CUST_05387,2024-06-23,KYC,Phone,5,3
CMP_0010644,CUST_08258,2023-10-27,Fees,Digital,1,4
CMP_0010645,CUST_01957,2025-06-20,Fees,Digital,5,5
CMP_0010646,CUST_07554,2022-02-13,Fees,Branch,9,5
CMP_0010647,CUST_08032,2022-04-11,Fees,Phone,40,1
CMP_0010648,CUST_02557,2025-02-14,Fees,Branch,41,1
CMP_0010649,CUST_07632,2022-06-08,Service,Branch,1,5
CMP_0010650,CUST_00355,2026-07-06,Fees,Branch,7,5
CMP_0010651,CUST_08322,2026-02-07,Fees,Branch,2,1
CMP_0010652,CUST_00215,2025-03-11,Fees,Branch,11,5
CMP_0010653,CUST_01531,2024-08-29,Service,Branch,4,4
CMP_0010654,CUST_00225,2022-12-17,Fees,Digital,1,5
CMP_0010655,CUST_09078,2023-10-18,Service,Digital,1,2
CMP_0010656,CUST_02330,2024-05-12,Fees,Digital,6,2
CMP_0010657,CUST_03406,2022-12-22,Service,Branch,7,5
CMP_0010658,CUST_04091,2022-04-19,Fees,Digital,3,4
CMP_0010659,CUST_04051,2024-02-18,Fees,Phone,3,3
CMP_0010660,CUST_10015,2022-02-18,Fees,Phone,5,4
CMP_0010661,CUST_02280,2023-09-28,Service,Branch,8,2
CMP_0010662,CUST_04366,2026-04-16,Fees,Phone,5,4
CMP_0010663,CUST_09262,2024-11-28,Service,Branch,7,3
CMP_0010664,CUST_05332,2023-03-19,Service,Branch,2,5
CMP_0010665,CUST_08186,2025-11-18,Service,Digital,2,3
CMP_0010666,CUST_02147,2025-08-25,Service,Digital,3,5
CMP_0010667,CUST_03599,2026-05-10,Service,Phone,7,3
CMP_0010668,CUST_07219,2022-08-23,Fees,Digital,2,5
CMP_0010669,CUST_03854,2024-08-26,Service,Branch,12,3
CMP_0010670,CUST_06066,2022-05-27,Service,Digital,8,5
CMP_0010671,CUST_02482,2022-01-13,KYC,Digital,7,4
CMP_0010672,CUST_03776,2023-08-30,Fees,Branch,2,4
CMP_0010673,CUST_06890,2026-07-27,Fraud,Branch,1,3
CMP_0010674,CUST_03982,2026-08-04,Service,Branch,11,5
CMP_0010675,CUST_07606,2026-01-13,Service,Digital,3,3
CMP_0010676,CUST_10041,2022-09-23,Fees,Branch,7,3
CMP_0010677,CUST_05512,2023-09-07,Fees,Phone,1,2
CMP_0010678,CUST_08493,2023-07-07,Service,Digital,6,5
CMP_0010679,CUST_10102,2022-04-30,KYC,Branch,4,2
CMP_0010680,CUST_07340,2022-10-20,Fraud,Branch,6,4
CMP_0010681,CUST_09086,2024-04-19,Fees,Phone,5,3
CMP_0010682,CUST_05155,2022-05-12,Fraud,Branch,2,4
CMP_0010683,CUST_09584,2022-12-20,Service,Branch,5,4
CMP_0010684,CUST_06446,2024-10-21,Service,Branch,9,5
CMP_0010685,CUST_01842,2025-08-19,Fraud,Phone,4,2
CMP_0010686,CUST_06324,2025-07-27,KYC,Branch,4,2
CMP_0010687,CUST_08580,2023-02-24,Service,Branch,6,4
CMP_0010688,CUST_07301,2023-01-08,Fees,Branch,4,4
CMP_0010689,CUST_03333,2024-07-28,Service,Branch,1,3
CMP_0010690,CUST_03603,2023-09-12,Fees,Phone,4,4
CMP_0010691,CUST_01154,2026-04-09,Service,Digital,7,3
CMP_0010692,CUST_00174,2022-06-11,Fees,Digital,18,2
CMP_0010693,CUST_01315,2023-08-31,KYC,Digital,10,5
CMP_0010694,CUST_02520,2022-10-28,Service,Digital,5,4
CMP_0010695,CUST_09246,2024-02-17,KYC,Digital,33,4
CMP_0010696,CUST_01818,2026-08-12,Service,Phone,4,5
CMP_0010697,CUST_08281,2025-06-25,Service,Digital,15,1
CMP_0010698,CUST_01805,2023-06-19,Fees,Phone,3,5
CMP_0010699,CUST_00467,2022-05-05,Fees,Phone,4,2
CMP_0010700,CUST_08452,2025-04-08,Fees,Digital,15,4
CMP_0010701,CUST_08100,2026-07-03,Fees,Phone,75,1
CMP_0010702,CUST_03756,2025-02-22,Fees,Phone,1,3
CMP_0010703,CUST_09331,2023-04-25,Service,Digital,2,3
CMP_0010704,CUST_09550,2024-04-08,Fees,Digital,14,3
CMP_0010705,CUST_05583,2026-05-29,Service,Branch,3,3
CMP_0010706,CUST_04100,2022-01-17,Fees,Branch,1,5
CMP_0010707,CUST_00186,2025-06-04,Fees,Branch,3,1
CMP_0010708,CUST_04803,2025-02-21,Fees,Phone,1,5
CMP_0010709,CUST_09421,2025-11-06,Fees,Branch,3,3
CMP_0010710,CUST_01763,2023-12-20,Fees,Digital,7,3
CMP_0010711,CUST_09082,2023-11-22,KYC,Branch,7,3
CMP_0010712,CUST_08327,2022-04-30,Service,Phone,2,5
CMP_0010713,CUST_04510,2025-10-01,KYC,Phone,2,5
CMP_0010714,CUST_03252,2026-02-15,Fees,Phone,3,5
CMP_0010715,CUST_06982,2023-05-31,Fees,Digital,4,4
CMP_0010716,CUST_02066,2022-12-30,Fees,Digital,2,3
CMP_0010717,CUST_00271,2024-05-07,Fees,Digital,2,5
CMP_0010718,CUST_05630,2022-04-14,Service,Digital,8,4
CMP_0010719,CUST_09971,2025-11-20,Service,Digital,1,4
CMP_0010720,CUST_05728,2024-09-24,KYC,Phone,7,3
CMP_0010721,CUST_06038,2024-09-23,Fees,Branch,1,3
CMP_0010722,CUST_00734,2025-12-19,Fees,Phone,2,2
CMP_0010723,CUST_05802,2024-12-14,Service,Branch,3,5
CMP_0010724,CUST_01073,2022-11-21,Fees,Digital,2,1
CMP_0010725,CUST_02260,2023-07-30,Fees,Digital,1,2
CMP_0010726,CUST_06716,2023-09-08,Fees,Digital,4,3
CMP_0010727,CUST_06417,2024-09-29,Service,Phone,6,4
CMP_0010728,CUST_08674,2025-04-03,Service,Phone,6,1
CMP_0010729,CUST_08189,2023-03-02,Service,Digital,4,4
CMP_0010730,CUST_07909,2023-03-21,Service,Branch,1,2
CMP_0010731,CUST_02638,2022-09-06,Fees,Phone,5,4
CMP_0010732,CUST_00212,2023-02-21,KYC,Branch,5,3
CMP_0010733,CUST_04278,2025-03-19,KYC,Digital,12,2
CMP_0010734,CUST_05504,2023-12-29,Fees,Digital,18,5
CMP_0010735,CUST_00277,2025-07-16,Service,Phone,2,5
CMP_0010736,CUST_04782,2026-07-29,Fees,Branch,3,2
CMP_0010737,CUST_00660,2024-06-26,Service,Digital,15,3
CMP_0010738,CUST_00321,2022-02-02,Service,Branch,3,4
CMP_0010739,CUST_05884,2023-08-17,Service,Branch,4,2
CMP_0010740,CUST_04387,2025-12-04,Service,Digital,1,2
CMP_0010741,CUST_05456,2024-02-19,KYC,Digital,5,3
CMP_0010742,CUST_07595,2024-12-23,KYC,Phone,9,1
CMP_0010743,CUST_06007,2025-08-20,Service,Digital,10,5
CMP_0010744,CUST_05269,2024-06-07,Fraud,Digital,10,4
CMP_0010745,CUST_09346,2025-05-11,Fees,Phone,71,3
CMP_0010746,CUST_05171,2024-08-16,Fees,Phone,46,2
CMP_0010747,CUST_07117,2025-07-30,Fees,Branch,47,1
CMP_0010748,CUST_08362,2024-11-18,Fees,Branch,3,4
CMP_0010749,CUST_09391,2025-11-30,KYC,Phone,9,3
CMP_0010750,CUST_06700,2024-07-19,Service,Branch,10,5
CMP_0010751,CUST_06929,2023-10-01,Fees,Digital,6,1
CMP_0010752,CUST_09755,2026-07-28,Fees,Phone,3,3
CMP_0010753,CUST_03362,2023-01-20,Service,Phone,6,4
CMP_0010754,CUST_00198,2023-06-15,Service,Branch,1,5
CMP_0010755,CUST_02453,2023-11-15,Fees,Phone,3,2
CMP_0010756,CUST_09322,2025-07-15,Fees,Branch,6,4
CMP_0010757,CUST_02858,2024-02-29,Service,Phone,11,5
CMP_0010758,CUST_05852,2023-02-08,Service,Phone,17,5
CMP_0010759,CUST_04394,2022-07-04,KYC,Phone,6,4
CMP_0010760,CUST_03695,2025-10-25,Service,Phone,1,3
CMP_0010761,CUST_04905,2024-10-31,Fees,Digital,2,4
CMP_0010762,CUST_00336,2022-02-18,Fees,Phone,48,3
CMP_0010763,CUST_09226,2024-11-03,KYC,Branch,4,3
CMP_0010764,CUST_03667,2024-09-10,Fraud,Branch,8,4
CMP_0010765,CUST_00828,2024-10-26,Fees,Phone,6,2
CMP_0010766,CUST_07820,2023-01-26,KYC,Phone,3,5
CMP_0010767,CUST_06438,2023-01-26,Fees,Digital,2,3
CMP_0010768,CUST_04140,2023-11-18,Fees,Branch,6,4
CMP_0010769,CUST_07784,2024-10-19,Fraud,Branch,9,5
CMP_0010770,CUST_05949,2022-06-20,KYC,Digital,6,5
CMP_0010771,CUST_10094,2024-12-23,Service,Branch,17,4
CMP_0010772,CUST_08869,2024-05-21,KYC,Digital,3,5
CMP_0010773,CUST_08501,2025-07-18,Fraud,Phone,11,5
CMP_0010774,CUST_03219,2025-02-22,Fees,Phone,6,5
CMP_0010775,CUST_06727,2023-06-16,Service,Branch,11,4
CMP_0010776,CUST_01056,2026-01-22,Fees,Phone,11,5
CMP_0010777,CUST_01213,2025-12-13,KYC,Digital,2,5
CMP_0010778,CUST_05184,2022-09-30,Fees,Digital,1,4
CMP_0010779,CUST_10158,2026-02-16,Service,Digital,6,4
CMP_0010780,CUST_09155,2026-07-05,Service,Branch,7,2
CMP_0010781,CUST_07827,2026-03-12,Service,Branch,3,4
CMP_0010782,CUST_00176,2023-04-28,Service,Digital,12,5
CMP_0010783,CUST_00375,2026-05-30,Fees,Branch,9,3
CMP_0010784,CUST_04954,2022-01-31,Fees,Branch,2,5
CMP_0010785,CUST_06379,2024-06-16,Fees,Digital,2,3
CMP_0010786,CUST_02721,2026-07-22,Service,Digital,2,4
CMP_0010787,CUST_05415,2023-11-07,Fraud,Phone,3,4
CMP_0010788,CUST_02170,2024-06-25,Service,Phone,12,4
CMP_0010789,CUST_08362,2025-08-02,Fees,Digital,33,2
CMP_0010790,CUST_05830,2022-03-23,Fees,Phone,1,4
CMP_0010791,CUST_07538,2023-01-08,Fees,Digital,1,3
CMP_0010792,CUST_09797,2025-01-07,Service,Digital,1,5
CMP_0010793,CUST_01742,2023-05-25,KYC,Phone,10,5
CMP_0010794,CUST_00429,2025-11-25,KYC,Phone,9,1
CMP_0010795,CUST_09983,2022-06-02,Fees,Phone,8,2
CMP_0010796,CUST_02226,2022-05-27,Fraud,Digital,3,5
CMP_0010797,CUST_09714,2023-02-18,Service,Branch,3,5
CMP_0010798,CUST_09854,2025-03-22,KYC,Branch,31,4
CMP_0010799,CUST_04122,2026-05-09,Fees,Digital,4,3
CMP_0010800,CUST_03871,2022-05-27,Fees,Phone,1,3
CMP_0010801,CUST_03704,2023-01-22,KYC,Phone,5,1
CMP_0010802,CUST_01433,2024-10-27,Service,Phone,2,5
CMP_0010803,CUST_01156,2025-10-02,KYC,Branch,14,5
CMP_0010804,CUST_04564,2025-02-08,KYC,Branch,4,4
CMP_0010805,CUST_06671,2024-02-06,Fees,Phone,4,4
CMP_0010806,CUST_00659,2026-03-18,Service,Branch,4,5
CMP_0010807,CUST_08727,2022-09-06,Fees,Branch,4,3
CMP_0010808,CUST_03616,2022-05-18,Fees,Phone,6,3
CMP_0010809,CUST_00607,2025-11-04,Service,Branch,6,5
CMP_0010810,CUST_01788,2023-11-02,Fees,Phone,10,4
CMP_0010811,CUST_02260,2024-09-03,Service,Digital,7,3
CMP_0010812,CUST_03687,2023-10-06,Fees,Digital,3,3
CMP_0010813,CUST_03249,2022-07-21,Service,Branch,1,4
CMP_0010814,CUST_05641,2023-01-17,Fraud,Digital,7,2
CMP_0010815,CUST_09897,2024-06-22,Service,Digital,28,1
CMP_0010816,CUST_06153,2024-07-05,Fees,Digital,2,4
CMP_0010817,CUST_01750,2025-03-19,Service,Digital,21,3
CMP_0010818,CUST_04807,2026-04-14,Service,Phone,5,3
CMP_0010819,CUST_02917,2026-06-16,KYC,Digital,2,3
CMP_0010820,CUST_04761,2023-06-13,Service,Digital,6,5
CMP_0010821,CUST_00942,2022-07-19,KYC,Digital,3,5
CMP_0010822,CUST_08633,2024-04-08,KYC,Phone,4,4
CMP_0010823,CUST_02606,2024-01-13,Service,Phone,4,5
CMP_0010824,CUST_04382,2024-02-23,Service,Digital,11,5
CMP_0010825,CUST_01918,2025-01-19,KYC,Branch,12,4
CMP_0010826,CUST_03545,2022-10-06,Service,Branch,2,4
CMP_0010827,CUST_06121,2025-06-18,Fraud,Phone,10,2
CMP_0010828,CUST_07411,2024-02-19,Service,Phone,8,4
CMP_0010829,CUST_10110,2024-01-14,Fraud,Phone,2,4
CMP_0010830,CUST_00704,2022-05-29,Service,Phone,3,5
CMP_0010831,CUST_03928,2022-04-05,Fees,Branch,9,1
CMP_0010832,CUST_09680,2024-10-12,Fees,Digital,4,5
CMP_0010833,CUST_06759,2025-12-10,Fees,Branch,6,3
CMP_0010834,CUST_08575,2024-09-09,KYC,Phone,13,2
CMP_0010835,CUST_06663,2023-04-15,Fees,Phone,3,3
CMP_0010836,CUST_08107,2022-08-08,Service,Phone,4,4
CMP_0010837,CUST_02845,2026-07-31,Service,Branch,21,5
CMP_0010838,CUST_00685,2022-10-04,Fees,Digital,44,3
CMP_0010839,CUST_09431,2022-06-15,Service,Digital,1,5
CMP_0010840,CUST_07705,2024-07-30,Fees,Phone,21,5
CMP_0010841,CUST_08864,2025-04-12,Service,Phone,5,2
CMP_0010842,CUST_00060,2024-06-03,KYC,Branch,6,4
CMP_0010843,CUST_03036,2023-07-31,Service,Phone,3,1
CMP_0010844,CUST_05853,2023-07-28,Fees,Phone,5,2
CMP_0010845,CUST_03312,2022-01-28,Service,Phone,2,5
CMP_0010846,CUST_02951,2023-11-30,Fees,Phone,21,2
CMP_0010847,CUST_00046,2022-01-13,Service,Phone,4,5
CMP_0010848,CUST_04834,2022-01-29,Service,Branch,3,4
CMP_0010849,CUST_06094,2024-01-21,Service,Branch,2,5
CMP_0010850,CUST_04559,2026-01-22,Fees,Phone,6,4
CMP_0010851,CUST_07182,2024-10-17,Service,Digital,1,3
CMP_0010852,CUST_04849,2023-07-17,KYC,Phone,4,3
CMP_0010853,CUST_09619,2024-10-05,Fraud,Digital,1,4
CMP_0010854,CUST_06243,2024-03-22,Service,Digital,4,5
CMP_0010855,CUST_07716,2026-05-21,KYC,Digital,6,4
CMP_0010856,CUST_09065,2022-12-21,Fees,Digital,14,4
CMP_0010857,CUST_07170,2022-04-29,Service,Digital,7,5
CMP_0010858,CUST_05279,2022-12-21,Service,Digital,1,3
CMP_0010859,CUST_09260,2025-05-06,KYC,Branch,1,5
CMP_0010860,CUST_03326,2025-03-06,Service,Digital,7,3
CMP_0010861,CUST_06094,2022-01-25,Fraud,Digital,6,5
CMP_0010862,CUST_09092,2022-07-01,Fees,Phone,11,1
CMP_0010863,CUST_03718,2025-07-14,Fees,Phone,5,5
CMP_0010864,CUST_08579,2023-07-05,Fees,Phone,9,5
CMP_0010865,CUST_06415,2025-09-01,Fees,Branch,14,5
CMP_0010866,CUST_08362,2022-03-17,Service,Phone,5,5
CMP_0010867,CUST_02232,2025-04-30,Fees,Phone,3,4
CMP_0010868,CUST_03291,2024-05-14,KYC,Branch,3,5
CMP_0010869,CUST_04113,2022-11-02,Service,Phone,47,5
CMP_0010870,CUST_03767,2024-04-15,KYC,Branch,5,4
CMP_0010871,CUST_01852,2026-04-27,Service,Phone,5,4
CMP_0010872,CUST_03276,2024-10-08,KYC,Phone,6,5
CMP_0010873,CUST_07775,2022-05-04,Fees,Phone,9,5
CMP_0010874,CUST_01737,2025-06-28,Service,Digital,10,4
CMP_0010875,CUST_05652,2024-11-15,Service,Branch,3,3
CMP_0010876,CUST_08920,2025-11-25,Fees,Digital,5,4
CMP_0010877,CUST_00835,2025-11-04,KYC,Digital,17,5
CMP_0010878,CUST_02484,2023-09-09,Service,Digital,9,5
CMP_0010879,CUST_03867,2025-06-06,Service,Branch,1,5
CMP_0010880,CUST_03199,2022-01-28,Fees,Digital,14,3
CMP_0010881,CUST_00569,2026-01-03,Fees,Phone,4,3
CMP_0010882,CUST_04179,2023-09-11,KYC,Phone,7,5
CMP_0010883,CUST_06013,2025-12-01,KYC,Phone,5,3
CMP_0010884,CUST_08869,2023-11-29,Fees,Digital,35,2
CMP_0010885,CUST_09011,2023-10-06,Service,Branch,1,2
CMP_0010886,CUST_02398,2026-07-17,Fees,Phone,1,2
CMP_0010887,CUST_06532,2026-06-27,KYC,Digital,12,4
CMP_0010888,CUST_02518,2023-09-11,Service,Phone,2,5
CMP_0010889,CUST_03024,2024-03-22,KYC,Phone,10,4
CMP_0010890,CUST_00560,2024-01-13,Service,Digital,7,5
CMP_0010891,CUST_05769,2023-10-31,Fees,Branch,14,4
CMP_0010892,CUST_00130,2026-03-17,Fees,Phone,5,3
CMP_0010893,CUST_00537,2025-05-15,Fees,Branch,8,5
CMP_0010894,CUST_08847,2025-02-25,Service,Branch,9,3
CMP_0010895,CUST_05866,2024-09-28,Fees,Phone,4,5
CMP_0010896,CUST_09670,2023-10-05,KYC,Digital,5,5
CMP_0010897,CUST_04970,2026-05-07,KYC,Phone,5,3
CMP_0010898,CUST_02452,2023-07-04,KYC,Branch,5,3
CMP_0010899,CUST_08906,2023-05-12,Service,Phone,5,4
CMP_0010900,CUST_03484,2022-03-01,Service,Digital,6,4
CMP_0010901,CUST_04997,2023-07-12,Fees,Phone,52,2
CMP_0010902,CUST_02732,2026-01-24,Service,Branch,11,5
CMP_0010903,CUST_03720,2022-08-29,Fraud,Phone,11,4
CMP_0010904,CUST_02146,2024-12-02,Fraud,Digital,15,4
CMP_0010905,CUST_04323,2022-01-25,Service,Digital,4,4
CMP_0010906,CUST_01121,2026-02-06,KYC,Digital,4,4
CMP_0010907,CUST_02615,2025-08-11,Fees,Digital,13,5
CMP_0010908,CUST_08134,2024-02-22,Fees,Digital,14,1
CMP_0010909,CUST_01409,2022-02-06,Service,Phone,1,4
CMP_0010910,CUST_03365,2025-02-15,Service,Branch,2,5
CMP_0010911,CUST_04642,2026-06-05,Fees,Phone,5,4
CMP_0010912,CUST_08899,2024-11-02,Service,Phone,4,4
CMP_0010913,CUST_06888,2023-05-06,Service,Branch,17,5
CMP_0010914,CUST_07720,2025-03-14,Service,Branch,2,4
CMP_0010915,CUST_03935,2024-02-23,Service,Branch,2,3
CMP_0010916,CUST_05973,2025-06-15,Service,Digital,1,3
CMP_0010917,CUST_07323,2025-11-17,Fees,Digital,3,1
CMP_0010918,CUST_08317,2025-12-20,Fraud,Branch,4,3
CMP_0010919,CUST_05654,2022-11-19,Fees,Phone,5,5
CMP_0010920,CUST_02953,2025-03-01,Service,Phone,4,4
CMP_0010921,CUST_00187,2026-05-14,Service,Digital,5,2
CMP_0010922,CUST_00047,2022-06-21,Service,Phone,4,5
CMP_0010923,CUST_01680,2024-09-15,Service,Branch,8,3
CMP_0010924,CUST_06461,2026-02-03,Fees,Branch,3,5
CMP_0010925,CUST_02556,2023-10-11,Fees,Digital,15,4
CMP_0010926,CUST_06712,2022-11-04,Service,Phone,2,5
CMP_0010927,CUST_05510,2026-07-11,Fees,Digital,2,4
CMP_0010928,CUST_08865,2026-03-06,KYC,Digital,47,1
CMP_0010929,CUST_05016,2022-06-08,Service,Branch,10,2
CMP_0010930,CUST_00738,2023-10-24,Service,Phone,8,5
CMP_0010931,CUST_05514,2023-10-14,Service,Phone,1,5
CMP_0010932,CUST_05087,2025-04-28,Fees,Phone,6,3
CMP_0010933,CUST_00891,2026-04-14,Fees,Branch,42,5
CMP_0010934,CUST_07850,2023-12-18,Service,Digital,7,3
CMP_0010935,CUST_04701,2026-05-11,Fraud,Digital,10,5
CMP_0010936,CUST_08417,2024-10-10,Service,Branch,7,5
CMP_0010937,CUST_04914,2022-10-01,Fees,Phone,65,3
CMP_0010938,CUST_07779,2023-07-13,Service,Branch,17,4
CMP_0010939,CUST_09685,2023-01-27,Service,Digital,5,4
CMP_0010940,CUST_01437,2023-04-17,Service,Phone,8,5
CMP_0010941,CUST_07328,2025-05-17,Fees,Phone,2,4
CMP_0010942,CUST_04456,2022-04-28,Fees,Phone,2,4
CMP_0010943,CUST_00828,2023-11-16,Service,Phone,9,4
CMP_0010944,CUST_00274,2022-12-16,Service,Branch,13,5
CMP_0010945,CUST_06346,2025-05-19,KYC,Branch,7,4
CMP_0010946,CUST_02521,2024-03-26,Service,Digital,5,3
CMP_0010947,CUST_04261,2022-05-26,KYC,Branch,17,5
CMP_0010948,CUST_00107,2026-02-10,Service,Digital,3,2
CMP_0010949,CUST_05167,2024-11-12,KYC,Digital,2,2
CMP_0010950,CUST_10133,2024-06-13,Fees,Phone,7,1
CMP_0010951,CUST_05055,2024-07-15,Service,Branch,8,3
CMP_0010952,CUST_05284,2024-02-18,KYC,Branch,2,4
CMP_0010953,CUST_04289,2023-10-06,Fraud,Digital,3,5
CMP_0010954,CUST_09186,2022-05-09,Service,Branch,27,2
CMP_0010955,CUST_07381,2026-06-25,Service,Digital,3,4
CMP_0010956,CUST_06173,2025-03-26,Service,Digital,3,5
CMP_0010957,CUST_00764,2022-10-23,Service,Digital,1,4
CMP_0010958,CUST_04791,2023-04-23,Service,Branch,1,4
CMP_0010959,CUST_04863,2026-01-04,Service,Phone,4,4
CMP_0010960,CUST_04336,2023-10-21,Fees,Phone,4,4
CMP_0010961,CUST_08868,2022-03-16,Fees,Branch,3,5
CMP_0010962,CUST_07554,2023-03-26,Service,Phone,8,5
CMP_0010963,CUST_04643,2024-10-13,Fees,Digital,3,5
CMP_0010964,CUST_04919,2026-01-20,Fees,Digital,8,4
CMP_0010965,CUST_03602,2023-09-08,Fees,Branch,5,4
CMP_0010966,CUST_05512,2025-10-31,Service,Digital,2,4
CMP_0010967,CUST_05469,2022-11-24,Service,Digital,6,3
CMP_0010968,CUST_07412,2022-04-04,KYC,Digital,7,4
CMP_0010969,CUST_08879,2026-07-27,Service,Phone,2,4
CMP_0010970,CUST_03134,2025-10-31,Service,Phone,1,4
CMP_0010971,CUST_04558,2024-08-26,KYC,Digital,3,3
CMP_0010972,CUST_06488,2025-02-20,KYC,Phone,2,5
CMP_0010973,CUST_03663,2026-04-02,Fees,Digital,3,4
CMP_0010974,CUST_00791,2026-01-28,KYC,Branch,11,5
CMP_0010975,CUST_05913,2026-02-27,Fees,Phone,2,5
CMP_0010976,CUST_04251,2024-06-27,Fees,Phone,1,4
CMP_0010977,CUST_06627,2025-12-21,KYC,Digital,1,5
CMP_0010978,CUST_07559,2025-03-09,KYC,Digital,14,3
CMP_0010979,CUST_00754,2024-07-27,Service,Phone,6,3
CMP_0010980,CUST_08158,2025-12-16,Fees,Branch,1,5
CMP_0010981,CUST_09654,2022-11-29,KYC,Phone,6,5
CMP_0010982,CUST_00305,2022-04-12,Service,Digital,3,5
CMP_0010983,CUST_01185,2026-04-07,KYC,Digital,14,5
CMP_0010984,CUST_07824,2025-10-09,Fraud,Phone,3,4
CMP_0010985,CUST_04911,2024-08-27,KYC,Branch,6,4
CMP_0010986,CUST_03273,2023-08-11,Fees,Digital,5,5
CMP_0010987,CUST_02461,2023-01-12,Service,Branch,3,3
CMP_0010988,CUST_02745,2023-10-02,KYC,Phone,7,5
CMP_0010989,CUST_08594,2024-03-14,Service,Digital,4,5
CMP_0010990,CUST_06127,2026-06-12,KYC,Phone,13,4
CMP_0010991,CUST_02134,2026-03-05,KYC,Branch,5,4
CMP_0010992,CUST_01696,2022-06-07,Service,Phone,2,4
CMP_0010993,CUST_09798,2024-12-19,KYC,Phone,3,4
CMP_0010994,CUST_01379,2024-07-01,Fees,Digital,5,5
CMP_0010995,CUST_00265,2022-05-23,Fees,Phone,4,4
CMP_0010996,CUST_00864,2025-12-27,Fraud,Phone,3,4
CMP_0010997,CUST_02336,2022-09-04,Service,Branch,1,4
CMP_0010998,CUST_08040,2025-10-15,Service,Phone,5,4
CMP_0010999,CUST_08481,2024-12-05,Fees,Digital,5,3
CMP_0011000,CUST_04919,2024-02-23,Fraud,Phone,10,3
CMP_0011001,CUST_02449,2023-12-20,Fraud,Digital,4,4
CMP_0011002,CUST_09580,2022-12-28,Service,Phone,24,2
CMP_0011003,CUST_06277,2025-06-21,Service,Branch,1,5
CMP_0011004,CUST_07874,2022-04-22,Fees,Digital,4,2
CMP_0011005,CUST_04558,2022-02-22,Service,Phone,12,4
CMP_0011006,CUST_06850,2022-10-13,Service,Phone,4,5
CMP_0011007,CUST_08817,2023-08-27,Service,Branch,8,5
CMP_0011008,CUST_07080,2026-05-30,Service,Digital,4,5
CMP_0011009,CUST_03539,2026-05-05,Service,Branch,13,2
CMP_0011010,CUST_02948,2024-12-24,Service,Phone,2,3
CMP_0011011,CUST_08416,2023-06-22,Service,Digital,3,4
CMP_0011012,CUST_01561,2023-12-24,Service,Branch,9,5
CMP_0011013,CUST_08655,2024-01-25,Fees,Phone,1,2
CMP_0011014,CUST_09811,2024-10-30,Service,Branch,1,1
CMP_0011015,CUST_02742,2022-04-17,Service,Digital,3,5
CMP_0011016,CUST_03006,2022-11-14,Fraud,Branch,2,1
CMP_0011017,CUST_02085,2022-05-13,Fraud,Digital,8,2
CMP_0011018,CUST_00143,2025-01-16,Service,Digital,6,5
CMP_0011019,CUST_07328,2023-11-19,Service,Branch,5,5
CMP_0011020,CUST_03738,2023-04-12,Fees,Branch,2,2
CMP_0011021,CUST_05839,2023-03-26,Fraud,Branch,3,5
CMP_0011022,CUST_02630,2023-07-13,Fees,Branch,60,2
CMP_0011023,CUST_02044,2022-01-01,Fees,Phone,39,2
CMP_0011024,CUST_05721,2026-03-31,Service,Branch,8,1
CMP_0011025,CUST_03333,2026-06-29,Fees,Branch,8,5
CMP_0011026,CUST_09800,2024-07-18,Fraud,Phone,2,4
CMP_0011027,CUST_02121,2022-11-20,Service,Phone,2,2
CMP_0011028,CUST_04067,2025-10-09,Fraud,Branch,3,5
CMP_0011029,CUST_04319,2023-12-20,Fees,Phone,3,5
CMP_0011030,CUST_00203,2025-05-28,KYC,Digital,11,4
CMP_0011031,CUST_01390,2025-10-01,Fees,Branch,41,3
CMP_0011032,CUST_06658,2025-09-12,Service,Branch,2,4
CMP_0011033,CUST_07684,2024-03-26,Fees,Branch,35,1
CMP_0011034,CUST_02169,2024-12-28,Fees,Digital,1,5
CMP_0011035,CUST_00425,2025-06-13,KYC,Phone,9,5
CMP_0011036,CUST_08930,2025-07-10,Service,Phone,7,1
CMP_0011037,CUST_03962,2024-03-21,KYC,Branch,10,4
CMP_0011038,CUST_06521,2025-03-07,Fees,Branch,3,2
CMP_0011039,CUST_02151,2024-02-27,Service,Digital,9,4
CMP_0011040,CUST_08789,2022-11-11,Fees,Digital,6,5
CMP_0011041,CUST_04594,2023-10-18,Service,Digital,6,4
CMP_0011042,CUST_09996,2022-03-30,KYC,Digital,5,4
CMP_0011043,CUST_07182,2022-09-03,Fraud,Branch,42,3
CMP_0011044,CUST_07968,2026-01-13,KYC,Digital,7,4
CMP_0011045,CUST_03036,2024-06-16,Fraud,Branch,2,5
CMP_0011046,CUST_07138,2025-02-04,Service,Digital,6,4
CMP_0011047,CUST_00029,2025-06-13,KYC,Branch,11,4
CMP_0011048,CUST_01589,2023-03-19,Fees,Branch,2,4
CMP_0011049,CUST_08043,2022-08-30,Service,Digital,9,4
CMP_0011050,CUST_06419,2023-11-15,Service,Branch,6,5
CMP_0011051,CUST_09026,2023-06-17,Fees,Digital,14,3
CMP_0011052,CUST_00332,2026-05-15,Fees,Branch,5,1
CMP_0011053,CUST_04289,2023-06-04,Service,Phone,19,3
CMP_0011054,CUST_07831,2026-03-27,Fraud,Branch,4,2
CMP_0011055,CUST_02869,2023-11-29,Service,Branch,1,2
CMP_0011056,CUST_09183,2025-08-13,Service,Phone,8,5
CMP_0011057,CUST_05208,2023-12-25,KYC,Digital,10,5
CMP_0011058,CUST_03829,2025-01-04,Service,Branch,5,5
CMP_0011059,CUST_00127,2023-12-30,Fees,Digital,37,2
CMP_0011060,CUST_08079,2025-07-01,Service,Digital,4,4
CMP_0011061,CUST_09225,2026-06-08,Fraud,Branch,1,5
CMP_0011062,CUST_01549,2022-11-25,Service,Phone,3,5
CMP_0011063,CUST_00499,2025-01-16,Fees,Branch,3,2
CMP_0011064,CUST_08568,2024-01-29,Service,Phone,1,5
CMP_0011065,CUST_04366,2025-08-20,KYC,Digital,4,4
CMP_0011066,CUST_01157,2026-05-09,Service,Digital,4,1
CMP_0011067,CUST_03952,2023-09-25,KYC,Branch,8,4
CMP_0011068,CUST_07605,2023-05-07,Fees,Digital,8,3
CMP_0011069,CUST_09624,2023-01-08,Fees,Digital,4,5
CMP_0011070,CUST_01453,2022-12-09,KYC,Branch,9,4
CMP_0011071,CUST_09870,2024-10-12,Service,Digital,11,4
CMP_0011072,CUST_04223,2026-02-26,Service,Branch,4,3
CMP_0011073,CUST_03347,2022-12-11,Service,Digital,4,4
CMP_0011074,CUST_00485,2024-04-26,Fraud,Branch,1,4
CMP_0011075,CUST_09104,2024-04-19,Fees,Branch,2,4
CMP_0011076,CUST_04098,2024-12-11,Fees,Digital,9,4
CMP_0011077,CUST_06842,2026-05-22,Fees,Phone,7,4
CMP_0011078,CUST_01563,2026-07-13,Service,Phone,3,5
CMP_0011079,CUST_01441,2025-07-15,Fees,Branch,7,5
CMP_0011080,CUST_09496,2023-09-18,Service,Digital,6,4
CMP_0011081,CUST_07587,2026-04-28,Fees,Phone,16,5
CMP_0011082,CUST_08420,2024-09-05,Fees,Digital,6,3
CMP_0011083,CUST_02155,2023-06-04,Service,Branch,6,5
CMP_0011084,CUST_04054,2024-12-09,Fees,Digital,32,3
CMP_0011085,CUST_01615,2024-12-10,Service,Branch,3,4
CMP_0011086,CUST_00833,2022-12-29,KYC,Branch,2,4
CMP_0011087,CUST_02993,2022-10-30,KYC,Phone,8,3
CMP_0011088,CUST_02685,2025-04-30,Fees,Branch,1,1
CMP_0011089,CUST_04306,2023-08-20,Service,Phone,15,4
CMP_0011090,CUST_00150,2025-08-03,KYC,Phone,5,3
CMP_0011091,CUST_08591,2025-04-29,Service,Digital,1,4
CMP_0011092,CUST_03034,2024-01-21,Fees,Digital,29,2
CMP_0011093,CUST_02473,2025-02-26,Service,Phone,2,2
CMP_0011094,CUST_00133,2022-09-29,Fees,Phone,59,1
CMP_0011095,CUST_04368,2023-12-19,KYC,Phone,2,4
CMP_0011096,CUST_09258,2022-03-18,Fees,Branch,42,4
CMP_0011097,CUST_04879,2025-01-01,Service,Branch,51,5
CMP_0011098,CUST_01614,2023-06-21,Service,Branch,3,3
CMP_0011099,CUST_02670,2023-08-28,Fraud,Digital,10,5
CMP_0011100,CUST_01574,2022-10-04,KYC,Branch,10,1
CMP_0011101,CUST_04738,2025-02-15,Fees,Phone,10,4
CMP_0011102,CUST_04339,2024-09-13,KYC,Phone,14,2
CMP_0011103,CUST_04700,2025-04-11,Fees,Branch,4,4
CMP_0011104,CUST_05258,2022-09-26,Fees,Phone,12,4
CMP_0011105,CUST_01969,2023-05-06,Fraud,Digital,2,4
CMP_0011106,CUST_07517,2023-03-16,Service,Phone,4,1
CMP_0011107,CUST_04967,2025-02-27,Fraud,Branch,6,5
CMP_0011108,CUST_07650,2024-11-12,Service,Phone,5,5
CMP_0011109,CUST_01957,2025-08-08,Service,Phone,5,3
CMP_0011110,CUST_07214,2022-02-20,Fees,Phone,3,4
CMP_0011111,CUST_06757,2022-07-09,Service,Digital,5,5
CMP_0011112,CUST_07644,2026-07-31,Fees,Digital,12,5
CMP_0011113,CUST_07535,2023-04-30,KYC,Digital,3,5
CMP_0011114,CUST_09010,2025-02-05,Fees,Phone,2,5
CMP_0011115,CUST_00142,2024-09-04,KYC,Phone,6,2
CMP_0011116,CUST_05793,2024-10-09,Fees,Branch,5,4
CMP_0011117,CUST_06258,2022-06-22,Service,Branch,40,3
CMP_0011118,CUST_00216,2025-07-31,Service,Branch,7,4
CMP_0011119,CUST_05929,2025-02-05,Fees,Digital,6,4
CMP_0011120,CUST_09325,2026-04-19,KYC,Phone,15,4
CMP_0011121,CUST_09888,2023-04-26,Service,Phone,5,5
CMP_0011122,CUST_00141,2024-12-05,Service,Digital,9,1
CMP_0011123,CUST_09588,2024-01-16,Service,Digital,3,4
CMP_0011124,CUST_08315,2024-08-17,KYC,Branch,7,4
CMP_0011125,CUST_05689,2024-06-03,Service,Branch,2,4
CMP_0011126,CUST_03778,2025-09-11,KYC,Digital,3,2
CMP_0011127,CUST_06110,2024-08-09,Service,Branch,9,4
CMP_0011128,CUST_02707,2025-06-12,Service,Phone,1,5
CMP_0011129,CUST_05954,2022-10-05,Service,Phone,5,4
CMP_0011130,CUST_03877,2025-04-29,Service,Phone,6,5
CMP_0011131,CUST_03429,2023-08-22,Service,Branch,3,3
CMP_0011132,CUST_08204,2022-04-11,Service,Digital,8,4
CMP_0011133,CUST_01926,2024-02-26,Service,Phone,5,4
CMP_0011134,CUST_07181,2022-07-20,Fees,Digital,5,5
CMP_0011135,CUST_03947,2026-02-22,KYC,Branch,15,4
CMP_0011136,CUST_03229,2024-01-18,Fees,Phone,2,4
CMP_0011137,CUST_07074,2022-05-26,KYC,Digital,8,4
CMP_0011138,CUST_10149,2024-11-09,Fees,Phone,3,4
CMP_0011139,CUST_08768,2024-11-13,KYC,Digital,3,4
CMP_0011140,CUST_07739,2022-01-01,Fees,Branch,6,5
CMP_0011141,CUST_04099,2023-11-06,Fees,Branch,1,3
CMP_0011142,CUST_02051,2025-06-27,Fees,Phone,7,5
CMP_0011143,CUST_03662,2024-11-24,Service,Branch,4,3
CMP_0011144,CUST_09345,2025-10-10,Fees,Digital,19,3
CMP_0011145,CUST_05724,2022-11-17,Service,Digital,7,5
CMP_0011146,CUST_04684,2025-10-16,Fees,Phone,7,3
CMP_0011147,CUST_03982,2022-01-19,KYC,Phone,5,4
CMP_0011148,CUST_03117,2024-04-12,Fees,Phone,1,5
CMP_0011149,CUST_02757,2024-06-27,Service,Digital,4,4
CMP_0011150,CUST_05490,2025-03-28,Service,Phone,4,1
CMP_0011151,CUST_01228,2024-12-26,KYC,Branch,7,4
CMP_0011152,CUST_05719,2024-01-16,Fees,Phone,2,5
CMP_0011153,CUST_02591,2025-06-04,KYC,Digital,8,5
CMP_0011154,CUST_03097,2023-01-02,Fraud,Branch,10,1
CMP_0011155,CUST_02190,2025-04-15,Service,Digital,5,1
CMP_0011156,CUST_09164,2025-07-31,Fees,Branch,9,3
CMP_0011157,CUST_05208,2023-05-30,Fees,Digital,4,5
CMP_0011158,CUST_08488,2023-01-16,Fraud,Digital,8,5
CMP_0011159,CUST_02040,2022-08-08,KYC,Phone,5,3
CMP_0011160,CUST_02888,2022-04-27,KYC,Branch,6,4
CMP_0011161,CUST_06483,2025-02-17,Service,Digital,4,5
CMP_0011162,CUST_07441,2025-05-08,Fees,Phone,4,5
CMP_0011163,CUST_09943,2026-07-12,Fees,Phone,12,4
CMP_0011164,CUST_09612,2023-06-23,Fraud,Branch,6,2
CMP_0011165,CUST_05963,2025-07-21,Service,Phone,6,4
CMP_0011166,CUST_09488,2026-03-30,Service,Branch,10,5
CMP_0011167,CUST_09636,2023-01-11,Service,Digital,8,4
CMP_0011168,CUST_03309,2023-11-28,Fees,Digital,1,3
CMP_0011169,CUST_04530,2023-09-08,Fees,Branch,19,4
CMP_0011170,CUST_07484,2026-06-18,Fees,Branch,10,4
CMP_0011171,CUST_02560,2026-05-21,KYC,Branch,6,2
CMP_0011172,CUST_04905,2025-04-06,Service,Branch,5,3
CMP_0011173,CUST_05766,2023-11-19,Service,Branch,4,4
CMP_0011174,CUST_06689,2022-07-24,KYC,Phone,11,5
CMP_0011175,CUST_03301,2023-09-26,Service,Phone,11,4
CMP_0011176,CUST_09435,2024-04-15,Fees,Phone,9,4
CMP_0011177,CUST_06246,2024-07-17,Service,Digital,4,3
CMP_0011178,CUST_05193,2022-12-25,Fees,Phone,3,5
CMP_0011179,CUST_00870,2023-06-10,Fees,Digital,33,1
CMP_0011180,CUST_00822,2023-08-08,Service,Phone,5,2
CMP_0011181,CUST_06953,2024-05-22,Fees,Branch,9,2
CMP_0011182,CUST_08921,2026-05-01,Fees,Phone,2,4
CMP_0011183,CUST_04878,2026-05-13,Fees,Digital,14,3
CMP_0011184,CUST_09165,2022-02-20,Fees,Digital,40,2
CMP_0011185,CUST_05850,2025-07-20,Service,Phone,9,1
CMP_0011186,CUST_01717,2025-03-31,KYC,Digital,3,5
CMP_0011187,CUST_05762,2023-01-18,Fees,Branch,19,4
CMP_0011188,CUST_07851,2023-05-21,KYC,Phone,5,3
CMP_0011189,CUST_03397,2022-02-08,Service,Branch,12,4
CMP_0011190,CUST_06705,2023-10-26,Fees,Phone,9,4
CMP_0011191,CUST_06310,2023-07-23,Service,Branch,3,4
CMP_0011192,CUST_04003,2026-07-15,KYC,Branch,7,4
CMP_0011193,CUST_08223,2022-10-08,Service,Digital,4,3
CMP_0011194,CUST_04360,2026-01-30,Fees,Phone,15,5
CMP_0011195,CUST_04533,2022-03-31,KYC,Digital,3,5
CMP_0011196,CUST_09690,2026-01-28,Service,Branch,2,5
CMP_0011197,CUST_09356,2023-08-05,Fees,Branch,5,3
CMP_0011198,CUST_01750,2022-02-19,Fees,Branch,5,1
CMP_0011199,CUST_09266,2025-08-14,Fees,Digital,5,5
CMP_0011200,CUST_05447,2023-05-06,Service,Digital,2,4
CMP_0011201,CUST_09986,2024-09-23,Service,Digital,2,5
CMP_0011202,CUST_05766,2024-04-25,Fraud,Digital,8,3
CMP_0011203,CUST_07772,2025-01-29,Fees,Branch,5,4
CMP_0011204,CUST_10098,2023-08-18,Service,Branch,7,2
CMP_0011205,CUST_04906,2024-04-12,Service,Digital,10,3
CMP_0011206,CUST_00356,2022-01-10,Service,Branch,5,4
CMP_0011207,CUST_05209,2022-03-24,Service,Phone,3,3
CMP_0011208,CUST_05058,2023-08-06,KYC,Phone,5,4
CMP_0011209,CUST_04132,2026-04-26,Fraud,Branch,5,4
CMP_0011210,CUST_02620,2023-05-25,KYC,Digital,5,5
CMP_0011211,CUST_00478,2022-03-21,Fraud,Phone,14,2
CMP_0011212,CUST_04986,2025-06-30,Fees,Branch,10,3
CMP_0011213,CUST_08433,2023-07-23,Fees,Branch,55,3
CMP_0011214,CUST_06499,2022-12-13,Service,Phone,1,4
CMP_0011215,CUST_09579,2022-05-01,Service,Digital,4,2
CMP_0011216,CUST_04884,2023-11-06,Service,Digital,4,2
CMP_0011217,CUST_10182,2025-01-21,Fees,Branch,41,2
CMP_0011218,CUST_02237,2025-03-02,Service,Branch,9,4
CMP_0011219,CUST_04843,2025-07-31,Fraud,Branch,9,2
CMP_0011220,CUST_05729,2023-01-07,Fees,Branch,1,5
CMP_0011221,CUST_06362,2024-12-07,Service,Digital,3,5
CMP_0011222,CUST_09893,2026-05-29,KYC,Digital,1,4
CMP_0011223,CUST_09792,2024-09-06,Fees,Digital,3,3
CMP_0011224,CUST_03774,2023-01-27,Service,Phone,13,1
CMP_0011225,CUST_05328,2026-03-25,Fees,Digital,1,4
CMP_0011226,CUST_00404,2023-07-21,Service,Digital,6,2
CMP_0011227,CUST_02954,2026-02-07,Service,Branch,4,5
CMP_0011228,CUST_09546,2023-09-14,Service,Digital,1,3
CMP_0011229,CUST_07443,2024-05-22,Service,Digital,1,4
CMP_0011230,CUST_03770,2024-11-28,Service,Phone,14,1
CMP_0011231,CUST_05170,2024-09-02,Service,Branch,3,5
CMP_0011232,CUST_08232,2022-05-09,Service,Branch,7,3
CMP_0011233,CUST_08452,2022-10-30,Fees,Phone,4,4
CMP_0011234,CUST_02626,2025-01-19,KYC,Branch,11,3
CMP_0011235,CUST_10055,2023-12-30,Service,Digital,10,2
CMP_0011236,CUST_04359,2025-10-05,KYC,Branch,14,2
CMP_0011237,CUST_00757,2025-08-23,Service,Phone,5,1
CMP_0011238,CUST_03891,2024-12-15,Fees,Phone,5,4
CMP_0011239,CUST_06601,2026-03-16,Service,Phone,11,5
CMP_0011240,CUST_05510,2025-03-05,Fraud,Branch,5,4
CMP_0011241,CUST_07232,2022-07-07,Service,Branch,6,4
CMP_0011242,CUST_04860,2022-06-20,Service,Branch,3,3
CMP_0011243,CUST_07979,2022-03-01,Fees,Phone,3,5
CMP_0011244,CUST_02087,2025-11-01,Service,Phone,6,5
CMP_0011245,CUST_10103,2024-03-27,Fees,Phone,10,5
CMP_0011246,CUST_08488,2025-09-23,Service,Digital,3,4
CMP_0011247,CUST_01930,2025-12-02,Fees,Branch,5,4
CMP_0011248,CUST_01104,2022-12-23,KYC,Phone,62,2
CMP_0011249,CUST_03701,2022-11-15,Fees,Phone,5,4
CMP_0011250,CUST_01802,2024-08-03,Service,Phone,5,2
CMP_0011251,CUST_07096,2024-06-23,Service,Digital,7,4
CMP_0011252,CUST_10153,2022-12-31,Fees,Branch,18,3
CMP_0011253,CUST_05362,2023-04-25,Fees,Digital,3,3
CMP_0011254,CUST_09530,2024-11-22,Fraud,Phone,2,2
CMP_0011255,CUST_09712,2022-11-10,Service,Phone,12,4
CMP_0011256,CUST_06375,2025-03-13,Fraud,Branch,4,4
CMP_0011257,CUST_05632,2025-02-11,Service,Phone,1,3
CMP_0011258,CUST_00376,2024-01-31,Fraud,Digital,10,5
CMP_0011259,CUST_06553,2026-02-23,Service,Branch,1,4
CMP_0011260,CUST_02278,2022-05-19,Service,Digital,16,3
CMP_0011261,CUST_08581,2024-05-27,Service,Branch,6,3
CMP_0011262,CUST_05466,2023-08-30,Fees,Branch,10,3
CMP_0011263,CUST_06286,2025-12-16,Service,Digital,2,5
CMP_0011264,CUST_07739,2024-05-04,Service,Phone,3,5
CMP_0011265,CUST_06858,2022-08-23,KYC,Branch,2,4
CMP_0011266,CUST_04530,2024-05-02,Service,Digital,8,5
CMP_0011267,CUST_04043,2026-05-16,Fraud,Branch,3,2
CMP_0011268,CUST_08333,2022-04-07,Service,Phone,4,5
CMP_0011269,CUST_02025,2022-05-20,KYC,Phone,7,5
CMP_0011270,CUST_07801,2023-07-22,Fraud,Digital,2,5
CMP_0011271,CUST_06342,2024-12-11,Fees,Phone,13,5
CMP_0011272,CUST_04026,2023-04-14,Service,Branch,13,3
CMP_0011273,CUST_09423,2022-05-31,Service,Digital,1,2
CMP_0011274,CUST_08248,2026-06-19,Service,Branch,9,3
CMP_0011275,CUST_08121,2026-05-23,KYC,Branch,6,4
CMP_0011276,CUST_04509,2022-07-19,Service,Digital,14,4
CMP_0011277,CUST_07490,2022-12-06,KYC,Phone,6,4
CMP_0011278,CUST_09661,2022-05-14,KYC,Phone,5,4
CMP_0011279,CUST_07950,2025-06-20,Fees,Digital,46,2
CMP_0011280,CUST_01030,2024-10-05,Service,Phone,3,3
CMP_0011281,CUST_03221,2025-10-17,Service,Digital,5,5
CMP_0011282,CUST_09928,2023-03-13,Service,Phone,8,2
CMP_0011283,CUST_05581,2025-02-28,Fees,Branch,2,4
CMP_0011284,CUST_07321,2022-09-05,Fees,Phone,1,5
CMP_0011285,CUST_03568,2026-07-26,KYC,Digital,13,5
CMP_0011286,CUST_03512,2024-12-26,Fees,Branch,13,5
CMP_0011287,CUST_08525,2024-03-15,Service,Phone,8,5
CMP_0011288,CUST_02592,2024-06-06,Fees,Digital,5,5
CMP_0011289,CUST_01530,2023-09-11,Fees,Phone,5,5
CMP_0011290,CUST_02144,2025-05-23,Service,Phone,2,4
CMP_0011291,CUST_03715,2023-01-28,Fees,Phone,6,1
CMP_0011292,CUST_07714,2022-11-11,Service,Digital,6,3
CMP_0011293,CUST_00436,2026-05-23,Fees,Phone,1,5
CMP_0011294,CUST_06178,2022-05-08,Service,Phone,2,3
CMP_0011295,CUST_10140,2023-12-23,KYC,Digital,3,3
CMP_0011296,CUST_08287,2025-08-21,Service,Branch,7,2
CMP_0011297,CUST_05850,2023-12-16,KYC,Branch,4,1
CMP_0011298,CUST_01098,2026-06-07,Service,Phone,6,5
CMP_0011299,CUST_03585,2024-09-22,Fees,Phone,13,5
CMP_0011300,CUST_03577,2023-11-18,Service,Digital,5,5
CMP_0011301,CUST_08987,2026-06-02,KYC,Branch,4,4
CMP_0011302,CUST_00077,2023-10-30,Fees,Phone,16,5
CMP_0011303,CUST_06900,2023-10-02,Service,Branch,2,2
CMP_0011304,CUST_09450,2022-12-04,Fees,Phone,3,5
CMP_0011305,CUST_09082,2022-05-26,Fees,Phone,3,4
CMP_0011306,CUST_06885,2025-01-01,Service,Branch,10,4
CMP_0011307,CUST_09796,2025-12-29,Service,Digital,5,5
CMP_0011308,CUST_10196,2025-04-20,Service,Phone,7,5
CMP_0011309,CUST_01345,2025-08-01,Service,Branch,7,5
CMP_0011310,CUST_08368,2022-07-23,Fees,Phone,2,5
CMP_0011311,CUST_09679,2024-06-24,Fees,Branch,2,5
CMP_0011312,CUST_04014,2022-04-25,Fees,Phone,5,4
CMP_0011313,CUST_04041,2023-03-04,KYC,Phone,4,3
CMP_0011314,CUST_02238,2023-12-20,Fraud,Branch,2,5
CMP_0011315,CUST_09427,2022-08-20,Service,Branch,61,4
CMP_0011316,CUST_01396,2023-07-14,Service,Branch,5,4
CMP_0011317,CUST_09043,2025-04-18,Service,Branch,15,4
CMP_0011318,CUST_08321,2023-01-29,Fees,Digital,6,4
CMP_0011319,CUST_00146,2023-12-15,KYC,Branch,1,4
CMP_0011320,CUST_04304,2022-04-22,Fraud,Phone,3,3
CMP_0011321,CUST_08667,2022-08-10,Service,Phone,7,5
CMP_0011322,CUST_04691,2023-06-18,Service,Phone,8,3
CMP_0011323,CUST_09706,2022-05-09,Fees,Phone,13,3
CMP_0011324,CUST_00104,2025-03-04,Fees,Phone,5,5
CMP_0011325,CUST_03967,2025-12-07,Service,Phone,1,5
CMP_0011326,CUST_09276,2024-11-02,Fees,Digital,1,5
CMP_0011327,CUST_02264,2024-01-14,Service,Branch,7,2
CMP_0011328,CUST_05988,2025-04-15,Service,Branch,8,4
CMP_0011329,CUST_05629,2022-04-07,Service,Phone,3,5
CMP_0011330,CUST_05066,2023-08-10,Service,Phone,2,4
CMP_0011331,CUST_02342,2022-11-27,Service,Digital,2,3
CMP_0011332,CUST_01167,2022-07-03,Service,Branch,7,4
CMP_0011333,CUST_08790,2022-05-29,Fees,Digital,4,1
CMP_0011334,CUST_04732,2025-04-23,Service,Phone,2,5
CMP_0011335,CUST_06607,2024-05-23,Fees,Branch,6,5
CMP_0011336,CUST_08021,2023-07-20,Service,Phone,5,4
CMP_0011337,CUST_05240,2023-09-19,Fees,Phone,2,4
CMP_0011338,CUST_08102,2025-04-18,Service,Branch,2,5
CMP_0011339,CUST_06123,2026-05-09,Service,Branch,1,4
CMP_0011340,CUST_08200,2023-02-17,Fees,Branch,1,5
CMP_0011341,CUST_07159,2023-01-03,KYC,Digital,64,5
CMP_0011342,CUST_07506,2022-06-29,Service,Digital,10,5
CMP_0011343,CUST_08010,2025-09-19,KYC,Branch,8,4
CMP_0011344,CUST_00136,2025-10-24,Fraud,Digital,21,5
CMP_0011345,CUST_08864,2024-05-24,KYC,Branch,5,4
CMP_0011346,CUST_04934,2026-06-20,Service,Phone,9,1
CMP_0011347,CUST_06033,2026-04-10,Service,Branch,3,4
CMP_0011348,CUST_09660,2023-09-15,Fees,Digital,3,2
CMP_0011349,CUST_02910,2026-05-24,Fees,Phone,7,5
CMP_0011350,CUST_07722,2026-05-22,Fees,Branch,6,5
CMP_0011351,CUST_05229,2024-12-25,Fees,Branch,9,5
CMP_0011352,CUST_03066,2025-08-08,Fees,Branch,4,5
CMP_0011353,CUST_00171,2026-05-03,Service,Branch,5,4
CMP_0011354,CUST_03848,2024-10-29,Service,Phone,5,1
CMP_0011355,CUST_08607,2024-07-03,Fees,Phone,5,4
CMP_0011356,CUST_01160,2024-07-10,Fees,Phone,2,4
CMP_0011357,CUST_04986,2024-04-04,Service,Branch,1,1
CMP_0011358,CUST_02512,2022-10-30,Fraud,Phone,12,3
CMP_0011359,CUST_02293,2024-04-07,Fees,Branch,5,4
CMP_0011360,CUST_08290,2023-01-26,Service,Phone,3,1
CMP_0011361,CUST_04227,2025-07-19,Service,Phone,5,2
CMP_0011362,CUST_00145,2022-06-27,Service,Digital,2,5
CMP_0011363,CUST_05960,2023-09-08,Fees,Digital,6,5
CMP_0011364,CUST_04845,2026-03-26,Fees,Phone,4,3
CMP_0011365,CUST_06421,2024-01-08,KYC,Phone,8,4
CMP_0011366,CUST_03093,2024-05-22,Fraud,Digital,1,4
CMP_0011367,CUST_02715,2026-01-14,Service,Branch,54,5
CMP_0011368,CUST_00858,2024-02-09,Fees,Digital,4,5
CMP_0011369,CUST_06908,2025-03-16,KYC,Branch,2,4
CMP_0011370,CUST_05671,2025-06-02,KYC,Phone,2,5
CMP_0011371,CUST_01949,2025-08-24,Fees,Branch,8,3
CMP_0011372,CUST_03825,2024-06-01,Service,Branch,2,4
CMP_0011373,CUST_02362,2022-12-26,Fees,Phone,9,4
CMP_0011374,CUST_02122,2022-10-25,Fraud,Branch,2,5
CMP_0011375,CUST_01436,2022-08-25,Fees,Phone,6,2
CMP_0011376,CUST_05055,2022-04-22,KYC,Digital,4,4
CMP_0011377,CUST_03806,2025-04-24,Service,Phone,1,4
CMP_0011378,CUST_07193,2025-05-25,Service,Digital,7,5
CMP_0011379,CUST_05922,2026-06-06,Service,Branch,9,5
CMP_0011380,CUST_09643,2026-05-15,Fraud,Digital,7,4
CMP_0011381,CUST_00743,2022-08-21,Fees,Digital,1,4
CMP_0011382,CUST_03685,2022-01-16,Fees,Digital,3,5
CMP_0011383,CUST_04694,2025-10-19,KYC,Digital,2,4
CMP_0011384,CUST_02045,2025-09-02,Service,Phone,2,1
CMP_0011385,CUST_04801,2025-02-08,KYC,Digital,3,3
CMP_0011386,CUST_09784,2025-07-05,Service,Branch,1,3
CMP_0011387,CUST_09574,2024-06-03,KYC,Phone,7,5
CMP_0011388,CUST_03713,2023-09-21,KYC,Digital,7,4
CMP_0011389,CUST_07675,2026-03-12,Fraud,Phone,16,3
CMP_0011390,CUST_00001,2023-05-13,Fraud,Phone,5,5
CMP_0011391,CUST_05647,2026-05-03,KYC,Digital,2,5
CMP_0011392,CUST_03896,2023-06-01,Service,Digital,5,4
CMP_0011393,CUST_08560,2025-06-14,Service,Phone,6,5
CMP_0011394,CUST_05284,2022-04-06,Fees,Phone,2,5
CMP_0011395,CUST_06946,2025-03-15,Fees,Phone,8,4
CMP_0011396,CUST_01938,2022-07-22,Fees,Digital,5,5
CMP_0011397,CUST_09044,2023-09-16,Fees,Branch,3,5
CMP_0011398,CUST_05888,2025-09-24,Service,Phone,5,2
CMP_0011399,CUST_10192,2025-11-07,Fraud,Digital,6,4
CMP_0011400,CUST_06525,2023-07-30,Service,Branch,4,5
CMP_0011401,CUST_01521,2022-08-01,Fees,Digital,9,5
CMP_0011402,CUST_01931,2025-07-30,Fees,Phone,4,4
CMP_0011403,CUST_06481,2024-10-25,Service,Branch,5,5
CMP_0011404,CUST_04958,2024-02-06,Fees,Branch,4,2
CMP_0011405,CUST_00211,2025-06-08,KYC,Branch,3,3
CMP_0011406,CUST_09641,2024-06-28,Fees,Digital,39,3
CMP_0011407,CUST_08377,2022-08-27,Fees,Phone,3,4
CMP_0011408,CUST_00997,2023-03-21,Service,Phone,3,4
CMP_0011409,CUST_08861,2022-01-04,Service,Branch,5,4
CMP_0011410,CUST_01691,2022-04-28,Fees,Branch,8,4
CMP_0011411,CUST_00727,2022-03-21,Service,Digital,5,5
CMP_0011412,CUST_05574,2023-05-29,Service,Digital,1,5
CMP_0011413,CUST_08801,2022-07-31,KYC,Branch,3,4
CMP_0011414,CUST_07201,2022-12-22,Fees,Phone,5,3
CMP_0011415,CUST_09774,2023-06-08,Service,Branch,4,4
CMP_0011416,CUST_04630,2023-04-17,KYC,Digital,3,4
CMP_0011417,CUST_02970,2025-04-26,Service,Branch,4,5
CMP_0011418,CUST_00346,2023-11-20,KYC,Phone,3,1
CMP_0011419,CUST_05092,2025-02-16,Fees,Branch,12,3
CMP_0011420,CUST_01560,2026-05-18,Fees,Phone,21,4
CMP_0011421,CUST_05942,2026-05-01,Fees,Branch,3,4
CMP_0011422,CUST_05397,2026-05-07,Service,Digital,15,5
CMP_0011423,CUST_03390,2024-08-17,Service,Branch,2,5
CMP_0011424,CUST_09177,2024-08-20,Service,Phone,6,5
CMP_0011425,CUST_03344,2026-02-22,Service,Phone,7,2
CMP_0011426,CUST_00861,2026-05-24,KYC,Digital,3,3
CMP_0011427,CUST_04144,2025-10-15,Service,Branch,5,3
CMP_0011428,CUST_00923,2023-03-04,Service,Digital,8,4
CMP_0011429,CUST_07053,2024-12-05,Service,Digital,1,1
CMP_0011430,CUST_01215,2022-07-12,Service,Phone,2,4
CMP_0011431,CUST_05432,2022-04-02,Service,Phone,8,4
CMP_0011432,CUST_07248,2026-06-28,Service,Phone,4,5
CMP_0011433,CUST_02504,2022-08-08,Service,Phone,3,2
CMP_0011434,CUST_01492,2024-09-04,KYC,Phone,5,5
CMP_0011435,CUST_07031,2024-04-02,Service,Branch,3,1
CMP_0011436,CUST_07100,2023-03-07,Fees,Digital,3,4
CMP_0011437,CUST_05353,2022-02-12,KYC,Phone,39,4
CMP_0011438,CUST_03422,2022-03-28,Fees,Branch,10,4
CMP_0011439,CUST_05319,2026-05-17,Fees,Branch,20,1
CMP_0011440,CUST_02636,2023-05-14,Service,Phone,2,5
CMP_0011441,CUST_04454,2024-01-10,KYC,Phone,4,5
CMP_0011442,CUST_09119,2025-10-15,Fees,Digital,9,4
CMP_0011443,CUST_00917,2023-09-27,Fees,Branch,21,2
CMP_0011444,CUST_00183,2024-11-06,Fees,Digital,4,4
CMP_0011445,CUST_02648,2024-07-13,Fraud,Branch,5,4
CMP_0011446,CUST_06081,2024-10-17,Fees,Digital,3,4
CMP_0011447,CUST_00206,2024-10-19,Service,Digital,11,4
CMP_0011448,CUST_08831,2022-05-15,Service,Digital,2,4
CMP_0011449,CUST_09452,2025-04-11,Fees,Digital,2,5
CMP_0011450,CUST_09138,2026-01-27,Service,Branch,3,2
CMP_0011451,CUST_08002,2025-05-03,Fraud,Digital,5,3
CMP_0011452,CUST_08865,2023-02-20,KYC,Branch,4,2
CMP_0011453,CUST_08134,2024-01-01,Service,Branch,7,4
CMP_0011454,CUST_02137,2023-08-16,Fees,Phone,1,5
CMP_0011455,CUST_02208,2023-12-27,KYC,Phone,6,3
CMP_0011456,CUST_07891,2022-06-08,Service,Phone,23,4
CMP_0011457,CUST_04583,2024-02-19,Service,Branch,10,5
CMP_0011458,CUST_05449,2023-03-05,Service,Phone,8,4
CMP_0011459,CUST_07371,2024-06-02,Service,Branch,3,4
CMP_0011460,CUST_03384,2024-09-02,Fees,Phone,5,5
CMP_0011461,CUST_03641,2023-04-14,Service,Digital,9,4
CMP_0011462,CUST_04063,2024-02-17,Fees,Digital,9,4
CMP_0011463,CUST_01953,2023-07-22,Service,Phone,1,3
CMP_0011464,CUST_02092,2022-04-11,Service,Digital,6,4
CMP_0011465,CUST_03946,2022-05-29,KYC,Branch,4,4
CMP_0011466,CUST_02758,2025-01-27,Service,Branch,10,2
CMP_0011467,CUST_01615,2024-06-11,Fees,Phone,6,2
CMP_0011468,CUST_08520,2022-12-23,Fraud,Branch,3,3
CMP_0011469,CUST_03760,2022-03-16,Service,Digital,5,5
CMP_0011470,CUST_01086,2022-07-12,Service,Digital,1,3
CMP_0011471,CUST_09495,2025-04-02,Fees,Branch,7,5
CMP_0011472,CUST_08224,2024-10-02,Fees,Digital,3,5
CMP_0011473,CUST_05600,2025-12-11,Fees,Digital,6,4
CMP_0011474,CUST_06790,2024-10-09,Service,Branch,8,4
CMP_0011475,CUST_07352,2022-03-29,Fees,Digital,1,3
CMP_0011476,CUST_00371,2024-02-11,Service,Digital,5,3
CMP_0011477,CUST_04256,2022-04-15,Fees,Digital,9,4
CMP_0011478,CUST_09799,2026-05-31,Fees,Phone,1,5
CMP_0011479,CUST_03066,2023-08-20,Service,Digital,7,5
CMP_0011480,CUST_08246,2025-01-27,Service,Phone,1,2
CMP_0011481,CUST_03142,2025-05-22,KYC,Digital,3,3
CMP_0011482,CUST_01429,2025-06-25,Service,Branch,4,5
CMP_0011483,CUST_03216,2023-10-31,Fraud,Digital,6,4
CMP_0011484,CUST_09306,2022-04-11,Service,Branch,2,5
CMP_0011485,CUST_07600,2023-12-11,KYC,Phone,6,4
CMP_0011486,CUST_07218,2023-11-21,Fees,Branch,5,3
CMP_0011487,CUST_04587,2026-06-06,Fees,Branch,3,4
CMP_0011488,CUST_00122,2023-01-06,Fees,Digital,1,3
CMP_0011489,CUST_04704,2025-08-17,KYC,Digital,1,4
CMP_0011490,CUST_05351,2025-05-05,Service,Digital,5,4
CMP_0011491,CUST_05076,2025-04-09,Service,Branch,3,3
CMP_0011492,CUST_08539,2024-01-09,Service,Phone,4,4
CMP_0011493,CUST_05083,2026-02-09,Service,Digital,3,3
CMP_0011494,CUST_08110,2022-12-20,Service,Phone,7,4
CMP_0011495,CUST_08067,2025-04-12,Service,Branch,12,4
CMP_0011496,CUST_06596,2025-07-07,Fees,Digital,55,3
CMP_0011497,CUST_08816,2023-11-17,Fees,Phone,52,2
CMP_0011498,CUST_10054,2024-03-02,Fees,Digital,9,2
CMP_0011499,CUST_06018,2022-01-13,Service,Branch,8,2
CMP_0011500,CUST_03925,2026-05-09,KYC,Branch,4,5
CMP_0011501,CUST_09450,2024-06-15,Fees,Branch,2,5
CMP_0011502,CUST_03270,2023-08-20,Fees,Phone,19,4
CMP_0011503,CUST_08759,2023-11-07,Fees,Phone,6,5
CMP_0011504,CUST_01187,2022-03-27,KYC,Digital,3,3
CMP_0011505,CUST_04667,2025-11-25,KYC,Branch,5,2
CMP_0011506,CUST_06196,2026-04-25,Fraud,Digital,3,4
CMP_0011507,CUST_05494,2024-10-21,Service,Branch,12,5
CMP_0011508,CUST_01263,2023-11-11,Service,Phone,5,5
CMP_0011509,CUST_00340,2023-04-24,Fees,Phone,11,3
CMP_0011510,CUST_00111,2024-01-30,Fees,Phone,31,4
CMP_0011511,CUST_02103,2023-10-18,Service,Phone,10,4
CMP_0011512,CUST_01140,2022-05-28,Fraud,Branch,9,4
CMP_0011513,CUST_09875,2024-08-13,KYC,Phone,5,3
CMP_0011514,CUST_03069,2023-01-12,Fees,Digital,4,5
CMP_0011515,CUST_03383,2025-05-15,Service,Digital,1,5
CMP_0011516,CUST_04254,2022-04-03,Service,Branch,5,3
CMP_0011517,CUST_03250,2022-08-01,Service,Digital,3,2
CMP_0011518,CUST_08651,2023-12-21,Fees,Digital,6,3
CMP_0011519,CUST_05773,2025-04-17,Fees,Phone,2,3
CMP_0011520,CUST_06123,2026-05-04,Fees,Digital,12,2
CMP_0011521,CUST_06097,2022-01-01,Service,Digital,14,5
CMP_0011522,CUST_01889,2023-07-25,Service,Branch,4,2
CMP_0011523,CUST_06991,2022-07-10,Service,Branch,10,3
CMP_0011524,CUST_04106,2022-07-06,Service,Phone,5,5
CMP_0011525,CUST_04050,2025-01-29,Service,Phone,16,4
CMP_0011526,CUST_00061,2023-01-28,Fees,Branch,10,4
CMP_0011527,CUST_06712,2025-09-22,Fees,Phone,16,5
CMP_0011528,CUST_02238,2026-07-31,KYC,Branch,2,4
CMP_0011529,CUST_02485,2026-05-01,KYC,Branch,8,5
CMP_0011530,CUST_08075,2026-06-02,Fees,Digital,2,1
CMP_0011531,CUST_09413,2025-01-19,Service,Phone,6,4
CMP_0011532,CUST_06291,2026-07-13,Service,Phone,2,1
CMP_0011533,CUST_05352,2026-03-22,Service,Phone,4,4
CMP_0011534,CUST_08830,2023-11-07,Fees,Branch,3,3
CMP_0011535,CUST_03809,2024-01-26,KYC,Digital,5,4
CMP_0011536,CUST_06663,2022-03-18,Service,Phone,8,3
CMP_0011537,CUST_06186,2026-06-22,Fees,Phone,12,4
CMP_0011538,CUST_02517,2022-09-29,Service,Digital,7,5
CMP_0011539,CUST_09820,2026-05-12,KYC,Digital,5,5
CMP_0011540,CUST_09525,2024-06-18,Service,Branch,10,2
CMP_0011541,CUST_00447,2024-04-23,KYC,Branch,5,5
CMP_0011542,CUST_09071,2024-05-29,Fees,Phone,6,4
CMP_0011543,CUST_05541,2024-09-17,Fraud,Branch,8,4
CMP_0011544,CUST_09022,2025-07-02,Service,Digital,4,3
CMP_0011545,CUST_08607,2025-12-18,Service,Branch,8,5
CMP_0011546,CUST_03618,2022-04-16,Fees,Phone,3,4
CMP_0011547,CUST_00572,2025-01-19,Fees,Branch,1,3
CMP_0011548,CUST_06059,2026-02-26,Service,Digital,1,5
CMP_0011549,CUST_03315,2026-06-09,KYC,Phone,2,3
CMP_0011550,CUST_07249,2022-09-09,Service,Phone,5,2
CMP_0011551,CUST_09542,2023-02-08,Fees,Digital,4,5
CMP_0011552,CUST_04262,2022-08-29,Service,Phone,20,2
CMP_0011553,CUST_03000,2025-05-28,Fees,Branch,11,5
CMP_0011554,CUST_03937,2023-07-12,Service,Digital,1,2
CMP_0011555,CUST_06514,2023-10-10,KYC,Digital,11,4
CMP_0011556,CUST_03514,2026-03-12,Fraud,Phone,11,4
CMP_0011557,CUST_01682,2026-02-20,Fees,Branch,24,3
CMP_0011558,CUST_04374,2024-03-05,Fees,Branch,3,2
CMP_0011559,CUST_04481,2022-10-07,Service,Phone,3,5
CMP_0011560,CUST_00141,2024-11-27,Fraud,Digital,4,4
CMP_0011561,CUST_06524,2022-07-24,KYC,Branch,5,5
CMP_0011562,CUST_01494,2025-01-26,Service,Branch,6,5
CMP_0011563,CUST_03685,2026-01-10,Service,Branch,1,5
CMP_0011564,CUST_08946,2025-10-21,Service,Digital,5,5
CMP_0011565,CUST_03706,2023-09-09,Fees,Digital,3,3
CMP_0011566,CUST_01669,2024-10-25,Service,Branch,1,4
CMP_0011567,CUST_00137,2026-07-10,Fees,Digital,1,2
CMP_0011568,CUST_08933,2023-01-24,Fees,Digital,5,4
CMP_0011569,CUST_00693,2024-08-30,KYC,Phone,2,4
CMP_0011570,CUST_04895,2024-05-31,Fees,Phone,2,2
CMP_0011571,CUST_00795,2026-05-10,Service,Digital,6,5
CMP_0011572,CUST_10061,2025-12-17,KYC,Branch,3,5
CMP_0011573,CUST_02426,2022-09-19,Fees,Branch,9,3
CMP_0011574,CUST_00964,2023-10-08,Fees,Digital,10,3
CMP_0011575,CUST_08851,2022-07-01,Fees,Phone,3,5
CMP_0011576,CUST_03823,2022-05-29,Fraud,Digital,5,1
CMP_0011577,CUST_09252,2022-02-11,Service,Digital,8,5
CMP_0011578,CUST_01041,2022-12-13,Fraud,Digital,4,4
CMP_0011579,CUST_07175,2024-04-27,Fees,Phone,4,3
CMP_0011580,CUST_02554,2026-07-14,Fees,Branch,39,1
CMP_0011581,CUST_08800,2026-03-22,Service,Digital,2,5
CMP_0011582,CUST_08100,2022-02-24,KYC,Branch,5,5
CMP_0011583,CUST_08931,2022-07-17,Service,Phone,2,3
CMP_0011584,CUST_09375,2024-02-23,Service,Phone,6,5
CMP_0011585,CUST_09033,2022-10-04,Fees,Digital,16,4
CMP_0011586,CUST_06650,2025-02-20,Fraud,Branch,8,5
CMP_0011587,CUST_10133,2026-07-26,KYC,Phone,16,1
CMP_0011588,CUST_02899,2022-05-21,Fees,Branch,10,2
CMP_0011589,CUST_00432,2026-05-13,Service,Digital,3,4
CMP_0011590,CUST_06197,2026-04-13,Service,Digital,4,4
CMP_0011591,CUST_02273,2024-10-23,Fees,Digital,14,2
CMP_0011592,CUST_04044,2023-12-21,KYC,Phone,11,4
CMP_0011593,CUST_07337,2023-02-05,KYC,Phone,3,1
CMP_0011594,CUST_00061,2022-07-14,Fees,Phone,7,1
CMP_0011595,CUST_09091,2025-05-25,Service,Branch,6,5
CMP_0011596,CUST_06265,2025-08-26,Service,Digital,8,4
CMP_0011597,CUST_08877,2023-02-02,KYC,Branch,7,3
CMP_0011598,CUST_05411,2023-06-07,KYC,Branch,2,4
CMP_0011599,CUST_05354,2024-12-09,Fees,Phone,2,4
CMP_0011600,CUST_04663,2026-06-16,Service,Phone,6,3
CMP_0011601,CUST_02420,2023-01-30,KYC,Phone,14,4
CMP_0011602,CUST_07045,2026-01-28,Service,Branch,4,4
CMP_0011603,CUST_09411,2022-07-04,Service,Branch,2,4
CMP_0011604,CUST_03551,2022-12-20,Service,Branch,6,3
CMP_0011605,CUST_08508,2024-09-17,KYC,Phone,5,4
CMP_0011606,CUST_01890,2025-01-14,Service,Phone,9,5
CMP_0011607,CUST_05299,2024-04-23,KYC,Branch,8,2
CMP_0011608,CUST_07283,2022-12-28,Service,Branch,2,2
CMP_0011609,CUST_07693,2023-07-23,Service,Branch,4,5
CMP_0011610,CUST_03839,2022-03-28,Fraud,Branch,6,2
CMP_0011611,CUST_02155,2024-02-15,Fees,Digital,6,4
CMP_0011612,CUST_06170,2023-12-27,Fees,Digital,10,2
CMP_0011613,CUST_05837,2023-05-23,KYC,Digital,1,3
CMP_0011614,CUST_03550,2023-03-06,KYC,Digital,35,4
CMP_0011615,CUST_02553,2025-08-06,KYC,Phone,4,5
CMP_0011616,CUST_03454,2024-04-18,KYC,Branch,1,2
CMP_0011617,CUST_04707,2025-07-21,Fraud,Digital,7,5
CMP_0011618,CUST_00392,2023-03-20,Service,Phone,10,3
CMP_0011619,CUST_04913,2024-11-16,KYC,Branch,2,5
CMP_0011620,CUST_06141,2025-10-18,Service,Digital,4,4
CMP_0011621,CUST_06023,2024-08-10,Service,Phone,3,5
CMP_0011622,CUST_08657,2022-01-03,Service,Digital,6,4
CMP_0011623,CUST_08446,2023-10-23,Fees,Branch,7,5
CMP_0011624,CUST_04058,2022-04-13,Fees,Phone,5,2
CMP_0011625,CUST_00334,2023-03-17,Fees,Digital,8,4
CMP_0011626,CUST_02306,2023-05-18,Fees,Digital,4,5
CMP_0011627,CUST_04941,2023-08-08,KYC,Branch,9,5
CMP_0011628,CUST_02163,2023-12-31,Service,Digital,8,4
CMP_0011629,CUST_09469,2025-08-03,KYC,Phone,5,5
CMP_0011630,CUST_06480,2022-11-01,Service,Branch,5,2
CMP_0011631,CUST_02230,2023-04-09,Fraud,Branch,2,5
CMP_0011632,CUST_05898,2025-08-18,KYC,Branch,1,5
CMP_0011633,CUST_02434,2023-11-25,Fees,Branch,7,3
CMP_0011634,CUST_05704,2025-04-15,Fees,Branch,1,3
CMP_0011635,CUST_07116,2024-08-04,Service,Digital,5,1
CMP_0011636,CUST_07761,2024-05-30,Service,Phone,19,3
CMP_0011637,CUST_03706,2024-08-04,Service,Phone,7,5
CMP_0011638,CUST_05961,2024-05-12,Service,Phone,9,5
CMP_0011639,CUST_00818,2026-06-09,Fees,Phone,2,4
CMP_0011640,CUST_05283,2022-08-03,KYC,Digital,1,5
CMP_0011641,CUST_04574,2026-07-26,KYC,Digital,2,4
CMP_0011642,CUST_05446,2025-01-14,Fees,Branch,5,1
CMP_0011643,CUST_00556,2024-08-11,Service,Branch,14,4
CMP_0011644,CUST_08209,2022-04-07,Service,Branch,17,4
CMP_0011645,CUST_07996,2024-06-03,Service,Phone,1,4
CMP_0011646,CUST_08640,2025-02-10,Fees,Branch,3,4
CMP_0011647,CUST_07119,2023-07-14,Fees,Phone,18,5
CMP_0011648,CUST_09217,2022-05-27,KYC,Digital,2,2
CMP_0011649,CUST_08012,2025-01-02,Fees,Branch,9,5
CMP_0011650,CUST_09798,2024-06-13,Fees,Digital,3,4
CMP_0011651,CUST_00811,2025-12-16,Service,Branch,7,5
CMP_0011652,CUST_08766,2023-03-06,Service,Digital,6,5
CMP_0011653,CUST_05673,2023-03-16,Service,Phone,3,5
CMP_0011654,CUST_05003,2025-04-14,Service,Branch,6,3
CMP_0011655,CUST_06103,2025-08-26,Fees,Digital,4,3
CMP_0011656,CUST_09369,2024-03-04,Service,Digital,9,5
CMP_0011657,CUST_02632,2023-03-12,Service,Phone,6,3
CMP_0011658,CUST_09746,2024-03-22,Fraud,Digital,7,4
CMP_0011659,CUST_08528,2025-12-31,Fees,Branch,33,2
CMP_0011660,CUST_08092,2026-01-01,Service,Phone,9,4
CMP_0011661,CUST_04358,2023-05-25,KYC,Branch,1,5
CMP_0011662,CUST_07169,2026-03-11,KYC,Phone,2,5
CMP_0011663,CUST_07031,2026-07-25,Service,Phone,8,3
CMP_0011664,CUST_02067,2022-09-05,Service,Branch,10,4
CMP_0011665,CUST_04980,2024-06-27,Service,Branch,13,4
CMP_0011666,CUST_01298,2022-08-31,Fees,Branch,7,5
CMP_0011667,CUST_04778,2022-11-24,Service,Branch,4,2
CMP_0011668,CUST_08518,2022-03-30,Fees,Branch,4,4
CMP_0011669,CUST_02640,2024-12-28,Service,Phone,7,5
CMP_0011670,CUST_09285,2024-05-23,Service,Branch,9,3
CMP_0011671,CUST_02802,2023-08-29,KYC,Phone,7,4
CMP_0011672,CUST_08309,2022-11-16,Service,Digital,8,1
CMP_0011673,CUST_03786,2025-12-20,Service,Digital,9,4
CMP_0011674,CUST_08447,2023-09-26,Fraud,Digital,5,1
CMP_0011675,CUST_04205,2024-11-24,Service,Phone,1,1
CMP_0011676,CUST_06889,2023-09-17,Service,Digital,4,4
CMP_0011677,CUST_06691,2023-11-08,KYC,Phone,1,1
CMP_0011678,CUST_04079,2025-02-23,Service,Digital,12,3
CMP_0011679,CUST_02143,2022-05-12,Service,Branch,12,2
CMP_0011680,CUST_04148,2023-08-09,Fees,Branch,54,4
CMP_0011681,CUST_06683,2025-10-07,Fees,Phone,8,3
CMP_0011682,CUST_00456,2022-08-27,Fees,Phone,14,3
CMP_0011683,CUST_03301,2023-04-08,Service,Digital,8,4
CMP_0011684,CUST_04566,2024-03-23,KYC,Digital,8,3
CMP_0011685,CUST_05855,2023-06-24,Fraud,Phone,7,5
CMP_0011686,CUST_03141,2022-03-01,KYC,Phone,10,3
CMP_0011687,CUST_03675,2023-12-23,Fees,Branch,73,3
CMP_0011688,CUST_09954,2024-06-09,Service,Branch,2,4
CMP_0011689,CUST_09029,2024-05-31,KYC,Branch,4,4
CMP_0011690,CUST_03438,2022-02-27,KYC,Branch,6,5
CMP_0011691,CUST_00243,2023-12-06,KYC,Branch,10,4
CMP_0011692,CUST_07995,2025-08-08,KYC,Branch,11,5
CMP_0011693,CUST_08930,2022-07-10,Service,Phone,5,3
CMP_0011694,CUST_09221,2025-05-20,Fraud,Digital,3,4
CMP_0011695,CUST_04407,2022-08-12,Service,Digital,11,1
CMP_0011696,CUST_10072,2025-05-31,KYC,Phone,3,3
CMP_0011697,CUST_06837,2023-06-07,Fees,Digital,6,5
CMP_0011698,CUST_01894,2022-08-09,Service,Phone,6,4
CMP_0011699,CUST_05949,2024-07-13,KYC,Phone,14,5
CMP_0011700,CUST_02138,2024-02-21,Service,Phone,10,4
CMP_0011701,CUST_08254,2024-12-17,Service,Digital,6,5
CMP_0011702,CUST_06572,2026-07-28,Service,Branch,20,1
CMP_0011703,CUST_01272,2024-12-19,Service,Phone,4,5
CMP_0011704,CUST_04198,2022-03-12,Fraud,Phone,7,4
CMP_0011705,CUST_04602,2022-04-27,Service,Digital,1,5
CMP_0011706,CUST_06764,2026-06-26,Fees,Phone,1,2
CMP_0011707,CUST_07642,2024-02-13,KYC,Digital,10,4
CMP_0011708,CUST_05678,2025-01-08,KYC,Phone,5,4
CMP_0011709,CUST_03181,2024-05-12,KYC,Phone,10,1
CMP_0011710,CUST_08140,2026-04-02,Fees,Phone,17,4
CMP_0011711,CUST_05421,2024-02-28,Fees,Phone,4,5
CMP_0011712,CUST_01020,2025-07-20,Fees,Digital,8,4
CMP_0011713,CUST_09694,2025-12-28,Fraud,Phone,36,1
CMP_0011714,CUST_09778,2024-10-23,Service,Branch,2,2
CMP_0011715,CUST_05517,2024-12-31,Service,Branch,2,4
CMP_0011716,CUST_08874,2025-05-03,Fees,Digital,1,2
CMP_0011717,CUST_00368,2024-03-08,Fraud,Phone,1,4
CMP_0011718,CUST_06723,2023-01-31,Fees,Branch,2,5
CMP_0011719,CUST_09853,2025-05-28,KYC,Branch,3,4
CMP_0011720,CUST_08429,2023-10-31,Service,Digital,47,4
CMP_0011721,CUST_04494,2022-03-11,Service,Branch,6,3
CMP_0011722,CUST_02711,2025-10-04,Fees,Digital,5,4
CMP_0011723,CUST_09830,2024-05-16,Fees,Phone,1,2
CMP_0011724,CUST_03718,2022-11-23,Fees,Phone,5,5
CMP_0011725,CUST_05956,2026-03-14,Service,Branch,1,4
CMP_0011726,CUST_04445,2025-11-28,KYC,Phone,7,1
CMP_0011727,CUST_08578,2023-05-30,KYC,Branch,2,3
CMP_0011728,CUST_01448,2025-12-15,Fees,Branch,4,2
CMP_0011729,CUST_09946,2023-10-11,Fees,Branch,6,5
CMP_0011730,CUST_02285,2024-12-10,Fraud,Phone,1,4
CMP_0011731,CUST_01454,2022-10-10,KYC,Branch,2,3
CMP_0011732,CUST_06878,2022-07-22,Service,Digital,14,4
CMP_0011733,CUST_09593,2022-08-27,Service,Digital,7,5
CMP_0011734,CUST_06129,2022-06-25,Fees,Digital,1,4
CMP_0011735,CUST_08820,2025-04-14,Fraud,Branch,4,5
CMP_0011736,CUST_08885,2022-10-02,Fraud,Digital,7,4
CMP_0011737,CUST_07386,2025-12-04,Fees,Digital,8,3
CMP_0011738,CUST_06891,2023-10-31,Service,Phone,2,3
CMP_0011739,CUST_03942,2022-03-18,KYC,Branch,2,5
CMP_0011740,CUST_04190,2022-12-16,KYC,Branch,12,2
CMP_0011741,CUST_01685,2023-05-11,Fees,Phone,5,4
CMP_0011742,CUST_04081,2022-12-15,Service,Digital,12,3
CMP_0011743,CUST_07788,2022-03-12,Fees,Digital,1,5
CMP_0011744,CUST_05132,2022-06-30,Fees,Branch,14,5
CMP_0011745,CUST_03067,2026-07-18,Fees,Branch,5,4
CMP_0011746,CUST_04860,2023-12-31,KYC,Phone,3,4
CMP_0011747,CUST_00545,2023-12-19,Fraud,Branch,12,2
CMP_0011748,CUST_08428,2022-10-02,Service,Branch,7,4
CMP_0011749,CUST_03535,2022-11-15,Fees,Digital,7,3
CMP_0011750,CUST_01890,2023-09-27,Service,Phone,4,3
CMP_0011751,CUST_04834,2023-08-13,Service,Digital,7,5
CMP_0011752,CUST_10128,2022-01-21,Fees,Phone,7,5
CMP_0011753,CUST_03760,2022-03-28,Fraud,Phone,2,1
CMP_0011754,CUST_07317,2022-09-16,Fees,Phone,13,5
CMP_0011755,CUST_06067,2024-07-29,KYC,Phone,11,5
CMP_0011756,CUST_09127,2023-07-26,Service,Digital,5,3
CMP_0011757,CUST_09082,2022-06-10,Service,Phone,8,3
CMP_0011758,CUST_02334,2025-04-22,KYC,Digital,9,5
CMP_0011759,CUST_00466,2026-07-20,Service,Phone,6,4
CMP_0011760,CUST_00780,2024-05-25,Fees,Branch,33,1
CMP_0011761,CUST_03728,2025-02-17,Fees,Branch,2,5
CMP_0011762,CUST_01126,2023-04-07,Service,Digital,4,3
CMP_0011763,CUST_07765,2023-01-29,Service,Digital,17,4
CMP_0011764,CUST_06026,2024-09-17,Service,Branch,13,5
CMP_0011765,CUST_06690,2022-04-30,Service,Branch,10,3
CMP_0011766,CUST_03433,2023-02-19,Fees,Branch,4,5
CMP_0011767,CUST_01842,2024-09-08,Service,Branch,8,1
CMP_0011768,CUST_06372,2026-04-18,Service,Phone,1,3
CMP_0011769,CUST_00145,2025-01-10,Fees,Branch,19,4
CMP_0011770,CUST_04578,2025-08-05,KYC,Digital,4,5
CMP_0011771,CUST_00037,2022-08-07,Fraud,Branch,3,4
CMP_0011772,CUST_00644,2026-02-12,Fees,Branch,53,1
CMP_0011773,CUST_02938,2022-07-05,Service,Phone,11,4
CMP_0011774,CUST_03345,2024-10-14,Fees,Branch,67,5
CMP_0011775,CUST_02077,2026-06-09,Fees,Branch,17,5
CMP_0011776,CUST_09279,2022-02-14,Service,Branch,5,4
CMP_0011777,CUST_02380,2022-04-21,Fees,Phone,3,4
CMP_0011778,CUST_01177,2026-04-22,Fees,Branch,1,4
CMP_0011779,CUST_03156,2026-01-09,Service,Branch,12,4
CMP_0011780,CUST_01794,2023-10-22,Service,Phone,17,3
CMP_0011781,CUST_07919,2026-01-04,Service,Phone,5,4
CMP_0011782,CUST_02942,2024-01-18,Service,Digital,1,4
CMP_0011783,CUST_08976,2023-10-14,Service,Phone,4,3
CMP_0011784,CUST_05950,2023-02-14,Fees,Digital,1,5
CMP_0011785,CUST_04753,2023-11-27,Service,Digital,18,2
CMP_0011786,CUST_07775,2023-11-15,Fees,Digital,2,5
CMP_0011787,CUST_05169,2026-08-12,Service,Branch,1,3
CMP_0011788,CUST_05365,2024-03-07,KYC,Phone,2,5
CMP_0011789,CUST_09133,2023-09-02,Fees,Branch,1,3
CMP_0011790,CUST_01985,2022-12-10,Fees,Branch,72,2
CMP_0011791,CUST_07779,2026-02-20,Fees,Branch,6,1
CMP_0011792,CUST_08163,2022-12-31,Fraud,Digital,5,4
CMP_0011793,CUST_04678,2024-06-16,Fees,Digital,8,4
CMP_0011794,CUST_04266,2022-12-31,KYC,Branch,2,4
CMP_0011795,CUST_06268,2025-02-06,Fees,Phone,14,4
CMP_0011796,CUST_04276,2024-01-10,Fees,Phone,2,4
CMP_0011797,CUST_01157,2024-03-14,Fees,Branch,4,5
CMP_0011798,CUST_03178,2026-05-15,Service,Phone,4,5
CMP_0011799,CUST_02119,2024-11-18,Fees,Branch,4,2
CMP_0011800,CUST_09889,2025-11-30,KYC,Digital,1,3
CMP_0011801,CUST_04964,2023-06-22,Fees,Digital,7,3
CMP_0011802,CUST_09515,2024-12-27,KYC,Branch,2,4
CMP_0011803,CUST_07085,2026-05-19,Service,Branch,12,4
CMP_0011804,CUST_07313,2022-03-02,KYC,Phone,5,4
CMP_0011805,CUST_06217,2025-09-02,Service,Digital,15,4
CMP_0011806,CUST_04796,2025-01-19,Fees,Digital,2,5
CMP_0011807,CUST_04515,2022-12-17,Fees,Digital,4,5
CMP_0011808,CUST_04838,2026-07-06,Fees,Phone,1,2
CMP_0011809,CUST_10033,2024-01-20,Service,Digital,5,3
CMP_0011810,CUST_09500,2024-02-07,Fees,Digital,7,4
CMP_0011811,CUST_09211,2026-05-13,Service,Branch,3,4
CMP_0011812,CUST_05430,2022-09-23,Service,Branch,2,4
CMP_0011813,CUST_01687,2023-03-31,Service,Digital,3,4
CMP_0011814,CUST_09209,2022-05-28,Fees,Phone,5,5
CMP_0011815,CUST_00804,2022-03-07,Fees,Digital,16,2
CMP_0011816,CUST_09364,2025-10-26,KYC,Digital,4,5
CMP_0011817,CUST_01154,2022-09-22,Service,Digital,10,4
CMP_0011818,CUST_08593,2022-01-01,Fees,Branch,10,2
CMP_0011819,CUST_07598,2024-08-19,Fees,Branch,6,2
CMP_0011820,CUST_00563,2024-11-02,Service,Digital,5,4
CMP_0011821,CUST_07155,2024-10-15,Fees,Phone,11,5
CMP_0011822,CUST_05887,2022-07-12,Fees,Branch,24,2
CMP_0011823,CUST_01716,2025-01-07,Fraud,Phone,4,5
CMP_0011824,CUST_09629,2026-02-27,Service,Digital,8,4
CMP_0011825,CUST_08977,2023-02-02,Service,Digital,7,3
CMP_0011826,CUST_07699,2026-06-07,KYC,Digital,5,5
CMP_0011827,CUST_01083,2025-10-23,Service,Digital,10,3
CMP_0011828,CUST_01717,2025-01-18,Fraud,Digital,9,4
CMP_0011829,CUST_06204,2022-06-10,Fees,Digital,10,2
CMP_0011830,CUST_00747,2023-03-05,Service,Phone,10,4
CMP_0011831,CUST_01148,2022-12-04,Fees,Digital,2,5
CMP_0011832,CUST_07578,2026-01-04,Fees,Digital,9,4
CMP_0011833,CUST_07180,2024-05-06,Fees,Phone,7,4
CMP_0011834,CUST_05065,2025-12-27,Service,Digital,15,1
CMP_0011835,CUST_06873,2025-03-02,Fees,Branch,9,5
CMP_0011836,CUST_09331,2023-04-26,Fraud,Phone,4,3
CMP_0011837,CUST_08338,2022-12-04,Fees,Digital,4,3
CMP_0011838,CUST_00349,2022-02-10,Service,Branch,5,4
CMP_0011839,CUST_01982,2026-05-18,KYC,Phone,3,4
CMP_0011840,CUST_08838,2022-08-05,Service,Phone,1,5
CMP_0011841,CUST_00594,2023-07-15,Fraud,Branch,9,1
CMP_0011842,CUST_04890,2023-05-20,Fees,Phone,5,4
CMP_0011843,CUST_00546,2022-07-22,Service,Branch,5,5
CMP_0011844,CUST_07172,2023-01-05,Fees,Branch,7,4
CMP_0011845,CUST_03265,2022-06-20,Fees,Phone,1,5
CMP_0011846,CUST_00267,2026-04-25,KYC,Phone,2,3
CMP_0011847,CUST_08848,2024-05-20,Fraud,Phone,68,4
CMP_0011848,CUST_07501,2025-02-07,Service,Phone,12,3
CMP_0011849,CUST_07985,2023-04-18,Fees,Phone,27,1
CMP_0011850,CUST_00685,2022-05-14,KYC,Digital,7,1
CMP_0011851,CUST_02582,2023-10-20,Fees,Phone,21,4
CMP_0011852,CUST_01995,2023-01-15,KYC,Branch,12,4
CMP_0011853,CUST_01301,2025-09-20,Service,Digital,14,4
CMP_0011854,CUST_03252,2024-05-16,Fees,Phone,3,5
CMP_0011855,CUST_08491,2023-04-13,Service,Phone,4,4
CMP_0011856,CUST_08078,2025-11-24,KYC,Branch,7,5
CMP_0011857,CUST_04414,2023-09-26,KYC,Digital,5,4
CMP_0011858,CUST_08631,2025-04-07,Fees,Digital,8,5
CMP_0011859,CUST_06167,2022-05-28,Service,Digital,6,5
CMP_0011860,CUST_08309,2022-04-14,Fees,Branch,6,2
CMP_0011861,CUST_03351,2024-07-17,Fees,Phone,2,4
CMP_0011862,CUST_03629,2026-04-25,Service,Phone,2,2
CMP_0011863,CUST_05932,2025-08-10,KYC,Branch,4,5
CMP_0011864,CUST_06618,2025-05-11,Fees,Phone,8,4
CMP_0011865,CUST_07047,2025-09-29,Fees,Phone,2,3
CMP_0011866,CUST_03493,2023-08-12,Fraud,Digital,5,5
CMP_0011867,CUST_04185,2026-04-18,Service,Branch,5,4
CMP_0011868,CUST_01523,2022-08-02,KYC,Branch,1,5
CMP_0011869,CUST_09266,2024-12-23,Service,Phone,2,2
CMP_0011870,CUST_04633,2024-12-20,KYC,Digital,8,2
CMP_0011871,CUST_07147,2023-07-20,Service,Phone,9,3
CMP_0011872,CUST_09552,2022-07-06,Service,Phone,2,2
CMP_0011873,CUST_06587,2025-09-05,KYC,Phone,1,3
CMP_0011874,CUST_05564,2026-05-21,Fees,Phone,6,4
CMP_0011875,CUST_05236,2022-10-21,Fees,Branch,6,5
CMP_0011876,CUST_00408,2023-08-20,Fees,Digital,10,4
CMP_0011877,CUST_05653,2024-11-12,Service,Branch,4,4
CMP_0011878,CUST_10180,2025-11-18,Fees,Branch,2,4
CMP_0011879,CUST_06992,2023-04-21,Fees,Branch,16,5
CMP_0011880,CUST_05122,2023-07-28,Fees,Digital,5,3
CMP_0011881,CUST_03359,2022-04-19,Fees,Branch,10,4
CMP_0011882,CUST_00166,2023-05-23,Service,Branch,18,4
CMP_0011883,CUST_04836,2025-03-06,Fraud,Phone,8,4
CMP_0011884,CUST_06240,2022-10-19,Fees,Digital,1,5
CMP_0011885,CUST_02815,2024-04-06,Service,Digital,4,1
CMP_0011886,CUST_04987,2026-03-03,Service,Branch,13,5
CMP_0011887,CUST_08483,2025-11-07,KYC,Digital,1,3
CMP_0011888,CUST_05250,2025-06-17,Fees,Branch,4,3
CMP_0011889,CUST_06219,2023-08-05,Service,Digital,9,5
CMP_0011890,CUST_04405,2024-05-14,Fees,Branch,3,3
CMP_0011891,CUST_01589,2026-01-23,Fees,Digital,11,5
CMP_0011892,CUST_05964,2025-12-14,KYC,Digital,1,4
CMP_0011893,CUST_08846,2022-06-13,Fees,Branch,4,3
CMP_0011894,CUST_08950,2024-08-07,KYC,Phone,7,4
CMP_0011895,CUST_03954,2025-11-28,Service,Phone,3,5
CMP_0011896,CUST_07285,2024-07-15,Fees,Digital,1,4
CMP_0011897,CUST_07949,2022-07-12,Service,Digital,13,4
CMP_0011898,CUST_09535,2024-08-25,Service,Branch,9,4
CMP_0011899,CUST_04551,2024-06-08,Service,Phone,6,3
CMP_0011900,CUST_09517,2025-09-18,KYC,Phone,4,4
CMP_0011901,CUST_02146,2024-05-22,Service,Branch,12,2
CMP_0011902,CUST_06363,2024-05-18,Service,Digital,2,5
CMP_0011903,CUST_06322,2023-07-19,Fees,Branch,9,5
CMP_0011904,CUST_06502,2026-05-29,Service,Digital,1,3
CMP_0011905,CUST_01327,2024-08-06,Service,Digital,9,2
CMP_0011906,CUST_01639,2022-04-07,Service,Phone,2,5
CMP_0011907,CUST_06995,2026-07-10,Service,Digital,6,4
CMP_0011908,CUST_06176,2025-12-19,Service,Phone,1,1
CMP_0011909,CUST_05883,2025-04-12,Service,Branch,14,2
CMP_0011910,CUST_00076,2024-08-18,Service,Phone,1,3
CMP_0011911,CUST_01602,2025-08-23,Fraud,Digital,9,5
CMP_0011912,CUST_05588,2024-12-06,KYC,Branch,9,2
CMP_0011913,CUST_02628,2026-05-10,Service,Digital,10,4
CMP_0011914,CUST_02468,2023-12-09,Fees,Digital,4,3
CMP_0011915,CUST_04102,2024-05-17,Fraud,Branch,67,4
CMP_0011916,CUST_05831,2024-10-31,Fees,Branch,7,4
CMP_0011917,CUST_08474,2023-11-21,Fees,Branch,5,5
CMP_0011918,CUST_02213,2025-11-05,KYC,Branch,2,5
CMP_0011919,CUST_09653,2025-04-12,KYC,Digital,6,4
CMP_0011920,CUST_05044,2026-02-12,KYC,Branch,12,3
CMP_0011921,CUST_04194,2022-03-18,Fraud,Phone,8,5
CMP_0011922,CUST_06808,2023-09-17,Fees,Branch,7,4
CMP_0011923,CUST_08607,2023-06-25,Service,Phone,12,3
CMP_0011924,CUST_02790,2025-03-06,Service,Phone,19,4
CMP_0011925,CUST_00430,2022-02-17,Service,Phone,9,5
CMP_0011926,CUST_00441,2023-12-25,Service,Phone,7,4
CMP_0011927,CUST_03751,2026-02-18,KYC,Branch,13,4
CMP_0011928,CUST_05874,2024-07-20,Fees,Branch,2,4
CMP_0011929,CUST_01837,2022-02-16,Fees,Digital,4,4
CMP_0011930,CUST_00537,2022-08-03,Service,Digital,3,3
CMP_0011931,CUST_09202,2026-02-04,Fees,Branch,5,5
CMP_0011932,CUST_07888,2025-11-05,Service,Branch,5,4
CMP_0011933,CUST_04172,2023-08-14,Service,Branch,12,2
CMP_0011934,CUST_03999,2023-11-07,KYC,Phone,11,1
CMP_0011935,CUST_05497,2022-06-08,Fees,Phone,15,4
CMP_0011936,CUST_09210,2025-10-18,Fraud,Branch,12,4
CMP_0011937,CUST_01515,2022-09-01,Service,Digital,3,4
CMP_0011938,CUST_06508,2024-07-10,Fees,Phone,6,5
CMP_0011939,CUST_02621,2026-04-17,Service,Branch,1,2
CMP_0011940,CUST_02489,2025-02-21,Service,Branch,4,4
CMP_0011941,CUST_00449,2023-02-15,Fees,Digital,5,4
CMP_0011942,CUST_02605,2026-06-02,Service,Phone,2,4
CMP_0011943,CUST_08049,2022-01-24,Service,Branch,3,4
CMP_0011944,CUST_09059,2022-10-28,KYC,Phone,19,5
CMP_0011945,CUST_00888,2022-06-29,Service,Digital,6,4
CMP_0011946,CUST_04671,2023-05-13,KYC,Digital,5,3
CMP_0011947,CUST_04724,2026-01-16,Fees,Digital,18,4
CMP_0011948,CUST_06829,2023-04-10,Fees,Phone,5,5
CMP_0011949,CUST_09103,2025-03-24,Fees,Digital,7,3
CMP_0011950,CUST_02963,2023-09-08,Fees,Branch,7,5
CMP_0011951,CUST_09450,2023-06-19,Service,Digital,5,3
CMP_0011952,CUST_05868,2025-09-27,Fees,Phone,15,5
CMP_0011953,CUST_01470,2022-08-06,Service,Phone,1,4
CMP_0011954,CUST_09385,2026-06-10,Service,Branch,7,5
CMP_0011955,CUST_04014,2024-01-16,Service,Branch,5,5
CMP_0011956,CUST_07233,2026-07-04,KYC,Phone,4,1
CMP_0011957,CUST_03337,2025-06-19,Fees,Phone,4,4
CMP_0011958,CUST_06940,2026-08-02,Service,Digital,3,4
CMP_0011959,CUST_03013,2025-02-22,Service,Digital,11,5
CMP_0011960,CUST_03584,2025-09-25,Service,Phone,9,4
CMP_0011961,CUST_06895,2023-08-06,Fees,Phone,1,4
CMP_0011962,CUST_03064,2024-11-18,Service,Branch,3,4
CMP_0011963,CUST_03500,2025-07-28,Service,Digital,3,5
CMP_0011964,CUST_02208,2025-01-07,Fraud,Phone,6,4
CMP_0011965,CUST_09150,2024-06-14,Fees,Branch,3,3
CMP_0011966,CUST_02111,2023-06-13,Service,Phone,8,5
CMP_0011967,CUST_00232,2022-01-24,Fraud,Digital,3,5
CMP_0011968,CUST_01359,2023-07-03,Service,Phone,1,2
CMP_0011969,CUST_03706,2022-11-21,Fees,Branch,7,5
CMP_0011970,CUST_04710,2025-12-27,Fees,Phone,3,5
CMP_0011971,CUST_00420,2022-06-28,Service,Digital,2,5
CMP_0011972,CUST_01114,2022-06-23,Fraud,Digital,6,3
CMP_0011973,CUST_00503,2025-03-29,Fees,Branch,6,5
CMP_0011974,CUST_03296,2023-05-29,Service,Digital,4,4
CMP_0011975,CUST_09356,2025-05-11,KYC,Branch,2,5
CMP_0011976,CUST_10045,2022-04-15,KYC,Digital,4,4
CMP_0011977,CUST_02885,2023-08-17,Service,Phone,15,3
CMP_0011978,CUST_09197,2024-11-05,Fees,Digital,6,4
CMP_0011979,CUST_06892,2025-06-19,Service,Phone,1,3
CMP_0011980,CUST_09153,2022-08-13,Fees,Digital,1,2
CMP_0011981,CUST_01255,2022-10-02,Fees,Phone,6,5
CMP_0011982,CUST_02773,2023-01-24,Fees,Phone,9,3
CMP_0011983,CUST_06633,2025-07-23,Service,Phone,2,5
CMP_0011984,CUST_01073,2022-09-19,Fees,Digital,5,4
CMP_0011985,CUST_00605,2023-09-07,Fees,Branch,10,3
CMP_0011986,CUST_08915,2026-05-12,Fees,Phone,5,3
CMP_0011987,CUST_05829,2022-08-21,Service,Branch,6,4
CMP_0011988,CUST_07078,2025-05-31,Service,Digital,5,3
CMP_0011989,CUST_00156,2024-08-28,Service,Branch,3,4
CMP_0011990,CUST_06336,2023-05-25,Fees,Digital,33,3
CMP_0011991,CUST_07113,2024-10-10,Service,Digital,2,5
CMP_0011992,CUST_05481,2022-03-05,Fraud,Digital,9,4
CMP_0011993,CUST_00710,2023-08-31,KYC,Phone,21,4
CMP_0011994,CUST_05369,2025-09-24,Fraud,Phone,6,5
CMP_0011995,CUST_02742,2025-05-11,Fraud,Branch,6,5
CMP_0011996,CUST_03751,2023-05-08,Service,Phone,1,2
CMP_0011997,CUST_04703,2023-04-01,Service,Phone,4,5
CMP_0011998,CUST_08029,2026-06-02,KYC,Digital,13,5
CMP_0011999,CUST_04611,2025-07-24,Fees,Phone,12,5
CMP_0012000,CUST_09611,2025-12-01,Fees,Digital,2,2
